object={
	name="steppe_bush_01_generator_0"
	render_pass=Map
	clamp_to_water_level=no
	generated_content=yes
	layer="grass_layer"
	pdxmesh="steppe_bush_01_mesh"
	count=2430
	transform="3147.994873 0.000000 5410.578613 0.000000 0.137479 0.000000 0.990505 0.236177 0.236177 0.236177
3160.357178 0.000000 5420.156250 0.000000 0.603345 0.000000 0.797480 0.345017 0.345017 0.345017
3138.488525 0.000000 5395.769531 0.000000 0.994743 0.000000 -0.102399 0.518695 0.518695 0.518695
3150.554443 0.000000 5420.058594 0.000000 0.978532 0.000000 -0.206094 0.543143 0.543143 0.543143
3108.670166 0.000000 5433.696777 0.000000 0.320342 0.000000 0.947302 0.287138 0.287138 0.287138
3163.724365 0.000000 5413.577148 0.000000 0.360626 0.000000 -0.932710 0.696532 0.696532 0.696532
3113.472412 0.000000 5416.426270 0.000000 0.935897 0.000000 -0.352275 0.569654 0.569654 0.569654
3177.529297 0.000000 5412.762695 0.000000 0.902989 0.000000 -0.429663 0.576505 0.576505 0.576505
3115.527344 0.000000 5403.015137 0.000000 0.777171 0.000000 -0.629290 0.618523 0.618523 0.618523
3175.447021 0.000000 5394.733887 0.000000 0.964811 0.000000 0.262943 0.445697 0.445697 0.445697
3154.951904 0.000000 5424.209473 0.000000 0.269655 0.000000 0.962957 0.249716 0.249716 0.249716
3155.562256 0.000000 5418.643555 0.000000 0.140250 0.000000 0.990116 0.260792 0.260792 0.260792
3150.214844 0.000000 5415.171875 0.000000 0.999995 0.000000 -0.003236 0.500622 0.500622 0.500622
3164.224121 0.000000 5395.508301 0.000000 0.962974 0.000000 0.269596 0.447184 0.447184 0.447184
3142.809082 0.000000 5428.403320 0.000000 0.242062 0.000000 -0.970261 0.746683 0.746683 0.746683
3127.754639 0.000000 5412.741211 0.000000 0.981896 0.000000 -0.189420 0.533423 0.533423 0.533423
3145.906982 0.000000 5415.250977 0.000000 0.719989 0.000000 -0.693985 0.667073 0.667073 0.667073
3155.750488 0.000000 5398.475586 0.000000 0.757903 0.000000 -0.652368 0.620653 0.620653 0.620653
3121.668701 0.000000 5433.656738 0.000000 0.865570 0.000000 0.500788 0.414230 0.414230 0.414230
3121.861572 0.000000 5410.017578 0.000000 0.950095 0.000000 -0.311961 0.551681 0.551681 0.551681
3145.576904 0.000000 5388.935547 0.000000 0.484029 0.000000 -0.875052 0.701509 0.701509 0.701509
3136.253662 0.000000 5411.297852 0.000000 0.828118 0.000000 -0.560554 0.616618 0.616618 0.616618
3146.927490 0.000000 5421.046875 0.000000 0.978382 0.000000 0.206805 0.459826 0.459826 0.459826
3151.421387 0.000000 5384.739258 0.000000 0.997183 0.000000 0.075004 0.485615 0.485615 0.485615
3141.739990 0.000000 5415.989258 0.000000 0.287570 0.000000 0.957760 0.286844 0.286844 0.286844
3145.862793 0.000000 5430.202637 0.000000 0.797238 0.000000 -0.603665 0.611641 0.611641 0.611641
3148.019775 0.000000 5417.874023 0.000000 0.893896 0.000000 0.448274 0.405421 0.405421 0.405421
3153.464600 0.000000 5416.001465 0.000000 0.966218 0.000000 -0.257727 0.549459 0.549459 0.549459
3124.725098 0.000000 5411.701660 0.000000 0.996456 0.000000 0.084121 0.484809 0.484809 0.484809
3153.925049 0.000000 5421.273438 0.000000 0.082258 0.000000 0.996611 0.213870 0.213870 0.213870
3156.998779 0.000000 5421.381836 0.000000 0.181477 0.000000 -0.983395 0.729621 0.729621 0.729621
3147.611572 0.000000 5423.854004 0.000000 0.409177 0.000000 -0.912455 0.693667 0.693667 0.693667
3152.853760 0.000000 5398.397949 0.000000 0.809932 0.000000 -0.586524 0.611879 0.611879 0.611879
3112.190430 0.000000 5402.022461 0.000000 0.578675 0.000000 0.815558 0.312501 0.312501 0.312501
3145.777832 0.000000 5412.361328 0.000000 0.968915 0.000000 0.247395 0.453659 0.453659 0.453659
3145.050781 0.000000 5426.695801 0.000000 0.765720 0.000000 -0.643174 0.618168 0.618168 0.618168
3138.846680 0.000000 5398.679199 0.000000 0.382296 0.000000 -0.924040 0.703749 0.703749 0.703749
3111.416748 0.000000 5433.014648 0.000000 0.964083 0.000000 0.265602 0.451174 0.451174 0.451174
3142.037598 0.000000 5425.760254 0.000000 0.542993 0.000000 -0.839737 0.676687 0.676687 0.676687
3149.775146 0.000000 5412.531250 0.000000 0.564449 0.000000 0.825468 0.322426 0.322426 0.322426
3152.905762 0.000000 5418.787109 0.000000 0.538831 0.000000 0.842414 0.304304 0.304304 0.304304
3141.024902 0.000000 5413.535645 0.000000 0.982408 0.000000 -0.186750 0.531422 0.531422 0.531422
3143.595947 0.000000 5414.122070 0.000000 0.811749 0.000000 -0.584006 0.616774 0.616774 0.616774
3151.509033 0.000000 5387.254883 0.000000 0.530981 0.000000 0.847384 0.320788 0.320788 0.320788
3149.377441 0.000000 5422.198730 0.000000 0.179747 0.000000 -0.983713 0.735985 0.735985 0.735985
3179.611328 0.000000 5414.158203 0.000000 0.620726 0.000000 -0.784027 0.659167 0.659167 0.659167
3150.801270 0.000000 5417.696289 0.000000 0.998176 0.000000 0.060375 0.488198 0.488198 0.488198
3147.776611 0.000000 5413.715820 0.000000 0.782374 0.000000 0.622809 0.362783 0.362783 0.362783
3183.905518 0.000000 5430.603516 0.000000 0.274597 0.000000 0.961560 0.274103 0.274103 0.274103
3176.260986 0.000000 5414.798828 0.000000 0.608888 0.000000 -0.793257 0.655529 0.655529 0.655529
3142.778320 0.000000 5430.726562 0.000000 0.422340 0.000000 -0.906437 0.696186 0.696186 0.696186
3181.419922 0.000000 5430.092285 0.000000 0.957066 0.000000 0.289870 0.443649 0.443649 0.443649
3136.320801 0.000000 5408.999023 0.000000 0.652405 0.000000 -0.757870 0.647079 0.647079 0.647079
3175.217285 0.000000 5397.000000 0.000000 0.079249 0.000000 -0.996855 0.769955 0.769955 0.769955
3166.743164 0.000000 5395.849121 0.000000 0.127188 0.000000 -0.991879 0.747718 0.747718 0.747718
3152.940674 0.000000 5423.319824 0.000000 0.687665 0.000000 0.726028 0.359525 0.359525 0.359525
3158.592529 0.000000 5386.796387 0.000000 0.913441 0.000000 0.406972 0.419689 0.419689 0.419689
3173.595215 0.000000 5395.645996 0.000000 0.822667 0.000000 0.568523 0.387528 0.387528 0.387528
3111.384766 0.000000 5430.650391 0.000000 0.953522 0.000000 -0.301323 0.553681 0.553681 0.553681
3159.085205 0.000000 5421.893066 0.000000 0.950435 0.000000 0.310922 0.442775 0.442775 0.442775
3151.821533 0.000000 5421.622070 0.000000 0.151717 0.000000 0.988424 0.205184 0.205184 0.205184
3147.314697 0.000000 5389.873047 0.000000 0.414620 0.000000 -0.909995 0.702650 0.702650 0.702650
3148.302734 0.000000 5415.805176 0.000000 0.959896 0.000000 0.280357 0.443068 0.443068 0.443068
3156.460693 0.000000 5386.545410 0.000000 0.347723 0.000000 0.937597 0.284519 0.284519 0.284519
3137.880615 0.000000 5410.232910 0.000000 0.942019 0.000000 -0.335560 0.567064 0.567064 0.567064
3148.565430 0.000000 5419.822266 0.000000 0.645979 0.000000 0.763355 0.329794 0.329794 0.329794
3124.312744 0.000000 5413.534668 0.000000 0.994885 0.000000 -0.101015 0.518757 0.518757 0.518757
3178.047852 0.000000 5415.140137 0.000000 0.229883 0.000000 0.973218 0.263520 0.263520 0.263520
3158.253662 0.000000 5420.064453 0.000000 0.983314 0.000000 0.181919 0.466888 0.466888 0.466888
3139.012939 0.000000 5394.011719 0.000000 0.917933 0.000000 -0.396735 0.574349 0.574349 0.574349
3155.579834 0.000000 5422.525879 0.000000 0.020422 0.000000 0.999791 0.200030 0.200030 0.200030
3144.626221 0.000000 5428.666504 0.000000 0.997627 0.000000 -0.068849 0.512300 0.512300 0.512300
3126.135254 0.000000 5413.496582 0.000000 0.994875 0.000000 0.101116 0.482236 0.482236 0.482236
3151.708008 0.000000 5416.122559 0.000000 0.727389 0.000000 0.686225 0.352256 0.352256 0.352256
3148.575195 0.000000 5408.768555 0.000000 0.212188 0.000000 0.977229 0.261162 0.261162 0.261162
3123.297363 0.000000 5434.380859 0.000000 0.103565 0.000000 0.994623 0.231718 0.231718 0.231718
3162.486572 0.000000 5414.899902 0.000000 0.980587 0.000000 0.196083 0.464278 0.464278 0.464278
3157.686523 0.000000 5422.959961 0.000000 0.745639 0.000000 -0.666350 0.646570 0.646570 0.646570
3139.683838 0.000000 5397.199219 0.000000 0.491746 0.000000 0.870739 0.283015 0.283015 0.283015
3123.160156 0.000000 5411.073730 0.000000 0.991187 0.000000 0.132472 0.473962 0.473962 0.473962
3155.187256 0.000000 5425.847656 0.000000 0.108275 0.000000 -0.994121 0.782018 0.782018 0.782018
3147.456055 0.000000 5412.111816 0.000000 0.781654 0.000000 0.623713 0.362547 0.362547 0.362547
3143.441162 0.000000 5426.799316 0.000000 0.662774 0.000000 -0.748820 0.667966 0.667966 0.667966
3146.907715 0.000000 5416.478516 0.000000 0.912559 0.000000 -0.408945 0.582040 0.582040 0.582040
3149.298096 0.000000 5416.982910 0.000000 0.923753 0.000000 -0.382990 0.579969 0.579969 0.579969
3152.730713 0.000000 5420.310059 0.000000 0.290272 0.000000 0.956944 0.254654 0.254654 0.254654
3147.162109 0.000000 5419.228516 0.000000 0.199154 0.000000 -0.979968 0.776248 0.776248 0.776248
3149.434082 0.000000 5418.536621 0.000000 0.149171 0.000000 -0.988811 0.778499 0.778499 0.778499
3145.100586 0.000000 5413.808594 0.000000 0.254744 0.000000 -0.967008 0.743429 0.743429 0.743429
3179.103027 0.000000 5412.749023 0.000000 0.387633 0.000000 0.921814 0.266509 0.266509 0.266509
3152.415527 0.000000 5417.404297 0.000000 0.862146 0.000000 -0.506659 0.600809 0.600809 0.600809
3142.182617 0.000000 5414.490234 0.000000 0.921142 0.000000 -0.389226 0.574857 0.574857 0.574857
3174.072021 0.000000 5394.214844 0.000000 0.845262 0.000000 0.534352 0.384944 0.384944 0.384944
3144.439941 0.000000 5415.426270 0.000000 0.693909 0.000000 0.720063 0.324893 0.324893 0.324893
3146.224609 0.000000 5410.966309 0.000000 0.398493 0.000000 0.917171 0.286250 0.286250 0.286250
3113.649902 0.000000 5402.999023 0.000000 0.533395 0.000000 0.845866 0.301787 0.301787 0.301787
3151.491943 0.000000 5418.958984 0.000000 0.033805 0.000000 -0.999428 0.802176 0.802176 0.802176
3153.843018 0.000000 5417.776855 0.000000 0.883818 0.000000 0.467831 0.407629 0.407629 0.407629
3159.983643 0.000000 5423.009766 0.000000 0.785849 0.000000 0.618418 0.374329 0.374329 0.374329
3154.254639 0.000000 5422.793457 0.000000 0.999990 0.000000 0.004471 0.499135 0.499135 0.499135
3148.584229 0.000000 5421.138672 0.000000 0.014792 0.000000 0.999891 0.193114 0.193114 0.193114
3159.965576 0.000000 5386.792480 0.000000 0.994902 0.000000 -0.100844 0.519356 0.519356 0.519356
3146.462158 0.000000 5413.520020 0.000000 0.995697 0.000000 -0.092664 0.518939 0.518939 0.518939
3147.190186 0.000000 5414.988770 0.000000 0.077080 0.000000 -0.997025 0.808570 0.808570 0.808570
3165.494873 0.000000 5395.185547 0.000000 0.994950 0.000000 -0.100372 0.519453 0.519453 0.519453
3152.499023 0.000000 5415.054688 0.000000 0.475278 0.000000 -0.879836 0.720177 0.720177 0.720177
3178.354492 0.000000 5413.850586 0.000000 0.715286 0.000000 0.698832 0.345944 0.345944 0.345944
3156.498779 0.000000 5423.411133 0.000000 0.394515 0.000000 0.918889 0.265816 0.265816 0.265816
3150.283936 0.000000 5421.279297 0.000000 0.374744 0.000000 -0.927128 0.746636 0.746636 0.746636
3164.731934 0.000000 5394.132324 0.000000 0.976138 0.000000 -0.217151 0.542352 0.542352 0.542352
3150.513672 0.000000 5416.465332 0.000000 0.984921 0.000000 0.173007 0.466031 0.466031 0.466031
3142.272461 0.000000 5427.197266 0.000000 0.999374 0.000000 -0.035375 0.507023 0.507023 0.507023
3174.839355 0.000000 5395.826660 0.000000 0.510945 0.000000 -0.859613 0.711137 0.711137 0.711137
3146.817627 0.000000 5418.085449 0.000000 0.139070 0.000000 -0.990283 0.788539 0.788539 0.788539
3148.370605 0.000000 5414.686523 0.000000 0.988566 0.000000 0.150789 0.469674 0.469674 0.469674
3151.552490 0.000000 5420.471191 0.000000 0.600623 0.000000 0.799532 0.307435 0.307435 0.307435
3145.136963 0.000000 5414.724121 0.000000 0.855724 0.000000 -0.517432 0.618463 0.618463 0.618463
3200.015381 0.000000 5423.437012 0.000000 0.363615 0.000000 -0.931549 0.740895 0.740895 0.740895
3201.088379 0.000000 5420.279297 0.000000 0.694683 0.000000 -0.719316 0.665352 0.665352 0.665352
3201.015869 0.000000 5425.882324 0.000000 0.190971 0.000000 -0.981596 0.776209 0.776209 0.776209
3201.709717 0.000000 5424.012207 0.000000 0.023897 0.000000 0.999714 0.190082 0.190082 0.190082
3200.754883 0.000000 5421.876465 0.000000 0.996973 0.000000 -0.077745 0.516029 0.516029 0.516029
3200.596436 0.000000 5424.646973 0.000000 0.616781 0.000000 0.787135 0.318455 0.318455 0.318455
3201.115967 0.000000 5422.997070 0.000000 0.141927 0.000000 0.989877 0.212934 0.212934 0.212934
3200.249512 0.000000 5420.937500 0.000000 0.833426 0.000000 -0.552631 0.620596 0.620596 0.620596
3142.985352 0.000000 5467.687988 0.000000 0.805971 0.000000 0.591955 0.390875 0.390875 0.390875
3130.131592 0.000000 5469.768555 0.000000 0.691044 0.000000 -0.722813 0.652274 0.652274 0.652274
3153.181396 0.000000 5444.936035 0.000000 0.977598 0.000000 0.210480 0.462807 0.462807 0.462807
3145.591309 0.000000 5464.687988 0.000000 0.151429 0.000000 0.988468 0.253827 0.253827 0.253827
3131.035645 0.000000 5466.097168 0.000000 0.993415 0.000000 -0.114572 0.519135 0.519135 0.519135
3133.827148 0.000000 5469.328125 0.000000 0.429177 0.000000 -0.903221 0.697694 0.697694 0.697694
3140.054443 0.000000 5441.058594 0.000000 0.712008 0.000000 0.702172 0.368819 0.368819 0.368819
3142.988525 0.000000 5439.729492 0.000000 0.408630 0.000000 -0.912700 0.729651 0.729651 0.729651
3117.831299 0.000000 5439.584473 0.000000 0.855596 0.000000 -0.517644 0.594066 0.594066 0.594066
3153.362793 0.000000 5447.949707 0.000000 0.013687 0.000000 -0.999906 0.778921 0.778921 0.778921
3143.192383 0.000000 5437.122070 0.000000 0.853379 0.000000 0.521290 0.404169 0.404169 0.404169
3139.414795 0.000000 5443.254883 0.000000 0.680253 0.000000 -0.732977 0.643258 0.643258 0.643258
3131.886963 0.000000 5468.215332 0.000000 0.008849 0.000000 -0.999961 0.794410 0.794410 0.794410
3143.384521 0.000000 5465.264648 0.000000 0.984891 0.000000 0.173176 0.468605 0.468605 0.468605
3116.665039 0.000000 5440.982910 0.000000 0.918163 0.000000 -0.396204 0.579075 0.579075 0.579075
3142.423340 0.000000 5438.381348 0.000000 0.832970 0.000000 -0.553319 0.617107 0.617107 0.617107
3131.649902 0.000000 5469.584473 0.000000 0.977271 0.000000 -0.211994 0.540264 0.540264 0.540264
8995.218750 0.000000 5715.987793 0.000000 0.657229 0.000000 0.753691 0.271961 0.271961 0.271961
8992.282227 0.000000 5714.801758 0.000000 0.952460 0.000000 0.304663 0.437782 0.437782 0.437782
8993.580078 0.000000 5715.807129 0.000000 0.306929 0.000000 -0.951733 0.752990 0.752990 0.752990
8995.515625 0.000000 5714.402832 0.000000 0.999000 0.000000 0.044713 0.488052 0.488052 0.488052
8994.256836 0.000000 5714.753906 0.000000 0.584078 0.000000 -0.811697 0.752987 0.752987 0.752987
8995.769531 0.000000 5715.270996 0.000000 0.996717 0.000000 0.080967 0.478347 0.478347 0.478347
8994.761719 0.000000 5714.099121 0.000000 0.999358 0.000000 -0.035818 0.509570 0.509570 0.509570
8995.002930 0.000000 5715.027832 0.000000 0.877385 0.000000 -0.479788 0.633676 0.633676 0.633676
8866.100586 0.000000 5801.836914 0.000000 0.120979 0.000000 -0.992655 0.756030 0.756030 0.756030
8868.797852 0.000000 5803.346191 0.000000 0.506130 0.000000 0.862457 0.269545 0.269545 0.269545
8864.050781 0.000000 5787.330078 0.000000 0.113832 0.000000 0.993500 0.257246 0.257246 0.257246
8866.049805 0.000000 5788.684570 0.000000 0.178569 0.000000 -0.983927 0.855151 0.855151 0.855151
8868.622070 0.000000 5801.127441 0.000000 1.000000 0.000000 -0.000526 0.500091 0.500091 0.500091
8867.035156 0.000000 5800.189453 0.000000 0.531333 0.000000 -0.847163 0.678507 0.678507 0.678507
8867.187500 0.000000 5803.066406 0.000000 0.495208 0.000000 0.868774 0.231270 0.231270 0.231270
8867.539062 0.000000 5788.883301 0.000000 0.076063 0.000000 0.997103 0.118455 0.118455 0.118455
8864.735352 0.000000 5788.488770 0.000000 0.846865 0.000000 -0.531808 0.608492 0.608492 0.608492
8865.463867 0.000000 5789.957520 0.000000 0.999749 0.000000 0.022404 0.495665 0.495665 0.495665
8869.351562 0.000000 5802.134277 0.000000 0.997041 0.000000 -0.076876 0.517050 0.517050 0.517050
8869.912109 0.000000 5803.920410 0.000000 0.988096 0.000000 0.153840 0.465778 0.465778 0.465778
8866.643555 0.000000 5789.655273 0.000000 0.454751 0.000000 0.890619 0.219532 0.219532 0.219532
8868.231445 0.000000 5802.410645 0.000000 0.688645 0.000000 0.725099 0.320268 0.320268 0.320268
8867.575195 0.000000 5789.927734 0.000000 0.999451 0.000000 -0.033137 0.508460 0.508460 0.508460
8866.991211 0.000000 5803.909668 0.000000 0.512302 0.000000 -0.858805 0.763679 0.763679 0.763679
8867.855469 0.000000 5803.667480 0.000000 0.559275 0.000000 -0.828982 0.749474 0.749474 0.749474
8866.732422 0.000000 5802.380859 0.000000 0.090086 0.000000 0.995934 0.122047 0.122047 0.122047
8981.425781 0.000000 5737.151367 0.000000 0.319160 0.000000 -0.947701 0.720851 0.720851 0.720851
8973.923828 0.000000 5723.196777 0.000000 0.596691 0.000000 -0.802471 0.762764 0.762764 0.762764
8997.974609 0.000000 5738.682129 0.000000 0.531651 0.000000 -0.846963 0.689790 0.689790 0.689790
8982.486328 0.000000 5734.650391 0.000000 0.352122 0.000000 -0.935954 0.780403 0.780403 0.780403
8991.040039 0.000000 5718.599609 0.000000 0.596079 0.000000 -0.802926 0.753088 0.753088 0.753088
8980.353516 0.000000 5735.272461 0.000000 0.454988 0.000000 -0.890498 0.706358 0.706358 0.706358
8990.937500 0.000000 5731.718262 0.000000 0.876718 0.000000 0.481004 0.359690 0.359690 0.359690
8983.266602 0.000000 5737.660645 0.000000 0.832265 0.000000 -0.554378 0.622862 0.622862 0.622862
8996.126953 0.000000 5739.203613 0.000000 0.628832 0.000000 0.777541 0.332660 0.332660 0.332660
8982.930664 0.000000 5736.177734 0.000000 0.066787 0.000000 -0.997767 0.814457 0.814457 0.814457
8983.902344 0.000000 5735.006836 0.000000 0.975487 0.000000 0.220057 0.448624 0.448624 0.448624
8990.205078 0.000000 5719.693359 0.000000 0.956775 0.000000 0.290828 0.419883 0.419883 0.419883
8991.780273 0.000000 5719.675781 0.000000 0.028577 0.000000 0.999592 0.081289 0.081289 0.081289
8972.893555 0.000000 5722.367188 0.000000 0.987409 0.000000 0.158185 0.455186 0.455186 0.455186
8991.967773 0.000000 5731.478027 0.000000 0.676045 0.000000 -0.736860 0.731636 0.731636 0.731636
8998.562500 0.000000 5739.526855 0.000000 0.999285 0.000000 0.037816 0.489801 0.489801 0.489801
8990.769531 0.000000 5730.655762 0.000000 0.843876 0.000000 0.536538 0.341647 0.341647 0.341647
8972.872070 0.000000 5723.373047 0.000000 0.907019 0.000000 0.421089 0.377382 0.377382 0.377382
8998.794922 0.000000 5738.125977 0.000000 0.941887 0.000000 -0.335931 0.592372 0.592372 0.592372
8991.643555 0.000000 5730.643066 0.000000 0.950942 0.000000 -0.309368 0.587946 0.587946 0.587946
8983.750000 0.000000 5735.912598 0.000000 0.045466 0.000000 0.998966 0.146806 0.146806 0.146806
8983.041016 0.000000 5735.313965 0.000000 0.810195 0.000000 -0.586160 0.645025 0.645025 0.645025
8863.758789 0.000000 5812.844727 0.000000 0.174794 0.000000 -0.984605 0.752513 0.752513 0.752513
8865.366211 0.000000 5814.878906 0.000000 0.008423 0.000000 -0.999965 0.833496 0.833496 0.833496
8863.174805 0.000000 5815.187012 0.000000 0.387139 0.000000 -0.922021 0.778999 0.778999 0.778999
8862.277344 0.000000 5813.423340 0.000000 0.988325 0.000000 0.152358 0.472315 0.472315 0.472315
8864.196289 0.000000 5814.209961 0.000000 0.507779 0.000000 0.861487 0.278393 0.278393 0.278393
8864.362305 0.000000 5815.386719 0.000000 0.847592 0.000000 -0.530648 0.619399 0.619399 0.619399
8862.369141 0.000000 5814.495605 0.000000 0.990883 0.000000 0.134725 0.467865 0.467865 0.467865
8899.166016 0.000000 5915.100586 0.000000 0.399308 0.000000 -0.916817 0.835221 0.835221 0.835221
8885.701172 0.000000 5914.830566 0.000000 0.532764 0.000000 -0.846264 0.726696 0.726696 0.726696
8891.033203 0.000000 5910.292480 0.000000 0.853340 0.000000 -0.521355 0.659170 0.659170 0.659170
8879.790039 0.000000 5913.521973 0.000000 0.996580 0.000000 -0.082628 0.517451 0.517451 0.517451
8885.585938 0.000000 5912.455566 0.000000 0.947115 0.000000 -0.320895 0.558924 0.558924 0.558924
8887.801758 0.000000 5913.654297 0.000000 0.886095 0.000000 0.463504 0.414874 0.414874 0.414874
8889.262695 0.000000 5911.577148 0.000000 0.965089 0.000000 0.261923 0.453852 0.453852 0.453852
8881.690430 0.000000 5912.905762 0.000000 0.999758 0.000000 -0.022002 0.505850 0.505850 0.505850
8887.447266 0.000000 5915.611328 0.000000 0.632308 0.000000 -0.774717 0.689178 0.689178 0.689178
8878.957031 0.000000 5912.025391 0.000000 0.949478 0.000000 0.313835 0.432656 0.432656 0.432656
8878.113281 0.000000 5913.452637 0.000000 0.141510 0.000000 -0.989937 0.801419 0.801419 0.801419
8897.435547 0.000000 5915.613281 0.000000 0.832867 0.000000 0.553474 0.388713 0.388713 0.388713
8880.433594 0.000000 5912.135254 0.000000 0.839968 0.000000 0.542636 0.347497 0.347497 0.347497
8884.358398 0.000000 5914.992188 0.000000 0.407237 0.000000 -0.913323 0.758700 0.758700 0.758700
8890.631836 0.000000 5911.658203 0.000000 0.982673 0.000000 0.185349 0.445894 0.445894 0.445894
8898.062500 0.000000 5914.481445 0.000000 0.261853 0.000000 -0.965108 0.877360 0.877360 0.877360
8881.041992 0.000000 5913.848145 0.000000 0.066711 0.000000 0.997772 0.100103 0.100103 0.100103
8886.909180 0.000000 5914.605469 0.000000 0.993008 0.000000 0.118047 0.474743 0.474743 0.474743
8891.818359 0.000000 5911.054688 0.000000 0.922788 0.000000 0.385307 0.385205 0.385205 0.385205
8899.856445 0.000000 5915.930176 0.000000 0.986823 0.000000 0.161806 0.453036 0.453036 0.453036
8885.112305 0.000000 5915.689453 0.000000 0.746172 0.000000 -0.665753 0.663687 0.663687 0.663687
8880.598633 0.000000 5913.020020 0.000000 0.872635 0.000000 0.488373 0.364340 0.364340 0.364340
8899.566406 0.000000 5914.283691 0.000000 0.616399 0.000000 -0.787434 0.761995 0.761995 0.761995
8898.370117 0.000000 5915.431641 0.000000 0.934995 0.000000 -0.354660 0.604768 0.604768 0.604768
8881.282227 0.000000 5912.116699 0.000000 0.482498 0.000000 0.875897 0.216226 0.216226 0.216226
8930.204102 0.000000 5939.848633 0.000000 0.782328 0.000000 0.622866 0.385010 0.385010 0.385010
8911.506836 0.000000 5930.567871 0.000000 0.999458 0.000000 0.032914 0.490672 0.490672 0.490672
8921.647461 0.000000 5938.373535 0.000000 0.894097 0.000000 0.447874 0.410729 0.410729 0.410729
8925.954102 0.000000 5945.775391 0.000000 0.000905 0.000000 -1.000000 0.793948 0.793948 0.793948
8923.014648 0.000000 5944.612793 0.000000 0.076096 0.000000 -0.997101 0.777990 0.777990 0.777990
8960.302734 0.000000 5932.859375 0.000000 0.802533 0.000000 -0.596607 0.648025 0.648025 0.648025
8918.216797 0.000000 5941.440918 0.000000 0.720802 0.000000 -0.693141 0.636704 0.636704 0.636704
8921.653320 0.000000 5940.454102 0.000000 0.786320 0.000000 -0.617820 0.672912 0.672912 0.672912
8924.421875 0.000000 5946.780273 0.000000 0.880012 0.000000 -0.474952 0.605023 0.605023 0.605023
8924.830078 0.000000 5944.474121 0.000000 0.594453 0.000000 0.804130 0.325077 0.325077 0.325077
8961.979492 0.000000 5932.863281 0.000000 0.223230 0.000000 0.974766 0.188404 0.188404 0.188404
8933.193359 0.000000 5937.921387 0.000000 0.916140 0.000000 -0.400858 0.586238 0.586238 0.586238
8910.432617 0.000000 5931.642578 0.000000 0.870310 0.000000 -0.492505 0.645920 0.645920 0.645920
8911.584961 0.000000 5929.096191 0.000000 0.981294 0.000000 0.192515 0.463364 0.463364 0.463364
8959.020508 0.000000 5933.545898 0.000000 0.973607 0.000000 -0.228231 0.554324 0.554324 0.554324
8920.806641 0.000000 5939.467285 0.000000 0.003716 0.000000 0.999993 0.198754 0.198754 0.198754
8910.147461 0.000000 5930.481934 0.000000 0.834698 0.000000 -0.550709 0.665258 0.665258 0.665258
8932.724609 0.000000 5936.799805 0.000000 0.815470 0.000000 -0.578799 0.629059 0.629059 0.629059
8921.390625 0.000000 5941.525391 0.000000 0.629468 0.000000 0.777026 0.268938 0.268938 0.268938
8911.610352 0.000000 5931.653320 0.000000 0.940411 0.000000 -0.340040 0.598314 0.598314 0.598314
8924.825195 0.000000 5947.772949 0.000000 0.862106 0.000000 0.506729 0.387236 0.387236 0.387236
8920.622070 0.000000 5940.602539 0.000000 0.992716 0.000000 0.120479 0.468643 0.468643 0.468643
8932.261719 0.000000 5938.379395 0.000000 0.893341 0.000000 -0.449379 0.623629 0.623629 0.623629
8958.337891 0.000000 5932.684082 0.000000 0.997797 0.000000 -0.066335 0.515662 0.515662 0.515662
8961.132812 0.000000 5933.294922 0.000000 0.697074 0.000000 -0.717000 0.685125 0.685125 0.685125
8959.392578 0.000000 5932.739746 0.000000 0.260037 0.000000 -0.965599 0.808526 0.808526 0.808526
8933.526367 0.000000 5938.746094 0.000000 0.498201 0.000000 -0.867061 0.778328 0.778328 0.778328
9048.570312 0.000000 5778.150879 0.000000 0.915894 0.000000 0.401419 0.391204 0.391204 0.391204
9008.897461 0.000000 5741.354980 0.000000 0.876938 0.000000 0.480604 0.376089 0.376089 0.376089
9002.058594 0.000000 5748.372070 0.000000 0.581743 0.000000 0.813373 0.240910 0.240910 0.240910
8999.270508 0.000000 5736.807129 0.000000 0.626655 0.000000 -0.779297 0.656712 0.656712 0.656712
9016.752930 0.000000 5736.490723 0.000000 0.373786 0.000000 -0.927515 0.726836 0.726836 0.726836
9036.806641 0.000000 5762.646484 0.000000 0.430673 0.000000 -0.902508 0.729016 0.729016 0.729016
9014.331055 0.000000 5758.508789 0.000000 0.469007 0.000000 -0.883195 0.712173 0.712173 0.712173
9078.868164 0.000000 5772.765625 0.000000 0.532632 0.000000 -0.846347 0.667529 0.667529 0.667529
9046.360352 0.000000 5776.360352 0.000000 0.932103 0.000000 0.362194 0.438469 0.438469 0.438469
9016.756836 0.000000 5757.128418 0.000000 0.134918 0.000000 -0.990857 0.754443 0.754443 0.754443
9033.650391 0.000000 5773.328125 0.000000 0.099215 0.000000 -0.995066 0.897653 0.897653 0.897653
9015.072266 0.000000 5738.643066 0.000000 0.652456 0.000000 0.757826 0.337367 0.337367 0.337367
9079.816406 0.000000 5775.433105 0.000000 0.557033 0.000000 -0.830490 0.742823 0.742823 0.742823
9035.739258 0.000000 5760.333008 0.000000 0.437031 0.000000 0.899447 0.286382 0.286382 0.286382
9013.242188 0.000000 5752.161621 0.000000 0.625491 0.000000 0.780231 0.247502 0.247502 0.247502
8999.511719 0.000000 5739.965332 0.000000 0.381108 0.000000 -0.924530 0.818107 0.818107 0.818107
9034.297852 0.000000 5762.326172 0.000000 0.222579 0.000000 -0.974915 0.742006 0.742006 0.742006
9011.272461 0.000000 5741.529785 0.000000 0.786142 0.000000 -0.618046 0.652195 0.652195 0.652195
9017.472656 0.000000 5738.676270 0.000000 0.529328 0.000000 0.848417 0.251528 0.251528 0.251528
9013.662109 0.000000 5765.170410 0.000000 0.392374 0.000000 -0.919806 0.758700 0.758700 0.758700
9081.601562 0.000000 5774.170898 0.000000 0.306814 0.000000 0.951770 0.224984 0.224984 0.224984
9012.232422 0.000000 5763.285645 0.000000 0.747569 0.000000 -0.664184 0.670469 0.670469 0.670469
9016.336914 0.000000 5759.192383 0.000000 0.883864 0.000000 0.467744 0.375142 0.375142 0.375142
9049.877930 0.000000 5779.689453 0.000000 0.066423 0.000000 -0.997792 0.896218 0.896218 0.896218
9046.433594 0.000000 5778.304688 0.000000 0.758885 0.000000 0.651225 0.369422 0.369422 0.369422
9035.354492 0.000000 5763.900879 0.000000 0.362346 0.000000 -0.932043 0.715704 0.715704 0.715704
9000.188477 0.000000 5749.350098 0.000000 0.537803 0.000000 -0.843070 0.679659 0.679659 0.679659
9003.322266 0.000000 5747.301270 0.000000 0.009255 0.000000 -0.999957 0.782639 0.782639 0.782639
8999.761719 0.000000 5738.285156 0.000000 0.770874 0.000000 -0.636987 0.686200 0.686200 0.686200
9047.537109 0.000000 5779.459961 0.000000 0.575688 0.000000 -0.817669 0.676268 0.676268 0.676268
9010.193359 0.000000 5740.546875 0.000000 0.690759 0.000000 0.723085 0.315366 0.315366 0.315366
9036.873047 0.000000 5761.200195 0.000000 0.160890 0.000000 -0.986972 0.823669 0.823669 0.823669
9013.257812 0.000000 5762.252930 0.000000 0.893418 0.000000 0.449227 0.390665 0.390665 0.390665
9003.435547 0.000000 5748.723633 0.000000 0.367711 0.000000 0.929940 0.174271 0.174271 0.174271
9035.637695 0.000000 5761.859375 0.000000 0.612090 0.000000 0.790788 0.325802 0.325802 0.325802
9034.363281 0.000000 5760.858398 0.000000 0.849612 0.000000 -0.527408 0.606102 0.606102 0.606102
9014.786133 0.000000 5759.816406 0.000000 0.275455 0.000000 -0.961314 0.753153 0.753153 0.753153
9016.265625 0.000000 5739.359863 0.000000 0.498538 0.000000 0.866868 0.242723 0.242723 0.242723
9037.024414 0.000000 5763.963867 0.000000 0.642773 0.000000 0.766056 0.322436 0.322436 0.322436
9032.736328 0.000000 5772.323242 0.000000 0.784212 0.000000 0.620493 0.319102 0.319102 0.319102
9016.483398 0.000000 5737.789062 0.000000 0.865287 0.000000 -0.501276 0.600282 0.600282 0.600282
9081.032227 0.000000 5775.901367 0.000000 0.766781 0.000000 -0.641908 0.652255 0.652255 0.652255
9012.505859 0.000000 5764.581543 0.000000 0.924906 0.000000 0.380196 0.413586 0.413586 0.413586
9017.724609 0.000000 5758.015137 0.000000 0.281204 0.000000 -0.959648 0.829821 0.829821 0.829821
9013.339844 0.000000 5753.430176 0.000000 0.948941 0.000000 -0.315452 0.590538 0.590538 0.590538
9037.983398 0.000000 5762.010254 0.000000 0.864124 0.000000 -0.503280 0.607307 0.607307 0.607307
9002.613281 0.000000 5749.704102 0.000000 0.886572 0.000000 -0.462591 0.631169 0.631169 0.631169
9010.058594 0.000000 5741.913086 0.000000 0.107993 0.000000 -0.994152 0.834106 0.834106 0.834106
9013.393555 0.000000 5763.712891 0.000000 0.951785 0.000000 0.306766 0.426830 0.426830 0.426830
9078.396484 0.000000 5775.749512 0.000000 0.999851 0.000000 0.017275 0.495719 0.495719 0.495719
9049.694336 0.000000 5778.502441 0.000000 0.953680 0.000000 0.300823 0.419521 0.419521 0.419521
9048.679688 0.000000 5779.718750 0.000000 0.608234 0.000000 -0.793757 0.741515 0.741515 0.741515
9037.920898 0.000000 5763.233398 0.000000 0.759824 0.000000 0.650129 0.355994 0.355994 0.355994
9078.979492 0.000000 5774.280273 0.000000 0.375160 0.000000 -0.926960 0.793926 0.793926 0.793926
9080.666992 0.000000 5774.717773 0.000000 0.878229 0.000000 0.478241 0.391071 0.391071 0.391071
9016.419922 0.000000 5758.113770 0.000000 0.737002 0.000000 0.675891 0.309618 0.309618 0.309618
9033.686523 0.000000 5772.010742 0.000000 0.358521 0.000000 0.933522 0.174587 0.174587 0.174587
9017.369141 0.000000 5759.895996 0.000000 0.756884 0.000000 0.653549 0.317290 0.317290 0.317290
9017.258789 0.000000 5758.883789 0.000000 0.704723 0.000000 -0.709483 0.702334 0.702334 0.702334
9081.776367 0.000000 5775.121094 0.000000 0.705785 0.000000 -0.708426 0.671977 0.671977 0.671977
9012.221680 0.000000 5762.319336 0.000000 0.948588 0.000000 -0.316512 0.575577 0.575577 0.575577
9012.837891 0.000000 5765.613770 0.000000 0.530360 0.000000 0.847772 0.275823 0.275823 0.275823
9092.588867 0.000000 5783.482422 0.000000 0.973608 0.000000 -0.228229 0.549725 0.549725 0.549725
9011.177734 0.000000 5740.617676 0.000000 0.994669 0.000000 0.103117 0.476403 0.476403 0.476403
8999.261719 0.000000 5739.054688 0.000000 0.048794 0.000000 -0.998809 0.910368 0.910368 0.910368
9002.884766 0.000000 5748.057129 0.000000 0.699039 0.000000 0.715083 0.282690 0.282690 0.282690
9008.537109 0.000000 5740.556641 0.000000 0.936606 0.000000 0.350384 0.411522 0.411522 0.411522
9079.000000 0.000000 5775.141602 0.000000 0.866586 0.000000 -0.499028 0.629461 0.629461 0.629461
9012.529297 0.000000 5753.170410 0.000000 0.898965 0.000000 0.438021 0.372092 0.372092 0.372092
9032.622070 0.000000 5773.604004 0.000000 0.174281 0.000000 -0.984696 0.877168 0.877168 0.877168
9048.958008 0.000000 5778.946289 0.000000 0.613888 0.000000 -0.789393 0.739634 0.739634 0.739634
9079.739258 0.000000 5774.610352 0.000000 0.958683 0.000000 0.284476 0.428525 0.428525 0.428525
9106.846680 0.000000 5795.248047 0.000000 0.959701 0.000000 -0.281024 0.548893 0.548893 0.548893
9093.200195 0.000000 5782.790039 0.000000 0.958766 0.000000 0.284198 0.437769 0.437769 0.437769
9104.855469 0.000000 5796.456055 0.000000 0.854743 0.000000 -0.519052 0.630116 0.630116 0.630116
9106.512695 0.000000 5796.845215 0.000000 0.811065 0.000000 -0.584955 0.627522 0.627522 0.627522
9104.125000 0.000000 5797.937988 0.000000 0.862509 0.000000 0.506042 0.373497 0.373497 0.373497
9094.550781 0.000000 5782.083008 0.000000 0.430010 0.000000 -0.902824 0.789620 0.789620 0.789620
9106.874023 0.000000 5797.965820 0.000000 0.987507 0.000000 0.157572 0.467706 0.467706 0.467706
9094.253906 0.000000 5783.186523 0.000000 0.849344 0.000000 0.527839 0.357014 0.357014 0.357014
9105.451172 0.000000 5797.358398 0.000000 0.986927 0.000000 -0.161167 0.538594 0.538594 0.538594
9095.533203 0.000000 5782.204590 0.000000 0.979147 0.000000 -0.203154 0.552606 0.552606 0.552606
9095.220703 0.000000 5783.394043 0.000000 0.305927 0.000000 0.952055 0.176028 0.176028 0.176028
9083.141602 0.000000 5895.869629 0.000000 1.000000 0.000000 -0.000891 0.500245 0.500245 0.500245
9082.452148 0.000000 5897.701660 0.000000 0.025213 0.000000 -0.999682 0.807725 0.807725 0.807725
9082.734375 0.000000 5894.191406 0.000000 0.196183 0.000000 0.980567 0.121998 0.121998 0.121998
9083.472656 0.000000 5897.013184 0.000000 0.974218 0.000000 0.225609 0.454691 0.454691 0.454691
9083.981445 0.000000 5895.386719 0.000000 0.992325 0.000000 0.123661 0.465876 0.465876 0.465876
9082.569336 0.000000 5895.148926 0.000000 0.763472 0.000000 0.645841 0.306744 0.306744 0.306744
9083.329102 0.000000 5894.865234 0.000000 0.976076 0.000000 0.217428 0.439672 0.439672 0.439672
9122.102539 0.000000 5843.487305 0.000000 0.484441 0.000000 0.874824 0.329159 0.329159 0.329159
9142.488281 0.000000 5814.698242 0.000000 0.960844 0.000000 0.277090 0.425876 0.425876 0.425876
9119.180664 0.000000 5866.858398 0.000000 0.970423 0.000000 0.241410 0.446738 0.446738 0.446738
9139.391602 0.000000 5830.877930 0.000000 0.379652 0.000000 -0.925129 0.839177 0.839177 0.839177
9098.697266 0.000000 5884.404297 0.000000 0.339874 0.000000 -0.940471 0.716198 0.716198 0.716198
9123.470703 0.000000 5845.224609 0.000000 0.932108 0.000000 -0.362182 0.584659 0.584659 0.584659
9097.127930 0.000000 5883.205566 0.000000 0.992091 0.000000 0.125523 0.471486 0.471486 0.471486
9144.401367 0.000000 5815.187012 0.000000 0.958518 0.000000 -0.285033 0.559352 0.559352 0.559352
9125.017578 0.000000 5844.345703 0.000000 0.510701 0.000000 -0.859758 0.754467 0.754467 0.754467
9097.116211 0.000000 5884.854980 0.000000 0.832478 0.000000 0.554057 0.392978 0.392978 0.392978
9120.907227 0.000000 5866.563965 0.000000 0.840437 0.000000 -0.541909 0.644409 0.644409 0.644409
9138.173828 0.000000 5831.876953 0.000000 0.917361 0.000000 -0.398056 0.617539 0.617539 0.617539
9099.178711 0.000000 5883.004395 0.000000 0.713920 0.000000 -0.700227 0.663644 0.663644 0.663644
9145.422852 0.000000 5814.209961 0.000000 0.614825 0.000000 -0.788664 0.686580 0.686580 0.686580
9123.264648 0.000000 5844.049316 0.000000 0.676085 0.000000 -0.736824 0.689226 0.689226 0.689226
9120.546875 0.000000 5867.694336 0.000000 0.359949 0.000000 0.932972 0.196767 0.196767 0.196767
9145.588867 0.000000 5815.386719 0.000000 0.995590 0.000000 -0.093806 0.519291 0.519291 0.519291
9124.581055 0.000000 5845.421875 0.000000 0.998934 0.000000 -0.046167 0.511357 0.511357 0.511357
9098.069336 0.000000 5882.628418 0.000000 0.379701 0.000000 -0.925109 0.749210 0.749210 0.749210
9143.595703 0.000000 5814.495605 0.000000 0.393887 0.000000 0.919159 0.192180 0.192180 0.192180
9142.146484 0.000000 5815.802246 0.000000 0.501476 0.000000 0.865172 0.223980 0.223980 0.223980
9096.139648 0.000000 5883.427734 0.000000 0.976169 0.000000 -0.217011 0.549561 0.549561 0.549561
9121.741211 0.000000 5867.025391 0.000000 0.761243 0.000000 0.648467 0.322090 0.322090 0.322090
9138.463867 0.000000 5830.963867 0.000000 0.953972 0.000000 -0.299895 0.587447 0.587447 0.587447
9124.077148 0.000000 5844.548828 0.000000 0.525800 0.000000 -0.850608 0.750125 0.750125 0.750125
9122.390625 0.000000 5844.355469 0.000000 0.397975 0.000000 0.917396 0.234676 0.234676 0.234676
9139.748047 0.000000 5831.705566 0.000000 0.315299 0.000000 0.948992 0.141114 0.141114 0.141114
9120.070312 0.000000 5866.793457 0.000000 0.946317 0.000000 0.323239 0.417004 0.417004 0.417004
9143.131836 0.000000 5815.252930 0.000000 0.519594 0.000000 -0.854413 0.770457 0.770457 0.770457
9015.908203 0.000000 5961.151367 0.000000 0.442901 0.000000 -0.896571 0.689467 0.689467 0.689467
9000.293945 0.000000 5955.815430 0.000000 0.597473 0.000000 -0.801889 0.691060 0.691060 0.691060
9036.468750 0.000000 5959.573242 0.000000 0.972852 0.000000 0.231430 0.451460 0.451460 0.451460
9090.451172 0.000000 5921.431152 0.000000 0.425272 0.000000 -0.905065 0.757068 0.757068 0.757068
9078.313477 0.000000 5923.662598 0.000000 0.786002 0.000000 0.618223 0.386439 0.386439 0.386439
9068.357422 0.000000 5994.644531 0.000000 0.805597 0.000000 -0.592464 0.627835 0.627835 0.627835
9043.792969 0.000000 5954.008301 0.000000 0.923739 0.000000 -0.383023 0.567710 0.567710 0.567710
9063.201172 0.000000 5932.729492 0.000000 0.941860 0.000000 -0.336006 0.563307 0.563307 0.563307
9056.616211 0.000000 5986.620117 0.000000 0.619008 0.000000 -0.785384 0.649405 0.649405 0.649405
9086.142578 0.000000 5911.564941 0.000000 0.834220 0.000000 -0.551432 0.634153 0.634153 0.634153
9042.228516 0.000000 5967.340820 0.000000 0.787816 0.000000 0.615911 0.314465 0.314465 0.314465
9060.168945 0.000000 5945.563965 0.000000 0.907400 0.000000 0.420269 0.404979 0.404979 0.404979
9023.445312 0.000000 5968.318359 0.000000 0.208439 0.000000 0.978035 0.208678 0.208678 0.208678
9032.136719 0.000000 5982.262695 0.000000 0.533581 0.000000 0.845749 0.221304 0.221304 0.221304
9002.759766 0.000000 5955.399414 0.000000 0.180267 0.000000 0.983618 0.242423 0.242423 0.242423
9070.564453 0.000000 5995.583984 0.000000 0.899441 0.000000 0.437043 0.414745 0.414745 0.414745
9060.912109 0.000000 5932.035645 0.000000 0.392996 0.000000 0.919540 0.237808 0.237808 0.237808
9084.791992 0.000000 5913.445312 0.000000 0.568195 0.000000 -0.822894 0.674330 0.674330 0.674330
9001.820312 0.000000 5957.394043 0.000000 0.927728 0.000000 0.373256 0.416918 0.416918 0.416918
9042.782227 0.000000 5956.478516 0.000000 0.857339 0.000000 -0.514753 0.594833 0.594833 0.594833
9037.316406 0.000000 5961.584961 0.000000 0.855834 0.000000 0.517251 0.402959 0.402959 0.402959
9059.923828 0.000000 5943.134766 0.000000 0.372062 0.000000 -0.928208 0.719023 0.719023 0.719023
9058.698242 0.000000 5985.772949 0.000000 0.136900 0.000000 0.990585 0.127814 0.127814 0.127814
9088.751953 0.000000 5922.861816 0.000000 0.645131 0.000000 -0.764072 0.654141 0.654141 0.654141
9080.251953 0.000000 5924.538574 0.000000 0.229887 0.000000 -0.973217 0.832575 0.832575 0.832575
9062.240234 0.000000 5930.062012 0.000000 0.999759 0.000000 -0.021955 0.503919 0.503919 0.503919
9057.579102 0.000000 5984.075195 0.000000 0.993794 0.000000 0.111233 0.480173 0.480173 0.480173
9030.261719 0.000000 5982.763672 0.000000 0.810877 0.000000 0.585216 0.384898 0.384898 0.384898
9044.770508 0.000000 5956.464844 0.000000 0.997139 0.000000 0.075595 0.482573 0.482573 0.482573
9061.999023 0.000000 5945.998535 0.000000 0.260237 0.000000 0.965545 0.213557 0.213557 0.213557
9022.862305 0.000000 5966.506348 0.000000 0.050259 0.000000 -0.998736 0.872961 0.872961 0.872961
9068.993164 0.000000 5996.549316 0.000000 0.419326 0.000000 0.907836 0.259910 0.259910 0.259910
9058.554688 0.000000 5944.790527 0.000000 0.524741 0.000000 -0.851262 0.686234 0.686234 0.686234
9080.271484 0.000000 5922.771973 0.000000 0.372269 0.000000 -0.928125 0.725663 0.725663 0.725663
9035.494141 0.000000 5961.069336 0.000000 0.999971 0.000000 -0.007564 0.501402 0.501402 0.501402
9034.666016 0.000000 5959.308594 0.000000 0.369215 0.000000 -0.929344 0.767227 0.767227 0.767227
9003.727539 0.000000 5956.709473 0.000000 0.923970 0.000000 -0.382466 0.576915 0.576915 0.576915
9033.965820 0.000000 5982.700195 0.000000 0.146387 0.000000 0.989227 0.106307 0.106307 0.106307
9037.925781 0.000000 5958.825195 0.000000 0.878870 0.000000 -0.477062 0.603359 0.603359 0.603359
9059.232422 0.000000 5987.339355 0.000000 0.956276 0.000000 -0.292466 0.557241 0.557241 0.557241
9045.122070 0.000000 5954.809082 0.000000 0.011117 0.000000 -0.999938 0.839735 0.839735 0.839735
9050.219727 0.000000 5973.976074 0.000000 0.937066 0.000000 -0.349153 0.579249 0.579249 0.579249
9031.512695 0.000000 5983.718750 0.000000 0.753586 0.000000 0.657349 0.367931 0.367931 0.367931
9086.546875 0.000000 5913.530273 0.000000 0.793622 0.000000 -0.608411 0.627365 0.627365 0.627365
9051.293945 0.000000 5970.852051 0.000000 0.162784 0.000000 0.986662 0.170623 0.170623 0.170623
9084.908203 0.000000 5910.635742 0.000000 0.900779 0.000000 -0.434278 0.588602 0.588602 0.588602
9060.972656 0.000000 5944.258789 0.000000 0.073694 0.000000 0.997281 0.172041 0.172041 0.172041
9090.785156 0.000000 5922.876953 0.000000 0.825553 0.000000 -0.564324 0.611524 0.611524 0.611524
9036.178711 0.000000 5958.126465 0.000000 0.200929 0.000000 0.979606 0.215576 0.215576 0.215576
9051.982422 0.000000 5973.419434 0.000000 0.238806 0.000000 0.971067 0.204559 0.204559 0.204559
9071.060547 0.000000 5996.957520 0.000000 0.915199 0.000000 0.403002 0.419227 0.419227 0.419227
9061.814453 0.000000 5933.121582 0.000000 0.512556 0.000000 0.858654 0.267977 0.267977 0.267977
9017.310547 0.000000 5961.151855 0.000000 0.717425 0.000000 0.696635 0.279693 0.279693 0.279693
9061.477539 0.000000 5942.861328 0.000000 0.891165 0.000000 0.453679 0.398311 0.398311 0.398311
9078.808594 0.000000 5924.941406 0.000000 0.959096 0.000000 -0.283081 0.556426 0.556426 0.556426
9071.586914 0.000000 5994.294922 0.000000 0.545808 0.000000 0.837910 0.312747 0.312747 0.312747
9079.909180 0.000000 5925.875977 0.000000 0.942342 0.000000 0.334650 0.432912 0.432912 0.432912
9089.019531 0.000000 5921.540527 0.000000 0.384459 0.000000 0.923142 0.257749 0.257749 0.257749
9069.699219 0.000000 5994.373047 0.000000 0.990501 0.000000 -0.137506 0.527809 0.527809 0.527809
9043.461914 0.000000 5966.866211 0.000000 0.650692 0.000000 0.759341 0.258889 0.258889 0.258889
9001.470703 0.000000 5954.976074 0.000000 0.272891 0.000000 -0.962045 0.765793 0.765793 0.765793
9000.535156 0.000000 5957.087891 0.000000 0.298782 0.000000 0.954321 0.224725 0.224725 0.224725
9090.220703 0.000000 5920.012695 0.000000 0.061351 0.000000 0.998116 0.157084 0.157084 0.157084
9050.043945 0.000000 5971.305176 0.000000 0.190949 0.000000 -0.981600 0.822679 0.822679 0.822679
9061.072266 0.000000 5930.702148 0.000000 0.997470 0.000000 0.071093 0.485212 0.485212 0.485212
9087.125977 0.000000 5910.480469 0.000000 0.950461 0.000000 0.310844 0.427402 0.427402 0.427402
9081.498047 0.000000 5924.265137 0.000000 0.134078 0.000000 0.990971 0.143211 0.143211 0.143211
9060.661133 0.000000 5933.758789 0.000000 0.791963 0.000000 -0.610569 0.647571 0.647571 0.647571
9001.677734 0.000000 5956.173340 0.000000 0.872393 0.000000 -0.488804 0.610928 0.610928 0.610928
9000.302734 0.000000 5954.601562 0.000000 0.903800 0.000000 -0.427955 0.590808 0.590808 0.590808
9087.369141 0.000000 5911.769043 0.000000 0.990647 0.000000 -0.136451 0.531439 0.531439 0.531439
9032.880859 0.000000 5983.242676 0.000000 0.473381 0.000000 0.880858 0.202032 0.202032 0.202032
9058.743164 0.000000 5984.473633 0.000000 0.984792 0.000000 -0.173738 0.545340 0.545340 0.545340
9068.041992 0.000000 5995.783691 0.000000 0.156214 0.000000 0.987723 0.214955 0.214955 0.214955
9016.616211 0.000000 5960.156738 0.000000 0.216909 0.000000 -0.976192 0.886518 0.886518 0.886518
9069.194336 0.000000 5995.423828 0.000000 0.757911 0.000000 -0.652358 0.643273 0.643273 0.643273
9022.565430 0.000000 5967.623535 0.000000 0.312089 0.000000 -0.950053 0.807443 0.807443 0.807443
9081.708984 0.000000 5925.344238 0.000000 0.611305 0.000000 0.791395 0.273183 0.273183 0.273183
9023.679688 0.000000 5967.230469 0.000000 0.941620 0.000000 0.336679 0.415772 0.415772 0.415772
9022.836914 0.000000 5969.255371 0.000000 0.869925 0.000000 -0.493183 0.610410 0.610410 0.610410
9061.817383 0.000000 5944.933105 0.000000 0.561788 0.000000 -0.827281 0.713431 0.713431 0.713431
9045.071289 0.000000 5957.437988 0.000000 0.831505 0.000000 -0.555518 0.635647 0.635647 0.635647
9035.075195 0.000000 5958.334961 0.000000 0.380542 0.000000 -0.924764 0.764490 0.764490 0.764490
9069.209961 0.000000 5997.523438 0.000000 0.999865 0.000000 0.016432 0.496533 0.496533 0.496533
9033.145508 0.000000 5982.105957 0.000000 0.989383 0.000000 -0.145330 0.540325 0.540325 0.540325
9017.595703 0.000000 5960.093750 0.000000 0.111898 0.000000 0.993720 0.083034 0.083034 0.083034
9091.022461 0.000000 5920.598633 0.000000 0.989784 0.000000 0.142577 0.467498 0.467498 0.467498
9080.754883 0.000000 5925.384277 0.000000 0.779101 0.000000 0.626899 0.331688 0.331688 0.331688
9045.440430 0.000000 5955.687988 0.000000 0.999860 0.000000 -0.016743 0.503647 0.503647 0.503647
9061.105469 0.000000 5945.635254 0.000000 0.463962 0.000000 -0.885855 0.738423 0.738423 0.738423
9035.602539 0.000000 5959.135254 0.000000 0.877525 0.000000 -0.479531 0.612060 0.612060 0.612060
9034.140625 0.000000 5958.578125 0.000000 0.381531 0.000000 -0.924356 0.764250 0.764250 0.764250
9042.647461 0.000000 5966.480957 0.000000 0.296953 0.000000 -0.954892 0.854912 0.854912 0.854912
9051.478516 0.000000 5971.731934 0.000000 0.276585 0.000000 0.960989 0.197943 0.197943 0.197943
9051.072266 0.000000 5973.276855 0.000000 0.185974 0.000000 0.982555 0.192545 0.192545 0.192545
9023.790039 0.000000 5966.338867 0.000000 0.306632 0.000000 -0.951828 0.808850 0.808850 0.808850
9050.823242 0.000000 5970.093262 0.000000 0.009698 0.000000 0.999953 0.134623 0.134623 0.134623
9043.077148 0.000000 5967.593750 0.000000 0.027267 0.000000 -0.999628 0.931591 0.931591 0.931591
5304.269043 0.000000 10453.923828 0.000000 0.936855 0.000000 -0.349717 0.600120 0.600120 0.600120
5340.629395 0.000000 10480.228516 0.000000 0.743580 0.000000 0.668647 0.369723 0.369723 0.369723
5313.312012 0.000000 10464.530273 0.000000 0.058708 0.000000 0.998275 0.245193 0.245193 0.245193
5303.679199 0.000000 10497.363281 0.000000 0.975967 0.000000 0.217918 0.461746 0.461746 0.461746
5297.665039 0.000000 10460.781250 0.000000 0.099974 0.000000 0.994990 0.239319 0.239319 0.239319
5301.977539 0.000000 10477.329102 0.000000 0.980127 0.000000 -0.198373 0.540507 0.540507 0.540507
5310.166992 0.000000 10465.738281 0.000000 0.289366 0.000000 0.957218 0.288751 0.288751 0.288751
5342.020996 0.000000 10477.213867 0.000000 0.875360 0.000000 -0.483472 0.607398 0.607398 0.607398
5305.497559 0.000000 10450.733398 0.000000 0.978211 0.000000 -0.207614 0.541247 0.541247 0.541247
5312.826172 0.000000 10467.629883 0.000000 0.263675 0.000000 0.964612 0.180969 0.180969 0.180969
5296.672852 0.000000 10463.469727 0.000000 0.561963 0.000000 0.827163 0.233117 0.233117 0.233117
5301.848145 0.000000 10474.439453 0.000000 0.821248 0.000000 0.570572 0.315438 0.315438 0.315438
5343.192871 0.000000 10429.997070 0.000000 0.690970 0.000000 0.722884 0.284672 0.284672 0.284672
5305.991699 0.000000 10452.848633 0.000000 0.094417 0.000000 -0.995533 0.913697 0.913697 0.913697
5342.513672 0.000000 10479.297852 0.000000 0.866483 0.000000 0.499207 0.363311 0.363311 0.363311
5342.523438 0.000000 10427.669922 0.000000 0.890300 0.000000 -0.455374 0.585280 0.585280 0.585280
5310.791016 0.000000 10467.492188 0.000000 0.286101 0.000000 -0.958199 0.778954 0.778954 0.778954
5319.305664 0.000000 10496.173828 0.000000 0.791839 0.000000 -0.610730 0.656638 0.656638 0.656638
5295.128418 0.000000 10462.704102 0.000000 0.502896 0.000000 -0.864347 0.717603 0.717603 0.717603
5302.474609 0.000000 10498.543945 0.000000 0.280106 0.000000 -0.959969 0.810034 0.810034 0.810034
5313.743164 0.000000 10466.058594 0.000000 0.711410 0.000000 -0.702777 0.690663 0.690663 0.690663
5300.741211 0.000000 10498.634766 0.000000 0.054865 0.000000 -0.998494 0.821685 0.821685 0.821685
5340.992676 0.000000 10478.695312 0.000000 0.582250 0.000000 -0.813010 0.689598 0.689598 0.689598
5318.910156 0.000000 10497.946289 0.000000 0.789207 0.000000 0.614128 0.342337 0.342337 0.342337
5301.170898 0.000000 10475.886719 0.000000 0.690600 0.000000 0.723237 0.254259 0.254259 0.254259
5300.510254 0.000000 10477.503906 0.000000 0.617853 0.000000 -0.786294 0.683531 0.683531 0.683531
5342.107422 0.000000 10429.087891 0.000000 0.808074 0.000000 -0.589081 0.667878 0.667878 0.667878
5304.811523 0.000000 10452.028320 0.000000 0.485912 0.000000 -0.874007 0.798002 0.798002 0.798002
5342.008789 0.000000 10480.571289 0.000000 0.985713 0.000000 0.168432 0.465354 0.465354 0.465354
5300.180176 0.000000 10474.916992 0.000000 0.994156 0.000000 0.107950 0.467124 0.467124 0.467124
5343.190430 0.000000 10498.609375 0.000000 0.071433 0.000000 0.997445 0.046151 0.046151 0.046151
5304.189941 0.000000 10450.855469 0.000000 0.264205 0.000000 0.964467 0.242931 0.242931 0.242931
5297.581543 0.000000 10462.328125 0.000000 0.938131 0.000000 -0.346281 0.596886 0.596886 0.596886
5342.741211 0.000000 10478.155273 0.000000 0.179218 0.000000 -0.983809 0.863662 0.863662 0.863662
5303.678223 0.000000 10498.504883 0.000000 0.445728 0.000000 0.895168 0.232869 0.232869 0.232869
5342.970215 0.000000 10476.586914 0.000000 0.902932 0.000000 -0.429784 0.594551 0.594551 0.594551
5311.065918 0.000000 10466.408203 0.000000 0.803662 0.000000 -0.595086 0.638835 0.638835 0.638835
5294.059570 0.000000 10462.576172 0.000000 0.919180 0.000000 0.393837 0.415614 0.415614 0.415614
5311.867676 0.000000 10467.096680 0.000000 0.847507 0.000000 -0.530785 0.621878 0.621878 0.621878
5304.088867 0.000000 10452.855469 0.000000 0.862544 0.000000 -0.505982 0.648672 0.648672 0.648672
5301.600098 0.000000 10498.010742 0.000000 0.640948 0.000000 -0.767585 0.685694 0.685694 0.685694
5305.213867 0.000000 10453.542969 0.000000 0.972924 0.000000 -0.231125 0.565361 0.565361 0.565361
5319.866699 0.000000 10498.670898 0.000000 0.448973 0.000000 0.893545 0.245470 0.245470 0.245470
5319.522461 0.000000 10497.148438 0.000000 0.839402 0.000000 -0.543512 0.637000 0.637000 0.637000
5312.867188 0.000000 10466.537109 0.000000 0.298178 0.000000 0.954510 0.189766 0.189766 0.189766
5318.446289 0.000000 10496.680664 0.000000 0.839918 0.000000 0.542713 0.363227 0.363227 0.363227
5342.875000 0.000000 10428.536133 0.000000 0.980811 0.000000 -0.194963 0.552294 0.552294 0.552294
5318.422852 0.000000 10498.754883 0.000000 0.802448 0.000000 0.596723 0.352740 0.352740 0.352740
5296.098633 0.000000 10462.712891 0.000000 0.846051 0.000000 -0.533102 0.654058 0.654058 0.654058
5301.101562 0.000000 10474.948242 0.000000 0.085755 0.000000 -0.996316 0.951353 0.951353 0.951353
5342.323242 0.000000 10498.379883 0.000000 0.746981 0.000000 0.664846 0.279845 0.279845 0.279845
5313.645508 0.000000 10466.941406 0.000000 0.355151 0.000000 -0.934809 0.795483 0.795483 0.795483
5297.570801 0.000000 10463.255859 0.000000 0.324426 0.000000 0.945911 0.160138 0.160138 0.160138
5345.503418 0.000000 10428.617188 0.000000 0.614617 0.000000 0.788825 0.320741 0.320741 0.320741
5376.958496 0.000000 10451.435547 0.000000 0.949029 0.000000 0.315189 0.442962 0.442962 0.442962
5432.003906 0.000000 10494.343750 0.000000 0.653354 0.000000 -0.757052 0.674737 0.674737 0.674737
5400.366699 0.000000 10482.136719 0.000000 0.106039 0.000000 -0.994362 0.806218 0.806218 0.806218
5381.625488 0.000000 10445.676758 0.000000 0.149687 0.000000 -0.988733 0.808542 0.808542 0.808542
5436.112793 0.000000 10415.482422 0.000000 0.435630 0.000000 0.900126 0.278395 0.278395 0.278395
5356.724121 0.000000 10490.682617 0.000000 0.870308 0.000000 -0.492509 0.657813 0.657813 0.657813
5424.461914 0.000000 10440.741211 0.000000 0.987132 0.000000 -0.159907 0.545406 0.545406 0.545406
5430.553711 0.000000 10462.135742 0.000000 0.367363 0.000000 -0.930078 0.766928 0.766928 0.766928
5347.786133 0.000000 10458.089844 0.000000 0.865841 0.000000 0.500319 0.369189 0.369189 0.369189
5414.507812 0.000000 10433.073242 0.000000 0.995682 0.000000 0.092828 0.483812 0.483812 0.483812
5375.750000 0.000000 10439.591797 0.000000 0.478899 0.000000 -0.877870 0.765473 0.765473 0.765473
5347.547852 0.000000 10463.990234 0.000000 0.862377 0.000000 -0.506266 0.609005 0.609005 0.609005
5408.826172 0.000000 10486.095703 0.000000 0.928751 0.000000 -0.370703 0.606899 0.606899 0.606899
5414.435547 0.000000 10490.790039 0.000000 0.521269 0.000000 -0.853392 0.738032 0.738032 0.738032
5417.453125 0.000000 10475.860352 0.000000 0.396587 0.000000 -0.917997 0.759136 0.759136 0.759136
5431.619141 0.000000 10447.919922 0.000000 0.160334 0.000000 -0.987063 0.735810 0.735810 0.735810
5430.241699 0.000000 10497.865234 0.000000 0.343646 0.000000 0.939099 0.239585 0.239585 0.239585
5417.018066 0.000000 10440.031250 0.000000 0.733182 0.000000 0.680032 0.295571 0.295571 0.295571
5363.543457 0.000000 10461.711914 0.000000 0.531249 0.000000 0.847216 0.326522 0.326522 0.326522
5424.413086 0.000000 10472.887695 0.000000 0.791570 0.000000 0.611078 0.358849 0.358849 0.358849
5404.224121 0.000000 10445.189453 0.000000 0.991300 0.000000 -0.131625 0.530073 0.530073 0.530073
5391.513184 0.000000 10483.792969 0.000000 0.203427 0.000000 0.979090 0.223779 0.223779 0.223779
5403.737305 0.000000 10483.351562 0.000000 0.998596 0.000000 0.052976 0.491168 0.491168 0.491168
5417.243164 0.000000 10443.314453 0.000000 0.988611 0.000000 0.150492 0.463228 0.463228 0.463228
5411.194336 0.000000 10498.508789 0.000000 0.883726 0.000000 -0.468005 0.606087 0.606087 0.606087
5347.041992 0.000000 10461.021484 0.000000 0.997340 0.000000 0.072893 0.482195 0.482195 0.482195
5372.896973 0.000000 10440.541016 0.000000 0.478055 0.000000 -0.878330 0.749648 0.749648 0.749648
5356.535645 0.000000 10493.593750 0.000000 0.177165 0.000000 -0.984181 0.835523 0.835523 0.835523
5425.730469 0.000000 10438.099609 0.000000 0.312138 0.000000 0.950037 0.284095 0.284095 0.284095
5432.216309 0.000000 10455.593750 0.000000 0.792287 0.000000 0.610149 0.291929 0.291929 0.291929
5365.731934 0.000000 10456.440430 0.000000 0.431912 0.000000 0.901916 0.290208 0.290208 0.290208
5432.814941 0.000000 10484.666016 0.000000 0.958031 0.000000 -0.286665 0.568049 0.568049 0.568049
5417.516602 0.000000 10490.996094 0.000000 0.251741 0.000000 0.967795 0.182877 0.182877 0.182877
5350.503418 0.000000 10448.062500 0.000000 0.999993 0.000000 -0.003733 0.500699 0.500699 0.500699
5364.213379 0.000000 10459.168945 0.000000 0.219825 0.000000 -0.975539 0.777880 0.777880 0.777880
5359.114258 0.000000 10493.278320 0.000000 0.997812 0.000000 -0.066121 0.515693 0.515693 0.515693
5357.085938 0.000000 10487.960938 0.000000 0.884086 0.000000 -0.467324 0.587710 0.587710 0.587710
5428.778320 0.000000 10464.194336 0.000000 0.641731 0.000000 -0.766930 0.656565 0.656565 0.656565
5431.532227 0.000000 10453.166016 0.000000 0.867593 0.000000 0.497274 0.384034 0.384034 0.384034
5343.566406 0.000000 10427.074219 0.000000 0.164973 0.000000 -0.986298 0.753439 0.753439 0.753439
5418.063477 0.000000 10472.889648 0.000000 0.006229 0.000000 -0.999981 0.786116 0.786116 0.786116
5399.189941 0.000000 10484.277344 0.000000 0.990130 0.000000 0.140148 0.471390 0.471390 0.471390
5378.353027 0.000000 10449.435547 0.000000 0.475821 0.000000 0.879542 0.245064 0.245064 0.245064
5432.949219 0.000000 10482.129883 0.000000 0.824045 0.000000 0.566524 0.354524 0.354524 0.354524
5349.786621 0.000000 10463.179688 0.000000 0.976493 0.000000 -0.215550 0.548137 0.548137 0.548137
5343.324707 0.000000 10477.882812 0.000000 0.774962 0.000000 -0.632008 0.645606 0.645606 0.645606
5343.623047 0.000000 10497.370117 0.000000 0.084096 0.000000 -0.996458 0.766291 0.766291 0.766291
5364.863770 0.000000 10443.361328 0.000000 0.151894 0.000000 -0.988397 0.742550 0.742550 0.742550
5416.148438 0.000000 10431.349609 0.000000 0.674169 0.000000 0.738577 0.303957 0.303957 0.303957
5411.264160 0.000000 10496.244141 0.000000 0.923511 0.000000 0.383571 0.419902 0.419902 0.419902
5354.112305 0.000000 10486.593750 0.000000 0.997169 0.000000 -0.075199 0.523396 0.523396 0.523396
5433.778809 0.000000 10447.114258 0.000000 0.689619 0.000000 -0.724173 0.746658 0.746658 0.746658
5349.132812 0.000000 10459.842773 0.000000 0.574266 0.000000 -0.818669 0.696342 0.696342 0.696342
5426.619141 0.000000 10472.727539 0.000000 0.410941 0.000000 -0.911662 0.792876 0.792876 0.792876
5403.978516 0.000000 10442.759766 0.000000 0.875367 0.000000 -0.483460 0.587554 0.587554 0.587554
5431.003906 0.000000 10464.275391 0.000000 0.026913 0.000000 -0.999638 0.821840 0.821840 0.821840
5430.078613 0.000000 10495.653320 0.000000 0.857369 0.000000 0.514703 0.346799 0.346799 0.346799
5373.783203 0.000000 10438.591797 0.000000 0.992953 0.000000 -0.118505 0.524836 0.524836 0.524836
5390.763184 0.000000 10485.888672 0.000000 0.786506 0.000000 0.617582 0.379515 0.379515 0.379515
5417.102051 0.000000 10433.309570 0.000000 0.377504 0.000000 0.926008 0.272453 0.272453 0.272453
5419.333008 0.000000 10444.112305 0.000000 0.451501 0.000000 0.892270 0.288779 0.288779 0.288779
5372.963867 0.000000 10442.732422 0.000000 0.685344 0.000000 0.728220 0.277514 0.277514 0.277514
5349.194824 0.000000 10465.177734 0.000000 0.545585 0.000000 -0.838055 0.691645 0.691645 0.691645
5401.633789 0.000000 10483.700195 0.000000 0.461251 0.000000 0.887270 0.271805 0.271805 0.271805
5419.232910 0.000000 10474.870117 0.000000 0.911442 0.000000 -0.411429 0.591303 0.591303 0.591303
5429.087402 0.000000 10430.370117 0.000000 0.256863 0.000000 0.966448 0.194790 0.194790 0.194790
5418.225586 0.000000 10445.908203 0.000000 0.541710 0.000000 -0.840565 0.691289 0.691289 0.691289
5420.389160 0.000000 10432.256836 0.000000 0.280625 0.000000 -0.959818 0.768155 0.768155 0.768155
5358.568359 0.000000 10491.334961 0.000000 0.461631 0.000000 -0.887072 0.696102 0.696102 0.696102
5374.605469 0.000000 10441.390625 0.000000 0.982450 0.000000 0.186526 0.460536 0.460536 0.460536
5418.260742 0.000000 10441.466797 0.000000 0.416970 0.000000 0.908920 0.294248 0.294248 0.294248
5379.409180 0.000000 10451.010742 0.000000 0.981276 0.000000 0.192607 0.461532 0.461532 0.461532
5346.167480 0.000000 10462.676758 0.000000 0.050479 0.000000 -0.998725 0.812179 0.812179 0.812179
5405.392578 0.000000 10484.604492 0.000000 0.847189 0.000000 0.531292 0.386032 0.386032 0.386032
5413.047852 0.000000 10496.173828 0.000000 0.565338 0.000000 -0.824859 0.677983 0.677983 0.677983
5357.780273 0.000000 10486.089844 0.000000 0.518375 0.000000 -0.855153 0.685038 0.685038 0.685038
5367.372070 0.000000 10457.062500 0.000000 0.302950 0.000000 0.953006 0.138963 0.138963 0.138963
5405.280762 0.000000 10482.467773 0.000000 0.851873 0.000000 0.523749 0.348961 0.348961 0.348961
5427.518066 0.000000 10431.460938 0.000000 0.998978 0.000000 0.045190 0.488686 0.488686 0.488686
5402.609375 0.000000 10444.415039 0.000000 0.846422 0.000000 0.532512 0.401161 0.401161 0.401161
5346.466309 0.000000 10459.353516 0.000000 0.969257 0.000000 0.246051 0.437935 0.437935 0.437935
5355.755371 0.000000 10489.131836 0.000000 0.365027 0.000000 -0.930997 0.788410 0.788410 0.788410
5348.726074 0.000000 10461.670898 0.000000 0.840855 0.000000 -0.541261 0.620655 0.620655 0.620655
5392.056641 0.000000 10482.117188 0.000000 0.979655 0.000000 0.200689 0.451951 0.451951 0.451951
5415.978027 0.000000 10491.823242 0.000000 0.812005 0.000000 0.583651 0.354913 0.354913 0.354913
5354.920898 0.000000 10490.718750 0.000000 0.846645 0.000000 -0.532158 0.599816 0.599816 0.599816
5376.752441 0.000000 10448.876953 0.000000 0.183403 0.000000 -0.983038 0.789001 0.789001 0.789001
5392.382812 0.000000 10485.265625 0.000000 0.297448 0.000000 -0.954738 0.762908 0.762908 0.762908
5433.999512 0.000000 10483.456055 0.000000 0.979048 0.000000 0.203628 0.450469 0.450469 0.450469
5430.212891 0.000000 10465.820312 0.000000 0.949932 0.000000 -0.312457 0.566245 0.566245 0.566245
5416.614258 0.000000 10444.893555 0.000000 0.676292 0.000000 0.736634 0.348050 0.348050 0.348050
5365.485840 0.000000 10444.992188 0.000000 0.993292 0.000000 -0.115633 0.532260 0.532260 0.532260
5364.313965 0.000000 10457.500977 0.000000 0.999795 0.000000 0.020233 0.496224 0.496224 0.496224
5430.735352 0.000000 10454.872070 0.000000 0.999734 0.000000 -0.023044 0.506516 0.506516 0.506516
5431.376465 0.000000 10496.659180 0.000000 0.660574 0.000000 0.750761 0.318731 0.318731 0.318731
5427.315918 0.000000 10433.550781 0.000000 0.582827 0.000000 0.812596 0.318832 0.318832 0.318832
5355.555176 0.000000 10487.397461 0.000000 0.804687 0.000000 -0.593699 0.697572 0.697572 0.697572
5347.781738 0.000000 10456.333984 0.000000 0.695834 0.000000 -0.718202 0.652521 0.652521 0.652521
5364.879395 0.000000 10460.649414 0.000000 0.925799 0.000000 0.378016 0.402011 0.402011 0.402011
5417.478027 0.000000 10430.386719 0.000000 0.744528 0.000000 0.667591 0.327547 0.327547 0.327547
5366.819824 0.000000 10455.200195 0.000000 0.308664 0.000000 -0.951171 0.787928 0.787928 0.787928
5349.003418 0.000000 10447.544922 0.000000 0.729909 0.000000 -0.683545 0.647026 0.647026 0.647026
5410.033203 0.000000 10497.292969 0.000000 0.886938 0.000000 0.461888 0.402310 0.402310 0.402310
5421.645508 0.000000 10433.844727 0.000000 0.464263 0.000000 0.885698 0.273195 0.273195 0.273195
5416.154785 0.000000 10490.138672 0.000000 0.949879 0.000000 0.312617 0.423401 0.423401 0.423401
5433.312500 0.000000 10495.253906 0.000000 0.543128 0.000000 -0.839650 0.702785 0.702785 0.702785
5417.161621 0.000000 10474.273438 0.000000 0.481060 0.000000 -0.876688 0.738176 0.738176 0.738176
5390.513672 0.000000 10482.257812 0.000000 0.845024 0.000000 -0.534728 0.614090 0.614090 0.614090
5343.821289 0.000000 10428.633789 0.000000 0.041101 0.000000 -0.999155 0.907671 0.907671 0.907671
5372.215332 0.000000 10438.458984 0.000000 0.992791 0.000000 -0.119858 0.525121 0.525121 0.525121
5432.741699 0.000000 10454.085938 0.000000 0.761249 0.000000 0.648460 0.276294 0.276294 0.276294
5412.652344 0.000000 10497.946289 0.000000 0.625010 0.000000 -0.780617 0.664349 0.664349 0.664349
5405.027344 0.000000 10443.883789 0.000000 0.894233 0.000000 -0.447601 0.601378 0.601378 0.601378
5357.231934 0.000000 10492.192383 0.000000 0.469071 0.000000 0.883160 0.239194 0.239194 0.239194
5350.451660 0.000000 10449.662109 0.000000 0.792628 0.000000 0.609706 0.377228 0.377228 0.377228
5365.749023 0.000000 10458.086914 0.000000 0.014256 0.000000 0.999898 0.179407 0.179407 0.179407
5416.558105 0.000000 10472.671875 0.000000 0.375913 0.000000 -0.926655 0.717519 0.717519 0.717519
5421.487305 0.000000 10431.263672 0.000000 0.999632 0.000000 0.027117 0.492891 0.492891 0.492891
5432.865723 0.000000 10452.388672 0.000000 0.530935 0.000000 0.847412 0.282284 0.282284 0.282284
5398.994141 0.000000 10485.873047 0.000000 0.586791 0.000000 -0.809738 0.692015 0.692015 0.692015
5374.273438 0.000000 10439.988281 0.000000 0.998030 0.000000 0.062731 0.484446 0.484446 0.484446
5426.016113 0.000000 10431.291992 0.000000 0.557592 0.000000 -0.830115 0.745102 0.745102 0.745102
5414.920410 0.000000 10430.499023 0.000000 0.872140 0.000000 -0.489256 0.598915 0.598915 0.598915
5400.572266 0.000000 10484.664062 0.000000 0.498639 0.000000 -0.866810 0.769685 0.769685 0.769685
5392.830078 0.000000 10483.320312 0.000000 0.998966 0.000000 -0.045465 0.510815 0.510815 0.510815
5429.300293 0.000000 10462.886719 0.000000 0.809374 0.000000 0.587294 0.384034 0.384034 0.384034
5349.045898 0.000000 10449.076172 0.000000 0.982992 0.000000 -0.183649 0.544612 0.544612 0.544612
5359.881348 0.000000 10492.098633 0.000000 0.124758 0.000000 0.992187 0.157117 0.157117 0.157117
5347.581055 0.000000 10462.484375 0.000000 0.766970 0.000000 -0.641683 0.643059 0.643059 0.643059
5357.334473 0.000000 10489.394531 0.000000 0.828417 0.000000 0.560111 0.364562 0.364562 0.364562
5418.782715 0.000000 10442.771484 0.000000 0.079313 0.000000 -0.996850 0.824862 0.824862 0.824862
5430.609375 0.000000 10494.307617 0.000000 0.094175 0.000000 -0.995556 0.918373 0.918373 0.918373
5379.691895 0.000000 10448.968750 0.000000 0.823338 0.000000 -0.567551 0.643140 0.643140 0.643140
5405.531738 0.000000 10442.486328 0.000000 0.124115 0.000000 0.992268 0.184045 0.184045 0.184045
5432.243164 0.000000 10483.374023 0.000000 0.648916 0.000000 0.760860 0.291154 0.291154 0.291154
5351.668457 0.000000 10448.905273 0.000000 0.802749 0.000000 -0.596317 0.619629 0.619629 0.619629
5349.612305 0.000000 10458.513672 0.000000 0.579302 0.000000 0.815113 0.304920 0.304920 0.304920
5404.067383 0.000000 10484.872070 0.000000 0.580413 0.000000 -0.814322 0.693613 0.693613 0.693613
5382.898926 0.000000 10445.166992 0.000000 0.999034 0.000000 0.043948 0.488641 0.488641 0.488641
5425.628418 0.000000 10473.674805 0.000000 0.768384 0.000000 0.639989 0.350892 0.350892 0.350892
5347.782715 0.000000 10459.892578 0.000000 0.343461 0.000000 0.939167 0.195372 0.195372 0.195372
5398.396484 0.000000 10483.216797 0.000000 0.297164 0.000000 -0.954826 0.759009 0.759009 0.759009
5430.145508 0.000000 10452.812500 0.000000 0.433679 0.000000 -0.901067 0.750051 0.750051 0.750051
5343.306641 0.000000 10481.468750 0.000000 0.775779 0.000000 0.631005 0.360209 0.360209 0.360209
5433.681641 0.000000 10494.009766 0.000000 0.950370 0.000000 -0.311121 0.564372 0.564372 0.564372
5372.240234 0.000000 10441.661133 0.000000 0.517364 0.000000 -0.855766 0.739096 0.739096 0.739096
5432.503906 0.000000 10446.885742 0.000000 0.610941 0.000000 -0.791676 0.778247 0.778247 0.778247
5414.901855 0.000000 10431.798828 0.000000 0.972321 0.000000 -0.233650 0.545629 0.545629 0.545629
5416.208984 0.000000 10475.302734 0.000000 0.871808 0.000000 -0.489848 0.614063 0.614063 0.614063
5408.020996 0.000000 10487.122070 0.000000 0.824862 0.000000 -0.565335 0.669128 0.669128 0.669128
5378.273926 0.000000 10451.614258 0.000000 0.195409 0.000000 0.980722 0.227270 0.227270 0.227270
5417.238770 0.000000 10432.051758 0.000000 0.678068 0.000000 -0.734999 0.658721 0.658721 0.658721
5354.392578 0.000000 10488.029297 0.000000 0.275042 0.000000 -0.961432 0.811304 0.811304 0.811304
5409.320801 0.000000 10487.859375 0.000000 0.364900 0.000000 0.931047 0.162985 0.162985 0.162985
5345.738281 0.000000 10429.865234 0.000000 0.941358 0.000000 0.337409 0.432122 0.432122 0.432122
5393.786621 0.000000 10484.833008 0.000000 0.979011 0.000000 0.203810 0.457470 0.457470 0.457470
5400.096191 0.000000 10483.357422 0.000000 0.999988 0.000000 0.004853 0.498985 0.498985 0.498985
5375.779297 0.000000 10440.856445 0.000000 0.736801 0.000000 0.676109 0.343833 0.343833 0.343833
5432.053711 0.000000 10495.605469 0.000000 0.365725 0.000000 -0.930723 0.743427 0.743427 0.743427
5380.669434 0.000000 10444.861328 0.000000 0.122100 0.000000 0.992518 0.185410 0.185410 0.185410
5420.177246 0.000000 10431.004883 0.000000 0.940336 0.000000 -0.340247 0.591009 0.591009 0.591009
5431.501953 0.000000 10463.041992 0.000000 0.970137 0.000000 -0.242559 0.554744 0.554744 0.554744
5381.996094 0.000000 10444.218750 0.000000 0.958663 0.000000 -0.284544 0.562669 0.562669 0.562669
5349.764648 0.000000 10460.915039 0.000000 0.910949 0.000000 0.412520 0.410297 0.410297 0.410297
5365.495605 0.000000 10459.256836 0.000000 0.996680 0.000000 0.081422 0.483211 0.483211 0.483211
5346.214355 0.000000 10458.166016 0.000000 0.736997 0.000000 0.675896 0.314711 0.314711 0.314711
5417.136719 0.000000 10442.113281 0.000000 0.585578 0.000000 -0.810616 0.730075 0.730075 0.730075
5346.332031 0.000000 10463.851562 0.000000 0.363807 0.000000 0.931474 0.253910 0.253910 0.253910
5357.734863 0.000000 10493.247070 0.000000 0.828096 0.000000 -0.560587 0.643368 0.643368 0.643368
5401.529297 0.000000 10485.440430 0.000000 0.908163 0.000000 0.418616 0.388934 0.388934 0.388934
5427.728516 0.000000 10472.333008 0.000000 0.999051 0.000000 0.043545 0.488881 0.488881 0.488881
5425.500977 0.000000 10472.355469 0.000000 0.224020 0.000000 0.974585 0.211254 0.211254 0.211254
5431.570801 0.000000 10497.792969 0.000000 0.690993 0.000000 0.722861 0.327542 0.327542 0.327542
5364.273926 0.000000 10444.345703 0.000000 0.607090 0.000000 -0.794633 0.755652 0.755652 0.755652
5411.586426 0.000000 10497.419922 0.000000 0.092058 0.000000 0.995754 0.199150 0.199150 0.199150
5373.418457 0.000000 10441.650391 0.000000 0.787212 0.000000 0.616682 0.345297 0.345297 0.345297
5343.309570 0.000000 10479.236328 0.000000 0.778236 0.000000 0.627972 0.322447 0.322447 0.322447
5430.315918 0.000000 10463.377930 0.000000 0.235639 0.000000 -0.971841 0.797829 0.797829 0.797829
5424.754395 0.000000 10441.839844 0.000000 0.998748 0.000000 0.050028 0.485849 0.485849 0.485849
5348.650391 0.000000 10462.904297 0.000000 0.580321 0.000000 0.814388 0.289139 0.289139 0.289139
5433.119629 0.000000 10485.816406 0.000000 0.291241 0.000000 0.956650 0.201521 0.201521 0.201521
5429.647949 0.000000 10431.373047 0.000000 0.509446 0.000000 -0.860503 0.741244 0.741244 0.741244
5355.107422 0.000000 10486.080078 0.000000 0.918474 0.000000 0.395481 0.373623 0.373623 0.373623
5374.894043 0.000000 10438.789062 0.000000 0.934915 0.000000 -0.354873 0.589890 0.589890 0.589890
5404.964844 0.000000 10483.539062 0.000000 0.230538 0.000000 -0.973063 0.866652 0.866652 0.866652
5372.997559 0.000000 10439.392578 0.000000 0.988023 0.000000 -0.154307 0.532393 0.532393 0.532393
5399.304199 0.000000 10482.519531 0.000000 0.170091 0.000000 -0.985428 0.785704 0.785704 0.785704
5418.064941 0.000000 10474.900391 0.000000 0.989751 0.000000 0.142806 0.469145 0.469145 0.469145
5348.548340 0.000000 10458.891602 0.000000 0.120380 0.000000 0.992728 0.203135 0.203135 0.203135
5425.558105 0.000000 10440.625000 0.000000 0.980080 0.000000 0.198604 0.443472 0.443472 0.443472
5431.250488 0.000000 10465.356445 0.000000 0.840599 0.000000 0.541658 0.380675 0.380675 0.380675
5346.042969 0.000000 10461.603516 0.000000 0.882430 0.000000 0.470443 0.380472 0.380472 0.380472
5401.365234 0.000000 10482.549805 0.000000 0.474741 0.000000 -0.880125 0.725003 0.725003 0.725003
5427.953613 0.000000 10430.458984 0.000000 0.871261 0.000000 -0.490821 0.628401 0.628401 0.628401
5414.903320 0.000000 10491.760742 0.000000 0.720675 0.000000 -0.693273 0.678332 0.678332 0.678332
5427.083984 0.000000 10473.700195 0.000000 0.995244 0.000000 0.097418 0.475093 0.475093 0.475093
5431.782715 0.000000 10454.600586 0.000000 0.897754 0.000000 0.440497 0.371030 0.371030 0.371030
5420.686523 0.000000 10433.339844 0.000000 0.792697 0.000000 -0.609616 0.636662 0.636662 0.636662
5358.492676 0.000000 10492.417969 0.000000 0.013967 0.000000 -0.999902 0.869236 0.869236 0.869236
5364.890625 0.000000 10445.901367 0.000000 0.537700 0.000000 -0.843137 0.779225 0.779225 0.779225
5431.073242 0.000000 10495.247070 0.000000 0.972945 0.000000 0.231035 0.433937 0.433937 0.433937
5430.667480 0.000000 10453.758789 0.000000 0.507598 0.000000 -0.861594 0.731373 0.731373 0.731373
5393.152832 0.000000 10482.313477 0.000000 0.356492 0.000000 0.934298 0.213150 0.213150 0.213150
5417.305176 0.000000 10441.029297 0.000000 0.566458 0.000000 -0.824090 0.764787 0.764787 0.764787
5405.872559 0.000000 10444.558594 0.000000 0.196318 0.000000 -0.980540 0.812828 0.812828 0.812828
5346.169922 0.000000 10460.354492 0.000000 0.362650 0.000000 0.931925 0.207231 0.207231 0.207231
5426.816895 0.000000 10430.631836 0.000000 0.404632 0.000000 0.914480 0.211123 0.211123 0.211123
5416.184570 0.000000 10442.719727 0.000000 0.516044 0.000000 -0.856562 0.750368 0.750368 0.750368
5421.382324 0.000000 10432.562500 0.000000 0.928676 0.000000 0.370893 0.420791 0.420791 0.420791
5428.567871 0.000000 10431.375977 0.000000 0.003785 0.000000 0.999993 0.135195 0.135195 0.135195
5343.473633 0.000000 10498.801758 0.000000 0.661137 0.000000 -0.750265 0.756835 0.756835 0.756835
5366.369629 0.000000 10457.274414 0.000000 0.976278 0.000000 0.216522 0.437612 0.437612 0.437612
5348.548340 0.000000 10460.669922 0.000000 0.430745 0.000000 -0.902474 0.737429 0.737429 0.737429
5430.851562 0.000000 10452.056641 0.000000 0.612237 0.000000 -0.790674 0.703189 0.703189 0.703189
5433.068848 0.000000 10455.073242 0.000000 0.785710 0.000000 0.618595 0.288535 0.288535 0.288535
5348.437500 0.000000 10449.875000 0.000000 0.537249 0.000000 0.843424 0.257584 0.257584 0.257584
5354.906250 0.000000 10489.739258 0.000000 0.975633 0.000000 0.219411 0.446707 0.446707 0.446707
5418.213867 0.000000 10443.611328 0.000000 0.684835 0.000000 0.728698 0.322165 0.322165 0.322165
5415.477539 0.000000 10490.942383 0.000000 0.933117 0.000000 0.359572 0.414373 0.414373 0.414373
5366.715820 0.000000 10456.306641 0.000000 0.282457 0.000000 -0.959280 0.867164 0.867164 0.867164
5415.100586 0.000000 10490.021484 0.000000 0.935172 0.000000 0.354194 0.415713 0.415713 0.415713
5405.904785 0.000000 10483.761719 0.000000 0.548532 0.000000 -0.836130 0.771308 0.771308 0.771308
5416.544922 0.000000 10491.009766 0.000000 0.763123 0.000000 -0.646253 0.669284 0.669284 0.669284
5416.491211 0.000000 10443.926758 0.000000 0.938593 0.000000 -0.345026 0.585746 0.585746 0.585746
5356.089844 0.000000 10488.209961 0.000000 0.846153 0.000000 -0.532940 0.628046 0.628046 0.628046
5357.598633 0.000000 10491.204102 0.000000 0.279201 0.000000 0.960233 0.105341 0.105341 0.105341
5433.678223 0.000000 10454.195312 0.000000 0.928876 0.000000 0.370392 0.379697 0.379697 0.379697
5365.190918 0.000000 10461.572266 0.000000 0.030255 0.000000 -0.999542 0.889410 0.889410 0.889410
5401.993164 0.000000 10484.627930 0.000000 0.472256 0.000000 0.881461 0.222555 0.222555 0.222555
5433.113770 0.000000 10483.779297 0.000000 0.304113 0.000000 0.952636 0.195226 0.195226 0.195226
5404.327148 0.000000 10482.563477 0.000000 0.624230 0.000000 0.781241 0.254321 0.254321 0.254321
5410.402832 0.000000 10499.107422 0.000000 0.142056 0.000000 -0.989859 0.811109 0.811109 0.811109
5405.160156 0.000000 10445.259766 0.000000 0.879512 0.000000 -0.475877 0.612985 0.612985 0.612985
5347.306641 0.000000 10458.876953 0.000000 0.253838 0.000000 0.967247 0.171916 0.171916 0.171916
5409.221680 0.000000 10486.948242 0.000000 0.581970 0.000000 0.813210 0.232688 0.232688 0.232688
5349.958496 0.000000 10448.889648 0.000000 0.836740 0.000000 0.547600 0.360029 0.360029 0.360029
5421.737793 0.000000 10430.322266 0.000000 0.978941 0.000000 0.204142 0.446108 0.446108 0.446108
5349.431152 0.000000 10462.302734 0.000000 0.960018 0.000000 -0.279938 0.562866 0.562866 0.562866
5354.870117 0.000000 10488.810547 0.000000 0.955166 0.000000 0.296070 0.427586 0.427586 0.427586
5373.792969 0.000000 10440.792969 0.000000 0.710545 0.000000 0.703652 0.318291 0.318291 0.318291
5431.948242 0.000000 10452.271484 0.000000 0.881421 0.000000 0.472332 0.390389 0.390389 0.390389
5430.145020 0.000000 10455.548828 0.000000 0.604815 0.000000 0.796366 0.239528 0.239528 0.239528
5366.760742 0.000000 10454.298828 0.000000 0.989332 0.000000 -0.145679 0.533488 0.533488 0.533488
5347.821289 0.000000 10461.557617 0.000000 0.572732 0.000000 -0.819742 0.734511 0.734511 0.734511
5356.460938 0.000000 10492.713867 0.000000 0.835366 0.000000 0.549694 0.359787 0.359787 0.359787
5433.775391 0.000000 10482.454102 0.000000 0.477757 0.000000 -0.878492 0.759100 0.759100 0.759100
5372.623047 0.000000 10443.609375 0.000000 0.962568 0.000000 0.271041 0.425138 0.425138 0.425138
5349.579590 0.000000 10449.795898 0.000000 0.062440 0.000000 -0.998049 0.864320 0.864320 0.864320
5346.891602 0.000000 10461.890625 0.000000 0.247452 0.000000 -0.968900 0.822312 0.822312 0.822312
5343.321289 0.000000 10429.571289 0.000000 0.999949 0.000000 -0.010083 0.502687 0.502687 0.502687
5417.013672 0.000000 10431.158203 0.000000 0.999989 0.000000 -0.004746 0.501120 0.501120 0.501120
5417.971680 0.000000 10442.456055 0.000000 0.762906 0.000000 -0.646510 0.671120 0.671120 0.671120
5366.039062 0.000000 10455.564453 0.000000 0.504342 0.000000 0.863504 0.261281 0.261281 0.261281
5393.710938 0.000000 10482.994141 0.000000 0.602195 0.000000 -0.798349 0.719854 0.719854 0.719854
5356.482422 0.000000 10489.637695 0.000000 0.914887 0.000000 0.403711 0.405329 0.405329 0.405329
5379.289551 0.000000 10448.174805 0.000000 0.845607 0.000000 0.533807 0.366449 0.366449 0.366449
5348.577148 0.000000 10448.347656 0.000000 0.519696 0.000000 -0.854351 0.747411 0.747411 0.747411
5364.301758 0.000000 10461.286133 0.000000 0.308421 0.000000 0.951250 0.182195 0.182195 0.182195
5356.656250 0.000000 10491.554688 0.000000 0.678116 0.000000 0.734955 0.246994 0.246994 0.246994
5355.825195 0.000000 10486.561523 0.000000 0.414147 0.000000 0.910210 0.144487 0.144487 0.144487
5359.755859 0.000000 10493.879883 0.000000 0.984694 0.000000 -0.174291 0.541549 0.541549 0.541549
5354.695801 0.000000 10487.211914 0.000000 0.886818 0.000000 -0.462119 0.649313 0.649313 0.649313
5372.060547 0.000000 10440.502930 0.000000 0.764583 0.000000 0.644525 0.336944 0.336944 0.336944
5433.009766 0.000000 10482.957031 0.000000 0.819466 0.000000 -0.573128 0.647417 0.647417 0.647417
5432.036621 0.000000 10485.036133 0.000000 0.999633 0.000000 -0.027096 0.506343 0.506343 0.506343
5346.960938 0.000000 10460.032227 0.000000 0.994176 0.000000 -0.107772 0.526352 0.526352 0.526352
5364.642090 0.000000 10445.107422 0.000000 0.922140 0.000000 0.386857 0.389428 0.389428 0.389428
5417.822266 0.000000 10431.222656 0.000000 0.976178 0.000000 -0.216971 0.551599 0.551599 0.551599
5432.219238 0.000000 10482.558594 0.000000 0.829575 0.000000 0.558395 0.356899 0.356899 0.356899
5431.424805 0.000000 10455.368164 0.000000 0.814775 0.000000 0.579777 0.325142 0.325142 0.325142
5383.478516 0.000000 10444.547852 0.000000 0.314874 0.000000 -0.949133 0.823113 0.823113 0.823113
5417.581543 0.000000 10490.150391 0.000000 0.100848 0.000000 -0.994902 0.854094 0.854094 0.854094
5416.491211 0.000000 10441.042969 0.000000 0.691908 0.000000 0.721986 0.279479 0.279479 0.279479
5523.868652 0.000000 10444.346680 0.000000 0.140613 0.000000 0.990065 0.247468 0.247468 0.247468
5479.190430 0.000000 10427.818359 0.000000 0.670702 0.000000 0.741727 0.322671 0.322671 0.322671
5529.284180 0.000000 10448.533203 0.000000 0.811680 0.000000 0.584102 0.377754 0.377754 0.377754
5513.369629 0.000000 10479.366211 0.000000 0.809298 0.000000 -0.587398 0.601883 0.601883 0.601883
5454.933594 0.000000 10471.443359 0.000000 0.942595 0.000000 0.333939 0.398847 0.398847 0.398847
5441.757812 0.000000 10413.833984 0.000000 0.960530 0.000000 -0.278176 0.576886 0.576886 0.576886
5444.734863 0.000000 10466.426758 0.000000 0.072754 0.000000 0.997350 0.138177 0.138177 0.138177
5477.170898 0.000000 10423.440430 0.000000 0.165966 0.000000 -0.986131 0.755011 0.755011 0.755011
5437.071289 0.000000 10415.440430 0.000000 0.452113 0.000000 0.891961 0.282034 0.282034 0.282034
5455.410645 0.000000 10418.574219 0.000000 0.298905 0.000000 0.954283 0.273792 0.273792 0.273792
5444.269043 0.000000 10470.846680 0.000000 0.993828 0.000000 -0.110934 0.526295 0.526295 0.526295
5529.470703 0.000000 10491.025391 0.000000 0.012443 0.000000 -0.999923 0.777198 0.777198 0.777198
5469.916992 0.000000 10417.272461 0.000000 0.642495 0.000000 -0.766290 0.700523 0.700523 0.700523
5478.800293 0.000000 10485.870117 0.000000 0.060837 0.000000 0.998148 0.250264 0.250264 0.250264
5465.416504 0.000000 10472.095703 0.000000 0.387498 0.000000 0.921871 0.260623 0.260623 0.260623
5523.133789 0.000000 10456.117188 0.000000 0.791768 0.000000 0.610822 0.374914 0.374914 0.374914
5441.534668 0.000000 10480.061523 0.000000 0.882059 0.000000 -0.471138 0.609310 0.609310 0.609310
5521.034668 0.000000 10459.816406 0.000000 0.345400 0.000000 0.938455 0.172319 0.172319 0.172319
5441.336914 0.000000 10410.355469 0.000000 0.999210 0.000000 0.039748 0.492556 0.492556 0.492556
5450.900879 0.000000 10482.357422 0.000000 0.902222 0.000000 -0.431271 0.584326 0.584326 0.584326
5463.334473 0.000000 10474.562500 0.000000 0.874039 0.000000 -0.485856 0.595629 0.595629 0.595629
5463.767090 0.000000 10428.205078 0.000000 0.653320 0.000000 -0.757082 0.668850 0.668850 0.668850
5480.457520 0.000000 10424.626953 0.000000 0.814642 0.000000 0.579965 0.384543 0.384543 0.384543
5523.953125 0.000000 10458.994141 0.000000 0.287798 0.000000 -0.957691 0.754623 0.754623 0.754623
5438.889160 0.000000 10412.962891 0.000000 0.533863 0.000000 0.845571 0.314474 0.314474 0.314474
5468.052246 0.000000 10433.586914 0.000000 0.575339 0.000000 -0.817915 0.711018 0.711018 0.711018
5481.760742 0.000000 10484.662109 0.000000 0.882196 0.000000 -0.470883 0.582622 0.582622 0.582622
5525.958496 0.000000 10455.593750 0.000000 0.899639 0.000000 -0.436633 0.589118 0.589118 0.589118
5521.288574 0.000000 10446.072266 0.000000 0.905573 0.000000 -0.424191 0.607726 0.607726 0.607726
5455.943848 0.000000 10421.250977 0.000000 0.471979 0.000000 0.881610 0.311390 0.311390 0.311390
5442.772461 0.000000 10468.370117 0.000000 0.088061 0.000000 0.996115 0.227019 0.227019 0.227019
5461.855957 0.000000 10426.215820 0.000000 0.897047 0.000000 -0.441935 0.599710 0.599710 0.599710
5445.823730 0.000000 10468.817383 0.000000 0.787428 0.000000 -0.616407 0.676177 0.676177 0.676177
5461.063477 0.000000 10428.629883 0.000000 0.688349 0.000000 -0.725379 0.646390 0.646390 0.646390
5522.347656 0.000000 10481.324219 0.000000 0.164935 0.000000 0.986304 0.220244 0.220244 0.220244
5522.072266 0.000000 10483.946289 0.000000 0.606796 0.000000 -0.794857 0.740845 0.740845 0.740845
5529.786621 0.000000 10451.752930 0.000000 0.927486 0.000000 -0.373857 0.607377 0.607377 0.607377
5468.764648 0.000000 10431.305664 0.000000 0.899010 0.000000 0.437928 0.397867 0.397867 0.397867
5469.637695 0.000000 10414.845703 0.000000 0.058214 0.000000 0.998304 0.112000 0.112000 0.112000
5515.678711 0.000000 10479.735352 0.000000 0.335224 0.000000 -0.942138 0.758491 0.758491 0.758491
5439.545410 0.000000 10478.979492 0.000000 0.530237 0.000000 0.847850 0.318738 0.318738 0.318738
5480.843750 0.000000 10486.614258 0.000000 0.885366 0.000000 -0.464894 0.624635 0.624635 0.624635
5465.423828 0.000000 10474.217773 0.000000 0.992159 0.000000 0.124982 0.477632 0.477632 0.477632
5453.041016 0.000000 10482.050781 0.000000 0.548867 0.000000 -0.835910 0.676063 0.676063 0.676063
5463.177246 0.000000 10472.426758 0.000000 0.161401 0.000000 0.986889 0.180846 0.180846 0.180846
5439.667969 0.000000 10481.337891 0.000000 0.274378 0.000000 0.961622 0.268415 0.268415 0.268415
5442.937012 0.000000 10465.177734 0.000000 0.959586 0.000000 0.281415 0.433589 0.433589 0.433589
5466.780273 0.000000 10431.770508 0.000000 0.614621 0.000000 -0.788822 0.659971 0.659971 0.659971
5529.785156 0.000000 10493.023438 0.000000 0.644635 0.000000 0.764491 0.245803 0.245803 0.245803
5523.728027 0.000000 10446.378906 0.000000 0.665733 0.000000 0.746190 0.336500 0.336500 0.336500
5519.207031 0.000000 10471.075195 0.000000 0.207780 0.000000 -0.978176 0.843302 0.843302 0.843302
5530.431152 0.000000 10486.663086 0.000000 0.966727 0.000000 0.255809 0.453663 0.453663 0.453663
5457.133301 0.000000 10419.663086 0.000000 0.387683 0.000000 0.921793 0.231388 0.231388 0.231388
5478.612305 0.000000 10425.162109 0.000000 0.820355 0.000000 0.571854 0.325602 0.325602 0.325602
5479.251953 0.000000 10423.158203 0.000000 0.431335 0.000000 -0.902192 0.707805 0.707805 0.707805
5521.956055 0.000000 10444.328125 0.000000 0.463747 0.000000 -0.885968 0.745271 0.745271 0.745271
5480.715820 0.000000 10426.647461 0.000000 0.999925 0.000000 0.012262 0.496602 0.496602 0.496602
5440.911133 0.000000 10412.110352 0.000000 0.964917 0.000000 0.262556 0.427539 0.427539 0.427539
5520.050781 0.000000 10444.416016 0.000000 0.993636 0.000000 -0.112639 0.525433 0.525433 0.525433
5444.711426 0.000000 10464.609375 0.000000 0.996996 0.000000 0.077459 0.481998 0.481998 0.481998
5528.674316 0.000000 10450.221680 0.000000 0.082445 0.000000 -0.996596 0.917066 0.917066 0.917066
5515.535645 0.000000 10478.028320 0.000000 0.984508 0.000000 0.175342 0.462928 0.462928 0.462928
5530.136719 0.000000 10489.439453 0.000000 0.688031 0.000000 0.725681 0.297781 0.297781 0.297781
5479.197754 0.000000 10487.490234 0.000000 0.190886 0.000000 -0.981612 0.799460 0.799460 0.799460
5524.477539 0.000000 10454.872070 0.000000 0.999960 0.000000 -0.008988 0.501773 0.501773 0.501773
5441.170898 0.000000 10478.222656 0.000000 0.720455 0.000000 0.693502 0.324942 0.324942 0.324942
5450.567383 0.000000 10483.955078 0.000000 0.967777 0.000000 -0.251810 0.548139 0.548139 0.548139
5462.648926 0.000000 10429.375000 0.000000 0.855041 0.000000 0.518560 0.392819 0.392819 0.392819
5528.016113 0.000000 10451.710938 0.000000 0.310696 0.000000 0.950509 0.148338 0.148338 0.148338
5522.971191 0.000000 10457.691406 0.000000 0.445892 0.000000 -0.895087 0.711040 0.711040 0.711040
5462.163086 0.000000 10475.634766 0.000000 0.055062 0.000000 0.998483 0.214305 0.214305 0.214305
5444.176270 0.000000 10469.161133 0.000000 0.988011 0.000000 0.154386 0.458883 0.458883 0.458883
5451.999023 0.000000 10480.891602 0.000000 0.963602 0.000000 0.267339 0.438685 0.438685 0.438685
5438.507324 0.000000 10414.865234 0.000000 0.377007 0.000000 -0.926210 0.800084 0.800084 0.800084
5462.290527 0.000000 10427.690430 0.000000 0.456155 0.000000 0.889900 0.244586 0.244586 0.244586
5476.627930 0.000000 10424.906250 0.000000 0.440603 0.000000 -0.897702 0.735119 0.735119 0.735119
5469.536133 0.000000 10433.466797 0.000000 0.920381 0.000000 -0.391022 0.588512 0.588512 0.588512
5442.968262 0.000000 10466.896484 0.000000 0.988764 0.000000 -0.149488 0.527440 0.527440 0.527440
5522.470215 0.000000 10459.323242 0.000000 0.361503 0.000000 0.932371 0.260898 0.260898 0.260898
5520.121582 0.000000 10458.427734 0.000000 0.966161 0.000000 -0.257940 0.570180 0.570180 0.570180
5521.471191 0.000000 10447.612305 0.000000 0.817568 0.000000 -0.575833 0.650896 0.650896 0.650896
5468.530762 0.000000 10416.620117 0.000000 0.999715 0.000000 -0.023867 0.505482 0.505482 0.505482
5445.555176 0.000000 10471.609375 0.000000 0.749638 0.000000 -0.661848 0.671091 0.671091 0.671091
5445.969727 0.000000 10467.285156 0.000000 0.594463 0.000000 -0.804123 0.725647 0.725647 0.725647
5522.961426 0.000000 10482.693359 0.000000 0.226701 0.000000 -0.973964 0.851817 0.851817 0.851817
5471.318848 0.000000 10417.005859 0.000000 0.764836 0.000000 0.644225 0.306889 0.306889 0.306889
5464.269043 0.000000 10473.355469 0.000000 0.592559 0.000000 0.805527 0.308854 0.308854 0.308854
5457.356934 0.000000 10421.097656 0.000000 0.014760 0.000000 0.999891 0.090162 0.090162 0.090162
5444.081543 0.000000 10467.747070 0.000000 0.314191 0.000000 -0.949360 0.802214 0.802214 0.802214
5445.752441 0.000000 10470.205078 0.000000 0.476118 0.000000 0.879381 0.245815 0.245815 0.245815
5523.353027 0.000000 10480.194336 0.000000 0.871488 0.000000 0.490418 0.397948 0.397948 0.397948
5460.600586 0.000000 10427.321289 0.000000 0.806408 0.000000 -0.591359 0.637827 0.637827 0.637827
5480.545898 0.000000 10487.974609 0.000000 0.999317 0.000000 -0.036951 0.509527 0.509527 0.509527
5520.665527 0.000000 10471.384766 0.000000 0.953397 0.000000 0.301719 0.431134 0.431134 0.431134
5514.456543 0.000000 10480.336914 0.000000 0.857994 0.000000 -0.513659 0.639725 0.639725 0.639725
5478.979492 0.000000 10426.457031 0.000000 0.989528 0.000000 -0.144343 0.530738 0.530738 0.530738
5522.023926 0.000000 10480.016602 0.000000 0.453136 0.000000 -0.891441 0.719112 0.719112 0.719112
5440.241211 0.000000 10480.075195 0.000000 0.112615 0.000000 0.993639 0.175146 0.175146 0.175146
5523.992188 0.000000 10447.630859 0.000000 0.466175 0.000000 0.884693 0.289232 0.289232 0.289232
5528.564941 0.000000 10493.335938 0.000000 0.436679 0.000000 0.899618 0.173176 0.173176 0.173176
5481.930664 0.000000 10427.898438 0.000000 0.954160 0.000000 0.299297 0.415769 0.415769 0.415769
5453.693848 0.000000 10480.946289 0.000000 0.148672 0.000000 -0.988887 0.786583 0.786583 0.786583
5440.614746 0.000000 10413.338867 0.000000 0.850402 0.000000 0.526133 0.348885 0.348885 0.348885
5440.892090 0.000000 10481.138672 0.000000 0.952194 0.000000 0.305493 0.430825 0.430825 0.430825
5522.605957 0.000000 10446.930664 0.000000 0.828645 0.000000 -0.559774 0.615321 0.615321 0.615321
5520.093750 0.000000 10445.836914 0.000000 0.003556 0.000000 -0.999994 0.853120 0.853120 0.853120
5481.732422 0.000000 10487.585938 0.000000 0.933436 0.000000 0.358744 0.405419 0.405419 0.405419
5514.594238 0.000000 10479.086914 0.000000 0.859882 0.000000 -0.510493 0.612688 0.612688 0.612688
5468.416504 0.000000 10414.805664 0.000000 0.665601 0.000000 0.746307 0.283882 0.283882 0.283882
5469.624023 0.000000 10432.176758 0.000000 0.876558 0.000000 0.481295 0.389370 0.389370 0.389370
5528.912598 0.000000 10492.125000 0.000000 0.967761 0.000000 -0.251871 0.574372 0.574372 0.574372
5469.610840 0.000000 10430.105469 0.000000 0.748208 0.000000 0.663464 0.336549 0.336549 0.336549
5478.216309 0.000000 10424.025391 0.000000 0.868328 0.000000 -0.495991 0.648675 0.648675 0.648675
5442.640137 0.000000 10464.004883 0.000000 0.973582 0.000000 -0.228337 0.553631 0.553631 0.553631
5468.751953 0.000000 10417.810547 0.000000 0.978806 0.000000 0.204791 0.452628 0.452628 0.452628
5515.310059 0.000000 10481.218750 0.000000 0.023057 0.000000 -0.999734 0.900890 0.900890 0.900890
5479.966797 0.000000 10425.718750 0.000000 0.898221 0.000000 -0.439545 0.630374 0.630374 0.630374
5450.838867 0.000000 10481.163086 0.000000 0.874867 0.000000 -0.484364 0.614558 0.614558 0.614558
5455.245605 0.000000 10470.197266 0.000000 0.044580 0.000000 0.999006 0.046582 0.046582 0.046582
5518.107910 0.000000 10470.300781 0.000000 0.807511 0.000000 -0.589852 0.659076 0.659076 0.659076
5529.770020 0.000000 10450.571289 0.000000 0.772638 0.000000 0.634847 0.307250 0.307250 0.307250
5462.879883 0.000000 10473.522461 0.000000 0.999983 0.000000 -0.005784 0.501310 0.501310 0.501310
5521.479492 0.000000 10458.784180 0.000000 0.759154 0.000000 0.650912 0.309335 0.309335 0.309335
5463.231934 0.000000 10427.019531 0.000000 0.893382 0.000000 0.449298 0.391519 0.391519 0.391519
5479.392090 0.000000 10424.281250 0.000000 0.617760 0.000000 -0.786366 0.759236 0.759236 0.759236
5439.298828 0.000000 10415.657227 0.000000 0.125798 0.000000 -0.992056 0.866077 0.866077 0.866077
5464.280273 0.000000 10472.172852 0.000000 0.065864 0.000000 0.997829 0.192864 0.192864 0.192864
5443.687012 0.000000 10465.987305 0.000000 0.357119 0.000000 -0.934059 0.780671 0.780671 0.780671
5521.140625 0.000000 10470.333008 0.000000 0.985161 0.000000 -0.171633 0.538756 0.538756 0.538756
5520.965332 0.000000 10445.044922 0.000000 0.520760 0.000000 0.853703 0.269492 0.269492 0.269492
5522.914551 0.000000 10455.030273 0.000000 0.268772 0.000000 0.963204 0.164431 0.164431 0.164431
5469.379883 0.000000 10415.914062 0.000000 0.770654 0.000000 -0.637253 0.677237 0.677237 0.677237
5457.766602 0.000000 10418.693359 0.000000 0.029233 0.000000 0.999573 0.146893 0.146893 0.146893
5456.244141 0.000000 10420.241211 0.000000 0.141771 0.000000 -0.989899 0.876259 0.876259 0.876259
5462.150879 0.000000 10472.124023 0.000000 0.775345 0.000000 -0.631538 0.654863 0.654863 0.654863
5520.393555 0.000000 10447.711914 0.000000 0.881382 0.000000 -0.472403 0.620992 0.620992 0.620992
5469.890625 0.000000 10431.156250 0.000000 0.981483 0.000000 -0.191550 0.543427 0.543427 0.543427
5451.894043 0.000000 10481.965820 0.000000 0.863604 0.000000 -0.504171 0.619720 0.619720 0.619720
5454.054199 0.000000 10470.810547 0.000000 0.779169 0.000000 0.626813 0.298735 0.298735 0.298735
5443.697754 0.000000 10464.294922 0.000000 0.750627 0.000000 -0.660727 0.668034 0.668034 0.668034
5440.935059 0.000000 10479.214844 0.000000 0.135596 0.000000 -0.990764 0.827753 0.827753 0.827753
5439.095215 0.000000 10414.004883 0.000000 0.698396 0.000000 0.715712 0.297878 0.297878 0.297878
5456.509277 0.000000 10418.736328 0.000000 0.998154 0.000000 0.060735 0.486080 0.486080 0.486080
5445.135254 0.000000 10467.999023 0.000000 0.892984 0.000000 0.450088 0.387233 0.387233 0.387233
5529.349609 0.000000 10493.997070 0.000000 0.921231 0.000000 0.389015 0.383289 0.383289 0.383289
5445.270996 0.000000 10465.464844 0.000000 0.766938 0.000000 0.641721 0.338231 0.338231 0.338231
5469.066895 0.000000 10414.011719 0.000000 0.829962 0.000000 -0.557820 0.651798 0.651798 0.651798
5477.625977 0.000000 10425.358398 0.000000 0.396744 0.000000 0.917929 0.254691 0.254691 0.254691
5520.517578 0.000000 10446.746094 0.000000 0.982496 0.000000 -0.186283 0.546078 0.546078 0.546078
5480.172363 0.000000 10427.510742 0.000000 0.873134 0.000000 0.487481 0.358891 0.358891 0.358891
5528.920410 0.000000 10451.181641 0.000000 0.983581 0.000000 0.180470 0.449147 0.449147 0.449147
5445.072754 0.000000 10469.504883 0.000000 0.165707 0.000000 -0.986175 0.872508 0.872508 0.872508
5468.818848 0.000000 10432.829102 0.000000 0.307837 0.000000 0.951439 0.222864 0.222864 0.222864
5445.778320 0.000000 10464.636719 0.000000 0.974014 0.000000 0.226487 0.446954 0.446954 0.446954
5520.122559 0.000000 10470.575195 0.000000 0.527038 0.000000 -0.849842 0.728213 0.728213 0.728213
5481.648926 0.000000 10426.888672 0.000000 0.771551 0.000000 0.636168 0.308922 0.308922 0.308922
5518.523926 0.000000 10471.752930 0.000000 0.801395 0.000000 -0.598135 0.661672 0.661672 0.661672
5480.062500 0.000000 10487.115234 0.000000 0.419263 0.000000 0.907865 0.206617 0.206617 0.206617
5445.682129 0.000000 10466.393555 0.000000 0.590385 0.000000 -0.807122 0.726870 0.726870 0.726870
5441.432617 0.000000 10412.932617 0.000000 0.716895 0.000000 -0.697181 0.710413 0.710413 0.710413
5468.508301 0.000000 10415.698242 0.000000 0.325932 0.000000 -0.945393 0.817777 0.817777 0.817777
5523.887207 0.000000 10455.548828 0.000000 0.643987 0.000000 0.765036 0.274915 0.274915 0.274915
5523.481934 0.000000 10483.450195 0.000000 0.729717 0.000000 0.683750 0.302640 0.302640 0.302640
5514.861816 0.000000 10481.977539 0.000000 0.807111 0.000000 0.590400 0.336417 0.336417 0.336417
5450.153320 0.000000 10481.730469 0.000000 0.526409 0.000000 0.850231 0.269717 0.269717 0.269717
5440.353516 0.000000 10478.524414 0.000000 0.213994 0.000000 -0.976835 0.809559 0.809559 0.809559
5481.084473 0.000000 10427.659180 0.000000 0.289888 0.000000 -0.957061 0.853791 0.853791 0.853791
5443.910645 0.000000 10465.131836 0.000000 0.357612 0.000000 0.933870 0.219452 0.219452 0.219452
5521.773926 0.000000 10446.775391 0.000000 0.412774 0.000000 0.910833 0.218360 0.218360 0.218360
5519.856445 0.000000 10471.700195 0.000000 0.719277 0.000000 0.694724 0.306339 0.306339 0.306339
5523.677734 0.000000 10454.598633 0.000000 0.964793 0.000000 0.263009 0.431231 0.431231 0.431231
5528.045410 0.000000 10492.069336 0.000000 0.095823 0.000000 0.995398 0.069209 0.069209 0.069209
5520.629883 0.000000 10459.087891 0.000000 0.941225 0.000000 0.337780 0.407313 0.407313 0.407313
5444.096191 0.000000 10469.994141 0.000000 0.513356 0.000000 0.858176 0.226332 0.226332 0.226332
5471.532227 0.000000 10417.843750 0.000000 0.293928 0.000000 0.955827 0.148968 0.148968 0.148968
5522.184082 0.000000 10483.107422 0.000000 0.949528 0.000000 0.313681 0.416360 0.416360 0.416360
5445.115723 0.000000 10467.171875 0.000000 0.816887 0.000000 -0.576798 0.648500 0.648500 0.648500
5444.926758 0.000000 10470.360352 0.000000 0.992436 0.000000 0.122762 0.470887 0.470887 0.470887
5470.687012 0.000000 10417.531250 0.000000 0.999842 0.000000 0.017802 0.495089 0.495089 0.495089
5439.320312 0.000000 10414.839844 0.000000 0.849255 0.000000 0.527983 0.359053 0.359053 0.359053
5532.157715 0.000000 10487.621094 0.000000 0.638129 0.000000 0.769929 0.352467 0.352467 0.352467
5534.477539 0.000000 10471.984375 0.000000 0.441933 0.000000 0.897048 0.293677 0.293677 0.293677
5543.655273 0.000000 10497.857422 0.000000 0.246419 0.000000 0.969163 0.111429 0.111429 0.111429
5541.124023 0.000000 10498.080078 0.000000 0.163063 0.000000 0.986616 0.261140 0.261140 0.261140
5533.888184 0.000000 10489.108398 0.000000 0.799688 0.000000 -0.600415 0.628626 0.628626 0.628626
5535.833984 0.000000 10470.380859 0.000000 0.750880 0.000000 0.660438 0.366275 0.366275 0.366275
5532.529785 0.000000 10471.319336 0.000000 0.538664 0.000000 -0.842521 0.728253 0.728253 0.728253
5530.826172 0.000000 10489.030273 0.000000 0.832979 0.000000 0.553304 0.353987 0.353987 0.353987
5533.929688 0.000000 10470.210938 0.000000 0.136397 0.000000 -0.990654 0.826674 0.826674 0.826674
5530.951172 0.000000 10486.364258 0.000000 0.625069 0.000000 -0.780569 0.660422 0.660422 0.660422
5535.172852 0.000000 10473.501953 0.000000 0.677956 0.000000 -0.735102 0.657204 0.657204 0.657204
5542.374512 0.000000 10496.843750 0.000000 0.588552 0.000000 -0.808459 0.776780 0.776780 0.776780
5532.729980 0.000000 10472.862305 0.000000 0.262535 0.000000 -0.964922 0.821763 0.821763 0.821763
5532.388672 0.000000 10489.236328 0.000000 0.909378 0.000000 0.415971 0.414316 0.414316 0.414316
5542.416992 0.000000 10498.135742 0.000000 0.930994 0.000000 -0.365034 0.610547 0.610547 0.610547
5533.237305 0.000000 10488.128906 0.000000 0.876527 0.000000 0.481353 0.399699 0.399699 0.399699
5532.050293 0.000000 10470.295898 0.000000 0.252551 0.000000 0.967584 0.200320 0.200320 0.200320
5532.628906 0.000000 10473.938477 0.000000 0.171580 0.000000 -0.985170 0.844744 0.844744 0.844744
5533.601074 0.000000 10471.289062 0.000000 0.978862 0.000000 0.204520 0.453077 0.453077 0.453077
5543.255859 0.000000 10498.863281 0.000000 0.544817 0.000000 0.838555 0.205749 0.205749 0.205749
5543.495117 0.000000 10496.867188 0.000000 0.958719 0.000000 -0.284357 0.584762 0.584762 0.584762
5531.699219 0.000000 10488.457031 0.000000 0.296571 0.000000 -0.955011 0.816193 0.816193 0.816193
5533.017090 0.000000 10470.503906 0.000000 0.956045 0.000000 0.293219 0.432206 0.432206 0.432206
5542.964355 0.000000 10496.054688 0.000000 0.620030 0.000000 0.784578 0.234836 0.234836 0.234836
5533.422852 0.000000 10472.242188 0.000000 0.980784 0.000000 0.195096 0.451592 0.451592 0.451592
5533.319824 0.000000 10473.469727 0.000000 0.751921 0.000000 0.659253 0.322539 0.322539 0.322539
5542.032715 0.000000 10496.108398 0.000000 0.982280 0.000000 -0.187421 0.555424 0.555424 0.555424
5542.932129 0.000000 10497.455078 0.000000 0.999834 0.000000 -0.018212 0.505354 0.505354 0.505354
5155.248047 0.000000 10567.762695 0.000000 0.983241 0.000000 0.182309 0.470364 0.470364 0.470364
5151.929199 0.000000 10566.596680 0.000000 0.889313 0.000000 -0.457298 0.583299 0.583299 0.583299
5135.587891 0.000000 10582.160156 0.000000 0.222471 0.000000 -0.974939 0.728580 0.728580 0.728580
5136.892578 0.000000 10575.949219 0.000000 0.998981 0.000000 -0.045132 0.507467 0.507467 0.507467
5148.833984 0.000000 10567.285156 0.000000 0.170992 0.000000 0.985272 0.255520 0.255520 0.255520
5134.362305 0.000000 10578.452148 0.000000 0.507993 0.000000 -0.861361 0.680741 0.680741 0.680741
5142.010742 0.000000 10569.053711 0.000000 0.336869 0.000000 0.941552 0.284769 0.284769 0.284769
5148.197266 0.000000 10569.978516 0.000000 0.263163 0.000000 0.964751 0.280170 0.280170 0.280170
5138.987305 0.000000 10575.326172 0.000000 0.999456 0.000000 0.032995 0.494212 0.494212 0.494212
5133.810547 0.000000 10582.743164 0.000000 0.280372 0.000000 0.959891 0.274350 0.274350 0.274350
5150.531250 0.000000 10567.874023 0.000000 0.031543 0.000000 0.999502 0.230043 0.230043 0.230043
5183.227539 0.000000 10560.933594 0.000000 0.764694 0.000000 0.644394 0.377192 0.377192 0.377192
5156.228027 0.000000 10566.831055 0.000000 0.638372 0.000000 -0.769728 0.646931 0.646931 0.646931
5243.069336 0.000000 10555.877930 0.000000 0.719786 0.000000 -0.694196 0.625951 0.625951 0.625951
5241.279785 0.000000 10560.496094 0.000000 0.259816 0.000000 0.965658 0.286116 0.286116 0.286116
5195.770508 0.000000 10556.128906 0.000000 0.883982 0.000000 0.467521 0.414679 0.414679 0.414679
5157.981934 0.000000 10570.459961 0.000000 0.958442 0.000000 -0.285286 0.548392 0.548392 0.548392
5239.808105 0.000000 10553.558594 0.000000 0.028444 0.000000 0.999595 0.242976 0.242976 0.242976
5216.424805 0.000000 10559.480469 0.000000 0.972248 0.000000 -0.233951 0.538909 0.538909 0.538909
5163.540039 0.000000 10551.326172 0.000000 0.099968 0.000000 0.994991 0.258594 0.258594 0.258594
5180.015137 0.000000 10561.685547 0.000000 0.980396 0.000000 0.197037 0.465587 0.465587 0.465587
5236.497070 0.000000 10559.790039 0.000000 0.941356 0.000000 0.337414 0.442646 0.442646 0.442646
5209.189941 0.000000 10550.628906 0.000000 0.992353 0.000000 0.123431 0.479069 0.479069 0.479069
5192.241699 0.000000 10559.514648 0.000000 0.878073 0.000000 -0.478527 0.582217 0.582217 0.582217
5183.995605 0.000000 10552.058594 0.000000 0.655687 0.000000 0.755033 0.350459 0.350459 0.350459
5219.083984 0.000000 10561.372070 0.000000 0.868023 0.000000 -0.496524 0.585614 0.585614 0.585614
5228.381836 0.000000 10553.822266 0.000000 0.765273 0.000000 -0.643706 0.622651 0.622651 0.622651
5165.076172 0.000000 10557.548828 0.000000 0.146727 0.000000 0.989177 0.259221 0.259221 0.259221
5159.557617 0.000000 10554.763672 0.000000 0.831010 0.000000 0.556257 0.400596 0.400596 0.400596
5174.518555 0.000000 10557.842773 0.000000 0.772245 0.000000 -0.635324 0.614293 0.614293 0.614293
5201.174805 0.000000 10554.500000 0.000000 0.745058 0.000000 -0.666999 0.623958 0.623958 0.623958
5227.867188 0.000000 10558.524414 0.000000 0.765547 0.000000 -0.643380 0.617341 0.617341 0.617341
5182.009277 0.000000 10553.967773 0.000000 0.278524 0.000000 0.960429 0.274817 0.274817 0.274817
5217.098145 0.000000 10556.835938 0.000000 0.403986 0.000000 -0.914765 0.702554 0.702554 0.702554
5181.110352 0.000000 10559.245117 0.000000 0.440529 0.000000 -0.897738 0.690613 0.690613 0.690613
5184.957520 0.000000 10563.247070 0.000000 0.327631 0.000000 -0.944806 0.713088 0.713088 0.713088
5178.655273 0.000000 10555.443359 0.000000 0.752055 0.000000 0.659100 0.379630 0.379630 0.379630
5206.053223 0.000000 10553.030273 0.000000 0.413557 0.000000 0.910478 0.302857 0.302857 0.302857
5165.909180 0.000000 10550.209961 0.000000 0.963980 0.000000 0.265974 0.453289 0.453289 0.453289
5241.293945 0.000000 10557.936523 0.000000 0.856049 0.000000 0.516895 0.406085 0.406085 0.406085
5194.001953 0.000000 10557.862305 0.000000 0.993727 0.000000 0.111835 0.480345 0.480345 0.480345
5162.302246 0.000000 10556.921875 0.000000 0.879934 0.000000 0.475096 0.410083 0.410083 0.410083
5158.712891 0.000000 10568.014648 0.000000 0.974209 0.000000 -0.225649 0.538782 0.538782 0.538782
5165.561523 0.000000 10552.613281 0.000000 0.666999 0.000000 0.745058 0.352570 0.352570 0.352570
5219.453125 0.000000 10556.066406 0.000000 0.914709 0.000000 0.404112 0.427039 0.427039 0.427039
5229.071289 0.000000 10551.669922 0.000000 0.297113 0.000000 0.954842 0.277417 0.277417 0.277417
5240.710938 0.000000 10555.563477 0.000000 0.970322 0.000000 -0.241816 0.542835 0.542835 0.542835
5238.171387 0.000000 10555.022461 0.000000 0.491482 0.000000 0.870888 0.319898 0.319898 0.319898
5198.072754 0.000000 10556.086914 0.000000 0.345511 0.000000 0.938415 0.286382 0.286382 0.286382
5239.399902 0.000000 10559.083984 0.000000 0.981308 0.000000 -0.192445 0.533963 0.533963 0.533963
5176.418457 0.000000 10557.470703 0.000000 0.690847 0.000000 -0.723001 0.641733 0.641733 0.641733
5217.048828 0.000000 10561.234375 0.000000 0.970194 0.000000 -0.242330 0.542928 0.542928 0.542928
5231.883789 0.000000 10551.265625 0.000000 0.965343 0.000000 0.260986 0.454021 0.454021 0.454021
5182.587891 0.000000 10555.682617 0.000000 0.784440 0.000000 -0.620205 0.617332 0.617332 0.617332
5161.241699 0.000000 10555.413086 0.000000 0.281157 0.000000 0.959662 0.271284 0.271284 0.271284
5154.315430 0.000000 10636.017578 0.000000 0.053261 0.000000 0.998581 0.239538 0.239538 0.239538
5145.963379 0.000000 10682.784180 0.000000 0.527370 0.000000 -0.849636 0.666025 0.666025 0.666025
5126.355469 0.000000 10641.121094 0.000000 0.749151 0.000000 -0.662400 0.622913 0.622913 0.622913
5140.773926 0.000000 10680.537109 0.000000 0.992048 0.000000 0.125858 0.478971 0.478971 0.478971
5141.097168 0.000000 10669.675781 0.000000 0.329308 0.000000 -0.944223 0.716637 0.716637 0.716637
5131.501953 0.000000 10658.979492 0.000000 0.092721 0.000000 -0.995692 0.759205 0.759205 0.759205
5136.794434 0.000000 10643.720703 0.000000 0.762635 0.000000 0.646830 0.381901 0.381901 0.381901
5112.251465 0.000000 10615.787109 0.000000 0.205167 0.000000 0.978727 0.276075 0.276075 0.276075
5150.712402 0.000000 10653.733398 0.000000 0.947209 0.000000 -0.320617 0.554390 0.554390 0.554390
5143.838379 0.000000 10680.482422 0.000000 0.153594 0.000000 -0.988134 0.748445 0.748445 0.748445
5123.465820 0.000000 10640.134766 0.000000 0.361521 0.000000 -0.932364 0.698624 0.698624 0.698624
5116.873535 0.000000 10619.968750 0.000000 0.976763 0.000000 0.214321 0.462657 0.462657 0.462657
5128.311035 0.000000 10643.214844 0.000000 0.997475 0.000000 -0.071017 0.512377 0.512377 0.512377
5112.232910 0.000000 10618.611328 0.000000 0.202531 0.000000 0.979276 0.257718 0.257718 0.257718
5137.498535 0.000000 10640.252930 0.000000 0.917242 0.000000 -0.398331 0.568785 0.568785 0.568785
5119.596191 0.000000 10627.934570 0.000000 0.547637 0.000000 -0.836716 0.668900 0.668900 0.668900
5145.114258 0.000000 10654.814453 0.000000 0.112254 0.000000 0.993680 0.244239 0.244239 0.244239
5128.104004 0.000000 10658.488281 0.000000 0.632057 0.000000 0.774922 0.348934 0.348934 0.348934
5118.749512 0.000000 10625.251953 0.000000 0.999782 0.000000 0.020877 0.496482 0.496482 0.496482
5142.895508 0.000000 10668.036133 0.000000 0.999848 0.000000 -0.017434 0.502949 0.502949 0.502949
5154.817871 0.000000 10639.237305 0.000000 0.041969 0.000000 0.999119 0.232827 0.232827 0.232827
5117.810059 0.000000 10616.564453 0.000000 0.782876 0.000000 -0.622177 0.616096 0.616096 0.616096
5131.617676 0.000000 10656.655273 0.000000 0.970290 0.000000 -0.241946 0.542706 0.542706 0.542706
5151.482910 0.000000 10650.371094 0.000000 0.196120 0.000000 0.980580 0.259130 0.259130 0.259130
5115.905273 0.000000 10622.060547 0.000000 0.734391 0.000000 -0.678727 0.634565 0.634565 0.634565
5149.777344 0.000000 10651.759766 0.000000 0.263320 0.000000 -0.964709 0.723873 0.723873 0.723873
5113.685547 0.000000 10622.624023 0.000000 0.007350 0.000000 0.999973 0.223847 0.223847 0.223847
5155.504883 0.000000 10641.218750 0.000000 0.367131 0.000000 -0.930169 0.706577 0.706577 0.706577
5145.554199 0.000000 10656.823242 0.000000 0.198940 0.000000 0.980012 0.259635 0.259635 0.259635
5151.086426 0.000000 10686.221680 0.000000 0.930502 0.000000 -0.366286 0.565303 0.565303 0.565303
5115.222168 0.000000 10618.827148 0.000000 0.099555 0.000000 0.995032 0.223636 0.223636 0.223636
5113.627930 0.000000 10617.424805 0.000000 0.863664 0.000000 -0.504067 0.593974 0.593974 0.593974
5139.026855 0.000000 10643.502930 0.000000 0.685291 0.000000 -0.728269 0.651223 0.651223 0.651223
5140.648926 0.000000 10643.159180 0.000000 0.144881 0.000000 -0.989449 0.753549 0.753549 0.753549
5139.341797 0.000000 10640.015625 0.000000 0.869793 0.000000 -0.493416 0.597585 0.597585 0.597585
5171.387695 0.000000 10641.678711 0.000000 0.859988 0.000000 0.510314 0.411088 0.411088 0.411088
5231.994629 0.000000 10624.650391 0.000000 0.969779 0.000000 -0.243984 0.540304 0.540304 0.540304
5155.854980 0.000000 10634.366211 0.000000 0.916123 0.000000 0.400897 0.429715 0.429715 0.429715
5226.552246 0.000000 10645.070312 0.000000 0.999795 0.000000 0.020236 0.496691 0.496691 0.496691
5160.063477 0.000000 10651.474609 0.000000 0.501911 0.000000 0.864919 0.329119 0.329119 0.329119
5156.428223 0.000000 10638.936523 0.000000 0.973209 0.000000 -0.229922 0.540688 0.540688 0.540688
5229.968750 0.000000 10663.344727 0.000000 0.612232 0.000000 0.790678 0.350311 0.350311 0.350311
5239.808105 0.000000 10647.300781 0.000000 0.999921 0.000000 -0.012591 0.502114 0.502114 0.502114
5163.147461 0.000000 10624.927734 0.000000 0.876765 0.000000 -0.480918 0.583919 0.583919 0.583919
5225.244141 0.000000 10658.979492 0.000000 0.623122 0.000000 -0.782125 0.657506 0.657506 0.657506
5249.535156 0.000000 10606.365234 0.000000 0.918913 0.000000 -0.394461 0.566559 0.566559 0.566559
5239.678711 0.000000 10617.127930 0.000000 0.645391 0.000000 0.763853 0.347547 0.347547 0.347547
5212.631348 0.000000 10657.905273 0.000000 0.587002 0.000000 -0.809585 0.662520 0.662520 0.662520
5231.738770 0.000000 10611.745117 0.000000 0.994788 0.000000 0.101967 0.482086 0.482086 0.482086
5176.137695 0.000000 10612.030273 0.000000 0.400679 0.000000 0.916219 0.303320 0.303320 0.303320
5165.802246 0.000000 10623.572266 0.000000 0.211145 0.000000 0.977455 0.266060 0.266060 0.266060
5172.425293 0.000000 10618.296875 0.000000 0.659800 0.000000 -0.751441 0.645934 0.645934 0.645934
5245.582031 0.000000 10637.921875 0.000000 0.998599 0.000000 -0.052907 0.509184 0.509184 0.509184
5190.898926 0.000000 10644.732422 0.000000 0.955862 0.000000 0.293815 0.449746 0.449746 0.449746
5190.677246 0.000000 10659.537109 0.000000 0.997612 0.000000 0.069070 0.487877 0.487877 0.487877
5228.675293 0.000000 10665.910156 0.000000 0.935140 0.000000 -0.354278 0.562157 0.562157 0.562157
5190.220703 0.000000 10647.921875 0.000000 0.169429 0.000000 -0.985542 0.745631 0.745631 0.745631
5242.293945 0.000000 10629.063477 0.000000 0.968301 0.000000 -0.249786 0.544277 0.544277 0.544277
5234.847168 0.000000 10658.848633 0.000000 0.825976 0.000000 -0.563705 0.601293 0.601293 0.601293
5241.293945 0.000000 10651.678711 0.000000 0.257544 0.000000 0.966266 0.270193 0.270193 0.270193
5233.073730 0.000000 10627.165039 0.000000 0.619508 0.000000 0.784990 0.341686 0.341686 0.341686
5224.326172 0.000000 10630.701172 0.000000 0.994371 0.000000 -0.105956 0.518618 0.518618 0.518618
5226.412598 0.000000 10642.516602 0.000000 0.915521 0.000000 0.402269 0.427393 0.427393 0.427393
5241.939453 0.000000 10663.720703 0.000000 0.999809 0.000000 -0.019566 0.503432 0.503432 0.503432
5172.462891 0.000000 10607.820312 0.000000 0.328268 0.000000 0.944585 0.283170 0.283170 0.283170
5189.059082 0.000000 10629.392578 0.000000 0.429438 0.000000 0.903097 0.302357 0.302357 0.302357
5227.205078 0.000000 10632.649414 0.000000 0.853924 0.000000 0.520398 0.407426 0.407426 0.407426
5204.775391 0.000000 10655.428711 0.000000 0.044125 0.000000 0.999026 0.233204 0.233204 0.233204
5157.685059 0.000000 10651.721680 0.000000 0.560058 0.000000 0.828454 0.331204 0.331204 0.331204
5157.153809 0.000000 10636.535156 0.000000 0.506794 0.000000 0.862067 0.316422 0.316422 0.316422
5164.912109 0.000000 10626.470703 0.000000 0.996675 0.000000 0.081481 0.485694 0.485694 0.485694
5157.685059 0.000000 10640.792969 0.000000 0.980848 0.000000 0.194774 0.465987 0.465987 0.465987
5239.134766 0.000000 10660.211914 0.000000 0.769990 0.000000 0.638056 0.379936 0.379936 0.379936
5240.710938 0.000000 10649.305664 0.000000 0.858092 0.000000 0.513496 0.405424 0.405424 0.405424
5238.171387 0.000000 10648.764648 0.000000 0.476237 0.000000 0.879317 0.311564 0.311564 0.311564
5186.298828 0.000000 10626.076172 0.000000 0.835171 0.000000 0.549990 0.399683 0.399683 0.399683
5228.294922 0.000000 10643.458984 0.000000 0.901171 0.000000 -0.433463 0.577790 0.577790 0.577790
5231.333984 0.000000 10664.944336 0.000000 0.768667 0.000000 0.639649 0.378277 0.378277 0.378277
5226.619629 0.000000 10640.371094 0.000000 0.678313 0.000000 -0.734773 0.642688 0.642688 0.642688
5178.090820 0.000000 10612.362305 0.000000 0.541595 0.000000 -0.840640 0.675113 0.675113 0.675113
5238.305664 0.000000 10615.509766 0.000000 0.994759 0.000000 -0.102245 0.517772 0.517772 0.517772
5173.036133 0.000000 10643.714844 0.000000 0.392512 0.000000 -0.919747 0.704748 0.704748 0.704748
5202.579102 0.000000 10656.715820 0.000000 0.606080 0.000000 0.795403 0.339853 0.339853 0.339853
5187.121094 0.000000 10628.875000 0.000000 0.315857 0.000000 0.948807 0.280871 0.280871 0.280871
5248.781250 0.000000 10615.154297 0.000000 0.560495 0.000000 0.828158 0.328860 0.328860 0.328860
5171.560059 0.000000 10616.641602 0.000000 0.189614 0.000000 -0.981859 0.742033 0.742033 0.742033
5158.683105 0.000000 10650.161133 0.000000 0.994894 0.000000 -0.100927 0.517731 0.517731 0.517731
5164.729980 0.000000 10624.798828 0.000000 0.391304 0.000000 0.920262 0.283351 0.283351 0.283351
5148.970703 0.000000 10692.416992 0.000000 0.337838 0.000000 -0.941204 0.715050 0.715050 0.715050
5146.411621 0.000000 10692.259766 0.000000 0.087855 0.000000 0.996133 0.251044 0.251044 0.251044
5152.751465 0.000000 10689.895508 0.000000 0.521932 0.000000 0.852987 0.321452 0.321452 0.321452
5216.817383 0.000000 10707.034180 0.000000 0.474676 0.000000 0.880161 0.311253 0.311253 0.311253
5172.009766 0.000000 10715.796875 0.000000 0.998392 0.000000 0.056690 0.490052 0.490052 0.490052
5161.259766 0.000000 10702.790039 0.000000 0.766107 0.000000 0.642714 0.380627 0.380627 0.380627
5158.452148 0.000000 10703.561523 0.000000 0.319440 0.000000 -0.947606 0.706805 0.706805 0.706805
5172.425293 0.000000 10712.039062 0.000000 0.996057 0.000000 -0.088715 0.515524 0.515524 0.515524
5163.058594 0.000000 10700.742188 0.000000 0.661723 0.000000 0.749749 0.359267 0.359267 0.359267
5179.836914 0.000000 10709.856445 0.000000 0.903506 0.000000 -0.428574 0.577679 0.577679 0.577679
5203.594727 0.000000 10709.157227 0.000000 0.706678 0.000000 -0.707535 0.634908 0.634908 0.634908
5243.654297 0.000000 10714.781250 0.000000 0.785241 0.000000 -0.619190 0.617105 0.617105 0.617105
5243.507812 0.000000 10712.152344 0.000000 0.643812 0.000000 0.765184 0.348816 0.348816 0.348816
5227.161621 0.000000 10707.906250 0.000000 0.028285 0.000000 -0.999600 0.763790 0.763790 0.763790
5219.378418 0.000000 10706.812500 0.000000 0.264921 0.000000 -0.964270 0.722775 0.722775 0.722775
5217.881348 0.000000 10708.877930 0.000000 0.852766 0.000000 0.522293 0.404307 0.404307 0.404307
5172.598633 0.000000 10713.964844 0.000000 0.176525 0.000000 -0.984296 0.743498 0.743498 0.743498
5228.866211 0.000000 10708.810547 0.000000 0.792069 0.000000 0.610431 0.384843 0.384843 0.384843
5177.589355 0.000000 10709.822266 0.000000 0.833122 0.000000 -0.553089 0.602786 0.602786 0.602786
5301.555664 0.000000 10499.954102 0.000000 0.997865 0.000000 -0.065308 0.513869 0.513869 0.513869
5319.529297 0.000000 10580.544922 0.000000 0.693375 0.000000 0.720576 0.364406 0.364406 0.364406
5335.038574 0.000000 10501.612305 0.000000 0.563794 0.000000 -0.825915 0.688637 0.688637 0.688637
5286.020508 0.000000 10563.520508 0.000000 0.936705 0.000000 0.350119 0.438829 0.438829 0.438829
5254.247559 0.000000 10546.560547 0.000000 0.116715 0.000000 0.993165 0.252285 0.252285 0.252285
5277.932129 0.000000 10565.837891 0.000000 0.585836 0.000000 0.810430 0.334284 0.334284 0.334284
5270.513672 0.000000 10568.215820 0.000000 0.713993 0.000000 0.700153 0.370749 0.370749 0.370749
5270.704590 0.000000 10562.919922 0.000000 0.814387 0.000000 0.580322 0.392189 0.392189 0.392189
5274.735840 0.000000 10556.572266 0.000000 0.776514 0.000000 -0.630100 0.619555 0.619555 0.619555
5292.324219 0.000000 10567.118164 0.000000 0.648404 0.000000 -0.761297 0.647980 0.647980 0.647980
5263.716797 0.000000 10565.989258 0.000000 0.799841 0.000000 0.600212 0.392318 0.392318 0.392318
5297.810059 0.000000 10571.809570 0.000000 0.995223 0.000000 0.097630 0.483155 0.483155 0.483155
5257.282227 0.000000 10551.326172 0.000000 0.775847 0.000000 0.630921 0.380686 0.380686 0.380686
5264.954590 0.000000 10562.849609 0.000000 0.922058 0.000000 -0.387052 0.566478 0.566478 0.566478
5280.795410 0.000000 10567.521484 0.000000 0.767613 0.000000 -0.640914 0.620275 0.620275 0.620275
5281.626465 0.000000 10570.995117 0.000000 0.250608 0.000000 -0.968089 0.731064 0.731064 0.731064
5309.995117 0.000000 10577.093750 0.000000 0.728407 0.000000 0.685144 0.370448 0.370448 0.370448
5263.165527 0.000000 10560.180664 0.000000 0.313115 0.000000 0.949715 0.290525 0.290525 0.290525
5283.596680 0.000000 10561.657227 0.000000 0.855473 0.000000 -0.517847 0.591050 0.591050 0.591050
5287.585938 0.000000 10574.471680 0.000000 0.956291 0.000000 0.292417 0.450548 0.450548 0.450548
5290.556152 0.000000 10569.499023 0.000000 0.999212 0.000000 0.039690 0.493037 0.493037 0.493037
5275.940918 0.000000 10563.668945 0.000000 0.834663 0.000000 0.550760 0.400980 0.400980 0.400980
5264.814941 0.000000 10557.314453 0.000000 0.994135 0.000000 -0.108146 0.518937 0.518937 0.518937
5316.989258 0.000000 10581.938477 0.000000 0.086736 0.000000 -0.996231 0.760259 0.760259 0.760259
5260.067871 0.000000 10560.409180 0.000000 0.916367 0.000000 -0.400340 0.569153 0.569153 0.569153
5255.465332 0.000000 10549.222656 0.000000 0.765000 0.000000 -0.644030 0.622725 0.622725 0.622725
5285.815430 0.000000 10570.692383 0.000000 0.417205 0.000000 0.908812 0.309242 0.309242 0.309242
5301.848145 0.000000 10568.181641 0.000000 0.669593 0.000000 0.742728 0.359973 0.359973 0.359973
5255.288086 0.000000 10562.112305 0.000000 0.572829 0.000000 0.819675 0.333884 0.333884 0.333884
5274.852539 0.000000 10559.245117 0.000000 0.148384 0.000000 -0.988930 0.749370 0.749370 0.749370
5317.814941 0.000000 10585.447266 0.000000 0.736560 0.000000 -0.676373 0.626570 0.626570 0.626570
5294.379395 0.000000 10573.047852 0.000000 0.419947 0.000000 -0.907549 0.693803 0.693803 0.693803
5273.203613 0.000000 10568.374023 0.000000 0.395637 0.000000 0.918407 0.306020 0.306020 0.306020
5305.845215 0.000000 10568.351562 0.000000 0.329886 0.000000 0.944021 0.291176 0.291176 0.291176
5259.651367 0.000000 10550.209961 0.000000 0.791523 0.000000 0.611139 0.389200 0.389200 0.389200
5308.976074 0.000000 10574.607422 0.000000 0.628187 0.000000 0.778062 0.334173 0.334173 0.334173
5333.027832 0.000000 10500.047852 0.000000 0.129799 0.000000 -0.991540 0.830887 0.830887 0.830887
5300.527344 0.000000 10577.392578 0.000000 0.802247 0.000000 0.596992 0.388598 0.388598 0.388598
5258.339355 0.000000 10562.559570 0.000000 0.416854 0.000000 0.908974 0.299921 0.299921 0.299921
5342.074707 0.000000 10499.260742 0.000000 0.475762 0.000000 -0.879574 0.825399 0.825399 0.825399
5253.071777 0.000000 10548.766602 0.000000 0.983918 0.000000 0.178622 0.469400 0.469400 0.469400
5320.876953 0.000000 10588.951172 0.000000 0.949564 0.000000 -0.313573 0.554944 0.554944 0.554944
5314.413574 0.000000 10582.178711 0.000000 0.807405 0.000000 -0.589997 0.612252 0.612252 0.612252
5303.846680 0.000000 10569.536133 0.000000 0.347942 0.000000 -0.937516 0.713164 0.713164 0.713164
5253.710449 0.000000 10560.051758 0.000000 0.550614 0.000000 -0.834760 0.668909 0.668909 0.668909
5259.303711 0.000000 10552.613281 0.000000 0.745420 0.000000 0.666595 0.375223 0.375223 0.375223
5281.941406 0.000000 10573.425781 0.000000 0.183090 0.000000 0.983096 0.263727 0.263727 0.263727
5290.214355 0.000000 10566.235352 0.000000 0.999983 0.000000 -0.005885 0.501028 0.501028 0.501028
5272.746582 0.000000 10563.627930 0.000000 0.742029 0.000000 0.670368 0.371146 0.371146 0.371146
5271.883301 0.000000 10566.701172 0.000000 0.862104 0.000000 0.506732 0.406804 0.406804 0.406804
5272.902832 0.000000 10557.349609 0.000000 0.986066 0.000000 -0.166352 0.529311 0.529311 0.529311
5282.596191 0.000000 10566.583984 0.000000 0.426666 0.000000 -0.904409 0.695360 0.695360 0.695360
5263.283203 0.000000 10563.985352 0.000000 0.841354 0.000000 0.540485 0.399854 0.399854 0.399854
5301.730957 0.000000 10575.294922 0.000000 0.995565 0.000000 -0.094080 0.516524 0.516524 0.516524
5283.448730 0.000000 10570.633789 0.000000 0.479622 0.000000 0.877475 0.311572 0.311572 0.311572
5280.383301 0.000000 10569.355469 0.000000 0.907200 0.000000 -0.420700 0.578322 0.578322 0.578322
5273.174805 0.000000 10559.873047 0.000000 0.606514 0.000000 -0.795073 0.661199 0.661199 0.661199
5319.305664 0.000000 10589.916016 0.000000 0.999653 0.000000 -0.026340 0.504620 0.504620 0.504620
5317.081543 0.000000 10583.791016 0.000000 0.847573 0.000000 -0.530679 0.601950 0.601950 0.601950
5333.679199 0.000000 10503.003906 0.000000 0.493078 0.000000 0.869985 0.282013 0.282013 0.282013
5311.028809 0.000000 10572.777344 0.000000 0.449756 0.000000 -0.893151 0.693676 0.693676 0.693676
5282.205566 0.000000 10569.317383 0.000000 0.308585 0.000000 -0.951197 0.721256 0.721256 0.721256
5271.353027 0.000000 10564.570312 0.000000 0.747323 0.000000 -0.664461 0.631999 0.631999 0.631999
5319.507324 0.000000 10499.163086 0.000000 0.161270 0.000000 -0.986910 0.824460 0.824460 0.824460
5333.175781 0.000000 10501.570312 0.000000 0.192136 0.000000 -0.981368 0.816378 0.816378 0.816378
5310.231445 0.000000 10575.410156 0.000000 0.306385 0.000000 0.951908 0.266546 0.266546 0.266546
5334.259277 0.000000 10500.544922 0.000000 0.792657 0.000000 0.609668 0.372736 0.372736 0.372736
5335.834961 0.000000 10500.527344 0.000000 0.666889 0.000000 0.745157 0.336801 0.336801 0.336801
5302.592773 0.000000 10499.225586 0.000000 0.912665 0.000000 0.408707 0.398565 0.398565 0.398565
5300.509277 0.000000 10499.144531 0.000000 0.847486 0.000000 -0.530818 0.618744 0.618744 0.618744
5332.189941 0.000000 10501.955078 0.000000 0.945722 0.000000 -0.324976 0.576022 0.576022 0.576022
5343.032715 0.000000 10499.143555 0.000000 0.710435 0.000000 0.703763 0.263683 0.263683 0.263683
5303.510742 0.000000 10499.170898 0.000000 0.295870 0.000000 0.955228 0.193932 0.193932 0.193932
5332.545898 0.000000 10500.861328 0.000000 0.976173 0.000000 -0.216995 0.550240 0.550240 0.550240
5433.056641 0.000000 10552.092773 0.000000 0.475242 0.000000 -0.879855 0.674537 0.674537 0.674537
5401.678223 0.000000 10556.908203 0.000000 0.923984 0.000000 -0.382432 0.598951 0.598951 0.598951
5433.291016 0.000000 10529.636719 0.000000 0.998535 0.000000 -0.054114 0.509191 0.509191 0.509191
5403.807129 0.000000 10543.327148 0.000000 0.691332 0.000000 -0.722537 0.634056 0.634056 0.634056
5418.894043 0.000000 10503.936523 0.000000 0.881249 0.000000 0.472651 0.406593 0.406593 0.406593
5419.627441 0.000000 10573.108398 0.000000 0.573431 0.000000 -0.819254 0.730108 0.730108 0.730108
5428.591797 0.000000 10532.881836 0.000000 0.947055 0.000000 -0.321073 0.566506 0.566506 0.566506
5356.898438 0.000000 10508.913086 0.000000 0.168935 0.000000 -0.985627 0.773701 0.773701 0.773701
5430.553711 0.000000 10555.877930 0.000000 0.392753 0.000000 0.919644 0.242119 0.242119 0.242119
5436.596680 0.000000 10526.300781 0.000000 0.046929 0.000000 -0.998898 0.797692 0.797692 0.797692
5380.658691 0.000000 10520.278320 0.000000 0.751933 0.000000 -0.659240 0.714296 0.714296 0.714296
5391.847168 0.000000 10515.103516 0.000000 0.945651 0.000000 0.325184 0.432403 0.432403 0.432403
5416.136230 0.000000 10502.021484 0.000000 0.738403 0.000000 -0.674359 0.663982 0.663982 0.663982
5367.402832 0.000000 10517.486328 0.000000 0.170492 0.000000 -0.985359 0.837155 0.837155 0.837155
5400.690918 0.000000 10559.850586 0.000000 0.999716 0.000000 0.023825 0.494825 0.494825 0.494825
5416.159668 0.000000 10572.167969 0.000000 0.835193 0.000000 -0.549958 0.629749 0.629749 0.629749
5429.778320 0.000000 10535.321289 0.000000 0.525842 0.000000 -0.850582 0.713929 0.713929 0.713929
5368.113770 0.000000 10519.958008 0.000000 0.960012 0.000000 0.279958 0.440672 0.440672 0.440672
5435.644043 0.000000 10528.626953 0.000000 0.645875 0.000000 -0.763443 0.756433 0.756433 0.756433
5401.991699 0.000000 10529.481445 0.000000 0.190258 0.000000 -0.981734 0.767745 0.767745 0.767745
5358.806152 0.000000 10506.900391 0.000000 0.969372 0.000000 -0.245596 0.548320 0.548320 0.548320
5411.546387 0.000000 10499.216797 0.000000 0.255382 0.000000 -0.966840 0.785905 0.785905 0.785905
5417.124512 0.000000 10505.823242 0.000000 0.391176 0.000000 0.920316 0.136686 0.136686 0.136686
5401.143066 0.000000 10527.105469 0.000000 0.102518 0.000000 0.994731 0.085835 0.085835 0.085835
5393.447266 0.000000 10516.676758 0.000000 0.243897 0.000000 0.969801 0.239616 0.239616 0.239616
5369.858398 0.000000 10516.467773 0.000000 0.413438 0.000000 0.910532 0.219253 0.219253 0.219253
5431.933105 0.000000 10554.096680 0.000000 0.640940 0.000000 0.767591 0.306657 0.306657 0.306657
5417.407227 0.000000 10573.972656 0.000000 0.576214 0.000000 -0.817299 0.713171 0.713171 0.713171
5359.256348 0.000000 10508.986328 0.000000 0.465658 0.000000 0.884965 0.311495 0.311495 0.311495
5378.489746 0.000000 10520.908203 0.000000 0.096167 0.000000 -0.995365 0.799090 0.799090 0.799090
5403.171875 0.000000 10545.199219 0.000000 0.159859 0.000000 -0.987140 0.932172 0.932172 0.932172
5416.766602 0.000000 10503.876953 0.000000 0.928188 0.000000 0.372112 0.415520 0.415520 0.415520
5390.254395 0.000000 10516.132812 0.000000 0.015965 0.000000 0.999873 0.212753 0.212753 0.212753
5430.363770 0.000000 10532.445312 0.000000 0.993939 0.000000 -0.109930 0.528669 0.528669 0.528669
5391.744141 0.000000 10517.246094 0.000000 0.023190 0.000000 -0.999731 0.785912 0.785912 0.785912
5428.080078 0.000000 10535.054688 0.000000 0.960534 0.000000 -0.278161 0.559289 0.559289 0.559289
5431.381348 0.000000 10534.655273 0.000000 0.999644 0.000000 -0.026683 0.506329 0.506329 0.506329
5413.249512 0.000000 10499.163086 0.000000 0.902303 0.000000 0.431102 0.414875 0.414875 0.414875
5393.723633 0.000000 10514.958008 0.000000 0.082782 0.000000 -0.996568 0.843606 0.843606 0.843606
5368.853516 0.000000 10518.309570 0.000000 0.811605 0.000000 0.584206 0.369551 0.369551 0.369551
5434.586426 0.000000 10526.253906 0.000000 0.632593 0.000000 -0.774484 0.725040 0.725040 0.725040
5417.813965 0.000000 10572.433594 0.000000 0.879277 0.000000 -0.476311 0.610618 0.610618 0.610618
5419.145508 0.000000 10505.464844 0.000000 0.854137 0.000000 0.520048 0.401010 0.401010 0.401010
5368.352051 0.000000 10516.125977 0.000000 0.824218 0.000000 -0.566272 0.647656 0.647656 0.647656
5357.364258 0.000000 10507.434570 0.000000 0.088427 0.000000 -0.996083 0.871902 0.871902 0.871902
5433.040527 0.000000 10555.170898 0.000000 0.983823 0.000000 0.179146 0.454808 0.454808 0.454808
5429.937988 0.000000 10533.868164 0.000000 0.863659 0.000000 0.504076 0.392505 0.392505 0.392505
5379.803223 0.000000 10521.815430 0.000000 0.501327 0.000000 0.865258 0.287893 0.287893 0.287893
5402.335938 0.000000 10544.049805 0.000000 0.683562 0.000000 -0.729892 0.750728 0.750728 0.750728
5417.910645 0.000000 10506.981445 0.000000 0.838358 0.000000 -0.545121 0.612629 0.612629 0.612629
5435.568359 0.000000 10527.252930 0.000000 0.840078 0.000000 0.542465 0.354351 0.354351 0.354351
5400.818848 0.000000 10528.440430 0.000000 0.410874 0.000000 -0.911692 0.722715 0.722715 0.722715
5417.367676 0.000000 10502.624023 0.000000 0.919058 0.000000 -0.394122 0.589760 0.589760 0.589760
5416.558105 0.000000 10507.069336 0.000000 0.970083 0.000000 0.242774 0.452094 0.452094 0.452094
5359.843262 0.000000 10507.792969 0.000000 0.954521 0.000000 -0.298144 0.558954 0.558954 0.558954
5434.381348 0.000000 10528.898438 0.000000 0.999111 0.000000 0.042146 0.487554 0.487554 0.487554
5369.396484 0.000000 10519.560547 0.000000 0.726942 0.000000 0.686698 0.341735 0.341735 0.341735
5417.954102 0.000000 10504.830078 0.000000 0.245303 0.000000 -0.969447 0.911204 0.911204 0.911204
5400.514648 0.000000 10556.395508 0.000000 0.278822 0.000000 0.960343 0.175171 0.175171 0.175171
5430.841309 0.000000 10554.656250 0.000000 0.678667 0.000000 -0.734446 0.682246 0.682246 0.682246
5390.781738 0.000000 10514.517578 0.000000 0.607168 0.000000 0.794574 0.312580 0.312580 0.312580
5431.753418 0.000000 10555.590820 0.000000 0.998612 0.000000 -0.052672 0.511643 0.511643 0.511643
5401.139648 0.000000 10558.058594 0.000000 0.652380 0.000000 0.757892 0.313192 0.313192 0.313192
5418.506836 0.000000 10573.461914 0.000000 0.421456 0.000000 0.906849 0.227797 0.227797 0.227797
5368.935059 0.000000 10517.162109 0.000000 0.930527 0.000000 -0.366224 0.591969 0.591969 0.591969
5379.482422 0.000000 10520.314453 0.000000 0.230413 0.000000 0.973093 0.228534 0.228534 0.228534
5402.063965 0.000000 10545.486328 0.000000 0.867226 0.000000 0.497915 0.340280 0.340280 0.340280
5429.027832 0.000000 10534.492188 0.000000 0.779016 0.000000 -0.627004 0.642544 0.642544 0.642544
5431.005371 0.000000 10533.343750 0.000000 0.333366 0.000000 -0.942797 0.820367 0.820367 0.820367
5416.862793 0.000000 10573.030273 0.000000 0.545176 0.000000 0.838322 0.278476 0.278476 0.278476
5417.850098 0.000000 10503.660156 0.000000 0.316644 0.000000 -0.948544 0.776652 0.776652 0.776652
5366.766113 0.000000 10516.559570 0.000000 0.639971 0.000000 0.768399 0.288876 0.288876 0.288876
5431.326660 0.000000 10535.706055 0.000000 0.993191 0.000000 0.116497 0.472307 0.472307 0.472307
5418.937988 0.000000 10572.230469 0.000000 0.390482 0.000000 0.920611 0.219674 0.219674 0.219674
5410.855469 0.000000 10499.991211 0.000000 0.804748 0.000000 -0.593617 0.638437 0.638437 0.638437
5381.078125 0.000000 10521.255859 0.000000 0.134917 0.000000 0.990857 0.072642 0.072642 0.072642
5431.362305 0.000000 10532.271484 0.000000 0.993420 0.000000 0.114527 0.470127 0.470127 0.470127
5434.765625 0.000000 10527.865234 0.000000 0.712700 0.000000 0.701469 0.302508 0.302508 0.302508
5416.446777 0.000000 10502.957031 0.000000 0.687237 0.000000 0.726434 0.319838 0.319838 0.319838
5401.255859 0.000000 10559.056641 0.000000 0.337864 0.000000 -0.941195 0.766319 0.766319 0.766319
5392.788574 0.000000 10515.311523 0.000000 0.825875 0.000000 0.563853 0.361663 0.361663 0.361663
5435.776367 0.000000 10529.575195 0.000000 0.808020 0.000000 -0.589155 0.685990 0.685990 0.685990
5400.709961 0.000000 10526.269531 0.000000 0.714524 0.000000 -0.699610 0.718594 0.718594 0.718594
5381.582031 0.000000 10520.441406 0.000000 0.636579 0.000000 -0.771212 0.762209 0.762209 0.762209
5416.993164 0.000000 10504.788086 0.000000 0.996725 0.000000 -0.080866 0.525162 0.525162 0.525162
5356.449707 0.000000 10507.277344 0.000000 0.913196 0.000000 -0.407520 0.605313 0.605313 0.605313
5343.341797 0.000000 10499.380859 0.000000 0.764469 0.000000 0.644660 0.287930 0.287930 0.287930
5401.361816 0.000000 10556.050781 0.000000 0.177414 0.000000 -0.984136 0.851105 0.851105 0.851105
5430.480469 0.000000 10534.638672 0.000000 0.431622 0.000000 0.902055 0.233298 0.233298 0.233298
5434.533691 0.000000 10529.791992 0.000000 0.337100 0.000000 0.941469 0.137780 0.137780 0.137780
5393.755859 0.000000 10515.851562 0.000000 0.239081 0.000000 0.971000 0.193006 0.193006 0.193006
5400.820801 0.000000 10557.231445 0.000000 0.396635 0.000000 -0.917976 0.793239 0.793239 0.793239
5357.934082 0.000000 10506.692383 0.000000 0.952406 0.000000 -0.304832 0.577720 0.577720 0.577720
5403.244141 0.000000 10544.141602 0.000000 0.013336 0.000000 0.999911 0.022714 0.022714 0.022714
5380.098633 0.000000 10520.995117 0.000000 0.309770 0.000000 0.950812 0.126118 0.126118 0.126118
5433.886230 0.000000 10555.539062 0.000000 0.723117 0.000000 0.690725 0.308688 0.308688 0.308688
5432.788574 0.000000 10554.313477 0.000000 0.266276 0.000000 0.963897 0.173508 0.173508 0.173508
5367.678711 0.000000 10516.670898 0.000000 0.617612 0.000000 -0.786483 0.718052 0.718052 0.718052
5368.234375 0.000000 10517.660156 0.000000 0.272876 0.000000 -0.962049 0.817502 0.817502 0.817502
5401.490723 0.000000 10527.927734 0.000000 0.984355 0.000000 -0.176195 0.549967 0.549967 0.549967
5433.594238 0.000000 10554.534180 0.000000 0.469369 0.000000 -0.883002 0.771532 0.771532 0.771532
5435.489746 0.000000 10526.443359 0.000000 0.945966 0.000000 0.324265 0.416112 0.416112 0.416112
5416.341797 0.000000 10505.546875 0.000000 0.549048 0.000000 -0.835791 0.807579 0.807579 0.807579
5434.356934 0.000000 10527.041992 0.000000 0.577693 0.000000 -0.816254 0.742566 0.742566 0.742566
5356.943359 0.000000 10506.654297 0.000000 0.824414 0.000000 -0.565988 0.650951 0.650951 0.650951
5332.532227 0.000000 10669.570312 0.000000 0.203387 0.000000 -0.979098 0.721665 0.721665 0.721665
5316.427734 0.000000 10669.718750 0.000000 0.960731 0.000000 -0.277483 0.545452 0.545452 0.545452
5316.782227 0.000000 10656.307617 0.000000 0.958728 0.000000 0.284325 0.453575 0.453575 0.453575
5294.558594 0.000000 10645.332031 0.000000 0.573145 0.000000 0.819454 0.344741 0.344741 0.344741
5286.781738 0.000000 10646.682617 0.000000 0.813792 0.000000 0.581156 0.398978 0.398978 0.398978
5342.732422 0.000000 10661.504883 0.000000 0.606958 0.000000 0.794734 0.350939 0.350939 0.350939
5313.312012 0.000000 10652.014648 0.000000 0.977148 0.000000 0.212559 0.464841 0.464841 0.464841
5340.305176 0.000000 10640.762695 0.000000 0.662385 0.000000 -0.749164 0.648514 0.648514 0.648514
5265.430176 0.000000 10662.941406 0.000000 0.543556 0.000000 0.839373 0.330270 0.330270 0.330270
5334.024414 0.000000 10673.789062 0.000000 0.466331 0.000000 -0.884610 0.683629 0.683629 0.683629
5297.665039 0.000000 10648.265625 0.000000 0.353418 0.000000 -0.935466 0.697794 0.697794 0.697794
5336.907715 0.000000 10606.625977 0.000000 0.232173 0.000000 0.972675 0.280619 0.280619 0.280619
5301.977539 0.000000 10664.813477 0.000000 0.847345 0.000000 0.531043 0.407406 0.407406 0.407406
5335.021973 0.000000 10654.238281 0.000000 0.802635 0.000000 0.596470 0.393897 0.393897 0.393897
5276.989746 0.000000 10630.049805 0.000000 0.663329 0.000000 -0.748328 0.643015 0.643015 0.643015
5270.704590 0.000000 10656.662109 0.000000 0.946221 0.000000 -0.323520 0.553873 0.553873 0.553873
5265.723633 0.000000 10667.287109 0.000000 0.114496 0.000000 0.993424 0.244635 0.244635 0.244635
5334.551758 0.000000 10658.599609 0.000000 0.099994 0.000000 -0.994988 0.740484 0.740484 0.740484
5265.702637 0.000000 10625.483398 0.000000 0.567742 0.000000 -0.823206 0.669601 0.669601 0.669601
5292.324219 0.000000 10660.860352 0.000000 0.681973 0.000000 -0.731378 0.638753 0.638753 0.638753
5304.087891 0.000000 10650.898438 0.000000 0.172294 0.000000 -0.985046 0.728547 0.728547 0.728547
5340.656250 0.000000 10632.421875 0.000000 0.867601 0.000000 0.497261 0.409374 0.409374 0.409374
5328.829590 0.000000 10597.401367 0.000000 0.079599 0.000000 -0.996827 0.760584 0.760584 0.760584
5280.552246 0.000000 10655.013672 0.000000 0.346649 0.000000 -0.937995 0.706570 0.706570 0.706570
5253.250977 0.000000 10659.468750 0.000000 0.971780 0.000000 0.235888 0.458830 0.458830 0.458830
5338.398438 0.000000 10626.861328 0.000000 0.891435 0.000000 0.453149 0.422802 0.422802 0.422802
5336.106934 0.000000 10623.250977 0.000000 0.970577 0.000000 0.240792 0.459930 0.459930 0.459930
5265.751953 0.000000 10622.054688 0.000000 0.768565 0.000000 -0.639772 0.618718 0.618718 0.618718
5339.523438 0.000000 10604.656250 0.000000 0.805546 0.000000 -0.592533 0.613207 0.613207 0.613207
5265.306641 0.000000 10645.059570 0.000000 0.781495 0.000000 0.623911 0.387725 0.387725 0.387725
5322.394043 0.000000 10595.763672 0.000000 0.190080 0.000000 0.981769 0.270966 0.270966 0.270966
5324.278809 0.000000 10643.720703 0.000000 0.930208 0.000000 0.367033 0.437607 0.437607 0.437607
5295.607910 0.000000 10661.020508 0.000000 0.726271 0.000000 -0.687409 0.630560 0.630560 0.630560
5305.497559 0.000000 10638.217773 0.000000 0.532399 0.000000 0.846493 0.329275 0.329275 0.329275
5338.196777 0.000000 10653.733398 0.000000 0.999293 0.000000 0.037603 0.493826 0.493826 0.493826
5327.125488 0.000000 10594.753906 0.000000 0.447655 0.000000 -0.894206 0.695469 0.695469 0.695469
5331.917480 0.000000 10596.614258 0.000000 0.237679 0.000000 0.971344 0.263275 0.263275 0.263275
5279.154785 0.000000 10628.025391 0.000000 0.677447 0.000000 -0.735571 0.644439 0.644439 0.644439
5269.879883 0.000000 10612.030273 0.000000 0.192648 0.000000 -0.981268 0.740631 0.740631 0.740631
5259.667969 0.000000 10664.165039 0.000000 0.822670 0.000000 -0.568519 0.600771 0.600771 0.600771
5327.566895 0.000000 10644.810547 0.000000 0.656221 0.000000 -0.754569 0.649951 0.649951 0.649951
5252.194336 0.000000 10609.819336 0.000000 0.024903 0.000000 -0.999690 0.763403 0.763403 0.763403
5255.103027 0.000000 10614.812500 0.000000 0.982020 0.000000 0.188779 0.467640 0.467640 0.467640
5338.474121 0.000000 10643.078125 0.000000 0.944909 0.000000 0.327332 0.441722 0.441722 0.441722
5262.339844 0.000000 10663.211914 0.000000 0.819452 0.000000 -0.573148 0.602853 0.602853 0.602853
5315.795410 0.000000 10643.214844 0.000000 0.618003 0.000000 0.786176 0.344737 0.344737 0.344737
5275.751465 0.000000 10647.709961 0.000000 0.802872 0.000000 -0.596151 0.609226 0.609226 0.609226
5331.701660 0.000000 10672.321289 0.000000 0.657629 0.000000 0.753342 0.357298 0.357298 0.357298
5340.771973 0.000000 10657.990234 0.000000 0.742951 0.000000 -0.669346 0.626324 0.626324 0.626324
5278.699707 0.000000 10656.989258 0.000000 0.096835 0.000000 -0.995300 0.758480 0.758480 0.758480
5340.802246 0.000000 10625.707031 0.000000 0.461983 0.000000 0.886889 0.317582 0.317582 0.317582
5305.845215 0.000000 10662.093750 0.000000 0.247918 0.000000 0.968781 0.276689 0.276689 0.276689
5333.895996 0.000000 10598.517578 0.000000 0.926013 0.000000 -0.377493 0.567888 0.567888 0.567888
5297.120605 0.000000 10645.733398 0.000000 0.928376 0.000000 0.371643 0.434882 0.434882 0.434882
5329.585938 0.000000 10642.383789 0.000000 0.105997 0.000000 0.994366 0.250448 0.250448 0.250448
5299.795410 0.000000 10646.772461 0.000000 0.922495 0.000000 -0.386009 0.568268 0.568268 0.568268
5267.803223 0.000000 10642.051758 0.000000 0.241983 0.000000 -0.970280 0.732625 0.732625 0.732625
5269.438477 0.000000 10615.361328 0.000000 0.523718 0.000000 0.851892 0.321182 0.321182 0.321182
5338.521484 0.000000 10614.600586 0.000000 0.843194 0.000000 0.537609 0.404350 0.404350 0.404350
5250.327637 0.000000 10608.176758 0.000000 0.949717 0.000000 -0.313111 0.555854 0.555854 0.555854
5332.598633 0.000000 10654.814453 0.000000 0.719056 0.000000 -0.694952 0.630919 0.630919 0.630919
5317.419922 0.000000 10672.786133 0.000000 0.988215 0.000000 -0.153070 0.526856 0.526856 0.526856
5315.588379 0.000000 10658.488281 0.000000 0.547913 0.000000 -0.836535 0.671936 0.671936 0.671936
5249.824219 0.000000 10614.558594 0.000000 0.834785 0.000000 -0.550575 0.602257 0.602257 0.602257
5334.587891 0.000000 10671.430664 0.000000 0.102111 0.000000 0.994773 0.247949 0.247949 0.247949
5337.396484 0.000000 10621.039062 0.000000 0.419836 0.000000 -0.907600 0.699503 0.699503 0.699503
5287.744141 0.000000 10651.604492 0.000000 0.989650 0.000000 -0.143499 0.524805 0.524805 0.524805
5342.550781 0.000000 10610.219727 0.000000 0.857519 0.000000 -0.514452 0.591398 0.591398 0.591398
5266.928711 0.000000 10665.244141 0.000000 0.999303 0.000000 0.037331 0.493475 0.493475 0.493475
5335.796387 0.000000 10656.577148 0.000000 0.497049 0.000000 -0.867723 0.679011 0.679011 0.679011
5264.332031 0.000000 10665.062500 0.000000 0.931720 0.000000 0.363176 0.434815 0.434815 0.434815
5294.602051 0.000000 10631.920898 0.000000 0.891450 0.000000 0.453118 0.417525 0.417525 0.417525
5303.846680 0.000000 10663.278320 0.000000 0.671351 0.000000 -0.741140 0.644840 0.644840 0.644840
5253.710449 0.000000 10653.793945 0.000000 0.836183 0.000000 -0.548451 0.599275 0.599275 0.599275
5267.785156 0.000000 10613.269531 0.000000 0.582554 0.000000 -0.812792 0.666426 0.666426 0.666426
5339.771973 0.000000 10655.493164 0.000000 0.564882 0.000000 -0.825172 0.670210 0.670210 0.670210
5317.581055 0.000000 10650.212891 0.000000 0.397085 0.000000 -0.917782 0.698796 0.698796 0.698796
5337.250000 0.000000 10618.410156 0.000000 0.804918 0.000000 -0.593386 0.611017 0.611017 0.611017
5286.680176 0.000000 10628.753906 0.000000 0.472573 0.000000 -0.881292 0.685800 0.685800 0.685800
5292.391113 0.000000 10658.561523 0.000000 0.774745 0.000000 -0.632274 0.618765 0.618765 0.618765
5324.723633 0.000000 10595.509766 0.000000 0.744001 0.000000 -0.668178 0.626054 0.626054 0.626054
5318.523926 0.000000 10661.127930 0.000000 0.119447 0.000000 0.992841 0.252754 0.252754 0.252754
5287.628418 0.000000 10648.694336 0.000000 0.908807 0.000000 -0.417217 0.575481 0.575481 0.575481
5339.247070 0.000000 10606.868164 0.000000 0.964190 0.000000 -0.265213 0.547412 0.547412 0.547412
5342.532227 0.000000 10631.259766 0.000000 0.439832 0.000000 0.898080 0.305773 0.305773 0.305773
5264.157227 0.000000 10624.001953 0.000000 0.504713 0.000000 0.863287 0.317296 0.317296 0.317296
5287.264648 0.000000 10630.948242 0.000000 0.489556 0.000000 -0.871972 0.685768 0.685768 0.685768
5339.064453 0.000000 10609.971680 0.000000 0.457644 0.000000 0.889135 0.307877 0.307877 0.307877
5257.106934 0.000000 10616.226562 0.000000 0.287093 0.000000 0.957903 0.275580 0.275580 0.275580
5250.434570 0.000000 10655.310547 0.000000 0.337936 0.000000 -0.941169 0.723449 0.723449 0.723449
5254.607422 0.000000 10657.865234 0.000000 0.075321 0.000000 0.997159 0.237732 0.237732 0.237732
5329.665527 0.000000 10645.208984 0.000000 0.986087 0.000000 0.166232 0.471231 0.471231 0.471231
5338.607910 0.000000 10616.864258 0.000000 0.965570 0.000000 0.260142 0.453845 0.453845 0.453845
5333.038574 0.000000 10656.823242 0.000000 0.928624 0.000000 -0.371023 0.566665 0.566665 0.566665
5267.904785 0.000000 10667.416016 0.000000 0.798397 0.000000 -0.602131 0.613326 0.613326 0.613326
5315.155273 0.000000 10671.456055 0.000000 0.397035 0.000000 -0.917803 0.703884 0.703884 0.703884
5271.883301 0.000000 10660.443359 0.000000 0.489504 0.000000 -0.872001 0.685778 0.685778 0.685778
5303.385254 0.000000 10639.435547 0.000000 0.155236 0.000000 -0.987877 0.748154 0.748154 0.748154
5341.017090 0.000000 10611.486328 0.000000 0.624979 0.000000 0.780642 0.342911 0.342911 0.342911
5339.966797 0.000000 10621.359375 0.000000 0.730456 0.000000 0.682960 0.369085 0.369085 0.369085
5337.578125 0.000000 10604.101562 0.000000 0.357601 0.000000 0.933874 0.288647 0.288647 0.288647
5266.778320 0.000000 10643.714844 0.000000 0.912560 0.000000 -0.408942 0.573888 0.573888 0.573888
5293.951172 0.000000 10659.795898 0.000000 0.077060 0.000000 -0.997026 0.759165 0.759165 0.759165
5328.939453 0.000000 10595.417969 0.000000 0.328781 0.000000 0.944406 0.283265 0.283265 0.283265
5342.354980 0.000000 10634.181641 0.000000 0.651923 0.000000 0.758285 0.350664 0.350664 0.350664
5315.310059 0.000000 10651.528320 0.000000 0.945290 0.000000 0.326230 0.441718 0.441718 0.441718
5258.811035 0.000000 10662.447266 0.000000 0.138912 0.000000 -0.990305 0.751048 0.751048 0.751048
5317.253906 0.000000 10659.568359 0.000000 0.267064 0.000000 0.963679 0.271924 0.271924 0.271924
5295.597656 0.000000 10658.823242 0.000000 0.915479 0.000000 -0.402366 0.572626 0.572626 0.572626
5277.443848 0.000000 10644.011719 0.000000 0.731805 0.000000 -0.681514 0.631507 0.631507 0.631507
5333.679199 0.000000 10596.746094 0.000000 0.367278 0.000000 0.930111 0.290468 0.290468 0.290468
5252.703125 0.000000 10657.695312 0.000000 0.473049 0.000000 -0.881036 0.693781 0.693781 0.693781
5341.097656 0.000000 10609.986328 0.000000 0.427128 0.000000 -0.904191 0.712191 0.712191 0.712191
5344.673340 0.000000 10675.105469 0.000000 0.507190 0.000000 0.861834 0.327525 0.327525 0.327525
5343.712402 0.000000 10660.573242 0.000000 0.557179 0.000000 -0.830393 0.659000 0.659000 0.659000
5343.324707 0.000000 10611.401367 0.000000 0.661537 0.000000 -0.749912 0.643420 0.643420 0.643420
5354.047852 0.000000 10661.322266 0.000000 0.100726 0.000000 0.994914 0.258719 0.258719 0.258719
5352.560547 0.000000 10651.291016 0.000000 0.595655 0.000000 -0.803240 0.654850 0.654850 0.654850
5343.319824 0.000000 10672.123047 0.000000 0.443809 0.000000 0.896121 0.307239 0.307239 0.307239
5353.241211 0.000000 10658.571289 0.000000 0.073888 0.000000 0.997267 0.237480 0.237480 0.237480
5352.081543 0.000000 10656.301758 0.000000 0.008334 0.000000 -0.999965 0.773053 0.773053 0.773053
5344.638184 0.000000 10636.535156 0.000000 0.998356 0.000000 -0.057315 0.510058 0.510058 0.510058
5346.197266 0.000000 10661.756836 0.000000 0.999094 0.000000 0.042552 0.492535 0.492535 0.492535
5347.452637 0.000000 10653.793945 0.000000 0.767302 0.000000 -0.641286 0.618186 0.618186 0.618186
5355.422852 0.000000 10658.869141 0.000000 0.824302 0.000000 -0.566151 0.605550 0.605550 0.605550
5344.176758 0.000000 10655.310547 0.000000 0.611367 0.000000 0.791347 0.339874 0.339874 0.339874
5487.216309 0.000000 10588.724609 0.000000 0.950532 0.000000 0.310627 0.413260 0.413260 0.413260
5499.460449 0.000000 10569.208008 0.000000 0.818553 0.000000 -0.574431 0.619921 0.619921 0.619921
5457.026855 0.000000 10572.247070 0.000000 0.804160 0.000000 0.594413 0.372869 0.372869 0.372869
5477.695312 0.000000 10546.058594 0.000000 0.816154 0.000000 -0.577834 0.638425 0.638425 0.638425
5464.211914 0.000000 10518.733398 0.000000 0.977267 0.000000 -0.212011 0.540267 0.540267 0.540267
5528.319336 0.000000 10557.934570 0.000000 0.669839 0.000000 0.742506 0.357417 0.357417 0.357417
5459.220215 0.000000 10577.574219 0.000000 0.741542 0.000000 0.670906 0.344855 0.344855 0.344855
5476.378418 0.000000 10535.267578 0.000000 0.586299 0.000000 0.810095 0.303147 0.303147 0.303147
5474.400879 0.000000 10520.278320 0.000000 0.997559 0.000000 0.069822 0.483121 0.483121 0.483121
5507.627441 0.000000 10560.807617 0.000000 0.979940 0.000000 -0.199292 0.539946 0.539946 0.539946
5504.498047 0.000000 10558.730469 0.000000 0.991267 0.000000 -0.131867 0.525919 0.525919 0.525919
5477.381836 0.000000 10531.406250 0.000000 0.718430 0.000000 0.695599 0.321876 0.321876 0.321876
5511.218262 0.000000 10556.551758 0.000000 0.875640 0.000000 -0.482965 0.629296 0.629296 0.629296
5489.417480 0.000000 10586.023438 0.000000 0.953270 0.000000 -0.302120 0.562256 0.562256 0.562256
5450.900879 0.000000 10576.099609 0.000000 0.726905 0.000000 -0.686738 0.665363 0.665363 0.665363
5465.689453 0.000000 10515.604492 0.000000 0.200388 0.000000 -0.979717 0.730707 0.730707 0.730707
5467.361816 0.000000 10518.868164 0.000000 0.583778 0.000000 0.811913 0.253419 0.253419 0.253419
5528.264648 0.000000 10554.926758 0.000000 0.603701 0.000000 0.797211 0.347395 0.347395 0.347395
5456.904785 0.000000 10575.262695 0.000000 0.511147 0.000000 -0.859494 0.747884 0.747884 0.747884
5526.581543 0.000000 10584.252930 0.000000 0.237793 0.000000 -0.971316 0.837200 0.837200 0.837200
5530.070312 0.000000 10506.429688 0.000000 0.962972 0.000000 0.269602 0.430146 0.430146 0.430146
5479.154297 0.000000 10548.176758 0.000000 0.924569 0.000000 -0.381013 0.571483 0.571483 0.571483
5476.397461 0.000000 10548.233398 0.000000 0.504982 0.000000 -0.863130 0.708650 0.708650 0.708650
5523.166016 0.000000 10569.978516 0.000000 0.028334 0.000000 -0.999599 0.838872 0.838872 0.838872
5441.194824 0.000000 10560.051758 0.000000 0.602607 0.000000 0.798038 0.338518 0.338518 0.338518
5506.767090 0.000000 10558.632812 0.000000 0.880285 0.000000 -0.474445 0.591634 0.591634 0.591634
5453.394043 0.000000 10566.958984 0.000000 0.673442 0.000000 -0.739240 0.667716 0.667716 0.667716
5486.333008 0.000000 10586.546875 0.000000 0.885388 0.000000 -0.464852 0.585697 0.585697 0.585697
5524.974609 0.000000 10585.912109 0.000000 0.727912 0.000000 -0.685671 0.659856 0.659856 0.659856
5478.786133 0.000000 10535.691406 0.000000 0.359956 0.000000 -0.932969 0.787469 0.787469 0.787469
5455.586426 0.000000 10567.281250 0.000000 0.534464 0.000000 0.845191 0.260558 0.260558 0.260558
5453.041016 0.000000 10575.792969 0.000000 0.916318 0.000000 -0.400450 0.575345 0.575345 0.575345
5505.421387 0.000000 10560.707031 0.000000 0.362648 0.000000 -0.931926 0.773301 0.773301 0.773301
5455.389160 0.000000 10573.673828 0.000000 0.717373 0.000000 -0.696689 0.632293 0.632293 0.632293
5442.937012 0.000000 10558.919922 0.000000 0.089814 0.000000 0.995959 0.215328 0.215328 0.215328
5495.375977 0.000000 10577.442383 0.000000 0.887206 0.000000 0.461374 0.400632 0.400632 0.400632
5472.231934 0.000000 10520.908203 0.000000 0.469023 0.000000 0.883186 0.214180 0.214180 0.214180
5498.835449 0.000000 10571.061523 0.000000 0.647351 0.000000 -0.762192 0.760190 0.760190 0.760190
5467.333496 0.000000 10516.904297 0.000000 0.002910 0.000000 -0.999996 0.882623 0.882623 0.882623
5511.412109 0.000000 10554.441406 0.000000 0.019568 0.000000 -0.999809 0.836926 0.836926 0.836926
5472.914062 0.000000 10519.159180 0.000000 0.426772 0.000000 -0.904359 0.698161 0.698161 0.698161
5457.346680 0.000000 10577.078125 0.000000 0.949893 0.000000 0.312575 0.418848 0.418848 0.418848
5530.195312 0.000000 10554.464844 0.000000 0.755035 0.000000 0.655685 0.347361 0.347361 0.347361
5527.246582 0.000000 10582.552734 0.000000 0.542659 0.000000 -0.839953 0.676136 0.676136 0.676136
5465.575684 0.000000 10517.515625 0.000000 0.606982 0.000000 0.794715 0.310813 0.310813 0.310813
5454.747559 0.000000 10575.350586 0.000000 0.835875 0.000000 -0.548920 0.606987 0.606987 0.606987
5488.255371 0.000000 10587.295898 0.000000 0.864306 0.000000 -0.502967 0.606905 0.606905 0.606905
5500.736816 0.000000 10570.387695 0.000000 0.506255 0.000000 -0.862384 0.698618 0.698618 0.698618
5465.731445 0.000000 10519.456055 0.000000 0.128803 0.000000 -0.991670 0.771733 0.771733 0.771733
5450.567383 0.000000 10577.697266 0.000000 0.953672 0.000000 -0.300847 0.566754 0.566754 0.566754
5530.175293 0.000000 10557.883789 0.000000 0.775560 0.000000 -0.631274 0.685061 0.685061 0.685061
5451.999023 0.000000 10574.633789 0.000000 0.983352 0.000000 0.181708 0.465445 0.465445 0.465445
5488.754395 0.000000 10589.159180 0.000000 0.305268 0.000000 0.952266 0.120776 0.120776 0.120776
5475.962402 0.000000 10521.133789 0.000000 0.898290 0.000000 -0.439403 0.609885 0.609885 0.609885
5522.657715 0.000000 10568.569336 0.000000 0.889167 0.000000 0.457582 0.395584 0.395584 0.395584
5442.968262 0.000000 10560.638672 0.000000 0.871449 0.000000 -0.490485 0.635664 0.635664 0.635664
5527.939941 0.000000 10584.988281 0.000000 0.938135 0.000000 -0.346270 0.589600 0.589600 0.589600
5477.762695 0.000000 10547.692383 0.000000 0.325221 0.000000 0.945638 0.221486 0.221486 0.221486
5437.049316 0.000000 10527.008789 0.000000 0.836012 0.000000 -0.548711 0.613466 0.613466 0.613466
5473.545410 0.000000 10521.815430 0.000000 0.108357 0.000000 -0.994112 0.886042 0.886042 0.886042
5476.416504 0.000000 10546.765625 0.000000 0.803958 0.000000 -0.594686 0.643099 0.643099 0.643099
5501.990234 0.000000 10571.021484 0.000000 0.314052 0.000000 0.949406 0.261012 0.261012 0.261012
5476.443359 0.000000 10549.871094 0.000000 0.509070 0.000000 0.860725 0.292301 0.292301 0.292301
5507.967773 0.000000 10559.387695 0.000000 0.178786 0.000000 0.983888 0.242144 0.242144 0.242144
5504.061523 0.000000 10560.049805 0.000000 0.693263 0.000000 0.720685 0.316661 0.316661 0.316661
5453.316406 0.000000 10577.300781 0.000000 0.284561 0.000000 -0.958658 0.763298 0.763298 0.763298
5476.736328 0.000000 10533.869141 0.000000 0.066693 0.000000 -0.997774 0.947777 0.947777 0.947777
5492.138672 0.000000 10576.958984 0.000000 0.322582 0.000000 0.946541 0.183641 0.183641 0.183641
5476.992188 0.000000 10530.084961 0.000000 0.253483 0.000000 -0.967340 0.804383 0.804383 0.804383
5478.812988 0.000000 10546.887695 0.000000 0.211619 0.000000 -0.977352 0.772833 0.772833 0.772833
5505.699707 0.000000 10559.414062 0.000000 0.838277 0.000000 0.545245 0.386983 0.386983 0.386983
5506.443848 0.000000 10561.584961 0.000000 0.809555 0.000000 -0.587044 0.624916 0.624916 0.624916
5452.504883 0.000000 10567.927734 0.000000 0.861475 0.000000 0.507801 0.392624 0.392624 0.392624
5457.226074 0.000000 10573.996094 0.000000 0.346044 0.000000 -0.938218 0.743153 0.743153 0.743153
5452.038574 0.000000 10576.818359 0.000000 0.993952 0.000000 -0.109815 0.522595 0.522595 0.522595
5489.587402 0.000000 10587.370117 0.000000 0.816371 0.000000 0.577528 0.375109 0.375109 0.375109
5522.843262 0.000000 10571.330078 0.000000 0.654151 0.000000 0.756364 0.295498 0.295498 0.295498
5454.574707 0.000000 10566.460938 0.000000 0.107794 0.000000 -0.994173 0.847846 0.847846 0.847846
5504.210449 0.000000 10561.280273 0.000000 0.786613 0.000000 0.617446 0.348394 0.348394 0.348394
5493.838379 0.000000 10577.099609 0.000000 0.987179 0.000000 0.159620 0.459179 0.459179 0.459179
5526.281738 0.000000 10585.491211 0.000000 0.695795 0.000000 0.718240 0.296959 0.296959 0.296959
5477.154297 0.000000 10532.697266 0.000000 0.812929 0.000000 -0.582363 0.685068 0.685068 0.685068
5479.159180 0.000000 10534.328125 0.000000 0.422957 0.000000 0.906150 0.228902 0.228902 0.228902
5477.588867 0.000000 10534.794922 0.000000 0.762876 0.000000 0.646544 0.353442 0.353442 0.353442
5464.847168 0.000000 10516.500000 0.000000 0.359499 0.000000 -0.933145 0.747790 0.747790 0.747790
5487.733887 0.000000 10589.851562 0.000000 0.743496 0.000000 0.668740 0.298837 0.298837 0.298837
5510.264160 0.000000 10554.863281 0.000000 0.944828 0.000000 -0.327566 0.572485 0.572485 0.572485
5452.488281 0.000000 10566.020508 0.000000 0.729453 0.000000 0.684031 0.348143 0.348143 0.348143
5464.252930 0.000000 10517.541992 0.000000 0.044365 0.000000 0.999015 0.185611 0.185611 0.185611
5511.899902 0.000000 10557.601562 0.000000 0.318403 0.000000 -0.947956 0.819817 0.819817 0.819817
5456.268555 0.000000 10577.554688 0.000000 0.941888 0.000000 0.335926 0.412547 0.412547 0.412547
5476.247070 0.000000 10531.172852 0.000000 0.212549 0.000000 -0.977150 0.814130 0.814130 0.814130
5525.375977 0.000000 10584.770508 0.000000 0.336753 0.000000 0.941593 0.240319 0.240319 0.240319
5466.276367 0.000000 10518.458008 0.000000 0.994648 0.000000 0.103320 0.473061 0.473061 0.473061
5486.058105 0.000000 10589.119141 0.000000 0.897937 0.000000 0.440124 0.374846 0.374846 0.374846
5458.437012 0.000000 10576.764648 0.000000 0.256751 0.000000 0.966478 0.223405 0.223405 0.223405
5473.224609 0.000000 10520.314453 0.000000 0.666952 0.000000 0.745100 0.278051 0.278051 0.278051
5493.046387 0.000000 10576.261719 0.000000 0.676947 0.000000 -0.736032 0.710642 0.710642 0.710642
5495.107422 0.000000 10576.291992 0.000000 0.984614 0.000000 -0.174744 0.536396 0.536396 0.536396
5499.645508 0.000000 10570.272461 0.000000 0.975784 0.000000 0.218738 0.433797 0.433797 0.433797
5466.254883 0.000000 10516.542969 0.000000 0.986439 0.000000 0.164128 0.459765 0.459765 0.459765
5450.062012 0.000000 10576.757812 0.000000 0.705671 0.000000 -0.708539 0.672012 0.672012 0.672012
5467.914551 0.000000 10519.780273 0.000000 0.295567 0.000000 -0.955322 0.830731 0.830731 0.830731
5453.889648 0.000000 10576.392578 0.000000 0.990577 0.000000 0.136954 0.471789 0.471789 0.471789
5511.206543 0.000000 10555.515625 0.000000 0.843467 0.000000 -0.537180 0.623172 0.623172 0.623172
5457.802734 0.000000 10575.914062 0.000000 0.831303 0.000000 -0.555819 0.641248 0.641248 0.641248
5523.627441 0.000000 10571.977539 0.000000 0.108935 0.000000 0.994049 0.151514 0.151514 0.151514
5530.403320 0.000000 10555.500977 0.000000 0.456737 0.000000 -0.889602 0.734047 0.734047 0.734047
5474.820312 0.000000 10521.255859 0.000000 0.074619 0.000000 -0.997212 0.861371 0.861371 0.861371
5488.889160 0.000000 10588.145508 0.000000 0.651210 0.000000 0.758898 0.240796 0.240796 0.240796
5499.817383 0.000000 10571.335938 0.000000 0.940904 0.000000 0.338674 0.396275 0.396275 0.396275
5530.613770 0.000000 10556.860352 0.000000 0.389262 0.000000 0.921127 0.182814 0.182814 0.182814
5510.261719 0.000000 10556.246094 0.000000 0.998525 0.000000 -0.054294 0.513934 0.513934 0.513934
5510.698242 0.000000 10557.409180 0.000000 0.695264 0.000000 -0.718754 0.705732 0.705732 0.705732
5523.561035 0.000000 10568.209961 0.000000 0.955251 0.000000 -0.295796 0.565972 0.565972 0.565972
5477.866699 0.000000 10530.540039 0.000000 0.888678 0.000000 -0.458531 0.610299 0.610299 0.610299
5523.722656 0.000000 10570.960938 0.000000 0.818032 0.000000 -0.575172 0.646107 0.646107 0.646107
5476.294922 0.000000 10532.125977 0.000000 0.712493 0.000000 -0.701679 0.731547 0.731547 0.731547
5467.182617 0.000000 10517.903320 0.000000 0.761573 0.000000 0.648079 0.327939 0.327939 0.327939
5498.006836 0.000000 10571.916992 0.000000 0.975053 0.000000 -0.221974 0.567198 0.567198 0.567198
5530.370605 0.000000 10508.306641 0.000000 0.704974 0.000000 -0.709233 0.671734 0.671734 0.671734
5522.071777 0.000000 10571.906250 0.000000 0.012715 0.000000 -0.999919 0.871478 0.871478 0.871478
5530.391113 0.000000 10507.361328 0.000000 0.973206 0.000000 0.229936 0.440629 0.440629 0.440629
5475.324219 0.000000 10520.441406 0.000000 0.980624 0.000000 0.195900 0.452374 0.452374 0.452374
5456.904785 0.000000 10576.207031 0.000000 0.978013 0.000000 0.208543 0.446371 0.446371 0.446371
5454.564453 0.000000 10567.405273 0.000000 0.813928 0.000000 -0.580966 0.647413 0.647413 0.647413
5527.193848 0.000000 10585.542969 0.000000 0.068726 0.000000 -0.997636 0.880610 0.880610 0.880610
5522.395996 0.000000 10570.527344 0.000000 0.499214 0.000000 0.866479 0.250111 0.250111 0.250111
5487.912109 0.000000 10588.156250 0.000000 0.949261 0.000000 0.314489 0.412144 0.412144 0.412144
5498.950684 0.000000 10571.978516 0.000000 0.164481 0.000000 -0.986380 0.921964 0.921964 0.921964
5489.639160 0.000000 10589.320312 0.000000 0.710577 0.000000 0.703619 0.265206 0.265206 0.265206
5443.959961 0.000000 10560.587891 0.000000 0.712751 0.000000 0.701417 0.294278 0.294278 0.294278
5467.000000 0.000000 10516.104492 0.000000 0.905649 0.000000 0.424028 0.393139 0.393139 0.393139
5466.464844 0.000000 10517.422852 0.000000 0.182798 0.000000 -0.983150 0.838471 0.838471 0.838471
5505.092773 0.000000 10561.546875 0.000000 0.906092 0.000000 -0.423081 0.599517 0.599517 0.599517
5473.840820 0.000000 10520.995117 0.000000 0.482456 0.000000 -0.875920 0.781788 0.781788 0.781788
5478.466797 0.000000 10534.882812 0.000000 0.977898 0.000000 -0.209083 0.550352 0.550352 0.550352
5466.579102 0.000000 10519.250000 0.000000 0.058871 0.000000 -0.998266 0.893493 0.893493 0.893493
5442.471191 0.000000 10561.322266 0.000000 0.885519 0.000000 0.464604 0.372132 0.372132 0.372132
5456.399414 0.000000 10574.169922 0.000000 0.965865 0.000000 0.259047 0.437198 0.437198 0.437198
5472.750488 0.000000 10521.579102 0.000000 0.701426 0.000000 0.712742 0.290535 0.290535 0.290535
5486.458496 0.000000 10588.371094 0.000000 0.602533 0.000000 -0.798094 0.753783 0.753783 0.753783
5488.592285 0.000000 10589.958984 0.000000 0.968120 0.000000 0.250487 0.423834 0.423834 0.423834
5492.125977 0.000000 10577.810547 0.000000 0.327465 0.000000 -0.944863 0.815044 0.815044 0.815044
5531.274414 0.000000 10556.007812 0.000000 0.340766 0.000000 0.940148 0.168702 0.168702 0.168702
5542.181152 0.000000 10499.141602 0.000000 0.943527 0.000000 -0.331294 0.599898 0.599898 0.599898
5530.813477 0.000000 10509.182617 0.000000 0.693622 0.000000 0.720339 0.324806 0.324806 0.324806
5610.406738 0.000000 10579.572266 0.000000 0.985723 0.000000 -0.168375 0.538858 0.538858 0.538858
5534.962891 0.000000 10537.795898 0.000000 0.263785 0.000000 -0.964581 0.718094 0.718094 0.718094
5542.719238 0.000000 10503.611328 0.000000 0.832176 0.000000 0.554511 0.364265 0.364265 0.364265
5608.216309 0.000000 10578.061523 0.000000 0.947071 0.000000 0.321024 0.430241 0.430241 0.430241
5536.699219 0.000000 10539.634766 0.000000 0.887892 0.000000 0.460052 0.387813 0.387813 0.387813
5532.653809 0.000000 10557.979492 0.000000 0.652365 0.000000 -0.757905 0.731905 0.731905 0.731905
5542.316895 0.000000 10501.433594 0.000000 0.891727 0.000000 0.452573 0.380112 0.380112 0.380112
5611.822266 0.000000 10576.705078 0.000000 0.999884 0.000000 -0.015262 0.502724 0.502724 0.502724
5532.671875 0.000000 10554.511719 0.000000 0.835888 0.000000 -0.548899 0.606983 0.606983 0.606983
5610.090820 0.000000 10577.752930 0.000000 0.832447 0.000000 -0.554105 0.604833 0.604833 0.604833
5533.651855 0.000000 10556.418945 0.000000 0.892106 0.000000 -0.451826 0.626404 0.626404 0.626404
5601.877441 0.000000 10571.724609 0.000000 0.541516 0.000000 0.840690 0.208949 0.208949 0.208949
5530.804688 0.000000 10557.836914 0.000000 0.759188 0.000000 -0.650871 0.691978 0.691978 0.691978
5543.813965 0.000000 10499.780273 0.000000 0.672151 0.000000 -0.740414 0.746639 0.746639 0.746639
5536.384277 0.000000 10505.109375 0.000000 0.991107 0.000000 -0.133065 0.539233 0.539233 0.539233
5531.044922 0.000000 10507.567383 0.000000 0.991727 0.000000 0.128362 0.467062 0.467062 0.467062
5611.918945 0.000000 10579.989258 0.000000 0.670632 0.000000 -0.741790 0.691954 0.691954 0.691954
5597.018555 0.000000 10582.880859 0.000000 0.887227 0.000000 -0.461333 0.629285 0.629285 0.629285
5535.149902 0.000000 10539.545898 0.000000 0.962839 0.000000 0.270077 0.431214 0.431214 0.431214
5608.841309 0.000000 10579.482422 0.000000 0.273156 0.000000 0.961970 0.223763 0.223763 0.223763
5611.400391 0.000000 10578.461914 0.000000 0.540702 0.000000 0.841214 0.270427 0.270427 0.270427
5536.394043 0.000000 10538.159180 0.000000 0.248452 0.000000 -0.968644 0.809705 0.809705 0.809705
5543.625977 0.000000 10502.500977 0.000000 0.177660 0.000000 0.984092 0.178501 0.178501 0.178501
5537.730469 0.000000 10538.812500 0.000000 0.998900 0.000000 0.046898 0.488990 0.488990 0.488990
5601.690430 0.000000 10570.489258 0.000000 0.635770 0.000000 -0.771879 0.757017 0.757017 0.757017
5543.908691 0.000000 10503.710938 0.000000 0.161031 0.000000 -0.986949 0.825395 0.825395 0.825395
5542.715332 0.000000 10500.283203 0.000000 0.863608 0.000000 0.504164 0.365111 0.365111 0.365111
5531.820801 0.000000 10557.081055 0.000000 0.321064 0.000000 -0.947057 0.836954 0.836954 0.836954
5531.508789 0.000000 10554.836914 0.000000 0.551837 0.000000 0.833952 0.289484 0.289484 0.289484
5533.816406 0.000000 10557.593750 0.000000 0.238969 0.000000 -0.971027 0.858467 0.858467 0.858467
5600.773926 0.000000 10571.374023 0.000000 0.907487 0.000000 0.420079 0.373637 0.373637 0.373637
5537.597656 0.000000 10505.355469 0.000000 0.223942 0.000000 0.974602 0.104630 0.104630 0.104630
5543.434570 0.000000 10501.239258 0.000000 0.012324 0.000000 -0.999924 0.897834 0.897834 0.897834
5596.044922 0.000000 10583.433594 0.000000 0.948390 0.000000 0.317108 0.412997 0.412997 0.412997
5609.498047 0.000000 10578.649414 0.000000 0.433443 0.000000 -0.901181 0.739600 0.739600 0.739600
5536.138184 0.000000 10504.041992 0.000000 0.937861 0.000000 0.347011 0.395823 0.395823 0.395823
5531.577637 0.000000 10506.644531 0.000000 0.988206 0.000000 -0.153130 0.539340 0.539340 0.539340
5532.857910 0.000000 10557.024414 0.000000 0.700621 0.000000 0.713533 0.285773 0.285773 0.285773
5535.567871 0.000000 10538.639648 0.000000 0.325958 0.000000 0.945384 0.188415 0.188415 0.188415
5542.605469 0.000000 10502.353516 0.000000 0.829010 0.000000 -0.559234 0.637048 0.637048 0.637048
5531.698730 0.000000 10509.480469 0.000000 0.773049 0.000000 0.634346 0.350320 0.350320 0.350320
5610.447266 0.000000 10578.631836 0.000000 0.903775 0.000000 0.428007 0.398415 0.398415 0.398415
5537.030762 0.000000 10504.457031 0.000000 0.405805 0.000000 0.913960 0.161073 0.161073 0.161073
5597.348633 0.000000 10583.843750 0.000000 0.725358 0.000000 -0.688371 0.704712 0.704712 0.704712
5530.876465 0.000000 10556.839844 0.000000 0.064664 0.000000 -0.997907 0.907962 0.907962 0.907962
5543.117676 0.000000 10499.195312 0.000000 0.772840 0.000000 0.634601 0.296612 0.296612 0.296612
5597.994629 0.000000 10582.822266 0.000000 0.997787 0.000000 -0.066494 0.517942 0.517942 0.517942
5534.662598 0.000000 10538.654297 0.000000 0.886522 0.000000 0.462687 0.379009 0.379009 0.379009
5531.958984 0.000000 10507.480469 0.000000 0.372082 0.000000 0.928200 0.195600 0.195600 0.195600
5600.756348 0.000000 10570.478516 0.000000 0.382897 0.000000 -0.923791 0.843315 0.843315 0.843315
5534.242188 0.000000 10539.455078 0.000000 0.999941 0.000000 -0.010870 0.502734 0.502734 0.502734
5536.811035 0.000000 10505.854492 0.000000 0.958145 0.000000 0.286282 0.414648 0.414648 0.414648
5537.256348 0.000000 10538.008789 0.000000 0.588849 0.000000 0.808243 0.279132 0.279132 0.279132
5536.891602 0.000000 10538.823242 0.000000 0.980686 0.000000 0.195590 0.453802 0.453802 0.453802
5597.412109 0.000000 10582.166992 0.000000 0.932194 0.000000 -0.361960 0.599862 0.599862 0.599862
5513.880371 0.000000 10629.647461 0.000000 0.934000 0.000000 0.357272 0.426348 0.426348 0.426348
5499.874023 0.000000 10623.980469 0.000000 0.517156 0.000000 0.855891 0.289700 0.289700 0.289700
5527.821777 0.000000 10598.752930 0.000000 0.361878 0.000000 0.932225 0.281209 0.281209 0.281209
5462.470215 0.000000 10608.164062 0.000000 0.510214 0.000000 0.860047 0.203390 0.203390 0.203390
5510.760254 0.000000 10627.515625 0.000000 0.785575 0.000000 0.618766 0.375911 0.375911 0.375911
5530.761719 0.000000 10606.365234 0.000000 0.292190 0.000000 -0.956360 0.720305 0.720305 0.720305
5452.576172 0.000000 10605.088867 0.000000 0.057431 0.000000 0.998349 0.093853 0.093853 0.093853
5527.267090 0.000000 10601.655273 0.000000 0.412954 0.000000 0.910752 0.297740 0.297740 0.297740
5469.365723 0.000000 10616.395508 0.000000 0.308040 0.000000 -0.951374 0.732347 0.732347 0.732347
5501.739258 0.000000 10622.204102 0.000000 0.624856 0.000000 -0.780740 0.710793 0.710793 0.710793
5508.431641 0.000000 10632.649414 0.000000 0.482427 0.000000 0.875936 0.252178 0.252178 0.252178
5468.764648 0.000000 10618.790039 0.000000 0.263889 0.000000 -0.964553 0.880005 0.880005 0.880005
5475.708008 0.000000 10626.697266 0.000000 0.049828 0.000000 0.998758 0.177245 0.177245 0.177245
5463.600586 0.000000 10610.209961 0.000000 0.778280 0.000000 0.627917 0.359328 0.359328 0.359328
5512.428223 0.000000 10626.419922 0.000000 0.999198 0.000000 -0.040036 0.506974 0.506974 0.506974
5512.002930 0.000000 10628.951172 0.000000 0.938876 0.000000 -0.344256 0.570850 0.570850 0.570850
5526.132324 0.000000 10598.126953 0.000000 0.676219 0.000000 -0.736701 0.650934 0.650934 0.650934
5528.386230 0.000000 10600.457031 0.000000 0.580566 0.000000 -0.814214 0.699512 0.699512 0.699512
5451.223145 0.000000 10604.128906 0.000000 0.743919 0.000000 -0.668269 0.649828 0.649828 0.649828
5462.094238 0.000000 10609.868164 0.000000 0.506864 0.000000 -0.862026 0.797724 0.797724 0.797724
5507.253906 0.000000 10633.817383 0.000000 0.083328 0.000000 0.996522 0.192725 0.192725 0.192725
5451.278809 0.000000 10605.867188 0.000000 0.284771 0.000000 -0.958596 0.762453 0.762453 0.762453
5529.516602 0.000000 10601.526367 0.000000 0.128180 0.000000 -0.991751 0.802457 0.802457 0.802457
5501.274902 0.000000 10623.600586 0.000000 0.981532 0.000000 -0.191297 0.545291 0.545291 0.545291
5476.736328 0.000000 10627.611328 0.000000 0.999628 0.000000 0.027288 0.493561 0.493561 0.493561
5529.045410 0.000000 10599.300781 0.000000 0.980271 0.000000 0.197657 0.454922 0.454922 0.454922
5530.573730 0.000000 10609.028320 0.000000 0.883046 0.000000 0.469287 0.378048 0.378048 0.378048
5500.482422 0.000000 10622.508789 0.000000 0.270943 0.000000 -0.962595 0.805048 0.805048 0.805048
5453.435059 0.000000 10604.051758 0.000000 0.558903 0.000000 -0.829233 0.762403 0.762403 0.762403
5477.154297 0.000000 10626.439453 0.000000 0.796362 0.000000 -0.604821 0.653242 0.653242 0.653242
5499.268555 0.000000 10622.887695 0.000000 0.651722 0.000000 -0.758458 0.676250 0.676250 0.676250
5469.624023 0.000000 10619.661133 0.000000 0.975503 0.000000 -0.219988 0.564649 0.564649 0.564649
5510.878906 0.000000 10629.597656 0.000000 0.797533 0.000000 -0.603275 0.651572 0.651572 0.651572
5509.591309 0.000000 10633.259766 0.000000 0.934928 0.000000 -0.354837 0.584221 0.584221 0.584221
5463.189453 0.000000 10609.094727 0.000000 0.799620 0.000000 0.600506 0.315469 0.315469 0.315469
5474.560547 0.000000 10626.369141 0.000000 0.978762 0.000000 -0.204999 0.543813 0.543813 0.543813
5462.677246 0.000000 10610.904297 0.000000 0.955280 0.000000 0.295703 0.437796 0.437796 0.437796
5469.890625 0.000000 10618.640625 0.000000 0.950027 0.000000 -0.312168 0.592535 0.592535 0.592535
5511.047363 0.000000 10628.513672 0.000000 0.280051 0.000000 0.959985 0.198788 0.198788 0.198788
5509.362793 0.000000 10632.136719 0.000000 0.999764 0.000000 0.021723 0.494956 0.494956 0.494956
5452.973145 0.000000 10605.992188 0.000000 0.459788 0.000000 -0.888029 0.793349 0.793349 0.793349
5453.504883 0.000000 10605.221680 0.000000 0.997998 0.000000 -0.063239 0.516983 0.516983 0.516983
5528.201172 0.000000 10599.549805 0.000000 0.787438 0.000000 -0.616394 0.650472 0.650472 0.650472
5508.077637 0.000000 10633.480469 0.000000 0.956552 0.000000 0.291561 0.431308 0.431308 0.431308
5511.713867 0.000000 10629.940430 0.000000 0.960962 0.000000 0.276679 0.434387 0.434387 0.434387
5452.157715 0.000000 10605.840820 0.000000 0.328322 0.000000 -0.944566 0.831789 0.831789 0.831789
5500.503906 0.000000 10623.341797 0.000000 0.622306 0.000000 -0.782774 0.711561 0.711561 0.711561
5538.641113 0.000000 10628.510742 0.000000 0.560468 0.000000 0.828176 0.310582 0.310582 0.310582
5546.356445 0.000000 10641.678711 0.000000 0.967106 0.000000 -0.254374 0.558111 0.558111 0.558111
5596.340332 0.000000 10599.069336 0.000000 0.705863 0.000000 0.708349 0.288744 0.288744 0.288744
5621.563965 0.000000 10598.752930 0.000000 0.949081 0.000000 0.315032 0.445992 0.445992 0.445992
5599.205078 0.000000 10597.791016 0.000000 0.998997 0.000000 0.044768 0.491950 0.491950 0.491950
5623.472168 0.000000 10596.016602 0.000000 0.990536 0.000000 0.137250 0.468548 0.468548 0.468548
5533.420898 0.000000 10609.819336 0.000000 0.892354 0.000000 -0.451337 0.596738 0.596738 0.596738
5562.471191 0.000000 10636.975586 0.000000 0.724789 0.000000 -0.688971 0.692601 0.692601 0.692601
5578.347168 0.000000 10645.733398 0.000000 0.913661 0.000000 0.406476 0.411694 0.411694 0.411694
5531.554199 0.000000 10608.176758 0.000000 0.036993 0.000000 -0.999316 0.882919 0.882919 0.882919
5541.130859 0.000000 10628.662109 0.000000 0.296824 0.000000 0.954932 0.240126 0.240126 0.240126
5569.290527 0.000000 10658.585938 0.000000 0.998129 0.000000 0.061141 0.481710 0.481710 0.481710
5539.912598 0.000000 10630.761719 0.000000 0.062010 0.000000 0.998076 0.193959 0.193959 0.193959
5539.880859 0.000000 10626.470703 0.000000 0.995443 0.000000 0.095356 0.481105 0.481105 0.481105
5569.474121 0.000000 10656.279297 0.000000 0.766232 0.000000 -0.642564 0.619340 0.619340 0.619340
5596.875000 0.000000 10597.170898 0.000000 0.130836 0.000000 -0.991404 0.797403 0.797403 0.797403
5562.721680 0.000000 10639.662109 0.000000 0.207253 0.000000 -0.978287 0.790732 0.790732 0.790732
5623.206543 0.000000 10597.850586 0.000000 0.344742 0.000000 -0.938698 0.778423 0.778423 0.778423
5581.385254 0.000000 10628.539062 0.000000 0.786789 0.000000 -0.617222 0.701363 0.701363 0.701363
5576.980957 0.000000 10646.761719 0.000000 0.968442 0.000000 0.249240 0.453621 0.453621 0.453621
5531.601562 0.000000 10609.947266 0.000000 0.378988 0.000000 -0.925402 0.795115 0.795115 0.795115
5579.133301 0.000000 10644.205078 0.000000 0.865324 0.000000 0.501213 0.389247 0.389247 0.389247
5597.979980 0.000000 10599.134766 0.000000 0.543636 0.000000 -0.839321 0.767314 0.767314 0.767314
5599.208984 0.000000 10596.124023 0.000000 0.996992 0.000000 -0.077506 0.513946 0.513946 0.513946
5579.972168 0.000000 10645.610352 0.000000 0.058480 0.000000 -0.998289 0.819029 0.819029 0.819029
5538.751465 0.000000 10631.721680 0.000000 0.683652 0.000000 -0.729808 0.665935 0.665935 0.665935
5577.633789 0.000000 10644.345703 0.000000 0.999562 0.000000 0.029582 0.493445 0.493445 0.493445
5599.456543 0.000000 10599.244141 0.000000 0.740766 0.000000 -0.671764 0.646195 0.646195 0.646195
5538.597656 0.000000 10629.958984 0.000000 0.989799 0.000000 -0.142467 0.527748 0.527748 0.527748
5539.952637 0.000000 10627.905273 0.000000 0.440007 0.000000 0.897995 0.279358 0.279358 0.279358
5547.622559 0.000000 10642.322266 0.000000 0.755845 0.000000 0.654751 0.341833 0.341833 0.341833
5533.224121 0.000000 10608.316406 0.000000 0.861898 0.000000 0.507082 0.390137 0.390137 0.390137
5538.428223 0.000000 10626.456055 0.000000 0.982794 0.000000 -0.184707 0.536756 0.536756 0.536756
5563.676758 0.000000 10637.698242 0.000000 0.941575 0.000000 -0.336803 0.587048 0.587048 0.587048
5539.882324 0.000000 10629.362305 0.000000 0.225166 0.000000 0.974320 0.239182 0.239182 0.239182
5541.113770 0.000000 10627.049805 0.000000 0.757013 0.000000 -0.653399 0.651550 0.651550 0.651550
5622.787598 0.000000 10599.300781 0.000000 0.439688 0.000000 0.898151 0.243083 0.243083 0.243083
5541.076660 0.000000 10630.022461 0.000000 0.982497 0.000000 0.186280 0.450882 0.450882 0.450882
5546.469238 0.000000 10640.353516 0.000000 0.805604 0.000000 0.592455 0.356732 0.356732 0.356732
5577.098145 0.000000 10645.467773 0.000000 0.210479 0.000000 0.977598 0.198948 0.198948 0.198948
5568.041504 0.000000 10658.622070 0.000000 0.958492 0.000000 -0.285121 0.586440 0.586440 0.586440
5541.159180 0.000000 10631.521484 0.000000 0.437892 0.000000 0.899028 0.207050 0.207050 0.207050
5568.918457 0.000000 10659.807617 0.000000 0.999349 0.000000 -0.036087 0.510791 0.510791 0.510791
5596.163574 0.000000 10596.184570 0.000000 0.922942 0.000000 -0.384939 0.581632 0.581632 0.581632
5547.560059 0.000000 10640.997070 0.000000 0.994442 0.000000 -0.105283 0.523832 0.523832 0.523832
5580.147461 0.000000 10628.287109 0.000000 0.100348 0.000000 -0.994952 0.945063 0.945063 0.945063
5622.447266 0.000000 10596.904297 0.000000 0.991134 0.000000 0.132866 0.469559 0.469559 0.469559
5532.322266 0.000000 10609.026367 0.000000 0.706440 0.000000 0.707773 0.337550 0.337550 0.337550
5597.221191 0.000000 10598.286133 0.000000 0.997041 0.000000 0.076868 0.479350 0.479350 0.479350
5580.935547 0.000000 10629.688477 0.000000 0.390845 0.000000 -0.920457 0.853939 0.853939 0.853939
5563.294434 0.000000 10638.733398 0.000000 0.219591 0.000000 0.975592 0.211964 0.211964 0.211964
5563.849121 0.000000 10639.896484 0.000000 0.119539 0.000000 0.992830 0.190283 0.190283 0.190283
5576.609863 0.000000 10644.546875 0.000000 0.026121 0.000000 0.999659 0.157749 0.157749 0.157749
5530.818848 0.000000 10608.934570 0.000000 0.824479 0.000000 0.565893 0.349829 0.349829 0.349829
5563.196289 0.000000 10636.253906 0.000000 0.818905 0.000000 0.573929 0.345098 0.345098 0.345098
5622.070801 0.000000 10597.880859 0.000000 0.794531 0.000000 0.607224 0.350933 0.350933 0.350933
5546.895508 0.000000 10643.025391 0.000000 0.924939 0.000000 -0.380115 0.586394 0.586394 0.586394
5596.408203 0.000000 10599.988281 0.000000 0.959708 0.000000 0.281000 0.423556 0.423556 0.423556
5562.782227 0.000000 10637.908203 0.000000 0.895326 0.000000 -0.445411 0.616978 0.616978 0.616978
5597.156738 0.000000 10599.509766 0.000000 0.995525 0.000000 -0.094496 0.525399 0.525399 0.525399
5562.336914 0.000000 10636.084961 0.000000 0.624200 0.000000 0.781264 0.272779 0.272779 0.272779
5569.791992 0.000000 10659.291016 0.000000 0.884667 0.000000 -0.466223 0.645001 0.645001 0.645001
5269.572754 0.000000 10718.758789 0.000000 0.676800 0.000000 -0.736167 0.645110 0.645110 0.645110
5284.754395 0.000000 10710.405273 0.000000 0.785246 0.000000 -0.619183 0.610019 0.610019 0.610019
5254.013672 0.000000 10714.043945 0.000000 0.868011 0.000000 0.496545 0.413085 0.413085 0.413085
5255.049805 0.000000 10716.498047 0.000000 0.740941 0.000000 0.671570 0.376836 0.376836 0.376836
5289.623535 0.000000 10707.542969 0.000000 0.340786 0.000000 0.940141 0.232065 0.232065 0.232065
5281.881348 0.000000 10710.137695 0.000000 0.724027 0.000000 0.689772 0.373154 0.373154 0.373154
5285.739746 0.000000 10713.314453 0.000000 0.347289 0.000000 0.937758 0.295063 0.295063 0.295063
5268.186523 0.000000 10716.532227 0.000000 0.891893 0.000000 -0.452247 0.582304 0.582304 0.582304
5281.280273 0.000000 10712.532227 0.000000 0.837185 0.000000 0.546920 0.401399 0.401399 0.401399
5267.617188 0.000000 10718.651367 0.000000 0.783749 0.000000 -0.621077 0.615854 0.615854 0.615854
5256.908691 0.000000 10716.829102 0.000000 0.958259 0.000000 0.285901 0.449148 0.449148 0.449148
5321.003906 0.000000 10688.493164 0.000000 0.601804 0.000000 -0.798644 0.665122 0.665122 0.665122
5289.143555 0.000000 10706.132812 0.000000 0.161440 0.000000 0.986883 0.191405 0.191405 0.191405
5288.037598 0.000000 10706.924805 0.000000 0.981375 0.000000 0.192102 0.457653 0.457653 0.457653
5632.676758 0.000000 10584.914062 0.000000 0.157442 0.000000 -0.987528 0.751289 0.751289 0.751289
5639.708984 0.000000 10589.516602 0.000000 0.308242 0.000000 -0.951308 0.828056 0.828056 0.828056
5631.730957 0.000000 10582.759766 0.000000 0.836278 0.000000 0.548306 0.341714 0.341714 0.341714
5633.492188 0.000000 10583.280273 0.000000 0.459436 0.000000 -0.888211 0.718385 0.718385 0.718385
5639.023438 0.000000 10588.162109 0.000000 0.721455 0.000000 0.692462 0.300447 0.300447 0.300447
5631.173340 0.000000 10585.017578 0.000000 0.337897 0.000000 -0.941183 0.750241 0.750241 0.750241
5633.083008 0.000000 10582.064453 0.000000 0.034082 0.000000 -0.999419 0.806917 0.806917 0.806917
5630.390137 0.000000 10582.770508 0.000000 0.980452 0.000000 0.196759 0.445982 0.445982 0.445982
5631.862793 0.000000 10584.033203 0.000000 0.873266 0.000000 0.487244 0.396131 0.396131 0.396131
5638.704590 0.000000 10589.200195 0.000000 0.755194 0.000000 0.655501 0.313504 0.313504 0.313504
5630.949707 0.000000 10583.582031 0.000000 0.996860 0.000000 -0.079189 0.521621 0.521621 0.521621
5690.082520 0.000000 10599.069336 0.000000 0.579050 0.000000 0.815292 0.338769 0.338769 0.338769
5654.398926 0.000000 10617.239258 0.000000 0.999087 0.000000 -0.042716 0.507307 0.507307 0.507307
5638.159668 0.000000 10618.165039 0.000000 0.735242 0.000000 0.677805 0.354505 0.354505 0.354505
5642.895020 0.000000 10606.058594 0.000000 0.586699 0.000000 0.809805 0.282632 0.282632 0.282632
5629.216309 0.000000 10640.302734 0.000000 0.667150 0.000000 0.744924 0.358899 0.358899 0.358899
5704.149414 0.000000 10647.359375 0.000000 0.818296 0.000000 -0.574798 0.649820 0.649820 0.649820
5664.749512 0.000000 10681.940430 0.000000 0.906296 0.000000 0.422642 0.417206 0.417206 0.417206
5654.123535 0.000000 10628.025391 0.000000 0.405957 0.000000 -0.913892 0.710810 0.710810 0.710810
5640.060547 0.000000 10605.088867 0.000000 0.915980 0.000000 0.401224 0.430170 0.430170 0.430170
5656.850098 0.000000 10616.395508 0.000000 0.733685 0.000000 -0.679490 0.725676 0.725676 0.725676
5692.555664 0.000000 10600.630859 0.000000 0.906428 0.000000 -0.422361 0.595254 0.595254 0.595254
5641.173828 0.000000 10607.820312 0.000000 0.689804 0.000000 -0.723996 0.636933 0.636933 0.636933
5628.040527 0.000000 10642.508789 0.000000 0.544439 0.000000 -0.838801 0.737868 0.737868 0.737868
5636.553711 0.000000 10616.124023 0.000000 0.465654 0.000000 -0.884967 0.727834 0.727834 0.727834
5691.883301 0.000000 10628.848633 0.000000 0.834560 0.000000 0.550918 0.356156 0.356156 0.356156
5654.190430 0.000000 10630.216797 0.000000 0.961348 0.000000 -0.275335 0.567201 0.567201 0.567201
5703.218750 0.000000 10649.246094 0.000000 0.034286 0.000000 0.999412 0.231483 0.231483 0.231483
5668.867188 0.000000 10662.185547 0.000000 0.525597 0.000000 -0.850734 0.703195 0.703195 0.703195
5667.451172 0.000000 10664.112305 0.000000 0.896853 0.000000 0.442328 0.397335 0.397335 0.397335
5702.119141 0.000000 10647.439453 0.000000 0.558304 0.000000 -0.829637 0.682597 0.682597 0.682597
5671.480957 0.000000 10609.875000 0.000000 0.953014 0.000000 -0.302925 0.594698 0.594698 0.594698
5655.832031 0.000000 10628.875000 0.000000 0.237864 0.000000 -0.971298 0.743335 0.743335 0.743335
5664.400391 0.000000 10683.860352 0.000000 0.169153 0.000000 0.985590 0.096944 0.096944 0.096944
5639.751465 0.000000 10619.322266 0.000000 0.113412 0.000000 0.993548 0.215341 0.215341 0.215341
5634.930664 0.000000 10656.918945 0.000000 0.697608 0.000000 0.716480 0.294608 0.294608 0.294608
5637.077637 0.000000 10619.473633 0.000000 0.988852 0.000000 0.148901 0.470523 0.470523 0.470523
5629.008301 0.000000 10643.818359 0.000000 0.047853 0.000000 0.998854 0.135953 0.135953 0.135953
5667.005371 0.000000 10662.553711 0.000000 0.551082 0.000000 0.834451 0.244931 0.244931 0.244931
5705.317383 0.000000 10648.437500 0.000000 0.531235 0.000000 -0.847224 0.709439 0.709439 0.709439
5703.150879 0.000000 10646.208008 0.000000 0.919228 0.000000 -0.393724 0.575520 0.575520 0.575520
5638.087402 0.000000 10616.652344 0.000000 0.478673 0.000000 0.877993 0.275264 0.275264 0.275264
5693.198730 0.000000 10599.244141 0.000000 0.985016 0.000000 0.172462 0.455862 0.455862 0.455862
5693.115723 0.000000 10601.981445 0.000000 0.245759 0.000000 0.969331 0.211104 0.211104 0.211104
5636.833984 0.000000 10617.536133 0.000000 0.518716 0.000000 -0.854947 0.715047 0.715047 0.715047
5642.666016 0.000000 10607.498047 0.000000 0.510200 0.000000 -0.860056 0.738455 0.738455 0.738455
5643.213867 0.000000 10604.721680 0.000000 0.562036 0.000000 -0.827113 0.721876 0.721876 0.721876
5657.049316 0.000000 10615.011719 0.000000 0.952310 0.000000 -0.305132 0.562123 0.562123 0.562123
5639.595703 0.000000 10617.886719 0.000000 0.757969 0.000000 0.652290 0.350980 0.350980 0.350980
5670.681152 0.000000 10608.565430 0.000000 0.818495 0.000000 0.574514 0.311685 0.311685 0.311685
5690.689941 0.000000 10628.162109 0.000000 0.840173 0.000000 -0.542318 0.641312 0.641312 0.641312
5654.675293 0.000000 10631.574219 0.000000 0.823751 0.000000 -0.566951 0.645225 0.645225 0.645225
5626.751953 0.000000 10642.084961 0.000000 0.191209 0.000000 -0.981549 0.827779 0.827779 0.827779
5635.676270 0.000000 10657.999023 0.000000 0.069049 0.000000 0.997613 0.113848 0.113848 0.113848
5665.529785 0.000000 10683.201172 0.000000 0.898747 0.000000 0.438468 0.369403 0.369403 0.369403
5652.977539 0.000000 10630.941406 0.000000 0.296182 0.000000 0.955131 0.244745 0.244745 0.244745
5668.536133 0.000000 10663.389648 0.000000 0.559653 0.000000 -0.828727 0.695096 0.695096 0.695096
5704.946777 0.000000 10646.397461 0.000000 0.299702 0.000000 0.954033 0.190156 0.190156 0.190156
5626.958496 0.000000 10643.282227 0.000000 0.548783 0.000000 -0.835965 0.735392 0.735392 0.735392
5666.221191 0.000000 10664.285156 0.000000 0.872971 0.000000 0.487772 0.385831 0.385831 0.385831
5657.095215 0.000000 10617.589844 0.000000 0.954950 0.000000 0.296767 0.408981 0.408981 0.408981
5636.218262 0.000000 10618.611328 0.000000 0.355177 0.000000 0.934799 0.261810 0.261810 0.261810
5693.043945 0.000000 10628.628906 0.000000 0.786461 0.000000 -0.617640 0.644598 0.644598 0.644598
5690.786621 0.000000 10629.327148 0.000000 0.999295 0.000000 0.037537 0.490744 0.490744 0.490744
5665.921875 0.000000 10682.029297 0.000000 0.104463 0.000000 0.994529 0.078151 0.078151 0.078151
5657.965820 0.000000 10616.787109 0.000000 0.016781 0.000000 -0.999859 0.969440 0.969440 0.969440
5693.807617 0.000000 10600.957031 0.000000 0.944086 0.000000 -0.329700 0.573395 0.573395 0.573395
5704.260254 0.000000 10648.874023 0.000000 0.611767 0.000000 0.791038 0.310917 0.310917 0.310917
5655.339355 0.000000 10630.421875 0.000000 0.622367 0.000000 0.782726 0.283408 0.283408 0.283408
5667.335938 0.000000 10665.215820 0.000000 0.559982 0.000000 0.828505 0.281216 0.281216 0.281216
5639.204102 0.000000 10616.791016 0.000000 0.713929 0.000000 -0.700218 0.662673 0.662673 0.662673
5705.948242 0.000000 10649.311523 0.000000 0.510363 0.000000 -0.859959 0.714505 0.714505 0.714505
5643.728516 0.000000 10607.725586 0.000000 0.582085 0.000000 -0.813128 0.718678 0.718678 0.718678
5627.926270 0.000000 10643.715820 0.000000 0.258373 0.000000 -0.966045 0.811384 0.811384 0.811384
5692.788574 0.000000 10629.661133 0.000000 0.849777 0.000000 -0.527143 0.620597 0.620597 0.620597
5643.993652 0.000000 10606.220703 0.000000 0.990787 0.000000 0.135426 0.468714 0.468714 0.468714
5629.146973 0.000000 10642.827148 0.000000 0.817918 0.000000 0.575335 0.353463 0.353463 0.353463
5629.964844 0.000000 10643.810547 0.000000 0.146840 0.000000 -0.989160 0.840262 0.840262 0.840262
5666.547363 0.000000 10663.374023 0.000000 0.331768 0.000000 -0.943361 0.818500 0.818500 0.818500
5705.152344 0.000000 10647.333008 0.000000 0.742858 0.000000 0.669449 0.320549 0.320549 0.320549
5635.855957 0.000000 10657.090820 0.000000 0.999910 0.000000 -0.013453 0.503459 0.503459 0.503459
5666.111816 0.000000 10665.255859 0.000000 0.198373 0.000000 -0.980127 0.807215 0.807215 0.807215
5670.604004 0.000000 10609.535156 0.000000 0.454557 0.000000 0.890718 0.161862 0.161862 0.161862
5667.657227 0.000000 10663.196289 0.000000 0.280220 0.000000 -0.959936 0.832493 0.832493 0.832493
5643.331543 0.000000 10606.889648 0.000000 0.696194 0.000000 -0.717853 0.684410 0.684410 0.684410
5692.488770 0.000000 10598.641602 0.000000 0.685589 0.000000 -0.727989 0.707636 0.707636 0.707636
5693.597168 0.000000 10598.387695 0.000000 0.651468 0.000000 0.758676 0.280677 0.280677 0.280677
5634.598145 0.000000 10657.721680 0.000000 0.389779 0.000000 0.920908 0.199037 0.199037 0.199037
5664.706055 0.000000 10683.034180 0.000000 0.684487 0.000000 -0.729025 0.735043 0.735043 0.735043
5692.491211 0.000000 10599.696289 0.000000 0.252510 0.000000 0.967594 0.165005 0.165005 0.165005
5671.417969 0.000000 10608.909180 0.000000 0.689475 0.000000 -0.724310 0.749247 0.749247 0.749247
5750.596191 0.000000 10658.244141 0.000000 0.991038 0.000000 -0.133578 0.526926 0.526926 0.526926
5772.798828 0.000000 10650.898438 0.000000 0.452693 0.000000 0.891666 0.247804 0.247804 0.247804
5792.838867 0.000000 10637.766602 0.000000 0.613327 0.000000 -0.789829 0.659691 0.659691 0.659691
5753.352051 0.000000 10644.732422 0.000000 0.847012 0.000000 0.531573 0.400656 0.400656 0.400656
5753.130371 0.000000 10659.537109 0.000000 0.624407 0.000000 0.781099 0.345021 0.345021 0.345021
5773.380371 0.000000 10648.400391 0.000000 0.578314 0.000000 -0.815814 0.681631 0.681631 0.681631
5782.127441 0.000000 10660.764648 0.000000 0.999710 0.000000 -0.024089 0.506015 0.506015 0.506015
5811.059570 0.000000 10669.510742 0.000000 0.828202 0.000000 -0.560430 0.622530 0.622530 0.622530
5779.664062 0.000000 10626.115234 0.000000 0.819028 0.000000 -0.573753 0.672011 0.672011 0.672011
5794.930664 0.000000 10638.500977 0.000000 0.518192 0.000000 0.855264 0.277140 0.277140 0.277140
5751.307129 0.000000 10660.326172 0.000000 0.585259 0.000000 0.810846 0.276321 0.276321 0.276321
5811.224609 0.000000 10666.782227 0.000000 0.474234 0.000000 -0.880399 0.711011 0.711011 0.711011
5771.440918 0.000000 10649.385742 0.000000 0.447709 0.000000 -0.894179 0.696149 0.696149 0.696149
5771.113281 0.000000 10651.399414 0.000000 0.908513 0.000000 -0.417857 0.585829 0.585829 0.585829
5792.495117 0.000000 10639.258789 0.000000 0.835698 0.000000 -0.549190 0.634262 0.634262 0.634262
5753.704590 0.000000 10660.974609 0.000000 0.012602 0.000000 -0.999921 0.787868 0.787868 0.787868
5780.718750 0.000000 10661.298828 0.000000 0.783710 0.000000 0.621127 0.349836 0.349836 0.349836
5755.202637 0.000000 10645.236328 0.000000 0.996891 0.000000 -0.078788 0.522644 0.522644 0.522644
5778.397949 0.000000 10626.733398 0.000000 0.988623 0.000000 -0.150416 0.542501 0.542501 0.542501
5783.398926 0.000000 10661.471680 0.000000 0.853731 0.000000 0.520714 0.363267 0.363267 0.363267
5751.882812 0.000000 10658.798828 0.000000 0.725326 0.000000 -0.688405 0.652596 0.652596 0.652596
5751.087891 0.000000 10661.686523 0.000000 0.419985 0.000000 0.907531 0.230958 0.230958 0.230958
5777.029297 0.000000 10627.262695 0.000000 0.899444 0.000000 0.437036 0.412206 0.412206 0.412206
5779.381348 0.000000 10627.704102 0.000000 0.725165 0.000000 0.688575 0.286205 0.286205 0.286205
5810.719727 0.000000 10668.055664 0.000000 0.974701 0.000000 -0.223515 0.546429 0.546429 0.546429
5793.697754 0.000000 10638.803711 0.000000 0.046023 0.000000 -0.998940 0.852113 0.852113 0.852113
5773.711914 0.000000 10651.648438 0.000000 0.678541 0.000000 0.734562 0.311022 0.311022 0.311022
5794.520996 0.000000 10639.500000 0.000000 0.132987 0.000000 -0.991118 0.812206 0.812206 0.812206
5783.254395 0.000000 10660.421875 0.000000 0.152643 0.000000 0.988281 0.146101 0.146101 0.146101
5750.413574 0.000000 10660.801758 0.000000 0.519491 0.000000 0.854476 0.257647 0.257647 0.257647
5754.098633 0.000000 10645.444336 0.000000 0.980770 0.000000 0.195169 0.443604 0.443604 0.443604
5772.048828 0.000000 10651.643555 0.000000 0.835737 0.000000 -0.549130 0.633157 0.633157 0.633157
5792.104004 0.000000 10638.403320 0.000000 0.822202 0.000000 -0.569195 0.639835 0.639835 0.639835
5781.211426 0.000000 10660.534180 0.000000 0.049189 0.000000 0.998789 0.159065 0.159065 0.159065
5773.392090 0.000000 10650.166992 0.000000 0.580361 0.000000 -0.814359 0.717977 0.717977 0.717977
5751.952637 0.000000 10661.642578 0.000000 0.681706 0.000000 0.731626 0.305864 0.305864 0.305864
5754.473145 0.000000 10644.637695 0.000000 0.946708 0.000000 0.322094 0.405847 0.405847 0.405847
5755.415527 0.000000 10644.417969 0.000000 0.423712 0.000000 -0.905797 0.825361 0.825361 0.825361
5779.844238 0.000000 10626.927734 0.000000 0.697015 0.000000 0.717056 0.274932 0.274932 0.274932
5782.477051 0.000000 10661.518555 0.000000 0.995217 0.000000 0.097690 0.475572 0.475572 0.475572
5812.747559 0.000000 10667.757812 0.000000 0.929498 0.000000 -0.368828 0.572852 0.572852 0.572852
5829.381836 0.000000 10665.244141 0.000000 0.367040 0.000000 -0.930205 0.855013 0.855013 0.855013
5828.056641 0.000000 10665.851562 0.000000 0.379914 0.000000 -0.925022 0.850890 0.850890 0.850890
5813.105957 0.000000 10666.292969 0.000000 0.018406 0.000000 0.999831 0.200609 0.200609 0.200609
5828.014648 0.000000 10664.403320 0.000000 0.184764 0.000000 -0.982783 0.911458 0.911458 0.911458
5812.017578 0.000000 10668.953125 0.000000 0.998513 0.000000 -0.054508 0.510960 0.510960 0.510960
5813.337402 0.000000 10668.968750 0.000000 0.750574 0.000000 -0.660786 0.645075 0.645075 0.645075
5828.917480 0.000000 10664.500977 0.000000 0.996693 0.000000 0.081256 0.475833 0.475833 0.475833
5715.803711 0.000000 10745.418945 0.000000 0.924144 0.000000 -0.382045 0.582942 0.582942 0.582942
5648.061523 0.000000 10740.367188 0.000000 0.931280 0.000000 -0.364303 0.574707 0.574707 0.574707
5634.113281 0.000000 10698.382812 0.000000 0.100140 0.000000 0.994973 0.122790 0.122790 0.122790
5705.114746 0.000000 10759.031250 0.000000 0.928470 0.000000 0.371408 0.437062 0.437062 0.437062
5656.437500 0.000000 10703.221680 0.000000 0.601916 0.000000 -0.798559 0.673179 0.673179 0.673179
5676.946289 0.000000 10758.555664 0.000000 0.906592 0.000000 -0.422008 0.619097 0.619097 0.619097
5657.762207 0.000000 10736.190430 0.000000 0.060048 0.000000 0.998195 0.227504 0.227504 0.227504
5631.858398 0.000000 10718.669922 0.000000 0.263649 0.000000 -0.964619 0.720559 0.720559 0.720559
5670.766113 0.000000 10696.527344 0.000000 0.402204 0.000000 0.915550 0.174356 0.174356 0.174356
5715.749023 0.000000 10742.411133 0.000000 0.133913 0.000000 0.990993 0.185307 0.185307 0.185307
5662.554688 0.000000 10761.956055 0.000000 0.748398 0.000000 0.663249 0.284112 0.284112 0.284112
5650.720215 0.000000 10741.452148 0.000000 0.134126 0.000000 0.990964 0.102883 0.102883 0.102883
5705.348633 0.000000 10761.778320 0.000000 0.892898 0.000000 -0.450260 0.644879 0.644879 0.644879
5633.623047 0.000000 10720.212891 0.000000 0.318298 0.000000 -0.947991 0.806616 0.806616 0.806616
5713.936035 0.000000 10744.113281 0.000000 0.912389 0.000000 -0.409325 0.576330 0.576330 0.576330
5630.776855 0.000000 10720.576172 0.000000 0.943357 0.000000 -0.331779 0.561423 0.561423 0.561423
5712.230469 0.000000 10745.501953 0.000000 0.273789 0.000000 -0.961790 0.734117 0.734117 0.734117
5659.098633 0.000000 10702.952148 0.000000 0.796467 0.000000 -0.604683 0.681167 0.681167 0.681167
5632.323242 0.000000 10698.911133 0.000000 0.486020 0.000000 0.873948 0.291622 0.291622 0.291622
5659.554199 0.000000 10736.607422 0.000000 0.493675 0.000000 0.869646 0.261094 0.261094 0.261094
5714.043457 0.000000 10745.925781 0.000000 0.680473 0.000000 0.732773 0.325997 0.325997 0.325997
5658.312988 0.000000 10734.504883 0.000000 0.030636 0.000000 0.999531 0.132796 0.132796 0.132796
5695.306641 0.000000 10760.761719 0.000000 0.993714 0.000000 -0.111945 0.520655 0.520655 0.520655
5635.291992 0.000000 10699.388672 0.000000 0.871130 0.000000 0.491053 0.368329 0.368329 0.368329
5677.946777 0.000000 10759.783203 0.000000 0.170951 0.000000 -0.985280 0.882448 0.882448 0.882448
5705.961914 0.000000 10760.331055 0.000000 0.196668 0.000000 -0.980470 0.925849 0.925849 0.925849
5676.139648 0.000000 10757.113281 0.000000 0.648517 0.000000 -0.761200 0.701952 0.701952 0.701952
5633.440918 0.000000 10718.541016 0.000000 0.275239 0.000000 -0.961376 0.757228 0.757228 0.757228
5662.860840 0.000000 10760.488281 0.000000 0.984284 0.000000 -0.176591 0.552851 0.552851 0.552851
5714.267090 0.000000 10742.655273 0.000000 0.186831 0.000000 -0.982392 0.802946 0.802946 0.802946
5715.401367 0.000000 10743.861328 0.000000 0.770751 0.000000 0.637136 0.348670 0.348670 0.348670
5704.455078 0.000000 10760.322266 0.000000 0.939777 0.000000 0.341787 0.391798 0.391798 0.391798
5633.694824 0.000000 10721.647461 0.000000 0.061239 0.000000 -0.998123 0.871206 0.871206 0.871206
5697.225586 0.000000 10761.189453 0.000000 0.853018 0.000000 0.521882 0.340651 0.340651 0.340651
5632.170410 0.000000 10720.198242 0.000000 0.975505 0.000000 -0.219979 0.554541 0.554541 0.554541
5649.372559 0.000000 10740.802734 0.000000 0.806118 0.000000 -0.591755 0.626867 0.626867 0.626867
5651.390625 0.000000 10740.272461 0.000000 0.290321 0.000000 -0.956929 0.852869 0.852869 0.852869
5677.501465 0.000000 10756.824219 0.000000 0.730076 0.000000 0.683366 0.324378 0.324378 0.324378
5676.148438 0.000000 10759.762695 0.000000 0.449384 0.000000 -0.893339 0.802000 0.802000 0.802000
5658.876953 0.000000 10735.599609 0.000000 0.105205 0.000000 0.994451 0.150620 0.150620 0.150620
5658.791504 0.000000 10737.529297 0.000000 0.312358 0.000000 0.949964 0.216091 0.216091 0.216091
5671.956543 0.000000 10696.480469 0.000000 0.747497 0.000000 -0.664265 0.704502 0.704502 0.704502
5696.432129 0.000000 10760.349609 0.000000 0.305116 0.000000 0.952315 0.134104 0.134104 0.134104
5714.771973 0.000000 10744.966797 0.000000 0.925789 0.000000 -0.378041 0.582026 0.582026 0.582026
5671.220703 0.000000 10697.520508 0.000000 0.970155 0.000000 -0.242484 0.568943 0.568943 0.568943
5632.733398 0.000000 10721.115234 0.000000 0.050474 0.000000 -0.998725 0.873857 0.873857 0.873857
5663.859375 0.000000 10760.125977 0.000000 0.591523 0.000000 -0.806288 0.779211 0.779211 0.779211
5663.461426 0.000000 10761.374023 0.000000 0.948164 0.000000 -0.317781 0.596277 0.596277 0.596277
5650.375488 0.000000 10740.473633 0.000000 0.517325 0.000000 0.855789 0.216021 0.216021 0.216021
5659.244629 0.000000 10703.939453 0.000000 0.777254 0.000000 0.629187 0.310146 0.310146 0.310146
5659.965332 0.000000 10737.526367 0.000000 0.867374 0.000000 0.497658 0.381985 0.381985 0.381985
5659.298340 0.000000 10734.763672 0.000000 0.350325 0.000000 0.936628 0.210825 0.210825 0.210825
5704.443848 0.000000 10761.302734 0.000000 0.199812 0.000000 0.979834 0.075146 0.075146 0.075146
5676.175781 0.000000 10758.028320 0.000000 0.519941 0.000000 -0.854202 0.779937 0.779937 0.779937
5658.627441 0.000000 10736.529297 0.000000 0.887140 0.000000 -0.461500 0.608678 0.608678 0.608678
5634.376953 0.000000 10699.499023 0.000000 0.975568 0.000000 0.219699 0.443179 0.443179 0.443179
5635.027832 0.000000 10698.445312 0.000000 0.494135 0.000000 -0.869385 0.770361 0.770361 0.770361
5677.451660 0.000000 10757.764648 0.000000 0.417393 0.000000 0.908726 0.233841 0.233841 0.233841
5696.120117 0.000000 10761.236328 0.000000 0.651855 0.000000 0.758343 0.250185 0.250185 0.250185
5662.144531 0.000000 10761.064453 0.000000 0.935359 0.000000 0.353701 0.392369 0.392369 0.392369
5677.072266 0.000000 10759.540039 0.000000 0.509909 0.000000 0.860228 0.216864 0.216864 0.216864
5662.072754 0.000000 10760.006836 0.000000 0.081738 0.000000 -0.996654 0.943285 0.943285 0.943285
5676.070312 0.000000 10756.174805 0.000000 0.875310 0.000000 0.483562 0.382185 0.382185 0.382185
5705.223633 0.000000 10760.813477 0.000000 0.823045 0.000000 -0.567976 0.687372 0.687372 0.687372
5651.608887 0.000000 10741.387695 0.000000 0.608627 0.000000 -0.793456 0.753396 0.753396 0.753396
5677.701660 0.000000 10758.956055 0.000000 0.842275 0.000000 -0.539048 0.655632 0.655632 0.655632
5658.458984 0.000000 10702.394531 0.000000 0.485594 0.000000 0.874184 0.203224 0.203224 0.203224
5670.441895 0.000000 10697.289062 0.000000 0.378380 0.000000 -0.925650 0.832928 0.832928 0.832928
5658.465332 0.000000 10703.493164 0.000000 0.614141 0.000000 -0.789196 0.753740 0.753740 0.753740
5659.822266 0.000000 10703.330078 0.000000 0.484667 0.000000 0.874699 0.202928 0.202928 0.202928
5697.858398 0.000000 10761.751953 0.000000 0.438082 0.000000 -0.898935 0.824276 0.824276 0.824276
5696.945312 0.000000 10761.958008 0.000000 0.934272 0.000000 -0.356562 0.605811 0.605811 0.605811
5730.367676 0.000000 10750.331055 0.000000 0.526468 0.000000 0.850195 0.262755 0.262755 0.262755
5768.562988 0.000000 10762.281250 0.000000 0.991959 0.000000 -0.126559 0.520355 0.520355 0.520355
5733.104004 0.000000 10722.911133 0.000000 0.148766 0.000000 0.988872 0.171737 0.171737 0.171737
5797.336914 0.000000 10704.513672 0.000000 0.969271 0.000000 0.245997 0.447101 0.447101 0.447101
5751.660645 0.000000 10746.149414 0.000000 0.964164 0.000000 -0.265308 0.548770 0.548770 0.548770
5738.213379 0.000000 10774.387695 0.000000 0.980854 0.000000 0.194743 0.455106 0.455106 0.455106
5773.939453 0.000000 10774.420898 0.000000 0.735299 0.000000 -0.677743 0.627817 0.627817 0.627817
5780.531738 0.000000 10741.780273 0.000000 0.111780 0.000000 -0.993733 0.771323 0.771323 0.771323
5744.825684 0.000000 10734.008789 0.000000 0.674216 0.000000 0.738534 0.331976 0.331976 0.331976
5744.061523 0.000000 10737.565430 0.000000 0.995648 0.000000 0.093190 0.479380 0.479380 0.479380
5766.481934 0.000000 10765.019531 0.000000 0.943460 0.000000 -0.331488 0.560313 0.560313 0.560313
5794.191895 0.000000 10705.487305 0.000000 0.745301 0.000000 0.666728 0.374737 0.374737 0.374737
5752.307617 0.000000 10749.141602 0.000000 0.310116 0.000000 -0.950699 0.764071 0.764071 0.764071
5728.209961 0.000000 10752.313477 0.000000 0.910500 0.000000 -0.413508 0.577427 0.577427 0.577427
5771.425293 0.000000 10776.086914 0.000000 0.241820 0.000000 0.970321 0.143153 0.143153 0.143153
5795.700684 0.000000 10765.545898 0.000000 0.163649 0.000000 -0.986519 0.879206 0.879206 0.879206
5800.146484 0.000000 10778.259766 0.000000 0.792290 0.000000 0.610145 0.342719 0.342719 0.342719
5795.252441 0.000000 10702.986328 0.000000 0.882485 0.000000 -0.470340 0.586492 0.586492 0.586492
5769.238281 0.000000 10764.876953 0.000000 0.804188 0.000000 -0.594374 0.689491 0.689491 0.689491
5735.375977 0.000000 10723.166016 0.000000 0.697511 0.000000 0.716574 0.323492 0.323492 0.323492
5808.482910 0.000000 10749.235352 0.000000 0.486850 0.000000 -0.873486 0.781125 0.781125 0.781125
5782.799805 0.000000 10741.416016 0.000000 0.146132 0.000000 -0.989265 0.758658 0.758658 0.758658
5730.391602 0.000000 10752.611328 0.000000 0.864220 0.000000 -0.503114 0.602991 0.602991 0.602991
5781.906250 0.000000 10743.550781 0.000000 0.052982 0.000000 -0.998595 0.832505 0.832505 0.832505
5795.182617 0.000000 10762.810547 0.000000 0.652939 0.000000 -0.757411 0.690402 0.690402 0.690402
5743.173340 0.000000 10735.598633 0.000000 0.058573 0.000000 -0.998283 0.785976 0.785976 0.785976
5781.381836 0.000000 10740.015625 0.000000 0.606980 0.000000 0.794717 0.329158 0.329158 0.329158
5731.994141 0.000000 10751.469727 0.000000 0.978899 0.000000 0.204346 0.451962 0.451962 0.451962
5796.032715 0.000000 10705.997070 0.000000 0.908257 0.000000 -0.418413 0.591878 0.591878 0.591878
5745.265137 0.000000 10735.994141 0.000000 0.941083 0.000000 -0.338177 0.569762 0.569762 0.569762
5797.847168 0.000000 10702.636719 0.000000 0.420143 0.000000 0.907458 0.233129 0.233129 0.233129
5739.917480 0.000000 10773.568359 0.000000 0.680012 0.000000 0.733201 0.298639 0.298639 0.298639
5798.753418 0.000000 10779.537109 0.000000 0.176982 0.000000 0.984214 0.176603 0.176603 0.176603
5751.048828 0.000000 10747.870117 0.000000 0.793462 0.000000 -0.608620 0.618840 0.618840 0.618840
5728.672852 0.000000 10750.661133 0.000000 0.489348 0.000000 -0.872088 0.713582 0.713582 0.713582
5794.101074 0.000000 10764.804688 0.000000 0.004453 0.000000 -0.999990 0.922329 0.922329 0.922329
5752.963379 0.000000 10747.456055 0.000000 0.985635 0.000000 0.168889 0.456044 0.456044 0.456044
5738.381348 0.000000 10772.766602 0.000000 0.490444 0.000000 -0.871473 0.758900 0.758900 0.758900
5801.882324 0.000000 10778.517578 0.000000 0.887766 0.000000 -0.460296 0.614640 0.614640 0.614640
5739.993652 0.000000 10775.120117 0.000000 0.210374 0.000000 0.977621 0.188747 0.188747 0.188747
5753.692383 0.000000 10749.788086 0.000000 0.906410 0.000000 0.422400 0.408275 0.408275 0.408275
5795.881348 0.000000 10764.065430 0.000000 0.926133 0.000000 0.377196 0.395717 0.395717 0.395717
5773.130371 0.000000 10777.366211 0.000000 0.861718 0.000000 0.507388 0.399363 0.399363 0.399363
5780.513184 0.000000 10743.255859 0.000000 0.991901 0.000000 -0.127014 0.527901 0.527901 0.527901
5797.832031 0.000000 10705.792969 0.000000 0.397557 0.000000 0.917578 0.252703 0.252703 0.252703
5771.359863 0.000000 10777.576172 0.000000 0.169551 0.000000 0.985521 0.123282 0.123282 0.123282
5796.667969 0.000000 10703.342773 0.000000 0.944896 0.000000 -0.327372 0.578269 0.578269 0.578269
5753.833984 0.000000 10748.450195 0.000000 0.891248 0.000000 -0.453515 0.599005 0.599005 0.599005
5729.418457 0.000000 10751.741211 0.000000 0.919994 0.000000 -0.391931 0.581189 0.581189 0.581189
5807.158691 0.000000 10749.381836 0.000000 0.582898 0.000000 0.812546 0.299313 0.299313 0.299313
5770.813965 0.000000 10774.854492 0.000000 0.978157 0.000000 0.207866 0.459355 0.459355 0.459355
5781.731445 0.000000 10742.210938 0.000000 0.703870 0.000000 -0.710329 0.673059 0.673059 0.673059
5782.926758 0.000000 10742.762695 0.000000 0.345503 0.000000 0.938418 0.244569 0.244569 0.244569
5742.976074 0.000000 10736.866211 0.000000 0.886979 0.000000 0.461809 0.403826 0.403826 0.403826
5800.960938 0.000000 10779.341797 0.000000 0.919175 0.000000 0.393849 0.402978 0.402978 0.402978
5744.106445 0.000000 10736.352539 0.000000 0.994404 0.000000 -0.105644 0.523385 0.523385 0.523385
5731.583008 0.000000 10752.613281 0.000000 0.999948 0.000000 0.010241 0.497999 0.497999 0.497999
5807.965820 0.000000 10748.144531 0.000000 0.870232 0.000000 -0.492642 0.608991 0.608991 0.608991
5734.191895 0.000000 10723.470703 0.000000 0.509648 0.000000 0.860383 0.271097 0.271097 0.271097
5738.840820 0.000000 10775.366211 0.000000 0.986218 0.000000 -0.165452 0.538073 0.538073 0.538073
5739.494629 0.000000 10772.503906 0.000000 0.967400 0.000000 0.253253 0.437356 0.437356 0.437356
5794.240723 0.000000 10763.515625 0.000000 0.378501 0.000000 0.925601 0.237968 0.237968 0.237968
5745.666992 0.000000 10734.808594 0.000000 0.887855 0.000000 -0.460124 0.596689 0.596689 0.596689
5730.723145 0.000000 10751.418945 0.000000 0.121671 0.000000 -0.992570 0.838195 0.838195 0.838195
5794.206055 0.000000 10765.954102 0.000000 0.182022 0.000000 0.983294 0.125824 0.125824 0.125824
5731.514160 0.000000 10750.453125 0.000000 0.697237 0.000000 0.716840 0.313431 0.313431 0.313431
5745.094238 0.000000 10737.114258 0.000000 0.974089 0.000000 -0.226166 0.550406 0.550406 0.550406
5744.380371 0.000000 10735.230469 0.000000 0.885199 0.000000 0.465212 0.402151 0.402151 0.402151
5809.585938 0.000000 10749.168945 0.000000 0.891553 0.000000 0.452917 0.375613 0.375613 0.375613
5734.156250 0.000000 10722.376953 0.000000 0.683159 0.000000 0.730269 0.319109 0.319109 0.319109
5752.788574 0.000000 10746.405273 0.000000 0.588985 0.000000 0.808144 0.256267 0.256267 0.256267
5798.594238 0.000000 10778.477539 0.000000 0.982746 0.000000 -0.184963 0.543193 0.543193 0.543193
5739.260254 0.000000 10774.367188 0.000000 0.987012 0.000000 0.160646 0.463042 0.463042 0.463042
5797.922363 0.000000 10703.662109 0.000000 0.349278 0.000000 -0.937019 0.784895 0.784895 0.784895
5799.747559 0.000000 10779.198242 0.000000 0.066554 0.000000 -0.997783 0.849242 0.849242 0.849242
5753.772949 0.000000 10746.631836 0.000000 0.709380 0.000000 0.704826 0.297403 0.297403 0.297403
5796.909180 0.000000 10705.424805 0.000000 0.555322 0.000000 0.831636 0.290990 0.290990 0.290990
5769.729004 0.000000 10765.809570 0.000000 0.410031 0.000000 -0.912071 0.841867 0.841867 0.841867
5806.701660 0.000000 10748.476562 0.000000 0.301501 0.000000 0.953466 0.232448 0.232448 0.232448
5808.934082 0.000000 10748.344727 0.000000 0.093922 0.000000 -0.995580 0.890795 0.890795 0.890795
5795.071289 0.000000 10764.653320 0.000000 0.754379 0.000000 -0.656439 0.693077 0.693077 0.693077
5739.020508 0.000000 10773.402344 0.000000 0.694811 0.000000 -0.719192 0.696375 0.696375 0.696375
5770.865723 0.000000 10776.804688 0.000000 0.130558 0.000000 -0.991441 0.887328 0.887328 0.887328
5768.679688 0.000000 10764.220703 0.000000 0.257898 0.000000 -0.966172 0.889990 0.889990 0.889990
5753.830078 0.000000 10747.575195 0.000000 0.897906 0.000000 -0.440186 0.618061 0.618061 0.618061
5800.966797 0.000000 10778.209961 0.000000 0.788260 0.000000 0.615343 0.341143 0.341143 0.341143
5794.881348 0.000000 10765.443359 0.000000 0.771026 0.000000 0.636804 0.313864 0.313864 0.313864
5714.751465 0.000000 10789.139648 0.000000 0.795381 0.000000 -0.606110 0.622737 0.622737 0.622737
5712.546875 0.000000 10791.585938 0.000000 0.331330 0.000000 -0.943515 0.718570 0.718570 0.718570
5715.700195 0.000000 10790.849609 0.000000 0.986799 0.000000 -0.161950 0.545890 0.545890 0.545890
5714.833008 0.000000 10790.217773 0.000000 0.333594 0.000000 0.942717 0.152812 0.152812 0.152812
5714.649902 0.000000 10791.178711 0.000000 0.002040 0.000000 -0.999998 0.942562 0.942562 0.942562
5726.037598 0.000000 10789.537109 0.000000 0.152399 0.000000 0.988319 0.107103 0.107103 0.107103
5748.629883 0.000000 10790.585938 0.000000 0.090112 0.000000 -0.995932 0.786463 0.786463 0.786463
5780.241699 0.000000 10786.064453 0.000000 0.817227 0.000000 -0.576315 0.650658 0.650658 0.650658
5740.112793 0.000000 10782.834961 0.000000 0.996079 0.000000 -0.088471 0.520513 0.520513 0.520513
5750.864258 0.000000 10789.814453 0.000000 0.992812 0.000000 -0.119685 0.524261 0.524261 0.524261
5740.181641 0.000000 10785.716797 0.000000 0.066741 0.000000 0.997770 0.159250 0.159250 0.159250
5749.232422 0.000000 10788.605469 0.000000 0.134277 0.000000 -0.990944 0.768003 0.768003 0.768003
5781.891602 0.000000 10786.941406 0.000000 0.786976 0.000000 0.616984 0.336908 0.336908 0.336908
5741.446289 0.000000 10784.288086 0.000000 0.553623 0.000000 0.832767 0.277043 0.277043 0.277043
5780.573730 0.000000 10784.181641 0.000000 0.250435 0.000000 -0.968133 0.800178 0.800178 0.800178
5750.954590 0.000000 10788.230469 0.000000 0.998724 0.000000 -0.050503 0.510217 0.510217 0.510217
5727.945312 0.000000 10788.827148 0.000000 0.995760 0.000000 0.091993 0.474471 0.474471 0.474471
5749.757324 0.000000 10791.588867 0.000000 0.889156 0.000000 -0.457604 0.591962 0.591962 0.591962
5751.707031 0.000000 10790.878906 0.000000 0.971444 0.000000 0.237268 0.448866 0.448866 0.448866
5781.363770 0.000000 10785.263672 0.000000 0.287105 0.000000 -0.957899 0.791504 0.791504 0.791504
5741.365723 0.000000 10782.541992 0.000000 0.999988 0.000000 0.004879 0.498870 0.498870 0.498870
5741.428223 0.000000 10785.532227 0.000000 0.951469 0.000000 -0.307745 0.570874 0.570874 0.570874
5780.930664 0.000000 10787.584961 0.000000 0.567915 0.000000 -0.823087 0.737149 0.737149 0.737149
5726.873535 0.000000 10788.734375 0.000000 0.862086 0.000000 -0.506762 0.647267 0.647267 0.647267
5750.606445 0.000000 10790.882812 0.000000 0.546283 0.000000 -0.837601 0.711934 0.711934 0.711934
5740.507812 0.000000 10783.796875 0.000000 0.434597 0.000000 -0.900625 0.759621 0.759621 0.759621
5740.585938 0.000000 10784.808594 0.000000 0.992800 0.000000 0.119784 0.472796 0.472796 0.472796
5781.529297 0.000000 10784.254883 0.000000 0.187389 0.000000 0.982286 0.185100 0.185100 0.185100
5781.132324 0.000000 10786.345703 0.000000 0.752091 0.000000 -0.659059 0.676500 0.676500 0.676500
5741.839844 0.000000 10783.416992 0.000000 0.028795 0.000000 -0.999585 0.857057 0.857057 0.857057
5727.479492 0.000000 10788.040039 0.000000 0.945071 0.000000 0.326866 0.407724 0.407724 0.407724
5727.081055 0.000000 10789.618164 0.000000 0.737729 0.000000 0.675097 0.294630 0.294630 0.294630
5781.917969 0.000000 10785.936523 0.000000 0.993732 0.000000 0.111792 0.474479 0.474479 0.474479
5780.352539 0.000000 10786.943359 0.000000 0.688924 0.000000 -0.724834 0.698876 0.698876 0.698876
5825.609375 0.000000 10696.397461 0.000000 0.579549 0.000000 0.814937 0.221149 0.221149 0.221149
5816.466797 0.000000 10714.043945 0.000000 0.921686 0.000000 0.387936 0.433859 0.433859 0.433859
5817.502930 0.000000 10716.498047 0.000000 0.163487 0.000000 0.986546 0.075977 0.075977 0.075977
5816.201172 0.000000 10717.059570 0.000000 0.285151 0.000000 0.958483 0.113642 0.113642 0.113642
5824.205566 0.000000 10696.802734 0.000000 0.838653 0.000000 0.544666 0.331396 0.331396 0.331396
5825.084961 0.000000 10697.532227 0.000000 0.258251 0.000000 -0.966078 0.883342 0.883342 0.883342
5817.110352 0.000000 10717.493164 0.000000 0.832873 0.000000 -0.553464 0.676811 0.676811 0.676811
5816.697266 0.000000 10716.244141 0.000000 0.379372 0.000000 -0.925244 0.856227 0.856227 0.856227
5824.800293 0.000000 10696.179688 0.000000 0.554721 0.000000 -0.832037 0.787676 0.787676 0.787676
7377.729492 0.000000 7959.643066 0.000000 0.704804 0.000000 0.709402 0.370545 0.370545 0.370545
7366.225098 0.000000 7957.907227 0.000000 0.999114 0.000000 -0.042087 0.506911 0.506911 0.506911
7371.835449 0.000000 7960.108398 0.000000 0.974464 0.000000 -0.224544 0.537034 0.537034 0.537034
7362.527344 0.000000 7955.068359 0.000000 0.728665 0.000000 0.684870 0.377104 0.377104 0.377104
7380.998047 0.000000 7963.230469 0.000000 0.433881 0.000000 0.900970 0.315826 0.315826 0.315826
7361.207520 0.000000 7959.442383 0.000000 0.261187 0.000000 0.965288 0.283087 0.283087 0.283087
7367.556641 0.000000 7962.155273 0.000000 0.283266 0.000000 -0.959041 0.708297 0.708297 0.708297
7369.256836 0.000000 7955.206055 0.000000 0.306755 0.000000 -0.951789 0.706665 0.706665 0.706665
7382.732910 0.000000 7966.604492 0.000000 0.683280 0.000000 -0.730156 0.633342 0.633342 0.633342
7378.064941 0.000000 7963.519043 0.000000 0.017786 0.000000 -0.999842 0.757831 0.757831 0.757831
7492.454590 0.000000 7913.307617 0.000000 0.964447 0.000000 -0.264275 0.543735 0.543735 0.543735
7462.694824 0.000000 7951.097656 0.000000 0.939904 0.000000 0.341438 0.444326 0.444326 0.444326
7495.619141 0.000000 7904.855469 0.000000 0.934773 0.000000 -0.355246 0.558482 0.558482 0.558482
7496.834473 0.000000 7890.017090 0.000000 0.188177 0.000000 -0.982135 0.721596 0.721596 0.721596
7467.092773 0.000000 7955.248535 0.000000 0.927913 0.000000 0.372798 0.436100 0.436100 0.436100
7467.702637 0.000000 7949.682617 0.000000 0.110347 0.000000 0.993893 0.263953 0.263953 0.263953
7462.355469 0.000000 7946.210938 0.000000 0.088526 0.000000 -0.996074 0.743293 0.743293 0.743293
7465.605469 0.000000 7947.040527 0.000000 0.985344 0.000000 -0.170579 0.528245 0.528245 0.528245
7466.065430 0.000000 7952.312500 0.000000 0.770589 0.000000 0.637332 0.386137 0.386137 0.386137
7342.603516 0.000000 8054.593262 0.000000 0.160659 0.000000 0.987010 0.272162 0.272162 0.272162
7335.974609 0.000000 8034.540527 0.000000 0.904894 0.000000 0.425636 0.429751 0.429751 0.429751
7335.629883 0.000000 8007.041992 0.000000 0.798598 0.000000 0.601864 0.396003 0.396003 0.396003
7334.717773 0.000000 8016.360840 0.000000 0.921073 0.000000 0.389389 0.434845 0.434845 0.434845
7366.713379 0.000000 7976.506348 0.000000 0.999668 0.000000 -0.025756 0.504164 0.504164 0.504164
7341.088379 0.000000 8018.078613 0.000000 0.412204 0.000000 0.911092 0.313329 0.313329 0.313329
7343.965332 0.000000 8059.960938 0.000000 0.537875 0.000000 0.843025 0.336631 0.336631 0.336631
7335.420898 0.000000 8021.843750 0.000000 0.969196 0.000000 -0.246290 0.540848 0.540848 0.540848
7336.417969 0.000000 8039.883301 0.000000 0.491855 0.000000 -0.870677 0.672776 0.672776 0.672776
7334.600586 0.000000 8011.803223 0.000000 0.845749 0.000000 -0.533581 0.592036 0.592036 0.592036
7343.489258 0.000000 8062.352051 0.000000 0.957035 0.000000 -0.289972 0.548292 0.548292 0.548292
7357.200684 0.000000 8103.232910 0.000000 0.965497 0.000000 0.260413 0.457248 0.457248 0.457248
7346.283203 0.000000 8069.602051 0.000000 0.817949 0.000000 0.575291 0.401679 0.401679 0.401679
7350.211426 0.000000 8102.122559 0.000000 0.968102 0.000000 0.250555 0.459061 0.459061 0.459061
7352.539062 0.000000 8108.761719 0.000000 0.982199 0.000000 0.187841 0.469454 0.469454 0.469454
7347.923340 0.000000 8076.621582 0.000000 0.333166 0.000000 0.942868 0.298680 0.298680 0.298680
7361.591797 0.000000 8104.408691 0.000000 0.797028 0.000000 -0.603943 0.605631 0.605631 0.605631
7344.760742 0.000000 8073.717285 0.000000 0.661856 0.000000 -0.749631 0.638058 0.638058 0.638058
7363.975586 0.000000 8107.458984 0.000000 0.924199 0.000000 -0.381911 0.563834 0.563834 0.563834
7452.347656 0.000000 8099.149902 0.000000 0.834976 0.000000 -0.550286 0.594559 0.594559 0.594559
7493.947266 0.000000 8104.365234 0.000000 0.348115 0.000000 -0.937452 0.697962 0.697962 0.697962
7460.642090 0.000000 8100.317383 0.000000 0.072015 0.000000 0.997404 0.254924 0.254924 0.254924
7369.531738 0.000000 8155.696289 0.000000 0.961976 0.000000 -0.273134 0.545066 0.545066 0.545066
7507.227051 0.000000 7909.986816 0.000000 0.655293 0.000000 0.755375 0.361590 0.361590 0.361590
7502.183594 0.000000 7904.442383 0.000000 0.674794 0.000000 -0.738006 0.635743 0.635743 0.635743
7499.409668 0.000000 7915.842285 0.000000 0.906837 0.000000 0.421480 0.429398 0.429398 0.429398
7503.548828 0.000000 7913.014160 0.000000 0.392789 0.000000 -0.919629 0.689397 0.689397 0.689397
7575.102539 0.000000 8022.053223 0.000000 0.035115 0.000000 0.999383 0.253673 0.253673 0.253673
7558.437988 0.000000 8058.839355 0.000000 0.823432 0.000000 -0.567415 0.597535 0.597535 0.597535
7586.196777 0.000000 8007.049805 0.000000 0.829023 0.000000 -0.559214 0.595189 0.595189 0.595189
7587.937012 0.000000 8032.271484 0.000000 0.736055 0.000000 0.676921 0.380265 0.380265 0.380265
7589.126953 0.000000 8021.053223 0.000000 0.732040 0.000000 -0.681261 0.621623 0.621623 0.621623
7577.772949 0.000000 8012.367676 0.000000 0.566891 0.000000 -0.823793 0.655886 0.655886 0.655886
7553.709473 0.000000 8051.649414 0.000000 0.808810 0.000000 0.588069 0.398767 0.398767 0.398767
7585.482422 0.000000 8014.395508 0.000000 0.993060 0.000000 0.117610 0.480944 0.480944 0.480944
7565.245117 0.000000 8005.710449 0.000000 0.994054 0.000000 -0.108892 0.517637 0.517637 0.517637
7575.697754 0.000000 8042.069336 0.000000 0.778328 0.000000 -0.627858 0.611847 0.611847 0.611847
7564.523438 0.000000 8059.917480 0.000000 0.971983 0.000000 0.235051 0.461201 0.461201 0.461201
7572.569824 0.000000 8009.488770 0.000000 0.794666 0.000000 -0.607047 0.605859 0.605859 0.605859
7561.444824 0.000000 8043.424805 0.000000 0.874858 0.000000 0.484379 0.418260 0.418260 0.418260
7559.319824 0.000000 8053.850586 0.000000 0.426716 0.000000 0.904386 0.317344 0.317344 0.317344
7573.868164 0.000000 8061.649902 0.000000 0.946061 0.000000 0.323988 0.446458 0.446458 0.446458
7570.276855 0.000000 8005.346680 0.000000 0.079517 0.000000 0.996833 0.250570 0.250570 0.250570
7591.798828 0.000000 8053.729004 0.000000 0.397297 0.000000 -0.917690 0.688601 0.688601 0.688601
7563.452637 0.000000 8009.660156 0.000000 0.313757 0.000000 -0.949503 0.703893 0.703893 0.703893
7565.671387 0.000000 8040.570312 0.000000 0.706124 0.000000 0.708088 0.371341 0.371341 0.371341
7556.741211 0.000000 8048.948242 0.000000 0.951904 0.000000 0.306397 0.449078 0.449078 0.449078
7562.217285 0.000000 8056.645020 0.000000 0.941015 0.000000 0.338365 0.443555 0.443555 0.443555
7570.217285 0.000000 8060.346680 0.000000 0.938187 0.000000 0.346130 0.442424 0.442424 0.442424
7576.324707 0.000000 8008.719238 0.000000 0.759714 0.000000 -0.650258 0.617530 0.617530 0.617530
7573.313477 0.000000 8006.017578 0.000000 0.984020 0.000000 0.178058 0.470504 0.470504 0.470504
7588.286621 0.000000 8018.296387 0.000000 0.886729 0.000000 -0.462290 0.579486 0.579486 0.579486
7617.201172 0.000000 8034.540527 0.000000 0.721476 0.000000 -0.692440 0.623642 0.623642 0.623642
7609.775879 0.000000 8023.479492 0.000000 0.148750 0.000000 -0.988875 0.728899 0.728899 0.728899
7605.657227 0.000000 8041.147461 0.000000 0.394148 0.000000 0.919047 0.311570 0.311570 0.311570
7594.161133 0.000000 8018.143555 0.000000 0.167784 0.000000 0.985824 0.271580 0.271580 0.271580
7605.211426 0.000000 8031.807129 0.000000 0.112099 0.000000 0.993697 0.261507 0.261507 0.261507
7593.264648 0.000000 8057.560547 0.000000 0.894834 0.000000 0.446400 0.425487 0.425487 0.425487
7600.810547 0.000000 8023.808105 0.000000 0.443311 0.000000 0.896368 0.315467 0.315467 0.315467
7630.771973 0.000000 8049.825684 0.000000 0.824453 0.000000 0.565930 0.403132 0.403132 0.403132
7613.097168 0.000000 8041.207520 0.000000 0.597346 0.000000 0.801984 0.350727 0.350727 0.350727
7631.798828 0.000000 8036.243652 0.000000 0.850238 0.000000 -0.526398 0.589959 0.589959 0.589959
7625.191895 0.000000 8059.960938 0.000000 0.865797 0.000000 -0.500395 0.584387 0.584387 0.584387
7609.864258 0.000000 8028.794434 0.000000 0.575421 0.000000 0.817857 0.341604 0.341604 0.341604
7605.372070 0.000000 8026.149902 0.000000 0.908195 0.000000 0.418547 0.428305 0.428305 0.428305
7593.151855 0.000000 8009.584473 0.000000 0.291110 0.000000 -0.956689 0.706172 0.706172 0.706172
7601.716309 0.000000 8049.650391 0.000000 0.745577 0.000000 -0.666420 0.619274 0.619274 0.619274
7596.716309 0.000000 8054.127930 0.000000 0.261185 0.000000 -0.965289 0.712021 0.712021 0.712021
7621.293945 0.000000 8058.437988 0.000000 0.952149 0.000000 0.305635 0.449403 0.449403 0.449403
7603.743652 0.000000 8044.483398 0.000000 0.207906 0.000000 0.978149 0.278234 0.278234 0.278234
7598.220215 0.000000 8050.722168 0.000000 0.258926 0.000000 0.965897 0.285966 0.285966 0.285966
7600.836914 0.000000 8020.286621 0.000000 0.983020 0.000000 0.183498 0.469592 0.469592 0.469592
7608.861328 0.000000 8020.278320 0.000000 0.184298 0.000000 0.982870 0.272583 0.272583 0.272583
7608.509277 0.000000 8031.810547 0.000000 0.051253 0.000000 0.998686 0.249625 0.249625 0.249625
7554.081543 0.000000 8110.369141 0.000000 0.695002 0.000000 0.719008 0.370796 0.370796 0.370796
7551.368164 0.000000 8062.657227 0.000000 0.894419 0.000000 -0.447231 0.574663 0.574663 0.574663
7523.114258 0.000000 8100.784180 0.000000 0.320762 0.000000 -0.947160 0.702690 0.702690 0.702690
7541.518555 0.000000 8084.263672 0.000000 0.663281 0.000000 0.748371 0.362252 0.362252 0.362252
7569.027344 0.000000 8063.925781 0.000000 0.193997 0.000000 -0.981002 0.722362 0.722362 0.722362
7544.371094 0.000000 8114.292969 0.000000 0.714266 0.000000 -0.699875 0.625316 0.625316 0.625316
7565.607910 0.000000 8115.143555 0.000000 0.018421 0.000000 -0.999830 0.752881 0.752881 0.752881
7554.197754 0.000000 8070.248535 0.000000 0.570647 0.000000 -0.821196 0.656954 0.656954 0.656954
7530.868164 0.000000 8100.310059 0.000000 0.761902 0.000000 -0.647693 0.613452 0.613452 0.613452
7562.202148 0.000000 8092.941406 0.000000 0.316989 0.000000 -0.948429 0.704118 0.704118 0.704118
7528.485352 0.000000 8093.299805 0.000000 0.971940 0.000000 0.235228 0.461171 0.461171 0.461171
7552.686523 0.000000 8085.812012 0.000000 0.352608 0.000000 -0.935771 0.696425 0.696425 0.696425
7542.761230 0.000000 8096.487793 0.000000 0.436866 0.000000 -0.899527 0.680837 0.680837 0.680837
7540.023438 0.000000 8108.761719 0.000000 0.881648 0.000000 -0.471907 0.579444 0.579444 0.579444
7533.104980 0.000000 8089.091797 0.000000 0.158042 0.000000 -0.987432 0.730910 0.730910 0.730910
7559.736816 0.000000 8112.954102 0.000000 0.148640 0.000000 0.988891 0.270196 0.270196 0.270196
7580.067383 0.000000 8085.528809 0.000000 0.769210 0.000000 0.638996 0.388377 0.388377 0.388377
7584.662109 0.000000 8095.584961 0.000000 0.576152 0.000000 0.817343 0.343543 0.343543 0.343543
7580.771484 0.000000 8101.760742 0.000000 0.308903 0.000000 -0.951094 0.703941 0.703941 0.703941
7524.070801 0.000000 8095.918945 0.000000 0.999517 0.000000 0.031069 0.494919 0.494919 0.494919
7559.063965 0.000000 8069.717285 0.000000 0.903083 0.000000 -0.429466 0.572866 0.572866 0.572866
7564.270508 0.000000 8061.932617 0.000000 0.265949 0.000000 0.963987 0.286344 0.286344 0.286344
7537.598145 0.000000 8087.037109 0.000000 0.718562 0.000000 -0.695463 0.624800 0.624800 0.624800
7499.409668 0.000000 8103.326660 0.000000 0.547131 0.000000 -0.837047 0.660336 0.660336 0.660336
7518.858398 0.000000 8098.631836 0.000000 0.916283 0.000000 0.400531 0.433127 0.433127 0.433127
7574.205566 0.000000 8062.130371 0.000000 0.130265 0.000000 0.991479 0.265398 0.265398 0.265398
7592.666992 0.000000 8089.003906 0.000000 0.234422 0.000000 0.972135 0.282664 0.282664 0.282664
7576.208008 0.000000 8083.660156 0.000000 0.990644 0.000000 -0.136471 0.522386 0.522386 0.522386
7545.064453 0.000000 8106.710938 0.000000 0.855119 0.000000 0.518432 0.410537 0.410537 0.410537
7617.417969 0.000000 8067.333984 0.000000 0.891030 0.000000 -0.453944 0.575580 0.575580 0.575580
7600.969238 0.000000 8097.471191 0.000000 0.878106 0.000000 0.478467 0.417483 0.417483 0.417483
7610.945801 0.000000 8070.511230 0.000000 0.937893 0.000000 0.346925 0.442065 0.442065 0.442065
7607.947754 0.000000 8098.129395 0.000000 0.954157 0.000000 -0.299306 0.549706 0.549706 0.549706
7607.583496 0.000000 8067.345703 0.000000 0.970889 0.000000 0.239529 0.460900 0.460900 0.460900
7604.594238 0.000000 8099.881836 0.000000 0.995828 0.000000 0.091247 0.485115 0.485115 0.485115
9074.196289 0.000000 6014.368164 0.000000 0.105227 0.000000 0.994448 0.119529 0.119529 0.119529
9075.956055 0.000000 6012.681152 0.000000 0.195170 0.000000 -0.980770 0.740182 0.740182 0.740182
9072.999023 0.000000 6015.386230 0.000000 0.890185 0.000000 -0.455599 0.594774 0.594774 0.594774
9075.379883 0.000000 6014.905762 0.000000 0.229312 0.000000 0.973353 0.152230 0.152230 0.152230
9074.428711 0.000000 6015.472168 0.000000 0.934842 0.000000 0.355063 0.405755 0.405755 0.405755
9075.274414 0.000000 6015.936523 0.000000 0.356476 0.000000 0.934304 0.186794 0.186794 0.186794
10293.625977 0.000000 6428.436035 0.000000 0.676167 0.000000 -0.736748 0.632854 0.632854 0.632854
10272.605469 0.000000 6423.009766 0.000000 0.699171 0.000000 -0.714954 0.627771 0.627771 0.627771
10218.942383 0.000000 6424.526367 0.000000 0.514313 0.000000 0.857602 0.332117 0.332117 0.332117
10262.894531 0.000000 6426.933594 0.000000 0.024281 0.000000 0.999705 0.249039 0.249039 0.249039
10240.725586 0.000000 6422.743652 0.000000 0.179352 0.000000 0.983785 0.271757 0.271757 0.271757
10284.131836 0.000000 6427.784180 0.000000 0.970674 0.000000 -0.240401 0.539245 0.539245 0.539245
10229.889648 0.000000 6427.395508 0.000000 0.646480 0.000000 -0.762931 0.643537 0.643537 0.643537
10237.351562 0.000000 6425.907715 0.000000 0.036956 0.000000 -0.999317 0.753690 0.753690 0.753690
10288.630859 0.000000 6426.672363 0.000000 0.770911 0.000000 -0.636943 0.612487 0.612487 0.612487
10222.379883 0.000000 6427.175781 0.000000 0.953694 0.000000 -0.300777 0.550148 0.550148 0.550148
10258.660156 0.000000 6425.731445 0.000000 0.618062 0.000000 -0.786129 0.647911 0.647911 0.647911
10280.156250 0.000000 6429.639648 0.000000 0.991933 0.000000 -0.126760 0.520784 0.520784 0.520784
10303.985352 0.000000 6425.202637 0.000000 0.815331 0.000000 -0.578996 0.600975 0.600975 0.600975
10275.091797 0.000000 6424.858398 0.000000 0.557955 0.000000 -0.829871 0.662514 0.662514 0.662514
10295.902344 0.000000 6426.412109 0.000000 0.928491 0.000000 -0.371354 0.562928 0.562928 0.562928
10306.810547 0.000000 6424.679199 0.000000 0.929847 0.000000 -0.367947 0.562557 0.562557 0.562557
10296.916992 0.000000 6545.019531 0.000000 0.084706 0.000000 0.996406 0.255150 0.255150 0.255150
10300.842773 0.000000 6542.077148 0.000000 0.919256 0.000000 -0.393659 0.567931 0.567931 0.567931
10298.715820 0.000000 6543.379883 0.000000 0.370705 0.000000 0.928751 0.294831 0.294831 0.294831
10296.530273 0.000000 6542.563477 0.000000 0.992841 0.000000 -0.119446 0.520252 0.520252 0.520252
10366.143555 0.000000 6441.742676 0.000000 0.835384 0.000000 0.549667 0.400476 0.400476 0.400476
10353.391602 0.000000 6466.734863 0.000000 0.915255 0.000000 -0.402876 0.566771 0.566771 0.566771
10343.963867 0.000000 6439.845703 0.000000 0.932361 0.000000 -0.361528 0.561412 0.561412 0.561412
10333.675781 0.000000 6434.179199 0.000000 0.931394 0.000000 0.364012 0.440006 0.440006 0.440006
10329.527344 0.000000 6440.529297 0.000000 0.824652 0.000000 -0.565641 0.599438 0.599438 0.599438
10358.407227 0.000000 6467.348633 0.000000 0.634317 0.000000 0.773073 0.354947 0.354947 0.354947
10327.508789 0.000000 6444.543457 0.000000 0.685682 0.000000 0.727901 0.364651 0.364651 0.364651
10362.378906 0.000000 6438.666992 0.000000 0.978350 0.000000 -0.206958 0.534739 0.534739 0.534739
10370.487305 0.000000 6442.330078 0.000000 0.431015 0.000000 -0.902345 0.685398 0.685398 0.685398
10332.782227 0.000000 6438.263184 0.000000 0.997564 0.000000 0.069764 0.488626 0.488626 0.488626
10342.630859 0.000000 6436.614746 0.000000 0.764017 0.000000 -0.645196 0.615114 0.615114 0.615114
10356.126953 0.000000 6464.752930 0.000000 0.759052 0.000000 -0.651030 0.616371 0.616371 0.616371
10335.835938 0.000000 6437.029297 0.000000 0.877353 0.000000 -0.479846 0.582153 0.582153 0.582153
10365.187500 0.000000 6438.970703 0.000000 0.493032 0.000000 0.870011 0.323494 0.323494 0.323494
10363.235352 0.000000 6441.101562 0.000000 0.326356 0.000000 -0.945247 0.707137 0.707137 0.707137
10314.533203 0.000000 6531.227539 0.000000 0.989840 0.000000 -0.142183 0.523062 0.523062 0.523062
10360.960938 0.000000 6528.088379 0.000000 0.847837 0.000000 -0.530257 0.592092 0.592092 0.592092
10366.462891 0.000000 6476.631348 0.000000 0.754749 0.000000 0.656013 0.382548 0.382548 0.382548
10331.650391 0.000000 6500.359863 0.000000 0.096460 0.000000 -0.995337 0.744745 0.744745 0.744745
10331.621094 0.000000 6541.332520 0.000000 0.648908 0.000000 -0.760867 0.639232 0.639232 0.639232
10329.469727 0.000000 6476.894043 0.000000 0.562918 0.000000 -0.826513 0.657268 0.657268 0.657268
10361.930664 0.000000 6543.882812 0.000000 0.998553 0.000000 0.053770 0.491002 0.491002 0.491002
10326.471680 0.000000 6504.512207 0.000000 0.192898 0.000000 -0.981219 0.725980 0.725980 0.725980
10360.155273 0.000000 6515.260254 0.000000 0.544978 0.000000 -0.838450 0.663234 0.663234 0.663234
10356.423828 0.000000 6532.809570 0.000000 0.671706 0.000000 0.740818 0.363053 0.363053 0.363053
10361.041016 0.000000 6536.665039 0.000000 0.953632 0.000000 0.300974 0.449627 0.449627 0.449627
10322.383789 0.000000 6536.666504 0.000000 0.941388 0.000000 0.337325 0.442662 0.442662 0.442662
10367.546875 0.000000 6472.122070 0.000000 0.999967 0.000000 -0.008185 0.501405 0.501405 0.501405
10318.863281 0.000000 6533.675293 0.000000 0.947365 0.000000 0.320155 0.445895 0.445895 0.445895
10327.508789 0.000000 6538.285645 0.000000 0.974860 0.000000 0.222816 0.463536 0.463536 0.463536
10361.714844 0.000000 6519.343750 0.000000 0.844815 0.000000 0.535059 0.402040 0.402040 0.402040
10359.743164 0.000000 6523.609375 0.000000 0.065517 0.000000 -0.997851 0.752718 0.752718 0.752718
10363.456055 0.000000 6473.274902 0.000000 0.157936 0.000000 0.987449 0.266428 0.266428 0.266428
10363.725586 0.000000 6513.841797 0.000000 0.879019 0.000000 0.476787 0.418109 0.418109 0.418109
10365.076172 0.000000 6545.953125 0.000000 0.949581 0.000000 -0.313522 0.552546 0.552546 0.552546
10332.952148 0.000000 6475.769531 0.000000 0.061686 0.000000 -0.998096 0.747711 0.747711 0.747711
10358.291016 0.000000 6530.126465 0.000000 0.836177 0.000000 -0.548460 0.595654 0.595654 0.595654
10358.750977 0.000000 6526.297852 0.000000 0.956281 0.000000 0.292451 0.450727 0.450727 0.450727
10317.366211 0.000000 6531.198730 0.000000 0.310177 0.000000 -0.950679 0.708425 0.708425 0.708425
10361.744141 0.000000 6539.028320 0.000000 0.948552 0.000000 -0.316622 0.555095 0.555095 0.555095
10363.897461 0.000000 6542.430176 0.000000 0.965620 0.000000 0.259959 0.455519 0.455519 0.455519
10361.899414 0.000000 6541.662109 0.000000 0.440068 0.000000 0.897965 0.306515 0.306515 0.306515
10364.151367 0.000000 6475.331543 0.000000 0.579739 0.000000 -0.814802 0.662871 0.662871 0.662871
10210.977539 0.000000 6600.916992 0.000000 0.911683 0.000000 -0.410895 0.568449 0.568449 0.568449
10215.222656 0.000000 6636.799316 0.000000 0.595054 0.000000 0.803685 0.345026 0.345026 0.345026
10213.106445 0.000000 6643.894531 0.000000 0.541048 0.000000 0.840992 0.337245 0.337245 0.337245
10216.580078 0.000000 6647.596191 0.000000 0.525718 0.000000 0.850659 0.334292 0.334292 0.334292
10213.208008 0.000000 6598.952637 0.000000 0.678255 0.000000 0.734827 0.362965 0.362965 0.362965
10293.625977 0.000000 6615.920410 0.000000 0.507901 0.000000 -0.861415 0.666507 0.666507 0.666507
10226.043945 0.000000 6647.742188 0.000000 0.777235 0.000000 -0.629210 0.610435 0.610435 0.610435
10229.861328 0.000000 6604.918457 0.000000 0.775361 0.000000 0.631518 0.389510 0.389510 0.389510
10280.863281 0.000000 6573.600098 0.000000 0.560477 0.000000 -0.828170 0.660181 0.660181 0.660181
10218.234375 0.000000 6598.405273 0.000000 0.996624 0.000000 -0.082095 0.513491 0.513491 0.513491
10218.942383 0.000000 6612.010742 0.000000 0.349120 0.000000 -0.937078 0.697029 0.697029 0.697029
10241.637695 0.000000 6600.909180 0.000000 0.993944 0.000000 0.109888 0.482201 0.482201 0.482201
10218.629883 0.000000 6636.843750 0.000000 0.737786 0.000000 -0.675034 0.619323 0.619323 0.619323
10218.045898 0.000000 6651.427734 0.000000 0.998966 0.000000 0.045468 0.492420 0.492420 0.492420
10225.591797 0.000000 6617.675293 0.000000 0.802150 0.000000 -0.597122 0.605439 0.605439 0.605439
10225.750000 0.000000 6597.596191 0.000000 0.981016 0.000000 0.193928 0.468330 0.468330 0.468330
10222.330078 0.000000 6605.144043 0.000000 0.280775 0.000000 0.959774 0.288874 0.288874 0.288874
10278.401367 0.000000 6606.155762 0.000000 0.531873 0.000000 0.846824 0.333583 0.333583 0.333583
10277.587891 0.000000 6569.842285 0.000000 0.357713 0.000000 -0.933832 0.697043 0.697043 0.697043
10282.175781 0.000000 6610.207520 0.000000 0.722091 0.000000 0.691798 0.376025 0.376025 0.376025
10237.351562 0.000000 6613.392090 0.000000 0.968047 0.000000 -0.250771 0.541766 0.541766 0.541766
10288.630859 0.000000 6614.156738 0.000000 0.828286 0.000000 0.560305 0.403115 0.403115 0.403115
10228.668945 0.000000 6651.949707 0.000000 0.680340 0.000000 0.732896 0.363950 0.363950 0.363950
10222.379883 0.000000 6614.660156 0.000000 0.689714 0.000000 0.724082 0.368100 0.368100 0.368100
10222.583984 0.000000 6609.388672 0.000000 0.839395 0.000000 0.543522 0.404600 0.404600 0.404600
10221.748047 0.000000 6596.119141 0.000000 0.329038 0.000000 -0.944317 0.703578 0.703578 0.703578
10297.516602 0.000000 6616.445312 0.000000 0.683657 0.000000 -0.729804 0.633258 0.633258 0.633258
10233.144531 0.000000 6606.802734 0.000000 0.044029 0.000000 -0.999030 0.752519 0.752519 0.752519
10225.225586 0.000000 6594.013672 0.000000 0.056787 0.000000 -0.998386 0.748517 0.748517 0.748517
10220.618164 0.000000 6654.470703 0.000000 0.995705 0.000000 -0.092588 0.515278 0.515278 0.515278
10233.642578 0.000000 6614.145508 0.000000 0.443509 0.000000 -0.896270 0.683803 0.683803 0.683803
10238.344727 0.000000 6601.970703 0.000000 0.687691 0.000000 -0.726003 0.633369 0.633369 0.633369
10280.820312 0.000000 6570.364746 0.000000 0.040109 0.000000 -0.999195 0.754124 0.754124 0.754124
10219.297852 0.000000 6615.502441 0.000000 0.660188 0.000000 -0.751101 0.641603 0.641603 0.641603
10282.881836 0.000000 6577.128906 0.000000 0.720783 0.000000 0.693161 0.372851 0.372851 0.372851
10228.640625 0.000000 6617.507812 0.000000 0.128286 0.000000 0.991737 0.259673 0.259673 0.259673
10279.866211 0.000000 6567.665527 0.000000 0.925380 0.000000 0.379040 0.435701 0.435701 0.435701
10225.097656 0.000000 6604.632324 0.000000 0.977614 0.000000 -0.210405 0.535327 0.535327 0.535327
10280.863281 0.000000 6667.342285 0.000000 0.850105 0.000000 0.526614 0.409654 0.409654 0.409654
10278.592773 0.000000 6658.734863 0.000000 0.685527 0.000000 -0.728047 0.630804 0.630804 0.630804
10287.853516 0.000000 6665.355957 0.000000 0.810480 0.000000 0.585766 0.399616 0.399616 0.399616
10235.727539 0.000000 6664.378418 0.000000 0.812498 0.000000 -0.582964 0.602938 0.602938 0.602938
10223.934570 0.000000 6657.532715 0.000000 0.551544 0.000000 -0.834146 0.661330 0.661330 0.661330
10241.711914 0.000000 6666.617188 0.000000 0.275595 0.000000 0.961274 0.291213 0.291213 0.291213
10277.587891 0.000000 6663.584473 0.000000 0.830759 0.000000 0.556632 0.403468 0.403468 0.403468
10219.025391 0.000000 6655.783691 0.000000 0.847473 0.000000 0.530838 0.409542 0.409542 0.409542
10382.360352 0.000000 6594.104980 0.000000 0.842084 0.000000 0.539347 0.407202 0.407202 0.407202
10353.190430 0.000000 6573.187012 0.000000 0.204476 0.000000 -0.978872 0.727448 0.727448 0.727448
10312.178711 0.000000 6566.782715 0.000000 0.297435 0.000000 -0.954742 0.709062 0.709062 0.709062
10372.491211 0.000000 6586.001953 0.000000 0.647312 0.000000 0.762225 0.360972 0.360972 0.360972
10363.672852 0.000000 6578.285645 0.000000 0.617072 0.000000 0.786907 0.353014 0.353014 0.353014
10392.751953 0.000000 6592.023438 0.000000 0.978434 0.000000 0.206560 0.465198 0.465198 0.465198
10343.133789 0.000000 6600.435059 0.000000 0.860052 0.000000 0.510207 0.412111 0.412111 0.412111
10319.492188 0.000000 6597.596191 0.000000 0.732450 0.000000 0.680820 0.378475 0.378475 0.378475
10331.650391 0.000000 6594.102051 0.000000 0.347674 0.000000 -0.937615 0.695762 0.695762 0.695762
10340.750977 0.000000 6593.424805 0.000000 0.103880 0.000000 0.994590 0.264732 0.264732 0.264732
10386.880859 0.000000 6588.199219 0.000000 0.305908 0.000000 -0.952061 0.705238 0.705238 0.705238
10370.143555 0.000000 6579.821777 0.000000 0.482682 0.000000 -0.875795 0.673161 0.673161 0.673161
10356.717773 0.000000 6578.552246 0.000000 0.651460 0.000000 -0.758683 0.639229 0.639229 0.639229
10338.805664 0.000000 6581.561523 0.000000 0.926526 0.000000 -0.376231 0.563557 0.563557 0.563557
10396.927734 0.000000 6595.709961 0.000000 0.022490 0.000000 0.999747 0.244882 0.244882 0.244882
10315.814453 0.000000 6600.623535 0.000000 0.376837 0.000000 -0.926280 0.694420 0.694420 0.694420
10335.724609 0.000000 6591.720703 0.000000 0.925265 0.000000 -0.379321 0.564349 0.564349 0.564349
10378.713867 0.000000 6591.819336 0.000000 0.765170 0.000000 -0.643828 0.617003 0.617003 0.617003
10366.400391 0.000000 6581.893066 0.000000 0.379825 0.000000 0.925058 0.300212 0.300212 0.300212
10349.031250 0.000000 6572.788086 0.000000 0.850174 0.000000 -0.526501 0.591709 0.591709 0.591709
10375.591797 0.000000 6588.924805 0.000000 0.828714 0.000000 0.559673 0.403239 0.403239 0.403239
10369.340820 0.000000 6584.009766 0.000000 0.913745 0.000000 -0.406288 0.569461 0.569461 0.569461
10356.498047 0.000000 6574.710449 0.000000 0.892184 0.000000 0.451672 0.423366 0.423366 0.423366
10342.070312 0.000000 6603.670410 0.000000 0.428929 0.000000 -0.903338 0.685779 0.685779 0.685779
10341.233398 0.000000 6597.111328 0.000000 0.682076 0.000000 0.731281 0.363830 0.363830 0.363830
10388.404297 0.000000 6590.837402 0.000000 0.999866 0.000000 -0.016370 0.502718 0.502718 0.502718
10314.591797 0.000000 6564.346680 0.000000 0.366760 0.000000 -0.930316 0.697694 0.697694 0.697694
10337.806641 0.000000 6593.485352 0.000000 0.981375 0.000000 0.192103 0.467907 0.467907 0.467907
10376.333008 0.000000 6591.290527 0.000000 0.942218 0.000000 -0.335001 0.557566 0.557566 0.557566
10358.590820 0.000000 6578.960938 0.000000 0.421483 0.000000 -0.906836 0.699894 0.699894 0.699894
10328.306641 0.000000 6656.853516 0.000000 0.998248 0.000000 0.059174 0.490170 0.490170 0.490170
10312.178711 0.000000 6660.524902 0.000000 0.983941 0.000000 0.178496 0.470094 0.470094 0.470094
10335.941406 0.000000 6661.201172 0.000000 0.140919 0.000000 -0.990021 0.733742 0.733742 0.733742
10364.952148 0.000000 6679.679199 0.000000 0.071592 0.000000 -0.997434 0.744210 0.744210 0.744210
10329.469727 0.000000 6664.378418 0.000000 0.932411 0.000000 -0.361399 0.560004 0.560004 0.560004
10362.803711 0.000000 6693.182617 0.000000 0.253942 0.000000 -0.967219 0.714057 0.714057 0.714057
10367.848633 0.000000 6685.410156 0.000000 0.821846 0.000000 0.569709 0.399366 0.399366 0.399366
10356.717773 0.000000 6672.294434 0.000000 0.997542 0.000000 0.070073 0.488707 0.488707 0.488707
10360.382812 0.000000 6675.722656 0.000000 0.305952 0.000000 -0.952047 0.707590 0.707590 0.707590
10366.631836 0.000000 6689.884766 0.000000 0.733641 0.000000 -0.679537 0.620775 0.620775 0.620775
10331.650391 0.000000 6659.818359 0.000000 0.922813 0.000000 0.385249 0.435824 0.435824 0.435824
10325.234375 0.000000 6665.483398 0.000000 0.750651 0.000000 -0.660699 0.621627 0.621627 0.621627
10344.510742 0.000000 6667.584473 0.000000 0.678619 0.000000 -0.734491 0.634379 0.634379 0.634379
10363.740234 0.000000 6683.336426 0.000000 0.901108 0.000000 0.433594 0.425824 0.425824 0.425824
10332.952148 0.000000 6663.253906 0.000000 0.115056 0.000000 -0.993359 0.738007 0.738007 0.738007
10321.160156 0.000000 6659.027344 0.000000 0.448853 0.000000 0.893605 0.317875 0.317875 0.317875
10315.930664 0.000000 6660.667969 0.000000 0.883564 0.000000 0.468310 0.419998 0.419998 0.419998
10338.500000 0.000000 6665.525879 0.000000 0.979744 0.000000 -0.200252 0.533472 0.533472 0.533472
10331.276367 0.000000 6656.737305 0.000000 0.751777 0.000000 -0.659417 0.619542 0.619542 0.619542
10341.997070 0.000000 6665.930176 0.000000 0.509381 0.000000 0.860541 0.327301 0.327301 0.327301
10322.569336 0.000000 6665.053223 0.000000 0.283990 0.000000 -0.958827 0.716181 0.716181 0.716181
10368.311523 0.000000 6688.080566 0.000000 0.988669 0.000000 -0.150115 0.526051 0.526051 0.526051
10327.142578 0.000000 6663.470703 0.000000 0.936709 0.000000 0.350109 0.439500 0.439500 0.439500
"}
