object={
	name="tree_leaf_high_generator_1_0"
	render_pass=Map
	clamp_to_water_level=no
	generated_content=yes
	layer="tree_high_layer"
	pdxmesh="tree_leaf_01_a_mesh"
	count=3653
	transform="3654.185303 0.000000 6738.377441 0.000000 0.326391 0.000000 -0.945235 0.943446 0.943446 0.943446
3579.205811 0.000000 6747.825195 0.000000 0.712758 0.000000 -0.701410 0.911787 0.911787 0.911787
3649.312500 0.000000 6735.998047 0.000000 0.974292 0.000000 0.225289 0.765961 0.765961 0.765961
3648.359863 0.000000 6743.868164 0.000000 0.115464 0.000000 -0.993312 1.017960 1.017960 1.017960
3647.228271 0.000000 6734.258301 0.000000 0.499249 0.000000 -0.866459 0.956993 0.956993 0.956993
3642.439453 0.000000 6745.046387 0.000000 0.348080 0.000000 0.937465 0.617961 0.617961 0.617961
3630.162842 0.000000 6746.556641 0.000000 0.808138 0.000000 0.588994 0.708174 0.708174 0.708174
3650.130859 0.000000 6742.482910 0.000000 0.669561 0.000000 -0.742757 0.925404 0.925404 0.925404
3727.581055 0.000000 6731.236816 0.000000 0.848289 0.000000 -0.529534 0.814489 0.814489 0.814489
3671.812988 0.000000 6725.770020 0.000000 0.488756 0.000000 -0.872421 0.846581 0.846581 0.846581
3697.698730 0.000000 6736.182617 0.000000 0.996864 0.000000 0.079128 0.795729 0.795729 0.795729
3718.787598 0.000000 6744.254395 0.000000 0.984390 0.000000 0.176001 0.791519 0.791519 0.791519
3727.076172 0.000000 6741.102051 0.000000 0.976292 0.000000 -0.216456 0.812637 0.812637 0.812637
3660.432861 0.000000 6730.374023 0.000000 0.995377 0.000000 -0.096048 0.805187 0.805187 0.805187
3700.431885 0.000000 6745.979492 0.000000 0.591394 0.000000 0.806383 0.726936 0.726936 0.726936
3680.140381 0.000000 6718.255859 0.000000 0.709576 0.000000 -0.704629 0.865589 0.865589 0.865589
3682.232910 0.000000 6724.875488 0.000000 0.659146 0.000000 0.752015 0.740504 0.740504 0.740504
3733.610596 0.000000 6726.825195 0.000000 0.540160 0.000000 -0.841563 0.889891 0.889891 0.889891
3666.635986 0.000000 6739.563965 0.000000 0.967351 0.000000 0.253439 0.777483 0.777483 0.777483
3693.968750 0.000000 6731.042480 0.000000 0.168392 0.000000 -0.985720 0.945565 0.945565 0.945565
3700.659180 0.000000 6734.974121 0.000000 0.267394 0.000000 0.963587 0.688345 0.688345 0.688345
3692.197998 0.000000 6727.262695 0.000000 0.994747 0.000000 0.102367 0.790988 0.790988 0.790988
3665.528809 0.000000 6734.609375 0.000000 0.090586 0.000000 0.995889 0.634459 0.634459 0.634459
3675.660889 0.000000 6735.494141 0.000000 0.892311 0.000000 0.451420 0.741069 0.741069 0.741069
3745.656250 0.000000 6747.151855 0.000000 0.148368 0.000000 0.988932 0.638130 0.638130 0.638130
3730.157471 0.000000 6741.308594 0.000000 0.384426 0.000000 -0.923156 0.919808 0.919808 0.919808
3703.669189 0.000000 6745.973145 0.000000 0.543557 0.000000 -0.839372 0.949213 0.949213 0.949213
3723.802490 0.000000 6735.614258 0.000000 0.940396 0.000000 0.340082 0.757031 0.757031 0.757031
3698.996338 0.000000 6733.220215 0.000000 0.813494 0.000000 0.581573 0.725624 0.725624 0.725624
3673.311523 0.000000 6728.072266 0.000000 0.273913 0.000000 0.961755 0.606267 0.606267 0.606267
3727.259521 0.000000 6745.521484 0.000000 0.681798 0.000000 -0.731540 0.922917 0.922917 0.922917
3663.145020 0.000000 6739.330566 0.000000 0.802363 0.000000 0.596836 0.700368 0.700368 0.700368
3708.202637 0.000000 6729.914551 0.000000 0.347822 0.000000 0.937561 0.639769 0.639769 0.639769
3672.292480 0.000000 6723.529297 0.000000 0.384587 0.000000 0.923089 0.623838 0.623838 0.623838
3705.231445 0.000000 6743.117188 0.000000 0.580914 0.000000 0.813965 0.619570 0.619570 0.619570
3723.905029 0.000000 6746.556641 0.000000 0.031959 0.000000 0.999489 0.501879 0.501879 0.501879
3688.324219 0.000000 6729.996582 0.000000 0.894031 0.000000 -0.448005 0.867728 0.867728 0.867728
3727.275635 0.000000 6743.231445 0.000000 0.230738 0.000000 0.973016 0.604927 0.604927 0.604927
3699.742188 0.000000 6736.926758 0.000000 0.750564 0.000000 -0.660798 0.908133 0.908133 0.908133
3706.203857 0.000000 6729.146484 0.000000 0.624610 0.000000 -0.780937 0.934239 0.934239 0.934239
3736.978516 0.000000 6733.275391 0.000000 0.921868 0.000000 0.387504 0.740394 0.740394 0.740394
3728.068115 0.000000 6726.789062 0.000000 0.036051 0.000000 -0.999350 1.109589 1.109589 1.109589
3731.458984 0.000000 6727.771973 0.000000 0.043138 0.000000 -0.999069 1.099005 1.099005 1.099005
3674.287598 0.000000 6730.244629 0.000000 0.860971 0.000000 0.508654 0.683831 0.683831 0.683831
3721.538330 0.000000 6734.283691 0.000000 0.994691 0.000000 0.102911 0.781057 0.781057 0.781057
3749.329590 0.000000 6736.976074 0.000000 0.979776 0.000000 0.200095 0.762581 0.762581 0.762581
3677.411865 0.000000 6730.173340 0.000000 0.258046 0.000000 -0.966133 1.129613 1.129613 1.129613
3678.921143 0.000000 6728.865723 0.000000 0.703217 0.000000 -0.710975 0.948481 0.948481 0.948481
3720.706787 0.000000 6732.455078 0.000000 0.826298 0.000000 0.563233 0.650633 0.650633 0.650633
3746.145264 0.000000 6739.123047 0.000000 0.956497 0.000000 0.291743 0.741463 0.741463 0.741463
3718.032959 0.000000 6734.916504 0.000000 0.864529 0.000000 0.502583 0.693777 0.693777 0.693777
3717.921143 0.000000 6732.780273 0.000000 0.999456 0.000000 -0.032996 0.808964 0.808964 0.808964
3673.645996 0.000000 6731.920898 0.000000 0.730385 0.000000 -0.683036 0.998230 0.998230 0.998230
3726.566162 0.000000 6735.480957 0.000000 0.219833 0.000000 -0.975537 1.120655 1.120655 1.120655
3769.627197 0.000000 6743.473633 0.000000 0.206690 0.000000 -0.978406 0.851707 0.851707 0.851707
3777.864014 0.000000 6746.047363 0.000000 0.930570 0.000000 0.366115 0.779787 0.779787 0.779787
3773.177002 0.000000 6743.345703 0.000000 0.565183 0.000000 -0.824966 0.865879 0.865879 0.865879
3755.758057 0.000000 6742.939941 0.000000 0.991286 0.000000 0.131730 0.780210 0.780210 0.780210
3755.108887 0.000000 6740.528809 0.000000 0.999821 0.000000 -0.018904 0.802832 0.802832 0.802832
3749.724609 0.000000 6739.343262 0.000000 0.513167 0.000000 0.858289 0.587717 0.587717 0.587717
3317.739990 0.000000 6986.239746 0.000000 0.847332 0.000000 0.531064 0.514868 0.514868 0.514868
3324.916016 0.000000 6962.776855 0.000000 0.952665 0.000000 0.304022 0.783342 0.783342 0.783342
3314.207520 0.000000 6986.502930 0.000000 0.982869 0.000000 0.184308 0.714849 0.714849 0.714849
3325.833984 0.000000 6949.679199 0.000000 0.685281 0.000000 -0.728279 0.865174 0.865174 0.865174
3326.520996 0.000000 6958.320312 0.000000 0.779326 0.000000 -0.626619 0.847339 0.847339 0.847339
3367.732666 0.000000 7005.082031 0.000000 0.386993 0.000000 0.922082 0.708599 0.708599 0.708599
3316.054932 0.000000 6988.787109 0.000000 0.008413 0.000000 -0.999965 1.445934 1.445934 1.445934
3322.964111 0.000000 6941.884766 0.000000 0.176974 0.000000 0.984215 0.672032 0.672032 0.672032
3315.376953 0.000000 6991.976562 0.000000 0.153167 0.000000 -0.988200 0.941507 0.941507 0.941507
3321.037598 0.000000 6957.855957 0.000000 0.570949 0.000000 0.820986 0.692278 0.692278 0.692278
3374.607178 0.000000 6961.536621 0.000000 0.426682 0.000000 0.904402 0.671361 0.671361 0.671361
3323.084229 0.000000 6985.973145 0.000000 0.867532 0.000000 -0.497380 0.860304 0.860304 0.860304
3317.465820 0.000000 6978.981445 0.000000 0.494381 0.000000 0.869245 0.671629 0.671629 0.671629
3320.327148 0.000000 6986.030273 0.000000 0.646556 0.000000 0.762867 0.444720 0.444720 0.444720
3324.771484 0.000000 6947.008789 0.000000 0.625879 0.000000 -0.779920 0.933995 0.933995 0.933995
3367.095703 0.000000 7007.775391 0.000000 0.086033 0.000000 0.996292 0.568713 0.568713 0.568713
3325.478516 0.000000 6965.142090 0.000000 0.901569 0.000000 -0.432636 0.867019 0.867019 0.867019
3315.073242 0.000000 6969.423340 0.000000 0.000997 0.000000 1.000000 0.564855 0.564855 0.564855
3371.934814 0.000000 7006.620605 0.000000 0.642898 0.000000 0.765952 0.690214 0.690214 0.690214
3325.176270 0.000000 6973.815430 0.000000 0.078531 0.000000 0.996912 0.579462 0.579462 0.579462
3322.006348 0.000000 6971.469238 0.000000 0.682146 0.000000 -0.731216 0.914656 0.914656 0.914656
3316.518555 0.000000 6984.291504 0.000000 0.418185 0.000000 -0.908362 1.284693 1.284693 1.284693
3318.094482 0.000000 6972.808594 0.000000 0.258149 0.000000 0.966105 0.603818 0.603818 0.603818
3319.979492 0.000000 6979.404297 0.000000 0.042180 0.000000 -0.999110 1.083928 1.083928 1.083928
3328.345947 0.000000 6968.360352 0.000000 0.974311 0.000000 0.225205 0.765974 0.765974 0.765974
3320.760254 0.000000 6966.507324 0.000000 0.357212 0.000000 -0.934023 1.156340 1.156340 1.156340
3323.438232 0.000000 6961.327637 0.000000 0.855410 0.000000 0.517952 0.667336 0.667336 0.667336
3323.181885 0.000000 6954.697266 0.000000 0.978591 0.000000 -0.205813 0.842644 0.842644 0.842644
3315.999268 0.000000 6986.919434 0.000000 0.743981 0.000000 -0.668200 1.136157 1.136157 1.136157
3314.089111 0.000000 6988.328613 0.000000 0.818045 0.000000 -0.575154 1.047226 1.047226 1.047226
3317.464355 0.000000 6987.866211 0.000000 0.928200 0.000000 0.372082 0.605831 0.605831 0.605831
3374.691650 0.000000 7044.161621 0.000000 0.425605 0.000000 -0.904909 0.901664 0.901664 0.901664
3460.826172 0.000000 6795.747070 0.000000 0.870539 0.000000 -0.492099 0.809248 0.809248 0.809248
3465.991211 0.000000 6808.247070 0.000000 0.515858 0.000000 -0.856674 0.824657 0.824657 0.824657
3460.005615 0.000000 6783.194336 0.000000 0.718709 0.000000 0.695311 0.776966 0.776966 0.776966
3456.115479 0.000000 6789.370117 0.000000 0.960436 0.000000 0.278499 0.790417 0.790417 0.790417
3459.708008 0.000000 6815.170410 0.000000 0.064164 0.000000 0.997939 0.712739 0.712739 0.712739
3428.154053 0.000000 6827.179688 0.000000 0.750094 0.000000 0.661331 0.753818 0.753818 0.753818
3412.419922 0.000000 6841.200684 0.000000 0.999955 0.000000 0.009529 0.799315 0.799315 0.799315
3463.352783 0.000000 6810.303711 0.000000 0.192711 0.000000 0.981256 0.676253 0.676253 0.676253
3409.279053 0.000000 6830.741211 0.000000 0.134707 0.000000 -0.990885 0.908961 0.908961 0.908961
3419.432617 0.000000 6828.716309 0.000000 0.982493 0.000000 -0.186298 0.817216 0.817216 0.817216
3465.958252 0.000000 6782.277832 0.000000 0.162843 0.000000 -0.986652 0.937718 0.937718 0.937718
3462.946289 0.000000 6797.221191 0.000000 0.835854 0.000000 0.548953 0.709472 0.709472 0.709472
3422.442627 0.000000 6839.715332 0.000000 0.650519 0.000000 -0.759490 1.180712 1.180712 1.180712
3440.744873 0.000000 6815.058105 0.000000 0.998558 0.000000 0.053678 0.793993 0.793993 0.793993
3417.769775 0.000000 6826.962402 0.000000 0.999187 0.000000 -0.040323 0.806042 0.806042 0.806042
3446.988770 0.000000 6812.786133 0.000000 0.682277 0.000000 0.731093 0.673906 0.673906 0.673906
3444.258301 0.000000 6813.225586 0.000000 0.752769 0.000000 -0.658285 0.907632 0.907632 0.907632
3424.004883 0.000000 6836.859375 0.000000 0.890465 0.000000 0.455053 0.729233 0.729233 0.729233
3464.927979 0.000000 6812.063965 0.000000 0.515279 0.000000 0.857022 0.645794 0.645794 0.645794
3443.679932 0.000000 6817.698730 0.000000 0.995488 0.000000 0.094885 0.785765 0.785765 0.785765
3407.030273 0.000000 6834.448242 0.000000 0.972500 0.000000 0.232901 0.764790 0.764790 0.764790
3459.609375 0.000000 6805.876465 0.000000 0.949574 0.000000 0.313544 0.739488 0.739488 0.739488
3463.347168 0.000000 6804.409180 0.000000 0.340282 0.000000 -0.940324 0.983284 0.983284 0.983284
3467.630127 0.000000 6810.061523 0.000000 0.264592 0.000000 0.964360 0.604818 0.604818 0.604818
3412.868164 0.000000 6833.226562 0.000000 0.626675 0.000000 0.779281 0.646527 0.646527 0.646527
3450.871582 0.000000 6811.693848 0.000000 0.898788 0.000000 -0.438383 0.929607 0.929607 0.929607
3458.298096 0.000000 6809.396484 0.000000 0.051479 0.000000 -0.998674 1.255159 1.255159 1.255159
3400.169189 0.000000 6836.222656 0.000000 0.935596 0.000000 -0.353073 0.871350 0.871350 0.871350
3414.149902 0.000000 6830.294434 0.000000 0.795262 0.000000 -0.606266 0.939198 0.939198 0.939198
3462.646484 0.000000 6801.357910 0.000000 0.715593 0.000000 0.698517 0.659450 0.659450 0.659450
3427.054932 0.000000 6829.173828 0.000000 0.642603 0.000000 -0.766200 1.028386 1.028386 1.028386
3427.266357 0.000000 6831.185059 0.000000 0.955156 0.000000 -0.296102 0.890058 0.890058 0.890058
3456.100098 0.000000 6808.336426 0.000000 0.783935 0.000000 0.620843 0.639466 0.639466 0.639466
3465.582275 0.000000 6799.114258 0.000000 0.574388 0.000000 0.818583 0.591240 0.591240 0.591240
3429.988770 0.000000 6831.353516 0.000000 0.650450 0.000000 -0.759549 1.042923 1.042923 1.042923
3425.852783 0.000000 6834.799316 0.000000 0.987370 0.000000 0.158432 0.761550 0.761550 0.761550
3466.345947 0.000000 6794.275879 0.000000 0.508415 0.000000 -0.861112 1.092158 1.092158 1.092158
3460.948975 0.000000 6804.726562 0.000000 0.973220 0.000000 -0.229876 0.859761 0.859761 0.859761
3422.904297 0.000000 6841.360840 0.000000 0.631047 0.000000 0.775745 0.530453 0.530453 0.530453
3415.730225 0.000000 6833.648438 0.000000 0.497965 0.000000 0.867197 0.554745 0.554745 0.554745
3423.362305 0.000000 6838.348633 0.000000 0.998136 0.000000 -0.061034 0.826956 0.826956 0.826956
3456.031250 0.000000 6811.614258 0.000000 0.102723 0.000000 0.994710 0.404216 0.404216 0.404216
3424.667725 0.000000 6832.932129 0.000000 0.961712 0.000000 0.274061 0.710732 0.710732 0.710732
3460.643311 0.000000 6801.746094 0.000000 0.334674 0.000000 -0.942334 1.190453 1.190453 1.190453
3524.367432 0.000000 6753.348633 0.000000 0.997351 0.000000 0.072739 0.797674 0.797674 0.797674
3476.469238 0.000000 6822.837891 0.000000 0.991357 0.000000 -0.131195 0.806307 0.806307 0.806307
3488.071533 0.000000 6841.654785 0.000000 0.935373 0.000000 0.353664 0.785561 0.785561 0.785561
3509.223145 0.000000 6800.700195 0.000000 0.272448 0.000000 -0.962171 0.854309 0.854309 0.854309
3560.996582 0.000000 6812.236816 0.000000 0.137310 0.000000 0.990528 0.714136 0.714136 0.714136
3506.017334 0.000000 6793.810547 0.000000 0.688135 0.000000 0.725583 0.764327 0.764327 0.764327
3530.320312 0.000000 6764.952637 0.000000 0.950350 0.000000 0.311184 0.781672 0.781672 0.781672
3511.439209 0.000000 6811.020508 0.000000 0.838860 0.000000 -0.544347 0.841387 0.841387 0.841387
3542.632324 0.000000 6806.864258 0.000000 0.422953 0.000000 0.906151 0.704868 0.704868 0.704868
3503.652588 0.000000 6773.233398 0.000000 0.885204 0.000000 0.465204 0.762311 0.762311 0.762311
3493.862061 0.000000 6829.261230 0.000000 0.475626 0.000000 -0.879647 0.885891 0.885891 0.885891
3502.986084 0.000000 6843.178711 0.000000 0.864038 0.000000 -0.503426 0.844254 0.844254 0.844254
3527.189941 0.000000 6754.605957 0.000000 0.351144 0.000000 -0.936321 0.901668 0.901668 0.901668
3552.702881 0.000000 6790.126953 0.000000 0.644665 0.000000 0.764465 0.709623 0.709623 0.709623
3527.693359 0.000000 6832.423828 0.000000 0.789140 0.000000 -0.614213 0.868689 0.868689 0.868689
3520.746582 0.000000 6818.494141 0.000000 0.147607 0.000000 0.989046 0.655090 0.655090 0.655090
3520.019531 0.000000 6832.828613 0.000000 0.829836 0.000000 0.558007 0.750342 0.750342 0.750342
3510.015625 0.000000 6808.675781 0.000000 0.506120 0.000000 -0.862463 0.893481 0.893481 0.893481
3520.703369 0.000000 6809.668457 0.000000 0.998229 0.000000 0.059493 0.793580 0.793580 0.793580
3543.400879 0.000000 6761.035156 0.000000 0.709228 0.000000 0.704979 0.715618 0.715618 0.715618
3543.249512 0.000000 6813.140625 0.000000 0.348511 0.000000 -0.937305 0.933445 0.933445 0.933445
3524.743896 0.000000 6818.664062 0.000000 0.021137 0.000000 0.999777 0.617393 0.617393 0.617393
3506.510010 0.000000 6796.436523 0.000000 0.932857 0.000000 -0.360247 0.837538 0.837538 0.837538
3508.671387 0.000000 6832.153320 0.000000 0.936279 0.000000 0.351257 0.761291 0.761291 0.761291
3533.517822 0.000000 6824.380371 0.000000 0.432647 0.000000 -0.901564 0.961542 0.961542 0.961542
3514.860596 0.000000 6768.299805 0.000000 0.900250 0.000000 0.435374 0.739723 0.739723 0.739723
3518.693848 0.000000 6803.342773 0.000000 0.835282 0.000000 0.549822 0.739540 0.739540 0.739540
3525.425781 0.000000 6756.414551 0.000000 0.792656 0.000000 0.609669 0.714884 0.714884 0.714884
3485.463623 0.000000 6841.567383 0.000000 0.108009 0.000000 0.994150 0.580917 0.580917 0.580917
3520.056152 0.000000 6816.070312 0.000000 0.959583 0.000000 -0.281424 0.831337 0.831337 0.831337
3506.639160 0.000000 6800.916016 0.000000 0.741355 0.000000 -0.671113 0.886694 0.886694 0.886694
3533.480957 0.000000 6819.709961 0.000000 0.087280 0.000000 0.996184 0.577796 0.577796 0.577796
3518.564697 0.000000 6820.254883 0.000000 0.996944 0.000000 0.078121 0.788286 0.788286 0.788286
3516.315186 0.000000 6824.576172 0.000000 0.449068 0.000000 0.893498 0.638882 0.638882 0.638882
3477.237793 0.000000 6812.872070 0.000000 0.914582 0.000000 0.404399 0.737638 0.737638 0.737638
3526.582031 0.000000 6752.102539 0.000000 0.529024 0.000000 -0.848607 0.951792 0.951792 0.951792
3532.314697 0.000000 6817.334961 0.000000 0.598510 0.000000 -0.801115 0.937325 0.937325 0.937325
3560.973145 0.000000 6749.573242 0.000000 0.171150 0.000000 -0.985245 0.973212 0.973212 0.973212
3534.487061 0.000000 6815.058105 0.000000 0.916869 0.000000 -0.399189 0.854949 0.854949 0.854949
3532.024414 0.000000 6835.683594 0.000000 0.803208 0.000000 0.595698 0.704412 0.704412 0.704412
3516.235107 0.000000 6771.985840 0.000000 0.965111 0.000000 -0.261842 0.839685 0.839685 0.839685
3524.346191 0.000000 6828.331543 0.000000 0.052828 0.000000 0.998604 0.596876 0.596876 0.596876
3509.238770 0.000000 6790.017578 0.000000 0.178181 0.000000 -0.983998 1.014019 1.014019 1.014019
3527.582764 0.000000 6819.845703 0.000000 0.306034 0.000000 -0.952021 0.988705 0.988705 0.988705
3512.962891 0.000000 6777.657715 0.000000 0.834521 0.000000 0.550976 0.712591 0.712591 0.712591
3468.533936 0.000000 6819.537598 0.000000 0.939563 0.000000 -0.342376 0.852344 0.852344 0.852344
3476.450439 0.000000 6825.253906 0.000000 0.572078 0.000000 -0.820199 0.944065 0.944065 0.944065
3529.344238 0.000000 6762.759277 0.000000 0.820298 0.000000 0.571936 0.708796 0.708796 0.708796
3469.794434 0.000000 6793.105469 0.000000 0.999972 0.000000 -0.007461 0.801118 0.801118 0.801118
3537.576172 0.000000 6825.386230 0.000000 0.857878 0.000000 0.513853 0.719161 0.719161 0.719161
3525.770020 0.000000 6823.829102 0.000000 0.859633 0.000000 -0.510912 0.880326 0.880326 0.880326
3509.490723 0.000000 6783.984863 0.000000 0.558922 0.000000 -0.829220 0.946454 0.946454 0.946454
3492.656494 0.000000 6826.714844 0.000000 0.391907 0.000000 -0.920005 0.974972 0.974972 0.974972
3513.708252 0.000000 6773.169434 0.000000 0.359213 0.000000 0.933256 0.602919 0.602919 0.602919
3511.504883 0.000000 6790.618164 0.000000 0.992600 0.000000 0.121433 0.751131 0.751131 0.751131
3484.808105 0.000000 6817.271484 0.000000 0.037525 0.000000 0.999296 0.527456 0.527456 0.527456
3517.747070 0.000000 6836.859375 0.000000 0.412204 0.000000 -0.911092 1.017425 1.017425 1.017425
3518.603516 0.000000 6766.989258 0.000000 0.616005 0.000000 0.787742 0.649624 0.649624 0.649624
3513.593262 0.000000 6809.581055 0.000000 0.443703 0.000000 -0.896174 0.966430 0.966430 0.966430
3512.395264 0.000000 6792.767090 0.000000 0.312380 0.000000 -0.949957 1.343094 1.343094 1.343094
3480.579102 0.000000 6815.439453 0.000000 0.927770 0.000000 -0.373154 0.857282 0.857282 0.857282
3510.738281 0.000000 6839.532227 0.000000 0.441243 0.000000 0.897388 0.388458 0.388458 0.388458
3544.479736 0.000000 6815.118164 0.000000 0.998616 0.000000 -0.052585 0.810612 0.810612 0.810612
3520.745605 0.000000 6812.068359 0.000000 0.407531 0.000000 0.913191 0.632179 0.632179 0.632179
3541.711914 0.000000 6801.981934 0.000000 0.385787 0.000000 -0.922588 0.975967 0.975967 0.975967
3551.775391 0.000000 6816.782715 0.000000 0.021585 0.000000 0.999767 0.335879 0.335879 0.335879
3527.909424 0.000000 6829.452637 0.000000 0.417930 0.000000 0.908479 0.629291 0.629291 0.629291
3557.089355 0.000000 6804.409180 0.000000 0.999929 0.000000 0.011913 0.798287 0.798287 0.798287
3525.243652 0.000000 6812.262695 0.000000 0.448301 0.000000 -0.893882 1.029716 1.029716 1.029716
3512.257812 0.000000 6830.668945 0.000000 0.953420 0.000000 0.301646 0.754101 0.754101 0.754101
3518.719482 0.000000 6822.888672 0.000000 0.017546 0.000000 -0.999846 1.032666 1.032666 1.032666
3536.384033 0.000000 6760.012695 0.000000 0.745895 0.000000 -0.666063 0.909187 0.909187 0.909187
3517.676758 0.000000 6806.761230 0.000000 0.709325 0.000000 0.704882 0.668762 0.668762 0.668762
3487.000244 0.000000 6817.594238 0.000000 0.694543 0.000000 0.719451 0.668488 0.668488 0.668488
3469.332764 0.000000 6811.880371 0.000000 0.715435 0.000000 -0.698680 0.968401 0.968401 0.968401
3504.362061 0.000000 6832.390137 0.000000 0.998202 0.000000 0.059935 0.787543 0.787543 0.787543
3525.226807 0.000000 6816.604004 0.000000 0.314865 0.000000 -0.949137 0.987313 0.987313 0.987313
3529.491699 0.000000 6839.449219 0.000000 0.692120 0.000000 -0.721782 0.951389 0.951389 0.951389
3517.722656 0.000000 6798.618652 0.000000 0.480406 0.000000 -0.877046 0.985867 0.985867 0.985867
3473.506104 0.000000 6814.435059 0.000000 0.997811 0.000000 0.066129 0.787840 0.787840 0.787840
3504.774170 0.000000 6829.522949 0.000000 0.998878 0.000000 0.047354 0.789309 0.789309 0.789309
3506.610352 0.000000 6833.226562 0.000000 0.996240 0.000000 -0.086634 0.814379 0.814379 0.814379
3513.353516 0.000000 6837.600586 0.000000 0.794987 0.000000 0.606626 0.667214 0.667214 0.667214
3526.790283 0.000000 6827.754883 0.000000 0.998908 0.000000 0.046718 0.791039 0.791039 0.791039
3470.201904 0.000000 6815.374023 0.000000 0.352998 0.000000 0.935624 0.601830 0.601830 0.601830
3544.613770 0.000000 6811.693848 0.000000 0.952350 0.000000 0.305008 0.745525 0.745525 0.745525
3544.388916 0.000000 6818.925293 0.000000 0.368025 0.000000 0.929816 0.521010 0.521010 0.521010
3513.295898 0.000000 6841.856934 0.000000 0.998719 0.000000 -0.050608 0.814460 0.814460 0.814460
3559.134521 0.000000 6752.723633 0.000000 0.339267 0.000000 -0.940690 1.027472 1.027472 1.027472
3470.657471 0.000000 6810.292969 0.000000 0.759062 0.000000 -0.651019 0.957164 0.957164 0.957164
3556.388672 0.000000 6801.357910 0.000000 0.713271 0.000000 0.700889 0.584391 0.584391 0.584391
3490.260254 0.000000 6825.979980 0.000000 0.539327 0.000000 -0.842097 0.983959 0.983959 0.983959
3547.622803 0.000000 6817.514160 0.000000 0.616366 0.000000 -0.787460 1.055330 1.055330 1.055330
3512.129639 0.000000 6770.702148 0.000000 0.511596 0.000000 -0.859226 0.994078 0.994078 0.994078
3511.899658 0.000000 6779.118652 0.000000 0.991675 0.000000 -0.128764 0.833268 0.833268 0.833268
3512.997559 0.000000 6795.791992 0.000000 0.988984 0.000000 -0.148019 0.844508 0.844508 0.844508
3526.676758 0.000000 6822.255371 0.000000 0.692112 0.000000 0.721790 0.609956 0.609956 0.609956
3514.529785 0.000000 6840.592285 0.000000 0.999997 0.000000 0.002324 0.799151 0.799151 0.799151
3553.461426 0.000000 6817.419434 0.000000 0.961486 0.000000 0.274855 0.716584 0.716584 0.716584
3510.692627 0.000000 6837.770020 0.000000 0.724770 0.000000 -0.688991 0.977617 0.977617 0.977617
3558.077393 0.000000 6815.166992 0.000000 0.212667 0.000000 -0.977125 1.106144 1.106144 1.106144
3527.852051 0.000000 6761.973633 0.000000 0.186417 0.000000 -0.982471 1.145343 1.145343 1.145343
3516.646484 0.000000 6841.360840 0.000000 0.095569 0.000000 0.995423 0.048747 0.048747 0.048747
3514.652588 0.000000 6803.332031 0.000000 0.931682 0.000000 -0.363275 0.941824 0.941824 0.941824
3526.210938 0.000000 6839.099609 0.000000 0.874650 0.000000 -0.484755 0.921292 0.921292 0.921292
3546.456543 0.000000 6818.817383 0.000000 0.987225 0.000000 -0.159329 0.838669 0.838669 0.838669
3516.805176 0.000000 6800.775879 0.000000 0.984592 0.000000 -0.174865 0.847392 0.847392 0.847392
3514.538574 0.000000 6838.943848 0.000000 0.561854 0.000000 -0.827237 1.109359 1.109359 1.109359
3511.888428 0.000000 6841.000488 0.000000 0.996700 0.000000 -0.081171 0.819476 0.819476 0.819476
3497.589111 0.000000 6829.242676 0.000000 0.879714 0.000000 0.475503 0.673318 0.673318 0.673318
3523.392334 0.000000 6838.794434 0.000000 0.625336 0.000000 -0.780355 1.030651 1.030651 1.030651
3517.104492 0.000000 6838.348633 0.000000 0.403102 0.000000 0.915155 0.476797 0.476797 0.476797
3515.882080 0.000000 6797.745117 0.000000 0.379818 0.000000 0.925061 0.479158 0.479158 0.479158
3526.745850 0.000000 6760.691895 0.000000 0.760762 0.000000 -0.649031 0.976334 0.976334 0.976334
3515.334717 0.000000 6805.842773 0.000000 0.684272 0.000000 -0.729226 1.013808 1.013808 1.013808
3452.185791 0.000000 6853.884277 0.000000 0.578849 0.000000 0.815435 0.792383 0.792383 0.792383
3451.552002 0.000000 6879.959961 0.000000 0.825067 0.000000 -0.565034 0.809594 0.809594 0.809594
3411.432861 0.000000 6931.505859 0.000000 0.965795 0.000000 0.259308 0.793189 0.793189 0.793189
3406.793457 0.000000 6935.054688 0.000000 0.548313 0.000000 -0.836273 0.823738 0.823738 0.823738
3394.658447 0.000000 6930.958008 0.000000 0.463027 0.000000 -0.886344 0.839164 0.839164 0.839164
3380.265137 0.000000 6932.929199 0.000000 0.992500 0.000000 -0.122244 0.804406 0.804406 0.804406
3429.709473 0.000000 6877.369141 0.000000 0.592914 0.000000 -0.805266 0.831784 0.831784 0.831784
3461.967529 0.000000 6899.932617 0.000000 0.841783 0.000000 -0.539815 0.822777 0.822777 0.822777
3441.159180 0.000000 6911.248047 0.000000 0.031258 0.000000 -0.999511 0.861496 0.861496 0.861496
3383.317871 0.000000 6924.744141 0.000000 0.922418 0.000000 0.386194 0.784162 0.784162 0.784162
3416.472168 0.000000 6923.666992 0.000000 0.176580 0.000000 0.984286 0.733215 0.733215 0.733215
3421.433838 0.000000 6880.501465 0.000000 0.868600 0.000000 -0.495514 0.823815 0.823815 0.823815
3419.994385 0.000000 6873.726562 0.000000 0.319244 0.000000 0.947672 0.722863 0.722863 0.722863
3412.262207 0.000000 6872.229980 0.000000 0.440870 0.000000 -0.897571 0.866761 0.866761 0.866761
3432.418457 0.000000 6865.236328 0.000000 0.983127 0.000000 0.182922 0.790447 0.790447 0.790447
3464.435303 0.000000 6869.798828 0.000000 0.889828 0.000000 -0.456296 0.833122 0.833122 0.833122
3468.013672 0.000000 6896.583984 0.000000 0.554677 0.000000 0.832066 0.729335 0.729335 0.729335
3455.719482 0.000000 6853.372559 0.000000 0.583981 0.000000 -0.811767 0.864319 0.864319 0.864319
3420.408203 0.000000 6888.062500 0.000000 0.611703 0.000000 -0.791087 0.854680 0.854680 0.854680
3396.258545 0.000000 6868.185059 0.000000 0.992999 0.000000 -0.118124 0.810168 0.810168 0.810168
3456.762695 0.000000 6863.794922 0.000000 0.999240 0.000000 -0.038985 0.803115 0.803115 0.803115
3410.002441 0.000000 6861.413574 0.000000 0.996919 0.000000 -0.078434 0.804861 0.804861 0.804861
3397.826660 0.000000 6925.004883 0.000000 0.733857 0.000000 -0.679304 0.858171 0.858171 0.858171
3464.679443 0.000000 6854.968262 0.000000 0.479913 0.000000 0.877316 0.710224 0.710224 0.710224
3395.165283 0.000000 6883.197266 0.000000 0.085466 0.000000 -0.996341 0.906789 0.906789 0.906789
3422.927246 0.000000 6921.589844 0.000000 0.043429 0.000000 0.999057 0.659678 0.659678 0.659678
3437.359131 0.000000 6927.114258 0.000000 0.495283 0.000000 0.868731 0.703291 0.703291 0.703291
3415.926270 0.000000 6843.272461 0.000000 0.091989 0.000000 -0.995760 0.924037 0.924037 0.924037
3448.657227 0.000000 6881.111328 0.000000 0.758806 0.000000 -0.651317 0.869417 0.869417 0.869417
3388.321533 0.000000 6904.235840 0.000000 0.730513 0.000000 -0.682899 0.866060 0.866060 0.866060
3426.838867 0.000000 6883.591797 0.000000 0.905207 0.000000 -0.424970 0.831559 0.831559 0.831559
3465.936279 0.000000 6898.980957 0.000000 0.870339 0.000000 -0.492453 0.848334 0.848334 0.848334
3419.432617 0.000000 6922.458496 0.000000 0.912001 0.000000 -0.410188 0.845584 0.845584 0.845584
3442.145508 0.000000 6925.993164 0.000000 0.878327 0.000000 -0.478060 1.002089 1.002089 1.002089
3397.145996 0.000000 6894.237793 0.000000 0.999906 0.000000 0.013712 0.798850 0.798850 0.798850
3452.282959 0.000000 6867.731934 0.000000 0.998307 0.000000 0.058169 0.792677 0.792677 0.792677
3393.615967 0.000000 6859.048340 0.000000 0.817829 0.000000 0.575462 0.735094 0.735094 0.735094
3455.328369 0.000000 6885.720703 0.000000 0.109281 0.000000 -0.994011 0.951765 0.951765 0.951765
3393.072021 0.000000 6877.519531 0.000000 0.699197 0.000000 0.714929 0.704549 0.704549 0.704549
3446.765869 0.000000 6902.579102 0.000000 0.997608 0.000000 0.069120 0.791434 0.791434 0.791434
3409.641602 0.000000 6934.059570 0.000000 0.417594 0.000000 -0.908634 0.945719 0.945719 0.945719
3393.273438 0.000000 6913.501465 0.000000 0.374483 0.000000 0.927234 0.667244 0.667244 0.667244
3461.192627 0.000000 6879.375977 0.000000 0.653862 0.000000 0.756614 0.692026 0.692026 0.692026
3427.870850 0.000000 6932.657227 0.000000 0.513180 0.000000 0.858281 0.659854 0.659854 0.659854
3399.527832 0.000000 6864.012695 0.000000 0.653831 0.000000 -0.756640 0.887411 0.887411 0.887411
3454.741943 0.000000 6892.696289 0.000000 0.589071 0.000000 -0.808081 1.179594 1.179594 1.179594
3456.800781 0.000000 6925.276855 0.000000 0.249103 0.000000 -0.968477 0.994949 0.994949 0.994949
3411.208008 0.000000 6885.239258 0.000000 0.041627 0.000000 -0.999133 1.029057 1.029057 1.029057
3380.789307 0.000000 6930.424316 0.000000 0.633119 0.000000 0.774054 0.695688 0.695688 0.695688
3442.379639 0.000000 6913.547852 0.000000 0.990219 0.000000 -0.139524 0.819850 0.819850 0.819850
3394.624268 0.000000 6904.265625 0.000000 0.889691 0.000000 -0.456563 0.871021 0.871021 0.871021
3395.104248 0.000000 6909.671387 0.000000 0.954311 0.000000 0.298816 0.766060 0.766060 0.766060
3458.610596 0.000000 6927.033691 0.000000 0.815095 0.000000 -0.579328 0.876514 0.876514 0.876514
3410.895752 0.000000 6869.884277 0.000000 0.996388 0.000000 0.084915 0.787265 0.787265 0.787265
3425.683838 0.000000 6921.446777 0.000000 0.973878 0.000000 0.227072 0.773007 0.773007 0.773007
3398.735596 0.000000 6866.426758 0.000000 0.187721 0.000000 0.982222 0.592993 0.592993 0.592993
3442.575928 0.000000 6923.098633 0.000000 0.962095 0.000000 0.272713 0.695184 0.695184 0.695184
3422.844971 0.000000 6887.599609 0.000000 0.194037 0.000000 -0.980994 1.006043 1.006043 1.006043
3438.282227 0.000000 6929.425781 0.000000 0.725367 0.000000 -0.688362 0.913727 0.913727 0.913727
3462.552979 0.000000 6871.351562 0.000000 0.420148 0.000000 -0.907456 0.970343 0.970343 0.970343
3397.180420 0.000000 6936.186523 0.000000 0.853938 0.000000 -0.520374 0.881980 0.881980 0.881980
3467.458252 0.000000 6889.549805 0.000000 0.162119 0.000000 0.986771 0.594722 0.594722 0.594722
3446.103516 0.000000 6882.961914 0.000000 0.067254 0.000000 -0.997736 1.025212 1.025212 1.025212
3409.767090 0.000000 6887.232422 0.000000 0.437276 0.000000 -0.899327 0.967503 0.967503 0.967503
3417.304443 0.000000 6856.607422 0.000000 0.992218 0.000000 0.124512 0.781799 0.781799 0.781799
3460.952881 0.000000 6906.889648 0.000000 0.805850 0.000000 0.592120 0.692422 0.692422 0.692422
3389.488037 0.000000 6915.374512 0.000000 0.896440 0.000000 -0.443165 0.868774 0.868774 0.868774
3439.569824 0.000000 6926.232910 0.000000 0.949746 0.000000 0.313022 0.746587 0.746587 0.746587
3419.758545 0.000000 6882.233398 0.000000 0.950822 0.000000 0.309738 0.752828 0.752828 0.752828
3418.918457 0.000000 6880.073242 0.000000 0.128538 0.000000 0.991705 0.592653 0.592653 0.592653
3414.092773 0.000000 6870.727539 0.000000 0.995866 0.000000 -0.090835 0.813625 0.813625 0.813625
3415.748535 0.000000 6877.727051 0.000000 0.800594 0.000000 -0.599207 0.905226 0.905226 0.905226
3396.277832 0.000000 6881.158691 0.000000 0.209196 0.000000 -0.977874 0.990143 0.990143 0.990143
3453.350586 0.000000 6917.532227 0.000000 0.271666 0.000000 -0.962391 0.983731 0.983731 0.983731
3414.575684 0.000000 6881.591309 0.000000 0.850264 0.000000 0.526356 0.712540 0.712540 0.712540
3410.023438 0.000000 6855.813477 0.000000 0.933397 0.000000 0.358845 0.736958 0.736958 0.736958
3464.123291 0.000000 6900.683594 0.000000 0.912784 0.000000 0.408442 0.664707 0.664707 0.664707
3455.336426 0.000000 6855.646484 0.000000 0.152401 0.000000 -0.988319 1.012376 1.012376 1.012376
3458.597168 0.000000 6888.865234 0.000000 0.309930 0.000000 0.950759 0.564259 0.564259 0.564259
3430.970703 0.000000 6861.369141 0.000000 0.431244 0.000000 0.902236 0.644975 0.644975 0.644975
3457.487549 0.000000 6914.673828 0.000000 0.999652 0.000000 -0.026396 0.803954 0.803954 0.803954
3391.065918 0.000000 6911.013672 0.000000 0.064162 0.000000 -0.997940 1.025677 1.025677 1.025677
3435.438721 0.000000 6931.050293 0.000000 0.569432 0.000000 0.822038 0.655453 0.655453 0.655453
3458.745361 0.000000 6930.625488 0.000000 0.535983 0.000000 -0.844229 0.950561 0.950561 0.950561
3442.737549 0.000000 6900.524902 0.000000 0.991025 0.000000 0.133678 0.779916 0.779916 0.779916
3416.480225 0.000000 6851.639648 0.000000 0.787944 0.000000 -0.615748 0.931159 0.931159 0.931159
3447.725342 0.000000 6875.607422 0.000000 0.472784 0.000000 0.881178 0.653547 0.653547 0.653547
3410.864502 0.000000 6882.884277 0.000000 0.302609 0.000000 -0.953115 0.989244 0.989244 0.989244
3465.193115 0.000000 6884.911133 0.000000 0.328377 0.000000 0.944547 0.614824 0.614824 0.614824
3414.119385 0.000000 6855.008789 0.000000 0.880565 0.000000 -0.473925 0.871987 0.871987 0.871987
3463.446045 0.000000 6883.355469 0.000000 0.998713 0.000000 -0.050713 0.807296 0.807296 0.807296
3439.245117 0.000000 6897.985840 0.000000 0.500813 0.000000 0.865556 0.643278 0.643278 0.643278
3438.351807 0.000000 6900.120605 0.000000 0.083430 0.000000 0.996514 0.577218 0.577218 0.577218
3419.046387 0.000000 6847.594238 0.000000 0.968507 0.000000 -0.248987 0.849755 0.849755 0.849755
3460.785156 0.000000 6891.732910 0.000000 0.743848 0.000000 -0.668349 0.925728 0.925728 0.925728
3422.088135 0.000000 6874.618164 0.000000 0.726149 0.000000 -0.687538 0.913557 0.913557 0.913557
3447.969727 0.000000 6895.724121 0.000000 0.725921 0.000000 0.687779 0.645495 0.645495 0.645495
3464.403320 0.000000 6857.180664 0.000000 0.781404 0.000000 -0.624025 0.900943 0.900943 0.900943
3459.059326 0.000000 6895.422363 0.000000 0.448457 0.000000 -0.893805 0.963426 0.963426 0.963426
3434.167236 0.000000 6923.194824 0.000000 0.999994 0.000000 -0.003370 0.800505 0.800505 0.800505
3462.418213 0.000000 6902.072266 0.000000 0.979098 0.000000 0.203388 0.716550 0.716550 0.716550
3457.069824 0.000000 6899.077148 0.000000 0.988405 0.000000 0.151841 0.754334 0.754334 0.754334
3467.688232 0.000000 6881.572266 0.000000 0.565819 0.000000 -0.824529 0.974246 0.974246 0.974246
3392.768799 0.000000 6888.110352 0.000000 0.027667 0.000000 -0.999617 1.031149 1.031149 1.031149
3416.457764 0.000000 6879.746094 0.000000 0.935495 0.000000 -0.353340 0.856981 0.856981 0.856981
3461.492676 0.000000 6933.450195 0.000000 0.822163 0.000000 0.569252 0.709286 0.709286 0.709286
3418.515625 0.000000 6924.411133 0.000000 0.094945 0.000000 -0.995483 1.021051 1.021051 1.021051
3451.627930 0.000000 6919.380859 0.000000 0.490281 0.000000 -0.871564 0.979677 0.979677 0.979677
3427.229004 0.000000 6850.300293 0.000000 0.917249 0.000000 -0.398313 0.861367 0.861367 0.861367
3430.240723 0.000000 6895.009766 0.000000 0.593760 0.000000 -0.804642 1.074532 1.074532 1.074532
3426.325928 0.000000 6872.936523 0.000000 0.400772 0.000000 0.916178 0.626474 0.626474 0.626474
3412.420898 0.000000 6881.260254 0.000000 0.951789 0.000000 -0.306752 0.857911 0.857911 0.857911
3393.258057 0.000000 6911.336426 0.000000 0.909301 0.000000 0.416140 0.729709 0.729709 0.729709
3467.630127 0.000000 6903.803711 0.000000 0.745875 0.000000 0.666086 0.571426 0.571426 0.571426
3454.108887 0.000000 6905.810059 0.000000 0.404894 0.000000 0.914364 0.627149 0.627149 0.627149
3455.720947 0.000000 6861.960449 0.000000 0.654045 0.000000 -0.756456 0.971339 0.971339 0.971339
3438.231201 0.000000 6924.445801 0.000000 0.978343 0.000000 0.206989 0.762106 0.762106 0.762106
3412.602539 0.000000 6866.318359 0.000000 0.896443 0.000000 0.443160 0.710137 0.710137 0.710137
3435.235596 0.000000 6860.625977 0.000000 0.597558 0.000000 0.801826 0.530573 0.530573 0.530573
3456.550049 0.000000 6880.862305 0.000000 0.727215 0.000000 0.686410 0.573351 0.573351 0.573351
3454.821777 0.000000 6895.520996 0.000000 0.562540 0.000000 -0.826770 1.074103 1.074103 1.074103
3459.924316 0.000000 6860.962402 0.000000 0.268183 0.000000 -0.963368 1.189249 1.189249 1.189249
3446.841553 0.000000 6914.273438 0.000000 0.370801 0.000000 0.928712 0.557387 0.557387 0.557387
3450.232422 0.000000 6915.256348 0.000000 0.475341 0.000000 -0.879802 0.971834 0.971834 0.971834
3448.821533 0.000000 6918.027832 0.000000 0.965527 0.000000 0.260304 0.726893 0.726893 0.726893
3457.537598 0.000000 6854.388184 0.000000 0.375577 0.000000 0.926791 0.572645 0.572645 0.572645
3458.271973 0.000000 6862.392578 0.000000 0.727538 0.000000 -0.686068 0.926845 0.926845 0.926845
3461.399902 0.000000 6884.176270 0.000000 0.257819 0.000000 -0.966193 1.040713 1.040713 1.040713
3445.517822 0.000000 6890.684082 0.000000 0.978078 0.000000 -0.208237 0.835612 0.835612 0.835612
3458.298096 0.000000 6903.138672 0.000000 0.999777 0.000000 0.021106 0.795869 0.795869 0.795869
3466.173340 0.000000 6861.798828 0.000000 0.992090 0.000000 0.125532 0.775616 0.775616 0.775616
3447.311523 0.000000 6920.546387 0.000000 0.967985 0.000000 -0.251006 0.876011 0.876011 0.876011
3467.391113 0.000000 6900.425293 0.000000 0.415749 0.000000 -0.909480 1.221968 1.221968 1.221968
3465.469727 0.000000 6903.891113 0.000000 0.343520 0.000000 -0.939145 1.197214 1.197214 1.197214
3447.390869 0.000000 6889.288086 0.000000 0.826810 0.000000 0.562481 0.646088 0.646088 0.646088
3437.826904 0.000000 6896.585449 0.000000 0.599890 0.000000 -0.800083 1.018572 1.018572 1.018572
3449.639404 0.000000 6883.704590 0.000000 0.443723 0.000000 0.896164 0.513745 0.513745 0.513745
3460.148682 0.000000 6856.624512 0.000000 0.201954 0.000000 -0.979395 1.045800 1.045800 1.045800
3462.646484 0.000000 6895.100098 0.000000 0.998681 0.000000 -0.051335 0.814771 0.814771 0.814771
3395.317139 0.000000 6901.525391 0.000000 0.792814 0.000000 0.609464 0.683503 0.683503 0.683503
3390.669678 0.000000 6908.951660 0.000000 0.755072 0.000000 -0.655641 0.967086 0.967086 0.967086
3429.751709 0.000000 6874.398926 0.000000 0.013759 0.000000 0.999905 0.436157 0.436157 0.436157
3453.880615 0.000000 6911.256348 0.000000 0.673877 0.000000 0.738843 0.550939 0.550939 0.550939
3454.292236 0.000000 6859.207031 0.000000 0.950988 0.000000 0.309229 0.704560 0.704560 0.704560
3467.679932 0.000000 6865.466797 0.000000 0.925492 0.000000 0.378768 0.703018 0.703018 0.703018
3447.043701 0.000000 6899.837402 0.000000 0.927403 0.000000 0.374063 0.728023 0.728023 0.728023
3449.084229 0.000000 6898.495605 0.000000 0.107325 0.000000 0.994224 0.522364 0.522364 0.522364
3459.627930 0.000000 6882.125488 0.000000 0.795928 0.000000 0.605391 0.662336 0.662336 0.662336
3395.018311 0.000000 6921.133301 0.000000 0.475726 0.000000 -0.879593 1.059792 1.059792 1.059792
3462.342041 0.000000 6905.618164 0.000000 0.596230 0.000000 -0.802813 1.133195 1.133195 1.133195
3467.866943 0.000000 6898.519043 0.000000 0.932812 0.000000 -0.360364 0.871421 0.871421 0.871421
3406.651367 0.000000 6889.974121 0.000000 0.909984 0.000000 0.414643 0.717170 0.717170 0.717170
3422.422119 0.000000 6845.360840 0.000000 0.541900 0.000000 -0.840443 1.033233 1.033233 1.033233
3408.292725 0.000000 6872.386230 0.000000 0.306765 0.000000 -0.951785 1.174665 1.174665 1.174665
3457.722900 0.000000 6882.212891 0.000000 0.165870 0.000000 -0.986148 1.181403 1.181403 1.181403
3459.300049 0.000000 6890.597656 0.000000 0.955539 0.000000 -0.294865 0.872334 0.872334 0.872334
3391.773682 0.000000 6907.549316 0.000000 0.785821 0.000000 0.618454 0.652181 0.652181 0.652181
3416.237793 0.000000 6845.028809 0.000000 0.434356 0.000000 -0.900741 1.120299 1.120299 1.120299
3450.189209 0.000000 6892.413574 0.000000 0.233268 0.000000 -0.972412 1.096040 1.096040 1.096040
3460.247803 0.000000 6887.789062 0.000000 0.922236 0.000000 -0.386627 0.884042 0.884042 0.884042
3464.230713 0.000000 6902.496094 0.000000 0.709958 0.000000 0.704244 0.545629 0.545629 0.545629
3432.019531 0.000000 6859.734863 0.000000 0.473663 0.000000 0.880706 0.477241 0.477241 0.477241
3444.077881 0.000000 6887.499023 0.000000 0.775069 0.000000 -0.631877 0.989882 0.989882 0.989882
3456.386719 0.000000 6892.074707 0.000000 0.992081 0.000000 -0.125604 0.845526 0.845526 0.845526
3416.005859 0.000000 6849.921387 0.000000 0.942735 0.000000 -0.333542 0.896443 0.896443 0.896443
3463.047852 0.000000 6889.203125 0.000000 0.738539 0.000000 -0.674210 0.978807 0.978807 0.978807
3445.339600 0.000000 6922.965332 0.000000 0.455576 0.000000 0.890197 0.427271 0.427271 0.427271
3448.847656 0.000000 6921.622070 0.000000 0.837294 0.000000 -0.546753 0.960596 0.960596 0.960596
3457.862061 0.000000 6858.283203 0.000000 0.998351 0.000000 0.057399 0.780730 0.780730 0.780730
3461.626953 0.000000 6903.617676 0.000000 0.857737 0.000000 -0.514089 0.969309 0.969309 0.969309
3448.028076 0.000000 6882.690430 0.000000 0.617485 0.000000 -0.786583 1.033233 1.033233 1.033233
3452.714355 0.000000 6912.559570 0.000000 0.788619 0.000000 -0.614882 0.986493 0.986493 0.986493
3453.289795 0.000000 6893.471191 0.000000 0.247400 0.000000 -0.968913 1.193055 1.193055 1.193055
3445.585449 0.000000 6920.176270 0.000000 0.885280 0.000000 -0.465057 0.916894 0.916894 0.916894
3462.149658 0.000000 6892.668945 0.000000 0.195252 0.000000 0.980753 0.434946 0.434946 0.434946
3459.003418 0.000000 6855.269043 0.000000 0.879143 0.000000 -0.476557 0.925004 0.925004 0.925004
3417.522461 0.000000 6844.053711 0.000000 0.405543 0.000000 -0.914076 1.129367 1.129367 1.129367
3454.834717 0.000000 6891.073242 0.000000 0.984662 0.000000 0.174473 0.727147 0.727147 0.727147
3443.090088 0.000000 6924.595215 0.000000 0.348711 0.000000 -0.937230 1.292447 1.292447 1.292447
3411.313721 0.000000 6877.525879 0.000000 0.219034 0.000000 0.975717 0.330858 0.330858 0.330858
3454.654541 0.000000 6882.405762 0.000000 0.915666 0.000000 0.401940 0.678559 0.678559 0.678559
3467.847412 0.000000 6901.938477 0.000000 0.891867 0.000000 -0.452297 0.973416 0.973416 0.973416
3449.227783 0.000000 6916.488281 0.000000 0.053835 0.000000 -0.998550 1.251423 1.251423 1.251423
3477.053467 0.000000 6892.183594 0.000000 0.619616 0.000000 0.784905 0.783777 0.783777 0.783777
3486.824463 0.000000 6856.371582 0.000000 0.389744 0.000000 -0.920923 0.846753 0.846753 0.846753
3503.226562 0.000000 6846.702637 0.000000 0.976057 0.000000 -0.217515 0.809197 0.809197 0.809197
3489.772461 0.000000 6850.738281 0.000000 0.803483 0.000000 0.595328 0.763066 0.763066 0.763066
3468.614502 0.000000 6875.803223 0.000000 0.415827 0.000000 -0.909444 0.895791 0.895791 0.895791
3490.000732 0.000000 6868.185059 0.000000 0.455657 0.000000 -0.890155 0.883309 0.883309 0.883309
3514.695801 0.000000 6853.098145 0.000000 0.844070 0.000000 0.536233 0.750264 0.750264 0.750264
3469.860352 0.000000 6896.729004 0.000000 0.626013 0.000000 -0.779813 0.864305 0.864305 0.864305
3472.912109 0.000000 6870.614258 0.000000 0.634739 0.000000 0.772727 0.718865 0.718865 0.718865
3472.198242 0.000000 6898.818359 0.000000 0.891592 0.000000 -0.452840 0.846930 0.846930 0.846930
3479.203125 0.000000 6898.734375 0.000000 0.758805 0.000000 -0.651318 0.877917 0.877917 0.877917
3523.257812 0.000000 6843.567383 0.000000 0.542928 0.000000 0.839779 0.718369 0.718369 0.718369
3525.601318 0.000000 6853.226074 0.000000 0.084148 0.000000 -0.996453 0.933605 0.933605 0.933605
3494.407471 0.000000 6855.807617 0.000000 0.505414 0.000000 -0.862877 0.910187 0.910187 0.910187
3481.095215 0.000000 6850.518555 0.000000 0.997936 0.000000 0.064213 0.793326 0.793326 0.793326
3517.272949 0.000000 6852.991211 0.000000 0.982054 0.000000 0.188601 0.773852 0.773852 0.773852
3525.425781 0.000000 6850.156738 0.000000 0.225497 0.000000 0.974244 0.614875 0.614875 0.614875
3478.549805 0.000000 6894.264648 0.000000 0.005762 0.000000 0.999983 0.565569 0.565569 0.565569
3474.165771 0.000000 6915.568359 0.000000 0.649901 0.000000 0.760019 0.670677 0.670677 0.670677
3482.452881 0.000000 6877.067871 0.000000 0.744124 0.000000 -0.668042 0.877440 0.877440 0.877440
3469.225830 0.000000 6858.489258 0.000000 0.855187 0.000000 0.518320 0.718380 0.718380 0.718380
3504.637939 0.000000 6869.884277 0.000000 0.851312 0.000000 -0.524660 0.882733 0.882733 0.882733
3480.933594 0.000000 6883.532227 0.000000 0.884994 0.000000 0.465602 0.727453 0.727453 0.727453
3474.380127 0.000000 6888.397461 0.000000 0.784162 0.000000 0.620556 0.699721 0.699721 0.699721
3522.691895 0.000000 6848.951660 0.000000 0.967331 0.000000 0.253517 0.759558 0.759558 0.759558
3512.255859 0.000000 6853.266602 0.000000 0.440065 0.000000 0.897966 0.666370 0.666370 0.666370
3499.603516 0.000000 6856.836426 0.000000 0.937068 0.000000 -0.349148 0.853425 0.853425 0.853425
3471.970215 0.000000 6892.821289 0.000000 0.623880 0.000000 0.781520 0.665621 0.665621 0.665621
3476.125244 0.000000 6914.028320 0.000000 0.492034 0.000000 -0.870576 0.958237 0.958237 0.958237
3469.794434 0.000000 6886.847656 0.000000 0.994651 0.000000 0.103292 0.784500 0.784500 0.784500
3497.656982 0.000000 6843.213867 0.000000 0.316713 0.000000 -0.948521 0.987021 0.987021 0.987021
3473.784912 0.000000 6879.237793 0.000000 0.204990 0.000000 -0.978764 1.328634 1.328634 1.328634
3501.052002 0.000000 6852.642578 0.000000 0.740422 0.000000 -0.672142 0.894218 0.894218 0.894218
3471.883789 0.000000 6868.427734 0.000000 0.787452 0.000000 -0.616376 0.899482 0.899482 0.899482
3495.244385 0.000000 6850.368164 0.000000 0.977804 0.000000 0.209522 0.768381 0.768381 0.768381
3475.883057 0.000000 6890.158691 0.000000 0.459464 0.000000 -0.888197 0.963784 0.963784 0.963784
3514.383545 0.000000 6849.387695 0.000000 0.274385 0.000000 0.961620 0.614087 0.614087 0.614087
3478.202148 0.000000 6896.667969 0.000000 0.624150 0.000000 -0.781304 0.934327 0.934327 0.934327
3469.988037 0.000000 6877.678711 0.000000 0.898096 0.000000 0.439799 0.730879 0.730879 0.730879
3473.044922 0.000000 6875.187012 0.000000 0.492313 0.000000 -0.870418 0.968735 0.968735 0.968735
3490.557861 0.000000 6884.708008 0.000000 0.524763 0.000000 0.851249 0.657626 0.657626 0.657626
3475.204346 0.000000 6861.253906 0.000000 0.741240 0.000000 0.671240 0.689770 0.689770 0.689770
3510.222412 0.000000 6851.639648 0.000000 0.089812 0.000000 0.995959 0.578177 0.578177 0.578177
3478.457764 0.000000 6861.842773 0.000000 0.900715 0.000000 -0.434410 0.867315 0.867315 0.867315
3478.160645 0.000000 6890.171875 0.000000 0.984841 0.000000 -0.173459 0.828204 0.828204 0.828204
3470.325439 0.000000 6891.105469 0.000000 0.546376 0.000000 0.837540 0.655256 0.655256 0.655256
3512.788574 0.000000 6847.594238 0.000000 0.228776 0.000000 0.973479 0.211225 0.211225 0.211225
3474.706299 0.000000 6877.146484 0.000000 0.715701 0.000000 0.698407 0.656389 0.656389 0.656389
3486.510986 0.000000 6888.110352 0.000000 0.873647 0.000000 -0.486560 0.876117 0.876117 0.876117
3490.721680 0.000000 6852.683594 0.000000 0.513649 0.000000 0.858001 0.491018 0.491018 0.491018
3478.920898 0.000000 6883.077148 0.000000 0.313048 0.000000 0.949737 0.424800 0.424800 0.424800
3503.645996 0.000000 6864.963379 0.000000 0.978164 0.000000 -0.207834 0.844741 0.844741 0.844741
3486.649170 0.000000 6845.712891 0.000000 0.991622 0.000000 -0.129177 0.826907 0.826907 0.826907
3499.419922 0.000000 6851.433594 0.000000 0.027812 0.000000 -0.999613 1.129742 1.129742 1.129742
3495.806885 0.000000 6857.979980 0.000000 0.565104 0.000000 -0.825019 1.055789 1.055789 1.055789
3490.731689 0.000000 6862.675293 0.000000 0.618942 0.000000 -0.785437 1.050799 1.050799 1.050799
3492.115479 0.000000 6859.569336 0.000000 0.905037 0.000000 -0.425333 0.910558 0.910558 0.910558
3488.547363 0.000000 6857.459961 0.000000 0.991366 0.000000 -0.131124 0.829416 0.829416 0.829416
3471.105957 0.000000 6871.242676 0.000000 0.948689 0.000000 0.316210 0.729317 0.729317 0.729317
3491.583008 0.000000 6850.173340 0.000000 0.677583 0.000000 0.735446 0.580501 0.580501 0.580501
3516.164307 0.000000 6845.360840 0.000000 0.632455 0.000000 0.774597 0.585865 0.585865 0.585865
3471.323486 0.000000 6900.473633 0.000000 0.884821 0.000000 -0.465931 0.914228 0.914228 0.914228
3496.989502 0.000000 6861.570312 0.000000 0.737919 0.000000 0.674889 0.635766 0.635766 0.635766
3488.453857 0.000000 6855.623535 0.000000 0.078779 0.000000 0.996892 0.481167 0.481167 0.481167
3490.472900 0.000000 6854.677246 0.000000 0.944354 0.000000 -0.328931 0.904429 0.904429 0.904429
3491.098389 0.000000 6858.070801 0.000000 0.836472 0.000000 -0.548009 0.969121 0.969121 0.969121
3468.476807 0.000000 6901.891602 0.000000 0.968373 0.000000 -0.249507 0.875547 0.875547 0.875547
3488.443359 0.000000 6863.987793 0.000000 0.930307 0.000000 -0.366781 0.912508 0.912508 0.912508
3490.961914 0.000000 6861.006348 0.000000 0.433105 0.000000 0.901344 0.479305 0.479305 0.479305
3493.542236 0.000000 6853.046387 0.000000 0.758058 0.000000 -0.652187 0.983047 0.983047 0.983047
3502.317383 0.000000 6866.006836 0.000000 0.552786 0.000000 -0.833323 1.038063 1.038063 1.038063
3511.264648 0.000000 6844.053711 0.000000 0.731653 0.000000 -0.681677 1.023207 1.023207 1.023207
3468.637451 0.000000 6881.235352 0.000000 0.437150 0.000000 -0.899389 1.128347 1.128347 1.128347
3563.330566 0.000000 6749.525879 0.000000 0.788963 0.000000 0.614441 0.774891 0.774891 0.774891
3566.376953 0.000000 6788.107910 0.000000 0.529825 0.000000 -0.848107 0.842462 0.842462 0.842462
3596.968750 0.000000 6752.960449 0.000000 0.852038 0.000000 -0.523480 0.823107 0.823107 0.823107
3594.648193 0.000000 6783.646973 0.000000 0.898412 0.000000 -0.439154 0.820885 0.820885 0.820885
3566.888184 0.000000 6796.873047 0.000000 0.691845 0.000000 0.722046 0.762940 0.762940 0.762940
3562.811035 0.000000 6795.507324 0.000000 0.875669 0.000000 -0.482913 0.823151 0.823151 0.823151
3633.582520 0.000000 6755.305664 0.000000 0.263691 0.000000 -0.964607 0.870316 0.870316 0.870316
3622.354004 0.000000 6777.599121 0.000000 0.188802 0.000000 -0.982015 0.863432 0.863432 0.863432
3599.746582 0.000000 6778.487793 0.000000 0.974020 0.000000 -0.226464 0.813688 0.813688 0.813688
3636.768555 0.000000 6794.336914 0.000000 0.357338 0.000000 0.933975 0.725370 0.725370 0.725370
3623.200195 0.000000 6769.862793 0.000000 0.266139 0.000000 0.963935 0.706428 0.706428 0.706428
3607.060547 0.000000 6762.194824 0.000000 0.389494 0.000000 -0.921029 0.865469 0.865469 0.865469
3608.853516 0.000000 6811.353027 0.000000 0.601221 0.000000 0.799082 0.735286 0.735286 0.735286
3644.798828 0.000000 6776.772949 0.000000 0.305254 0.000000 0.952271 0.676633 0.676633 0.676633
3611.699463 0.000000 6752.120117 0.000000 0.992431 0.000000 0.122805 0.788689 0.788689 0.788689
3640.207520 0.000000 6801.380859 0.000000 0.046139 0.000000 -0.998935 0.943118 0.943118 0.943118
3565.154541 0.000000 6751.831055 0.000000 0.118912 0.000000 0.992905 0.663738 0.663738 0.663738
3579.709961 0.000000 6788.292480 0.000000 0.981600 0.000000 0.190951 0.781581 0.781581 0.781581
3563.613281 0.000000 6788.480469 0.000000 0.993047 0.000000 0.117715 0.789631 0.789631 0.789631
3588.368896 0.000000 6780.969727 0.000000 0.896113 0.000000 0.443826 0.743056 0.743056 0.743056
3612.901611 0.000000 6763.441895 0.000000 0.080034 0.000000 0.996792 0.618389 0.618389 0.618389
3597.220703 0.000000 6784.328125 0.000000 0.103635 0.000000 -0.994615 0.987514 0.987514 0.987514
3637.623291 0.000000 6796.822754 0.000000 0.798407 0.000000 0.602118 0.719988 0.719988 0.719988
3585.038330 0.000000 6805.755371 0.000000 0.904529 0.000000 0.426412 0.748970 0.748970 0.748970
3642.226318 0.000000 6798.954102 0.000000 0.694006 0.000000 -0.719970 0.897923 0.897923 0.897923
3572.291992 0.000000 6800.522461 0.000000 0.627211 0.000000 -0.778849 1.249365 1.249365 1.249365
3626.326416 0.000000 6782.707520 0.000000 0.999992 0.000000 -0.003985 0.800597 0.800597 0.800597
3565.235352 0.000000 6794.812500 0.000000 0.934736 0.000000 0.355343 0.745583 0.745583 0.745583
3565.171875 0.000000 6790.498535 0.000000 0.416478 0.000000 0.909146 0.629052 0.629052 0.629052
3620.890381 0.000000 6779.794434 0.000000 0.380299 0.000000 0.924864 0.623143 0.623143 0.623143
3627.316895 0.000000 6774.098145 0.000000 0.205781 0.000000 0.978598 0.636602 0.636602 0.636602
3650.430664 0.000000 6797.221191 0.000000 0.801069 0.000000 0.598572 0.702594 0.702594 0.702594
3598.380127 0.000000 6776.142090 0.000000 0.525604 0.000000 0.850730 0.647605 0.647605 0.647605
3574.675781 0.000000 6789.790039 0.000000 0.949482 0.000000 -0.313822 0.847816 0.847816 0.847816
3599.467529 0.000000 6757.617188 0.000000 0.937986 0.000000 0.346673 0.757576 0.757576 0.757576
3580.211914 0.000000 6802.810059 0.000000 0.127709 0.000000 0.991812 0.583888 0.583888 0.583888
3630.444824 0.000000 6749.529785 0.000000 0.774521 0.000000 0.632548 0.697416 0.697416 0.697416
3654.942627 0.000000 6795.807617 0.000000 0.993989 0.000000 -0.109476 0.816432 0.816432 0.816432
3631.752197 0.000000 6779.246094 0.000000 0.460702 0.000000 -0.887555 0.963575 0.963575 0.963575
3623.593994 0.000000 6782.685547 0.000000 0.995073 0.000000 0.099149 0.785124 0.785124 0.785124
3568.684814 0.000000 6807.234375 0.000000 0.067086 0.000000 -0.997747 1.025237 1.025237 1.025237
3576.518799 0.000000 6791.992188 0.000000 0.619320 0.000000 0.785139 0.670159 0.670159 0.670159
3562.530762 0.000000 6751.775879 0.000000 0.811099 0.000000 0.584909 0.706414 0.706414 0.706414
3616.870605 0.000000 6760.295410 0.000000 0.514373 0.000000 -0.857567 0.944074 0.944074 0.944074
3629.720703 0.000000 6764.203125 0.000000 0.116514 0.000000 -0.993189 1.017802 1.017802 1.017802
3630.444824 0.000000 6781.361816 0.000000 0.603823 0.000000 -0.797118 0.951082 0.951082 0.951082
3579.037354 0.000000 6796.190430 0.000000 0.897121 0.000000 -0.441784 0.858490 0.858490 0.858490
3622.027832 0.000000 6784.729492 0.000000 0.257928 0.000000 0.966164 0.603783 0.603783 0.603783
3620.041504 0.000000 6777.417969 0.000000 0.468603 0.000000 -0.883409 0.962239 0.962239 0.962239
3635.047119 0.000000 6775.404297 0.000000 0.663971 0.000000 -0.747758 0.929901 0.929901 0.929901
3627.019531 0.000000 6784.938965 0.000000 0.946422 0.000000 -0.322931 0.857137 0.857137 0.857137
3615.983154 0.000000 6767.227539 0.000000 0.313992 0.000000 -0.949426 1.017443 1.017443 1.017443
3651.607666 0.000000 6806.941406 0.000000 0.418424 0.000000 0.908252 0.595248 0.595248 0.595248
3566.351318 0.000000 6810.364258 0.000000 0.982917 0.000000 0.184052 0.775600 0.775600 0.775600
3628.523682 0.000000 6776.170898 0.000000 0.960017 0.000000 -0.279942 0.842501 0.842501 0.842501
3642.839600 0.000000 6794.369629 0.000000 0.981649 0.000000 0.190695 0.772409 0.772409 0.772409
3618.455078 0.000000 6767.626953 0.000000 0.528311 0.000000 0.849051 0.648082 0.648082 0.648082
3627.764160 0.000000 6780.943848 0.000000 0.002935 0.000000 -0.999996 1.034855 1.034855 1.034855
3597.745117 0.000000 6796.807129 0.000000 0.564616 0.000000 -0.825354 0.945423 0.945423 0.945423
3599.321045 0.000000 6785.324219 0.000000 0.255821 0.000000 0.966724 0.603457 0.603457 0.603457
3612.849854 0.000000 6760.643555 0.000000 0.499977 0.000000 0.866038 0.622218 0.622218 0.622218
3571.902832 0.000000 6796.429688 0.000000 0.966045 0.000000 0.258373 0.762941 0.762941 0.762941
3650.930420 0.000000 6789.613281 0.000000 0.534498 0.000000 -0.845170 0.950824 0.950824 0.950824
3645.529053 0.000000 6784.257812 0.000000 0.338839 0.000000 -0.940844 0.976173 0.976173 0.976173
3634.953369 0.000000 6792.986328 0.000000 0.728078 0.000000 -0.685494 0.911627 0.911627 0.911627
3637.364258 0.000000 6752.079590 0.000000 0.979697 0.000000 0.200482 0.769764 0.769764 0.769764
3621.651855 0.000000 6775.479004 0.000000 0.968487 0.000000 0.249064 0.762798 0.762798 0.762798
3615.340820 0.000000 6763.799805 0.000000 0.985729 0.000000 -0.168342 0.825337 0.825337 0.825337
3568.031494 0.000000 6803.897949 0.000000 0.923243 0.000000 0.384216 0.735415 0.735415 0.735415
3635.454102 0.000000 6801.981934 0.000000 0.999753 0.000000 -0.022223 0.804572 0.804572 0.804572
3647.093750 0.000000 6805.876465 0.000000 0.441397 0.000000 -0.897312 0.966815 0.966815 0.966815
3646.543701 0.000000 6801.680176 0.000000 0.999334 0.000000 0.036500 0.794458 0.794458 0.794458
3629.555176 0.000000 6785.418945 0.000000 0.626629 0.000000 0.779318 0.644732 0.644732 0.644732
3649.526611 0.000000 6793.922363 0.000000 0.952978 0.000000 -0.303041 0.862106 0.862106 0.862106
3650.494141 0.000000 6781.363281 0.000000 0.442948 0.000000 0.896547 0.633443 0.633443 0.633443
3630.126221 0.000000 6760.012695 0.000000 0.055935 0.000000 0.998434 0.573089 0.573089 0.573089
3599.905273 0.000000 6787.518066 0.000000 0.139672 0.000000 0.990198 0.585696 0.585696 0.585696
3621.070801 0.000000 6769.660156 0.000000 0.129244 0.000000 -0.991613 1.036029 1.036029 1.036029
3563.074951 0.000000 6811.880371 0.000000 0.115111 0.000000 0.993353 0.581987 0.581987 0.581987
3591.416748 0.000000 6751.640137 0.000000 0.313742 0.000000 0.949508 0.605010 0.605010 0.605010
3634.677979 0.000000 6800.029297 0.000000 0.947108 0.000000 -0.320914 0.867206 0.867206 0.867206
3572.942871 0.000000 6798.573730 0.000000 0.917091 0.000000 -0.398679 0.976908 0.976908 0.976908
3646.904541 0.000000 6781.202637 0.000000 0.926500 0.000000 -0.376296 0.862412 0.862412 0.862412
3576.374756 0.000000 6802.973145 0.000000 0.328772 0.000000 -0.944409 1.054222 1.054222 1.054222
3590.564209 0.000000 6791.335449 0.000000 0.503267 0.000000 0.864131 0.585352 0.585352 0.585352
3633.002197 0.000000 6796.941895 0.000000 0.060750 0.000000 -0.998153 1.376027 1.376027 1.376027
3654.875488 0.000000 6806.683105 0.000000 0.918588 0.000000 -0.395217 0.986642 0.986642 0.986642
3576.029053 0.000000 6801.012207 0.000000 0.126503 0.000000 -0.991966 1.293150 1.293150 1.293150
3652.954102 0.000000 6810.148926 0.000000 0.830444 0.000000 0.557103 0.694966 0.694966 0.694966
3579.419189 0.000000 6800.284668 0.000000 0.818725 0.000000 0.574185 0.609442 0.609442 0.609442
3617.987549 0.000000 6771.051270 0.000000 0.190226 0.000000 -0.981740 1.116825 1.116825 1.116825
3564.399658 0.000000 6810.292969 0.000000 0.596423 0.000000 -0.802671 0.999121 0.999121 0.999121
3639.287598 0.000000 6776.311035 0.000000 0.745524 0.000000 0.666479 0.661591 0.661591 0.661591
3653.841064 0.000000 6801.724121 0.000000 0.871146 0.000000 -0.491025 0.930190 0.930190 0.930190
3637.584473 0.000000 6782.990234 0.000000 0.888145 0.000000 0.459564 0.706538 0.706538 0.706538
3650.130859 0.000000 6801.357910 0.000000 0.985045 0.000000 0.172296 0.748124 0.748124 0.748124
3640.244629 0.000000 6791.676270 0.000000 0.552515 0.000000 -0.833503 1.020429 1.020429 1.020429
3634.891113 0.000000 6785.732422 0.000000 0.674281 0.000000 -0.738475 1.002437 1.002437 1.002437
3640.370850 0.000000 6788.581055 0.000000 0.875488 0.000000 0.483241 0.696247 0.696247 0.696247
3637.159180 0.000000 6785.520996 0.000000 0.974343 0.000000 0.225070 0.756927 0.756927 0.756927
3608.791504 0.000000 6761.429688 0.000000 0.859082 0.000000 -0.511837 0.921267 0.921267 0.921267
3607.805664 0.000000 6757.489746 0.000000 0.292382 0.000000 -0.956302 1.107902 1.107902 1.107902
3655.351318 0.000000 6804.776855 0.000000 0.019813 0.000000 -0.999804 1.589908 1.589908 1.589908
3613.753174 0.000000 6773.995117 0.000000 0.531269 0.000000 -0.847203 1.068474 1.068474 1.068474
3585.650879 0.000000 6794.806152 0.000000 0.902552 0.000000 -0.430581 0.933357 0.933357 0.933357
3653.715332 0.000000 6803.495605 0.000000 0.361440 0.000000 0.932396 0.358648 0.358648 0.358648
3616.451172 0.000000 6771.882812 0.000000 0.980773 0.000000 -0.195152 0.845113 0.845113 0.845113
3631.562256 0.000000 6793.756836 0.000000 0.143890 0.000000 0.989594 0.446740 0.446740 0.446740
3643.012207 0.000000 6781.280273 0.000000 0.744797 0.000000 0.667291 0.600101 0.600101 0.600101
3640.112793 0.000000 6780.999023 0.000000 0.188086 0.000000 0.982153 0.358504 0.358504 0.358504
3577.366943 0.000000 6799.934082 0.000000 0.704184 0.000000 -0.710018 1.071221 1.071221 1.071221
3631.098389 0.000000 6799.601074 0.000000 0.182034 0.000000 0.983292 0.459087 0.459087 0.459087
3590.085938 0.000000 6752.753906 0.000000 0.993072 0.000000 -0.117507 0.827993 0.827993 0.827993
3592.661133 0.000000 6789.438477 0.000000 0.512929 0.000000 0.858431 0.490767 0.490767 0.490767
3625.748047 0.000000 6786.110840 0.000000 0.837976 0.000000 -0.545708 0.937192 0.937192 0.937192
3652.449463 0.000000 6800.709961 0.000000 0.550525 0.000000 -0.834819 1.050556 1.050556 1.050556
3634.492432 0.000000 6787.657715 0.000000 0.244889 0.000000 0.969551 0.456393 0.456393 0.456393
3578.595215 0.000000 6803.168945 0.000000 0.822653 0.000000 0.568544 0.651441 0.651441 0.651441
3614.154053 0.000000 6772.345703 0.000000 0.641408 0.000000 0.767200 0.538023 0.538023 0.538023
3573.930420 0.000000 6800.803223 0.000000 0.382683 0.000000 -0.923880 1.392942 1.392942 1.392942
3623.507812 0.000000 6761.026367 0.000000 0.838697 0.000000 0.544598 0.636668 0.636668 0.636668
3655.331787 0.000000 6808.196289 0.000000 0.392961 0.000000 0.919555 0.298906 0.298906 0.298906
3648.127686 0.000000 6801.746094 0.000000 0.388795 0.000000 0.921324 0.472440 0.472440 0.472440
3672.692383 0.000000 6810.145996 0.000000 0.631275 0.000000 -0.775559 0.823046 0.823046 0.823046
3748.480957 0.000000 6812.236816 0.000000 0.929812 0.000000 -0.368035 0.820324 0.820324 0.820324
3727.076172 0.000000 6834.844238 0.000000 0.764401 0.000000 -0.644741 0.836385 0.836385 0.836385
3730.093994 0.000000 6819.915039 0.000000 0.904979 0.000000 0.425456 0.777179 0.777179 0.777179
3696.660400 0.000000 6814.280762 0.000000 0.921161 0.000000 0.389182 0.774452 0.774452 0.774452
3701.990479 0.000000 6817.590332 0.000000 0.372439 0.000000 0.928057 0.716874 0.716874 0.716874
3687.962891 0.000000 6806.054199 0.000000 0.701554 0.000000 -0.712616 1.139030 1.139030 1.139030
3730.760010 0.000000 6826.261719 0.000000 0.586375 0.000000 0.810040 0.718909 0.718909 0.718909
3705.441650 0.000000 6752.120117 0.000000 0.058196 0.000000 -0.998305 0.948027 0.948027 0.948027
3748.628418 0.000000 6752.586426 0.000000 0.625000 0.000000 -0.780625 0.893021 0.893021 0.893021
3668.629883 0.000000 6799.318848 0.000000 0.614760 0.000000 -0.788714 0.887116 0.887116 0.887116
3666.050781 0.000000 6820.735352 0.000000 0.965888 0.000000 0.258960 0.779073 0.779073 0.779073
3717.913330 0.000000 6755.149902 0.000000 0.878547 0.000000 0.477657 0.759222 0.759222 0.759222
3668.722412 0.000000 6819.782715 0.000000 0.604024 0.000000 0.796966 0.720796 0.720796 0.720796
3665.881592 0.000000 6815.141113 0.000000 0.962209 0.000000 0.272312 0.765849 0.765849 0.765849
3742.246826 0.000000 6832.417480 0.000000 0.960494 0.000000 -0.278299 0.833796 0.833796 0.833796
3681.181396 0.000000 6794.261230 0.000000 0.980377 0.000000 -0.197133 0.819816 0.819816 0.819816
3681.235596 0.000000 6809.558105 0.000000 0.773336 0.000000 0.633996 0.721823 0.721823 0.721823
3741.799805 0.000000 6760.954102 0.000000 0.589878 0.000000 0.807493 0.709895 0.709895 0.709895
3724.197510 0.000000 6835.759277 0.000000 0.986340 0.000000 -0.164720 0.816525 0.816525 0.816525
3674.186279 0.000000 6798.622070 0.000000 0.247178 0.000000 0.968970 0.602119 0.602119 0.602119
3707.540527 0.000000 6816.070312 0.000000 0.631319 0.000000 0.775523 0.690097 0.690097 0.690097
3658.977539 0.000000 6794.812500 0.000000 0.922273 0.000000 -0.386539 0.850730 0.850730 0.850730
3661.855469 0.000000 6789.947754 0.000000 0.997097 0.000000 0.076141 0.788584 0.788584 0.788584
3735.878174 0.000000 6819.366211 0.000000 0.912808 0.000000 0.408388 0.745386 0.745386 0.745386
3741.246094 0.000000 6825.378418 0.000000 0.203395 0.000000 0.979097 0.647222 0.647222 0.647222
3736.762695 0.000000 6824.606445 0.000000 0.936411 0.000000 0.350906 0.744145 0.744145 0.744145
3715.067139 0.000000 6819.845703 0.000000 0.966325 0.000000 0.257326 0.761016 0.761016 0.761016
3657.809814 0.000000 6808.291992 0.000000 0.751216 0.000000 0.660057 0.529318 0.529318 0.529318
3662.427002 0.000000 6807.234375 0.000000 0.486618 0.000000 -0.873615 0.969778 0.969778 0.969778
3683.346191 0.000000 6807.699219 0.000000 0.607993 0.000000 -0.793942 0.919080 0.919080 0.919080
3657.278809 0.000000 6793.105469 0.000000 0.503772 0.000000 -0.863837 0.956210 0.956210 0.956210
3670.714600 0.000000 6821.632324 0.000000 0.993453 0.000000 -0.114239 0.817150 0.817150 0.817150
3720.796387 0.000000 6832.490723 0.000000 0.865694 0.000000 0.500573 0.725658 0.725658 0.725658
3686.353760 0.000000 6803.793457 0.000000 0.956269 0.000000 -0.292488 0.898411 0.898411 0.898411
3672.779541 0.000000 6796.190430 0.000000 0.837191 0.000000 -0.546910 0.890148 0.890148 0.890148
3676.702148 0.000000 6798.884766 0.000000 0.984746 0.000000 0.173999 0.775200 0.775200 0.775200
3746.358643 0.000000 6836.736328 0.000000 0.948182 0.000000 -0.317728 0.848433 0.848433 0.848433
3692.520752 0.000000 6818.565918 0.000000 0.468424 0.000000 -0.883504 0.968760 0.968760 0.968760
3660.093506 0.000000 6810.364258 0.000000 0.626573 0.000000 0.779363 0.666138 0.666138 0.666138
3672.292480 0.000000 6817.271484 0.000000 0.308329 0.000000 -0.951280 0.988344 0.988344 0.988344
3677.750244 0.000000 6795.659180 0.000000 0.575031 0.000000 -0.818132 0.981798 0.981798 0.981798
3746.154541 0.000000 6812.063965 0.000000 0.253524 0.000000 -0.967329 0.986398 0.986398 0.986398
3741.487549 0.000000 6757.125000 0.000000 0.746944 0.000000 -0.664887 0.908951 0.908951 0.908951
3696.597168 0.000000 6816.547363 0.000000 0.752790 0.000000 0.658261 0.656497 0.656497 0.656497
3725.717529 0.000000 6833.077637 0.000000 0.994004 0.000000 0.109342 0.783589 0.783589 0.783589
3665.645020 0.000000 6796.429688 0.000000 0.041738 0.000000 -0.999129 1.029040 1.029040 1.029040
3698.900391 0.000000 6824.739258 0.000000 0.851059 0.000000 -0.525070 0.908199 0.908199 0.908199
3720.471680 0.000000 6804.243652 0.000000 0.948226 0.000000 -0.317597 0.845830 0.845830 0.845830
3731.106445 0.000000 6752.079590 0.000000 0.288069 0.000000 -0.957610 0.991523 0.991523 0.991523
3724.906494 0.000000 6817.698730 0.000000 0.972636 0.000000 -0.232335 0.891788 0.891788 0.891788
3694.011230 0.000000 6805.264648 0.000000 0.147558 0.000000 0.989053 0.586890 0.586890 0.586890
3680.409912 0.000000 6796.293945 0.000000 0.638420 0.000000 0.769688 0.531595 0.531595 0.531595
3748.856689 0.000000 6810.061523 0.000000 0.366309 0.000000 -0.930493 0.979116 0.979116 0.979116
3656.817139 0.000000 6811.880371 0.000000 0.743100 0.000000 0.669181 0.580372 0.580372 0.580372
3712.711182 0.000000 6816.604004 0.000000 0.366264 0.000000 0.930511 0.580276 0.580276 0.580276
3728.046143 0.000000 6830.905273 0.000000 0.766910 0.000000 -0.641755 1.050496 1.050496 1.050496
3678.114258 0.000000 6811.347656 0.000000 0.841723 0.000000 0.539910 0.629137 0.629137 0.629137
3747.590576 0.000000 6762.514648 0.000000 0.941013 0.000000 0.338370 0.686247 0.686247 0.686247
3724.319824 0.000000 6811.020020 0.000000 0.658640 0.000000 0.752458 0.544817 0.544817 0.544817
3666.685059 0.000000 6798.573730 0.000000 0.780076 0.000000 -0.625684 0.953917 0.953917 0.953917
3728.068115 0.000000 6820.531250 0.000000 0.611473 0.000000 -0.791266 1.011495 1.011495 1.011495
3694.286865 0.000000 6819.739258 0.000000 0.888836 0.000000 0.458225 0.690672 0.690672 0.690672
3689.958984 0.000000 6806.988281 0.000000 0.941199 0.000000 -0.337854 0.925274 0.925274 0.925274
3697.125488 0.000000 6827.747070 0.000000 0.689934 0.000000 0.723873 0.662592 0.662592 0.662592
3710.755859 0.000000 6821.937988 0.000000 0.971714 0.000000 0.236160 0.749050 0.749050 0.749050
3728.538086 0.000000 6826.804199 0.000000 0.203494 0.000000 -0.979076 1.209195 1.209195 1.209195
3692.836914 0.000000 6816.469238 0.000000 0.982771 0.000000 -0.184825 0.844924 0.844924 0.844924
3743.472900 0.000000 6834.235840 0.000000 0.416182 0.000000 -0.909282 1.000636 1.000636 1.000636
3658.141846 0.000000 6810.292969 0.000000 0.837559 0.000000 -0.546347 0.980086 0.980086 0.980086
3723.020996 0.000000 6804.613281 0.000000 0.600350 0.000000 0.799737 0.561201 0.561201 0.561201
3744.331543 0.000000 6764.946289 0.000000 0.834063 0.000000 -0.551669 0.987905 0.987905 0.987905
3687.425537 0.000000 6807.925781 0.000000 0.917820 0.000000 0.396997 0.625513 0.625513 0.625513
3726.962891 0.000000 6814.416016 0.000000 0.860590 0.000000 0.509299 0.527847 0.527847 0.527847
3682.937012 0.000000 6798.822266 0.000000 0.170531 0.000000 -0.985352 1.319868 1.319868 1.319868
3685.143555 0.000000 6810.486816 0.000000 0.865999 0.000000 -0.500046 0.923411 0.923411 0.923411
3657.828369 0.000000 6804.824219 0.000000 0.881067 0.000000 0.472991 0.619927 0.619927 0.619927
3703.795654 0.000000 6816.839355 0.000000 0.603775 0.000000 -0.797155 1.006370 1.006370 1.006370
3735.247314 0.000000 6828.064941 0.000000 0.329608 0.000000 -0.944118 1.169961 1.169961 1.169961
3727.158936 0.000000 6816.259766 0.000000 0.942497 0.000000 -0.334214 0.973553 0.973553 0.973553
3686.029053 0.000000 6806.740234 0.000000 0.935088 0.000000 -0.354417 0.954846 0.954846 0.954846
3687.216064 0.000000 6809.780273 0.000000 0.915472 0.000000 -0.402382 0.890153 0.890153 0.890153
3727.033691 0.000000 6822.037109 0.000000 0.902664 0.000000 -0.430345 0.970596 0.970596 0.970596
3686.060059 0.000000 6802.028809 0.000000 0.800192 0.000000 0.599744 0.586759 0.586759 0.586759
3679.557861 0.000000 6810.186035 0.000000 0.999708 0.000000 0.024154 0.792763 0.792763 0.792763
3683.826904 0.000000 6800.582031 0.000000 0.606995 0.000000 0.794705 0.603708 0.603708 0.603708
3665.142334 0.000000 6806.114746 0.000000 0.878263 0.000000 -0.478177 0.910532 0.910532 0.910532
3724.939697 0.000000 6821.032715 0.000000 0.023299 0.000000 -0.999729 1.235791 1.235791 1.235791
3659.106934 0.000000 6803.407715 0.000000 0.643634 0.000000 -0.765333 0.998441 0.998441 0.998441
3655.961182 0.000000 6808.149414 0.000000 0.511568 0.000000 -0.859243 1.243915 1.243915 1.243915
3683.716553 0.000000 6809.399902 0.000000 0.007545 0.000000 0.999972 0.341039 0.341039 0.341039
3676.681641 0.000000 6797.030762 0.000000 0.180150 0.000000 0.983639 0.383678 0.383678 0.383678
3666.344727 0.000000 6813.489258 0.000000 0.988082 0.000000 0.153927 0.759875 0.759875 0.759875
3724.001221 0.000000 6814.432617 0.000000 0.665584 0.000000 -0.746323 1.123081 1.123081 1.123081
3698.939453 0.000000 6828.720703 0.000000 0.154350 0.000000 0.988016 0.460671 0.460671 0.460671
3748.728760 0.000000 6764.538574 0.000000 0.811091 0.000000 -0.584920 1.080764 1.080764 1.080764
3729.792969 0.000000 6830.757324 0.000000 0.929578 0.000000 0.368626 0.664277 0.664277 0.664277
3655.945801 0.000000 6804.008789 0.000000 0.975582 0.000000 0.219636 0.687221 0.687221 0.687221
3688.543945 0.000000 6804.462891 0.000000 0.508523 0.000000 0.861048 0.422934 0.422934 0.422934
3726.812012 0.000000 6826.434082 0.000000 0.733931 0.000000 0.679224 0.576298 0.576298 0.576298
3713.445312 0.000000 6819.769531 0.000000 0.760781 0.000000 0.649009 0.610978 0.610978 0.610978
3667.672607 0.000000 6800.803223 0.000000 0.752361 0.000000 0.658751 0.594605 0.594605 0.594605
3726.515381 0.000000 6817.708008 0.000000 0.827647 0.000000 0.561249 0.496514 0.496514 0.496514
3726.720703 0.000000 6823.589355 0.000000 0.159986 0.000000 -0.987119 1.340738 1.340738 1.340738
3432.454346 0.000000 6949.744141 0.000000 0.203771 0.000000 -0.979019 0.843639 0.843639 0.843639
3399.246094 0.000000 7008.719238 0.000000 0.023086 0.000000 -0.999734 0.868005 0.868005 0.868005
3438.669678 0.000000 6963.893555 0.000000 0.999792 0.000000 0.020419 0.798817 0.798817 0.798817
3386.199707 0.000000 6970.473633 0.000000 0.989201 0.000000 0.146566 0.792655 0.792655 0.792655
3393.906494 0.000000 6983.754883 0.000000 0.483708 0.000000 -0.875229 0.872382 0.872382 0.872382
3389.964844 0.000000 6981.771484 0.000000 0.088815 0.000000 -0.996048 0.885829 0.885829 0.885829
3375.873291 0.000000 6963.779785 0.000000 0.986859 0.000000 -0.161583 0.812317 0.812317 0.812317
3391.840088 0.000000 7022.314453 0.000000 0.679143 0.000000 0.734006 0.739093 0.739093 0.739093
3380.750488 0.000000 6948.593262 0.000000 0.878866 0.000000 -0.477069 0.837744 0.837744 0.837744
3390.908447 0.000000 6966.109375 0.000000 0.568336 0.000000 0.822797 0.717012 0.717012 0.717012
3398.913818 0.000000 6999.482422 0.000000 0.522020 0.000000 -0.852933 0.889775 0.889775 0.889775
3424.892090 0.000000 6959.841797 0.000000 0.698664 0.000000 0.715450 0.742676 0.742676 0.742676
3401.438965 0.000000 6959.744141 0.000000 0.787716 0.000000 0.616039 0.736372 0.736372 0.736372
3388.437500 0.000000 6939.187988 0.000000 0.973425 0.000000 -0.229004 0.820305 0.820305 0.820305
3385.409424 0.000000 7020.790527 0.000000 0.488201 0.000000 0.872731 0.698307 0.698307 0.698307
3394.354248 0.000000 6937.963867 0.000000 0.658947 0.000000 0.752189 0.709879 0.709879 0.709879
3387.949463 0.000000 7025.132812 0.000000 0.942461 0.000000 -0.334315 0.827233 0.827233 0.827233
3384.700439 0.000000 6967.627441 0.000000 0.841268 0.000000 -0.540618 1.032716 1.032716 1.032716
3377.350586 0.000000 6953.874023 0.000000 0.975698 0.000000 0.219118 0.777498 0.777498 0.777498
3429.515625 0.000000 6937.309570 0.000000 0.820692 0.000000 0.571371 0.730764 0.730764 0.730764
3406.542969 0.000000 6943.383789 0.000000 0.970358 0.000000 0.241671 0.775625 0.775625 0.775625
3399.954834 0.000000 6981.745605 0.000000 0.496623 0.000000 -0.867966 0.925957 0.925957 0.925957
3393.273438 0.000000 7007.243652 0.000000 0.488171 0.000000 0.872748 0.674998 0.674998 0.674998
3395.627686 0.000000 6990.708008 0.000000 0.108761 0.000000 -0.994068 0.998533 0.998533 0.998533
3387.353027 0.000000 6944.260742 0.000000 0.925485 0.000000 -0.378784 0.843450 0.843450 0.843450
3388.500244 0.000000 7019.499512 0.000000 0.994085 0.000000 -0.108603 0.811953 0.811953 0.811953
3383.291748 0.000000 6962.347656 0.000000 0.685559 0.000000 -0.728017 0.891201 0.891201 0.891201
3396.810547 0.000000 7008.346680 0.000000 0.839301 0.000000 -0.543667 0.879213 0.879213 0.879213
3402.187744 0.000000 6970.655762 0.000000 0.999144 0.000000 0.041364 0.793802 0.793802 0.793802
3398.735596 0.000000 6960.168945 0.000000 0.220144 0.000000 -0.975467 1.002046 1.002046 1.002046
3393.343018 0.000000 6966.844238 0.000000 0.954085 0.000000 0.299534 0.754432 0.754432 0.754432
3432.839844 0.000000 6939.586914 0.000000 0.998627 0.000000 0.052390 0.792149 0.792149 0.792149
3428.949707 0.000000 6942.693848 0.000000 0.270480 0.000000 -0.962725 0.994267 0.994267 0.994267
3409.693604 0.000000 6947.217773 0.000000 0.361138 0.000000 -0.932512 0.987145 0.987145 0.987145
3418.513672 0.000000 6947.008789 0.000000 0.384247 0.000000 0.923230 0.663726 0.663726 0.663726
3422.492920 0.000000 6959.470215 0.000000 0.975977 0.000000 0.217875 0.767100 0.767100 0.767100
3439.411133 0.000000 6966.259277 0.000000 0.437390 0.000000 -0.899272 0.958551 0.958551 0.958551
3407.957520 0.000000 6973.447266 0.000000 0.629733 0.000000 -0.776811 0.935030 0.935030 0.935030
3379.060303 0.000000 6936.979492 0.000000 0.921788 0.000000 -0.387695 0.859637 0.859637 0.859637
3408.815430 0.000000 6969.423340 0.000000 0.661982 0.000000 0.749520 0.657844 0.657844 0.657844
3389.034424 0.000000 6979.476562 0.000000 0.128134 0.000000 0.991757 0.583952 0.583952 0.583952
3423.707520 0.000000 6941.928711 0.000000 0.311406 0.000000 -0.950277 0.987859 0.987859 0.987859
3406.436279 0.000000 6962.844727 0.000000 0.370570 0.000000 0.928804 0.623950 0.623950 0.623950
3400.393799 0.000000 6964.717773 0.000000 0.587194 0.000000 0.809446 0.658714 0.658714 0.658714
3429.386230 0.000000 6947.779785 0.000000 0.193520 0.000000 -0.981096 1.006122 1.006122 1.006122
3389.488037 0.000000 7009.116699 0.000000 0.730930 0.000000 0.682453 0.687489 0.687489 0.687489
3437.155273 0.000000 6965.711914 0.000000 0.108243 0.000000 0.994125 0.580952 0.580952 0.580952
3418.918457 0.000000 6973.815430 0.000000 0.230312 0.000000 0.973117 0.599517 0.599517 0.599517
3414.092773 0.000000 6964.469727 0.000000 0.193113 0.000000 -0.981176 1.396560 1.396560 1.396560
3391.552979 0.000000 6983.674805 0.000000 0.912898 0.000000 0.408188 0.737857 0.737857 0.737857
3407.309814 0.000000 6946.384766 0.000000 0.139582 0.000000 -0.990211 1.017175 1.017175 1.017175
3434.604492 0.000000 6937.736816 0.000000 0.032749 0.000000 -0.999464 1.030388 1.030388 1.030388
3436.381104 0.000000 6963.199707 0.000000 0.852254 0.000000 0.523129 0.726332 0.726332 0.726332
3414.575684 0.000000 6975.333496 0.000000 0.956093 0.000000 0.293063 0.755447 0.755447 0.755447
3419.966064 0.000000 6960.653809 0.000000 0.949581 0.000000 -0.313523 0.922926 0.922926 0.922926
3428.498779 0.000000 6954.711914 0.000000 0.539131 0.000000 0.842222 0.651999 0.651999 0.651999
3410.023438 0.000000 6949.555664 0.000000 0.950027 0.000000 0.312166 0.752445 0.752445 0.752445
3389.414551 0.000000 6936.926270 0.000000 0.933077 0.000000 -0.359676 0.855112 0.855112 0.855112
3413.380127 0.000000 6970.751953 0.000000 0.777156 0.000000 0.629308 0.674931 0.674931 0.674931
3424.861328 0.000000 6954.473633 0.000000 0.745524 0.000000 -0.666479 0.909270 0.909270 0.909270
3423.770996 0.000000 6973.562012 0.000000 0.856757 0.000000 0.515720 0.718835 0.718835 0.718835
3419.046387 0.000000 6941.336426 0.000000 0.436453 0.000000 0.899727 0.632360 0.632360 0.632360
3377.217041 0.000000 7010.518066 0.000000 0.480549 0.000000 0.876968 0.639794 0.639794 0.639794
3434.167480 0.000000 6962.963379 0.000000 0.949001 0.000000 -0.315274 0.848045 0.848045 0.848045
3377.051270 0.000000 6969.158691 0.000000 0.806059 0.000000 0.591835 0.705131 0.705131 0.705131
3416.457764 0.000000 6973.488281 0.000000 0.812474 0.000000 0.582997 0.679419 0.679419 0.679419
3460.251221 0.000000 6937.248047 0.000000 0.999902 0.000000 0.014025 0.797899 0.797899 0.797899
3398.680664 0.000000 6950.654785 0.000000 0.889187 0.000000 -0.457543 0.951864 0.951864 0.951864
3427.229004 0.000000 6944.042480 0.000000 0.578496 0.000000 0.815685 0.645680 0.645680 0.645680
3412.420898 0.000000 6975.002441 0.000000 0.112429 0.000000 0.993660 0.581583 0.581583 0.581583
3414.502441 0.000000 6966.507324 0.000000 1.000000 0.000000 0.000194 0.799934 0.799934 0.799934
3387.167969 0.000000 6968.708008 0.000000 0.647588 0.000000 -0.761991 0.948812 0.948812 0.948812
3403.079834 0.000000 6978.819824 0.000000 0.982934 0.000000 -0.183957 0.851731 0.851731 0.851731
3430.772461 0.000000 6938.836426 0.000000 0.918339 0.000000 0.395794 0.703284 0.703284 0.703284
3405.677734 0.000000 6945.175781 0.000000 0.173426 0.000000 0.984847 0.403945 0.403945 0.403945
3385.575684 0.000000 6961.813965 0.000000 0.328698 0.000000 -0.944435 1.155439 1.155439 1.155439
3385.705322 0.000000 6965.823242 0.000000 0.624628 0.000000 -0.780923 1.068471 1.068471 1.068471
3400.607422 0.000000 6979.865723 0.000000 0.940753 0.000000 -0.339093 0.869095 0.869095 0.869095
3417.180420 0.000000 6961.327637 0.000000 0.194940 0.000000 0.980815 0.385444 0.385444 0.385444
3392.824219 0.000000 6993.724121 0.000000 0.973286 0.000000 0.229597 0.749567 0.749567 0.749567
3389.982178 0.000000 7022.874512 0.000000 0.366081 0.000000 0.930583 0.563519 0.563519 0.563519
3388.822510 0.000000 7005.827148 0.000000 0.990033 0.000000 -0.140835 0.832173 0.832173 0.832173
3400.314941 0.000000 6940.986328 0.000000 0.950678 0.000000 0.310181 0.716854 0.716854 0.716854
3427.583252 0.000000 6947.071289 0.000000 0.711492 0.000000 0.702694 0.656829 0.656829 0.656829
3397.840820 0.000000 6943.915527 0.000000 0.230735 0.000000 0.973017 0.522088 0.522088 0.522088
3423.225586 0.000000 6963.615234 0.000000 0.686756 0.000000 -0.726888 0.985285 0.985285 0.985285
3418.387451 0.000000 6958.186523 0.000000 0.262800 0.000000 -0.964850 1.230013 1.230013 1.230013
3421.307129 0.000000 6948.914062 0.000000 0.976341 0.000000 -0.216237 0.863991 0.863991 0.863991
3431.493896 0.000000 6956.924805 0.000000 0.410817 0.000000 0.911718 0.538743 0.538743 0.538743
3439.510254 0.000000 6944.951660 0.000000 0.813005 0.000000 -0.582257 0.945231 0.945231 0.945231
3394.023193 0.000000 6954.566895 0.000000 0.094497 0.000000 -0.995525 1.277615 1.277615 1.277615
3382.065186 0.000000 6967.142090 0.000000 0.155150 0.000000 -0.987891 1.141961 1.141961 1.141961
3403.772705 0.000000 6942.509766 0.000000 0.064913 0.000000 -0.997891 1.245112 1.245112 1.245112
3417.445557 0.000000 6964.153809 0.000000 0.141580 0.000000 -0.989927 1.168106 1.168106 1.168106
3389.194092 0.000000 7017.629395 0.000000 0.865589 0.000000 -0.500755 0.908939 0.908939 0.908939
3403.335693 0.000000 6946.179199 0.000000 0.801416 0.000000 0.598107 0.664267 0.664267 0.664267
3396.730713 0.000000 6948.419434 0.000000 0.959399 0.000000 0.282053 0.711483 0.711483 0.711483
3423.158203 0.000000 6955.042969 0.000000 0.969016 0.000000 0.246999 0.733204 0.733204 0.733204
3397.356201 0.000000 6951.812988 0.000000 0.623884 0.000000 0.781517 0.549161 0.549161 0.549161
3383.075928 0.000000 7014.621094 0.000000 0.723099 0.000000 -0.690744 0.981229 0.981229 0.981229
3390.017822 0.000000 6993.356445 0.000000 0.879784 0.000000 0.475374 0.665440 0.665440 0.665440
3421.886230 0.000000 6957.763672 0.000000 0.953683 0.000000 -0.300812 0.882383 0.882383 0.882383
3387.264893 0.000000 6963.528320 0.000000 0.949939 0.000000 0.312437 0.717497 0.717497 0.717497
3436.257324 0.000000 6944.279785 0.000000 0.453026 0.000000 -0.891497 1.054996 1.054996 1.054996
3415.938965 0.000000 6967.413086 0.000000 0.117239 0.000000 0.993104 0.303662 0.303662 0.303662
3402.601562 0.000000 6940.238281 0.000000 0.637600 0.000000 -0.770367 1.063461 1.063461 1.063461
3397.219727 0.000000 6954.748535 0.000000 0.437493 0.000000 -0.899222 1.163961 1.163961 1.163961
3399.800049 0.000000 6946.788574 0.000000 0.577474 0.000000 -0.816409 1.173908 1.173908 1.173908
3418.399414 0.000000 6960.002441 0.000000 0.944010 0.000000 0.329916 0.670400 0.670400 0.670400
3385.079346 0.000000 6969.232422 0.000000 0.845689 0.000000 0.533675 0.643719 0.643719 0.643719
3391.110840 0.000000 6990.653320 0.000000 0.855542 0.000000 -0.517734 0.963035 0.963035 0.963035
3386.969238 0.000000 7018.936523 0.000000 0.886042 0.000000 0.463604 0.658470 0.658470 0.658470
3411.313721 0.000000 6971.268066 0.000000 0.940875 0.000000 0.338754 0.696466 0.696466 0.696466
3390.462646 0.000000 7082.856445 0.000000 0.994455 0.000000 -0.105165 0.808628 0.808628 0.808628
3382.482910 0.000000 7039.849609 0.000000 0.149853 0.000000 0.988708 0.678016 0.678016 0.678016
3394.354248 0.000000 7031.706055 0.000000 0.701469 0.000000 -0.712700 0.863379 0.863379 0.863379
3392.225586 0.000000 7069.519043 0.000000 0.595500 0.000000 -0.803355 0.909931 0.909931 0.909931
3396.042236 0.000000 7120.792480 0.000000 0.803943 0.000000 0.594706 0.717317 0.717317 0.717317
3391.721436 0.000000 7122.793945 0.000000 0.455454 0.000000 0.890260 0.635540 0.635540 0.635540
3380.789307 0.000000 7117.908691 0.000000 0.461235 0.000000 -0.887278 0.963485 0.963485 0.963485
3380.423584 0.000000 7103.052734 0.000000 0.948053 0.000000 0.318113 0.758619 0.758619 0.758619
3385.053467 0.000000 7123.361328 0.000000 0.225335 0.000000 0.974281 0.601435 0.601435 0.601435
3382.708252 0.000000 7106.480469 0.000000 0.948485 0.000000 -0.316823 0.854729 0.854729 0.854729
3391.552979 0.000000 7077.416992 0.000000 0.640945 0.000000 -0.767587 0.931079 0.931079 0.931079
3381.918457 0.000000 7114.299316 0.000000 0.719971 0.000000 0.694004 0.685103 0.685103 0.685103
3391.821289 0.000000 7067.220703 0.000000 0.420175 0.000000 0.907443 0.629662 0.629662 0.629662
3384.715576 0.000000 7049.327148 0.000000 0.721137 0.000000 0.692792 0.685355 0.685355 0.685355
3389.131104 0.000000 7077.561035 0.000000 0.997861 0.000000 0.065374 0.790200 0.790200 0.790200
3389.313477 0.000000 7061.799316 0.000000 0.850905 0.000000 0.525320 0.717151 0.717151 0.717151
3390.324707 0.000000 7114.421875 0.000000 0.407151 0.000000 0.913361 0.590723 0.590723 0.590723
3380.140137 0.000000 7115.497559 0.000000 0.753007 0.000000 -0.658013 0.907578 0.907578 0.907578
3386.581787 0.000000 7108.846680 0.000000 0.559863 0.000000 0.828585 0.653716 0.653716 0.653716
3393.813721 0.000000 7115.475586 0.000000 0.542803 0.000000 0.839860 0.598879 0.598879 0.598879
3392.611328 0.000000 7118.009766 0.000000 0.998953 0.000000 0.045739 0.790405 0.790405 0.790405
3392.906982 0.000000 7033.197266 0.000000 0.991964 0.000000 0.126523 0.776436 0.776436 0.776436
3390.294434 0.000000 7033.473633 0.000000 0.917460 0.000000 0.397827 0.720735 0.720735 0.720735
3382.510742 0.000000 7042.965332 0.000000 0.150790 0.000000 0.988566 0.519341 0.519341 0.519341
3384.060059 0.000000 7040.693848 0.000000 0.173708 0.000000 -0.984797 1.142991 1.142991 1.142991
3326.850342 0.000000 7206.354004 0.000000 0.936785 0.000000 0.349904 0.798572 0.798572 0.798572
3333.680908 0.000000 7179.045898 0.000000 0.321508 0.000000 0.946907 0.767714 0.767714 0.767714
3338.676270 0.000000 7146.462891 0.000000 0.666884 0.000000 -0.745161 1.177827 1.177827 1.177827
3336.911621 0.000000 7169.756348 0.000000 0.584466 0.000000 -0.811418 0.858607 0.858607 0.858607
3338.362793 0.000000 7185.132324 0.000000 0.482360 0.000000 -0.875973 0.883146 0.883146 0.883146
3329.521973 0.000000 7206.861816 0.000000 0.978342 0.000000 -0.206993 0.819156 0.819156 0.819156
3339.363037 0.000000 7212.451172 0.000000 0.948910 0.000000 0.315546 0.768582 0.768582 0.768582
3339.663818 0.000000 7154.763184 0.000000 0.646398 0.000000 -0.763000 0.930012 0.930012 0.930012
3328.700439 0.000000 7214.684082 0.000000 0.259846 0.000000 -0.965650 0.995919 0.995919 0.995919
3333.705322 0.000000 7145.900879 0.000000 0.591107 0.000000 0.806593 0.655691 0.655691 0.655691
3338.993408 0.000000 7168.356445 0.000000 0.631522 0.000000 -0.775358 0.932908 0.932908 0.932908
3337.647705 0.000000 7156.791504 0.000000 0.729038 0.000000 0.684473 0.705142 0.705142 0.705142
3337.916504 0.000000 7217.187500 0.000000 0.763170 0.000000 -0.646198 0.906646 0.906646 0.906646
3303.438232 0.000000 7217.413086 0.000000 0.695714 0.000000 0.718319 0.679959 0.679959 0.679959
3338.814941 0.000000 7152.386719 0.000000 0.759506 0.000000 -0.650501 0.906090 0.906090 0.906090
3334.756592 0.000000 7142.196289 0.000000 0.997530 0.000000 0.070240 0.788908 0.788908 0.788908
3337.228516 0.000000 7142.595703 0.000000 0.999651 0.000000 -0.026427 0.804909 0.804909 0.804909
3331.119141 0.000000 7141.958008 0.000000 0.787615 0.000000 0.616168 0.672713 0.672713 0.672713
3339.522949 0.000000 7148.442871 0.000000 0.930190 0.000000 0.367078 0.669379 0.669379 0.669379
3339.844238 0.000000 7144.628906 0.000000 0.183003 0.000000 0.983112 0.390087 0.390087 0.390087
3337.833008 0.000000 7207.260254 0.000000 0.922575 0.000000 0.385817 0.728802 0.728802 0.728802
3336.760986 0.000000 7146.020020 0.000000 0.324441 0.000000 0.945906 0.331785 0.331785 0.331785
3333.312744 0.000000 7204.142578 0.000000 0.897069 0.000000 0.441891 0.704014 0.704014 0.704014
3337.607422 0.000000 7182.937988 0.000000 0.507410 0.000000 -0.861705 1.111156 1.111156 1.111156
3333.524170 0.000000 7206.153809 0.000000 0.743553 0.000000 -0.668677 1.010648 1.010648 1.010648
3333.829590 0.000000 7209.230957 0.000000 0.994763 0.000000 0.102209 0.778937 0.778937 0.778937
3334.144287 0.000000 7180.925293 0.000000 0.677909 0.000000 0.735146 0.610309 0.610309 0.610309
3328.698242 0.000000 7210.576660 0.000000 0.379122 0.000000 -0.925347 1.062030 1.062030 1.062030
3316.997803 0.000000 7217.023926 0.000000 0.651960 0.000000 -0.758253 1.092210 1.092210 1.092210
3337.751709 0.000000 7144.409180 0.000000 0.197735 0.000000 -0.980256 1.117807 1.117807 1.117807
3332.110596 0.000000 7209.768066 0.000000 0.777649 0.000000 0.628698 0.660139 0.660139 0.660139
3314.178955 0.000000 7214.871094 0.000000 0.441571 0.000000 -0.897226 1.104663 1.104663 1.104663
3317.540039 0.000000 7214.682617 0.000000 0.968493 0.000000 -0.249040 0.852782 0.852782 0.852782
3310.781738 0.000000 7215.482422 0.000000 0.932399 0.000000 -0.361430 0.893061 0.893061 0.893061
3314.711914 0.000000 7216.558105 0.000000 0.171239 0.000000 0.985230 0.210560 0.210560 0.210560
3336.943604 0.000000 7181.406738 0.000000 0.806052 0.000000 0.591845 0.610259 0.610259 0.610259
3329.620117 0.000000 7213.317383 0.000000 0.912794 0.000000 -0.408421 0.908397 0.908397 0.908397
3308.126953 0.000000 7219.935547 0.000000 0.486685 0.000000 -0.873577 0.846686 0.846686 0.846686
3357.685303 0.000000 7302.603027 0.000000 0.715652 0.000000 0.698457 0.775290 0.775290 0.775290
3343.616943 0.000000 7302.083008 0.000000 0.499229 0.000000 -0.866470 0.883731 0.883731 0.883731
3354.266602 0.000000 7248.184570 0.000000 0.550893 0.000000 -0.834576 0.870992 0.870992 0.870992
3350.356689 0.000000 7291.485840 0.000000 0.297068 0.000000 -0.954856 0.924208 0.924208 0.924208
3344.240234 0.000000 7280.395996 0.000000 0.825645 0.000000 -0.564190 0.855073 0.855073 0.855073
3338.009033 0.000000 7303.221191 0.000000 0.238801 0.000000 -0.971069 0.938094 0.938094 0.938094
3300.612061 0.000000 7219.190430 0.000000 0.392556 0.000000 0.919728 0.706738 0.706738 0.706738
3353.260742 0.000000 7297.475098 0.000000 0.417913 0.000000 -0.908487 0.941121 0.941121 0.941121
3351.722168 0.000000 7260.559082 0.000000 0.469438 0.000000 0.882965 0.661677 0.661677 0.661677
3349.470947 0.000000 7245.746582 0.000000 0.999490 0.000000 -0.031931 0.803955 0.803955 0.803955
3347.608887 0.000000 7260.094238 0.000000 0.846581 0.000000 -0.532260 0.865017 0.865017 0.865017
3334.577148 0.000000 7221.011719 0.000000 0.225211 0.000000 -0.974310 1.001267 1.001267 1.001267
3368.085938 0.000000 7298.451172 0.000000 0.870106 0.000000 -0.492865 0.868965 0.868965 0.868965
3364.868408 0.000000 7302.002441 0.000000 0.733312 0.000000 -0.679893 0.882124 0.882124 0.882124
3344.830322 0.000000 7286.045898 0.000000 0.707825 0.000000 -0.706388 0.900262 0.900262 0.900262
3347.002686 0.000000 7283.769043 0.000000 0.176171 0.000000 -0.984360 0.964230 0.964230 0.964230
3336.861816 0.000000 7297.042480 0.000000 0.979155 0.000000 -0.203116 0.830639 0.830639 0.830639
3366.001709 0.000000 7296.711426 0.000000 0.737710 0.000000 -0.675118 0.888812 0.888812 0.888812
3352.361328 0.000000 7257.930664 0.000000 0.456994 0.000000 -0.889470 0.964200 0.964200 0.964200
3350.091797 0.000000 7294.097168 0.000000 0.361561 0.000000 0.932349 0.620120 0.620120 0.620120
3349.218262 0.000000 7250.072754 0.000000 0.144048 0.000000 0.989571 0.589207 0.589207 0.589207
3350.095703 0.000000 7264.449707 0.000000 0.909195 0.000000 -0.416371 0.956962 0.956962 0.956962
3347.297119 0.000000 7244.881836 0.000000 0.872645 0.000000 -0.488354 0.869292 0.869292 0.869292
3353.983154 0.000000 7250.576172 0.000000 0.423829 0.000000 0.905742 0.643844 0.643844 0.643844
3346.618896 0.000000 7258.060059 0.000000 0.774233 0.000000 0.632900 0.697348 0.697348 0.697348
3349.937744 0.000000 7286.409668 0.000000 0.262675 0.000000 0.964884 0.604520 0.604520 0.604520
3352.529053 0.000000 7252.366211 0.000000 0.473990 0.000000 -0.880530 0.950569 0.950569 0.950569
3348.297119 0.000000 7292.679688 0.000000 0.376904 0.000000 -0.926252 0.977406 0.977406 0.977406
3347.521240 0.000000 7234.839844 0.000000 0.212591 0.000000 -0.977141 1.003205 1.003205 1.003205
3337.742432 0.000000 7285.314941 0.000000 0.389974 0.000000 -0.920826 0.975287 0.975287 0.975287
3353.451416 0.000000 7268.740234 0.000000 0.273505 0.000000 -0.961871 1.285783 1.285783 1.285783
3351.775635 0.000000 7265.652832 0.000000 0.998582 0.000000 -0.053229 0.819464 0.819464 0.819464
3353.648682 0.000000 7264.256836 0.000000 0.961172 0.000000 0.275951 0.701166 0.701166 0.701166
3353.664551 0.000000 7254.443359 0.000000 0.535224 0.000000 0.844710 0.580990 0.580990 0.580990
3353.511719 0.000000 7279.674316 0.000000 0.897726 0.000000 -0.440554 0.892940 0.892940 0.892940
3348.344971 0.000000 7257.476074 0.000000 0.337552 0.000000 0.941307 0.530547 0.530547 0.530547
3346.479004 0.000000 7263.421875 0.000000 0.770652 0.000000 0.637256 0.595766 0.595766 0.595766
3336.059570 0.000000 7283.612305 0.000000 0.380951 0.000000 0.924595 0.526624 0.526624 0.526624
3350.335693 0.000000 7262.467773 0.000000 0.631269 0.000000 -0.775564 1.039323 1.039323 1.039323
3314.317871 0.000000 7219.352051 0.000000 0.389805 0.000000 0.920897 0.489110 0.489110 0.489110
3399.713135 0.000000 7149.928223 0.000000 0.288105 0.000000 0.957599 0.797446 0.797446 0.797446
3403.916260 0.000000 7174.398926 0.000000 0.977063 0.000000 -0.212949 0.804715 0.804715 0.804715
3402.125977 0.000000 7186.215332 0.000000 0.948866 0.000000 0.315678 0.791661 0.791661 0.791661
3406.625244 0.000000 7141.019043 0.000000 0.832142 0.000000 0.554563 0.771823 0.771823 0.771823
3414.050537 0.000000 7160.549316 0.000000 0.186755 0.000000 0.982406 0.741997 0.741997 0.741997
3415.480957 0.000000 7175.668945 0.000000 0.779073 0.000000 -0.626933 0.825714 0.825714 0.825714
3410.777344 0.000000 7181.604980 0.000000 0.912162 0.000000 -0.409829 1.015059 1.015059 1.015059
3409.910400 0.000000 7148.202148 0.000000 0.753807 0.000000 -0.657096 0.857278 0.857278 0.857278
3401.577881 0.000000 7134.236816 0.000000 0.318502 0.000000 0.947922 0.712855 0.712855 0.712855
3401.843018 0.000000 7198.025391 0.000000 0.587244 0.000000 0.809410 0.711467 0.711467 0.711467
3406.736328 0.000000 7181.022949 0.000000 0.213513 0.000000 -0.976940 0.908300 0.908300 0.908300
3405.033691 0.000000 7144.149414 0.000000 0.958641 0.000000 0.284618 0.771755 0.771755 0.771755
3396.516602 0.000000 7137.730957 0.000000 0.753868 0.000000 -0.657026 0.860134 0.860134 0.860134
3415.712646 0.000000 7194.780762 0.000000 0.500424 0.000000 0.865781 0.266916 0.266916 0.266916
3412.767822 0.000000 7171.405273 0.000000 0.995973 0.000000 0.089656 0.791035 0.791035 0.791035
3416.826416 0.000000 7173.457520 0.000000 0.274603 0.000000 0.961558 0.629610 0.629610 0.629610
3412.896973 0.000000 7175.884766 0.000000 0.471947 0.000000 0.881627 0.638329 0.638329 0.638329
3422.442627 0.000000 7214.684082 0.000000 0.652874 0.000000 0.757466 0.676414 0.676414 0.676414
3393.310547 0.000000 7130.738281 0.000000 0.898604 0.000000 0.438762 0.731961 0.731961 0.731961
3403.821533 0.000000 7146.362793 0.000000 0.784756 0.000000 -0.619804 0.900136 0.900136 0.900136
3430.604004 0.000000 7203.300293 0.000000 0.180101 0.000000 -0.983648 0.999842 0.999842 0.999842
3412.900146 0.000000 7183.143066 0.000000 0.301472 0.000000 0.953475 0.335284 0.335284 0.335284
3413.220215 0.000000 7190.125488 0.000000 0.369362 0.000000 -0.929285 0.990532 0.990532 0.990532
3406.436279 0.000000 7150.329102 0.000000 0.520117 0.000000 0.854095 0.646641 0.646641 0.646641
3429.003174 0.000000 7194.817383 0.000000 0.950879 0.000000 -0.309563 0.847145 0.847145 0.847145
3407.281006 0.000000 7143.221680 0.000000 0.314095 0.000000 0.949392 0.612565 0.612565 0.612565
3405.844482 0.000000 7172.987305 0.000000 0.030385 0.000000 0.999538 0.569258 0.569258 0.569258
3435.438721 0.000000 7212.276855 0.000000 0.395587 0.000000 0.918429 0.634927 0.634927 0.634927
3410.260742 0.000000 7171.775879 0.000000 0.896490 0.000000 0.443064 0.731243 0.731243 0.731243
3415.370605 0.000000 7191.516113 0.000000 0.874553 0.000000 -0.484929 0.983021 0.983021 0.983021
3411.836670 0.000000 7160.292969 0.000000 0.873532 0.000000 -0.486767 0.895444 0.895444 0.895444
3410.864502 0.000000 7164.110840 0.000000 0.479240 0.000000 0.877684 0.639571 0.639571 0.639571
3417.547363 0.000000 7190.100586 0.000000 0.540714 0.000000 -0.841206 1.119402 1.119402 1.119402
3413.721680 0.000000 7166.888672 0.000000 0.250047 0.000000 -0.968234 1.007967 1.007967 1.007967
3416.996094 0.000000 7214.500977 0.000000 0.199231 0.000000 -0.979953 1.005250 1.005250 1.005250
3429.149414 0.000000 7210.397461 0.000000 0.965804 0.000000 0.259275 0.761761 0.761761 0.761761
3412.784668 0.000000 7180.233398 0.000000 0.092223 0.000000 -0.995738 1.411230 1.411230 1.411230
3405.136475 0.000000 7205.425781 0.000000 0.778404 0.000000 0.627764 0.698339 0.698339 0.698339
3398.680664 0.000000 7138.139160 0.000000 0.090492 0.000000 -0.995897 1.110409 1.110409 1.110409
3424.977295 0.000000 7197.857422 0.000000 0.794928 0.000000 -0.606704 0.935409 0.935409 0.935409
3412.420898 0.000000 7162.486816 0.000000 0.994159 0.000000 0.107928 0.779266 0.779266 0.779266
3415.849121 0.000000 7187.145020 0.000000 0.592184 0.000000 -0.805803 0.945975 0.945975 0.945975
3416.971191 0.000000 7181.368164 0.000000 0.823398 0.000000 0.567464 0.595120 0.595120 0.595120
3413.060303 0.000000 7194.708008 0.000000 0.054571 0.000000 -0.998510 1.384444 1.384444 1.384444
3408.732422 0.000000 7181.957031 0.000000 0.481685 0.000000 0.876344 0.366902 0.366902 0.366902
3411.434326 0.000000 7198.218750 0.000000 0.592004 0.000000 0.805935 0.586601 0.586601 0.586601
3411.493164 0.000000 7186.788574 0.000000 0.093140 0.000000 0.995653 0.463590 0.463590 0.463590
3417.638672 0.000000 7195.651855 0.000000 0.693868 0.000000 0.720102 0.528640 0.528640 0.528640
3392.906982 0.000000 7126.939453 0.000000 0.181596 0.000000 0.983373 0.567107 0.567107 0.567107
3402.064697 0.000000 7139.206543 0.000000 0.999916 0.000000 0.012932 0.796513 0.796513 0.796513
3429.529297 0.000000 7196.906738 0.000000 0.382630 0.000000 -0.923902 1.061189 1.061189 1.061189
3419.553711 0.000000 7216.825684 0.000000 0.915860 0.000000 -0.401497 0.873439 0.873439 0.873439
3390.294434 0.000000 7127.215820 0.000000 0.922978 0.000000 0.384852 0.695062 0.695062 0.695062
3391.425049 0.000000 7130.436523 0.000000 0.332947 0.000000 -0.942946 1.100039 1.100039 1.100039
3413.762695 0.000000 7201.314941 0.000000 0.173197 0.000000 -0.984887 1.162646 1.162646 1.162646
3405.732910 0.000000 7188.359863 0.000000 0.754979 0.000000 -0.655749 0.982832 0.982832 0.982832
3410.004639 0.000000 7183.404785 0.000000 0.999808 0.000000 0.019576 0.792258 0.792258 0.792258
3407.831299 0.000000 7175.812988 0.000000 0.984654 0.000000 0.174519 0.756907 0.756907 0.756907
3410.962646 0.000000 7179.717773 0.000000 0.742768 0.000000 0.669549 0.458614 0.458614 0.458614
3410.134521 0.000000 7177.957031 0.000000 0.405789 0.000000 -0.913967 1.170739 1.170739 1.170739
3418.552734 0.000000 7180.675781 0.000000 0.181665 0.000000 0.983360 0.209479 0.209479 0.209479
3418.897705 0.000000 7178.386230 0.000000 0.056258 0.000000 0.998416 0.415846 0.415846 0.415846
3415.385742 0.000000 7196.559570 0.000000 0.861116 0.000000 -0.508408 0.994931 0.994931 0.994931
3415.007080 0.000000 7193.200195 0.000000 0.218776 0.000000 -0.975775 1.487670 1.487670 1.487670
3420.284668 0.000000 7181.727539 0.000000 0.593319 0.000000 -0.804968 1.078430 1.078430 1.078430
3407.558350 0.000000 7188.135254 0.000000 0.056114 0.000000 0.998424 0.388583 0.388583 0.388583
3431.968018 0.000000 7211.168457 0.000000 0.619009 0.000000 -0.785384 1.070621 1.070621 1.070621
3418.146240 0.000000 7215.969238 0.000000 0.120242 0.000000 -0.992745 1.199720 1.199720 1.199720
3420.610107 0.000000 7194.312988 0.000000 0.042924 0.000000 0.999078 0.366687 0.366687 0.366687
3412.297607 0.000000 7203.441406 0.000000 0.563890 0.000000 -0.825850 1.042591 1.042591 1.042591
3417.192627 0.000000 7194.092285 0.000000 0.999794 0.000000 0.020295 0.793149 0.793149 0.793149
3421.592529 0.000000 7180.811523 0.000000 0.716157 0.000000 0.697939 0.570108 0.570108 0.570108
3418.526855 0.000000 7225.523438 0.000000 0.452888 0.000000 0.891567 0.749433 0.749433 0.749433
3448.867432 0.000000 7288.625977 0.000000 0.207458 0.000000 -0.978244 0.881597 0.881597 0.881597
3414.278809 0.000000 7232.322754 0.000000 0.733294 0.000000 -0.679912 0.852263 0.852263 0.852263
3448.890137 0.000000 7275.575195 0.000000 0.407471 0.000000 0.913218 0.719533 0.719533 0.719533
3435.638184 0.000000 7257.954590 0.000000 0.441124 0.000000 -0.897446 0.880093 0.880093 0.880093
3447.550293 0.000000 7221.044922 0.000000 0.881841 0.000000 0.471547 0.762732 0.762732 0.762732
3430.653809 0.000000 7263.498535 0.000000 0.994283 0.000000 0.106780 0.791880 0.791880 0.791880
3408.007324 0.000000 7306.851562 0.000000 0.906833 0.000000 0.421490 0.766110 0.766110 0.766110
3451.023193 0.000000 7308.444824 0.000000 0.405074 0.000000 -0.914284 0.905997 0.905997 0.905997
3418.940918 0.000000 7218.221680 0.000000 0.993716 0.000000 -0.111930 0.811201 0.811201 0.811201
3438.842041 0.000000 7251.418457 0.000000 0.926201 0.000000 -0.377029 0.851731 0.851731 0.851731
3442.743164 0.000000 7225.912598 0.000000 0.330695 0.000000 0.943738 0.615192 0.615192 0.615192
3428.319336 0.000000 7221.011719 0.000000 0.911254 0.000000 -0.411844 0.863584 0.863584 0.863584
3422.442627 0.000000 7308.426270 0.000000 0.144200 0.000000 0.989549 0.634802 0.634802 0.634802
3445.310791 0.000000 7267.797852 0.000000 0.955888 0.000000 0.293730 0.755938 0.755938 0.755938
3432.735596 0.000000 7262.098633 0.000000 0.867522 0.000000 -0.497400 0.877982 0.877982 0.877982
3418.513672 0.000000 7228.235352 0.000000 0.960400 0.000000 -0.278626 0.832145 0.832145 0.832145
3422.492920 0.000000 7240.696777 0.000000 0.773833 0.000000 0.633390 0.720542 0.720542 0.720542
3430.450928 0.000000 7241.845703 0.000000 0.773941 0.000000 0.633258 0.686322 0.686322 0.686322
3436.109619 0.000000 7251.396484 0.000000 0.162103 0.000000 -0.986774 1.024965 1.024965 1.024965
3435.602051 0.000000 7231.470215 0.000000 0.973909 0.000000 -0.226941 0.834293 0.834293 0.834293
3429.386230 0.000000 7229.006348 0.000000 0.309837 0.000000 0.950790 0.644499 0.644499 0.644499
3446.988770 0.000000 7281.497070 0.000000 0.992829 0.000000 0.119543 0.756921 0.756921 0.756921
3437.155273 0.000000 7246.938477 0.000000 0.849492 0.000000 -0.527601 0.883251 0.883251 0.883251
3436.381104 0.000000 7244.426270 0.000000 0.730475 0.000000 0.682940 0.687389 0.687389 0.687389
3428.498779 0.000000 7235.938477 0.000000 0.929802 0.000000 0.368060 0.743540 0.743540 0.743540
3444.438721 0.000000 7277.656738 0.000000 0.635063 0.000000 0.772461 0.664251 0.664251 0.664251
3430.470947 0.000000 7258.817383 0.000000 0.167051 0.000000 -0.985948 0.998945 0.998945 0.998945
3426.537842 0.000000 7309.750488 0.000000 0.113772 0.000000 -0.993507 1.050220 1.050220 1.050220
3428.546143 0.000000 7247.342285 0.000000 0.982214 0.000000 -0.187762 0.826784 0.826784 0.826784
3424.861328 0.000000 7235.700195 0.000000 0.603355 0.000000 -0.797472 0.932742 0.932742 0.932742
3442.678467 0.000000 7309.009766 0.000000 0.386402 0.000000 0.922331 0.366194 0.366194 0.366194
3434.167480 0.000000 7244.189941 0.000000 0.372750 0.000000 -0.927932 0.975703 0.975703 0.975703
3447.969727 0.000000 7270.692871 0.000000 0.998618 0.000000 -0.052556 0.807876 0.807876 0.807876
3439.819092 0.000000 7261.640137 0.000000 0.994586 0.000000 -0.103915 0.815594 0.815594 0.815594
3446.049072 0.000000 7305.684570 0.000000 0.970926 0.000000 -0.239382 0.896558 0.896558 0.896558
3441.263428 0.000000 7234.839844 0.000000 0.995746 0.000000 0.092143 0.786178 0.786178 0.786178
3433.586426 0.000000 7238.371094 0.000000 0.142040 0.000000 0.989861 0.586055 0.586055 0.586055
3435.614502 0.000000 7248.386719 0.000000 0.399677 0.000000 -0.916656 1.043187 1.043187 1.043187
3437.843750 0.000000 7231.888184 0.000000 0.957206 0.000000 0.289406 0.703830 0.703830 0.703830
3435.900391 0.000000 7227.543457 0.000000 0.859169 0.000000 -0.511691 0.998472 0.998472 0.998472
3441.248291 0.000000 7305.398438 0.000000 0.794319 0.000000 0.607501 0.685246 0.685246 0.685246
3425.239502 0.000000 7239.125977 0.000000 0.031806 0.000000 0.999494 0.338942 0.338942 0.338942
3439.091064 0.000000 7308.140137 0.000000 0.760184 0.000000 0.649708 0.646043 0.646043 0.646043
3446.451416 0.000000 7301.766602 0.000000 0.729952 0.000000 -0.683499 0.956313 0.956313 0.956313
3439.785156 0.000000 7231.239258 0.000000 0.882803 0.000000 0.469744 0.677919 0.677919 0.677919
3426.268799 0.000000 7242.706055 0.000000 0.883729 0.000000 0.467998 0.668685 0.668685 0.668685
3447.253906 0.000000 7279.674316 0.000000 0.886435 0.000000 -0.462853 0.944164 0.944164 0.944164
3434.930420 0.000000 7224.322266 0.000000 0.756870 0.000000 -0.653566 1.036153 1.036153 1.036153
3429.631348 0.000000 7243.447266 0.000000 0.495962 0.000000 -0.868344 1.108818 1.108818 1.108818
3428.966797 0.000000 7240.593750 0.000000 0.848093 0.000000 0.529848 0.669510 0.669510 0.669510
3432.743652 0.000000 7226.636719 0.000000 0.422163 0.000000 -0.906520 1.192156 1.192156 1.192156
3447.391846 0.000000 7304.588867 0.000000 0.956866 0.000000 0.290530 0.682251 0.682251 0.682251
3441.258057 0.000000 7218.860840 0.000000 0.861352 0.000000 0.508009 0.680802 0.680802 0.680802
3448.847656 0.000000 7296.590820 0.000000 0.157633 0.000000 -0.987498 1.146996 1.146996 1.146996
3448.566406 0.000000 7299.468262 0.000000 0.211256 0.000000 -0.977431 1.206819 1.206819 1.206819
3427.630859 0.000000 7311.309570 0.000000 0.699622 0.000000 -0.714514 0.984400 0.984400 0.984400
3444.620117 0.000000 7304.770996 0.000000 0.414459 0.000000 0.910068 0.448304 0.448304 0.448304
3433.003662 0.000000 7229.402832 0.000000 0.680751 0.000000 -0.732515 1.015069 1.015069 1.015069
3426.669678 0.000000 7241.056641 0.000000 0.997201 0.000000 0.074770 0.773095 0.773095 0.773095
3441.447510 0.000000 7310.058594 0.000000 0.158006 0.000000 0.987438 0.241571 0.241571 0.241571
3431.190674 0.000000 7245.253906 0.000000 0.716330 0.000000 0.697761 0.568640 0.568640 0.568640
3439.867188 0.000000 7403.722168 0.000000 0.720571 0.000000 0.693381 0.778577 0.778577 0.778577
3424.035645 0.000000 7396.989258 0.000000 0.995792 0.000000 0.091639 0.796701 0.796701 0.796701
3397.428711 0.000000 7355.607910 0.000000 0.933641 0.000000 -0.358209 0.814634 0.814634 0.814634
3416.472168 0.000000 7392.377930 0.000000 0.632986 0.000000 0.774163 0.764633 0.764633 0.764633
3462.063965 0.000000 7325.649414 0.000000 0.906920 0.000000 -0.421303 0.822583 0.822583 0.822583
3437.561035 0.000000 7400.449707 0.000000 0.189639 0.000000 0.981854 0.105439 0.105439 0.105439
3414.401611 0.000000 7397.170898 0.000000 0.999797 0.000000 0.020150 0.798793 0.798793 0.798793
3468.013672 0.000000 7365.294922 0.000000 0.282484 0.000000 -0.959272 0.887220 0.887220 0.887220
3461.263184 0.000000 7342.274414 0.000000 0.998445 0.000000 0.055748 0.795990 0.795990 0.795990
3464.679443 0.000000 7323.679199 0.000000 0.488904 0.000000 0.872337 0.728022 0.728022 0.728022
3458.577393 0.000000 7336.151855 0.000000 0.878914 0.000000 -0.476981 0.844688 0.844688 0.844688
3457.314453 0.000000 7339.226074 0.000000 0.857725 0.000000 0.514109 0.762254 0.762254 0.762254
3419.432617 0.000000 7391.169434 0.000000 0.733968 0.000000 -0.679184 0.864123 0.864123 0.864123
3433.447754 0.000000 7317.059082 0.000000 0.621155 0.000000 0.783688 0.697476 0.697476 0.697476
3433.951172 0.000000 7394.876953 0.000000 0.117334 0.000000 0.993092 0.628760 0.628760 0.628760
3441.599854 0.000000 7314.304199 0.000000 0.468586 0.000000 -0.883418 0.895182 0.895182 0.895182
3449.658691 0.000000 7323.488281 0.000000 0.952872 0.000000 -0.303372 0.838783 0.838783 0.838783
3460.573242 0.000000 7323.407227 0.000000 0.588175 0.000000 0.808734 0.673947 0.673947 0.673947
3430.933350 0.000000 7402.286621 0.000000 0.929816 0.000000 0.368026 0.656981 0.656981 0.656981
3468.349365 0.000000 7336.505371 0.000000 0.982141 0.000000 0.188147 0.777696 0.777696 0.777696
3394.946045 0.000000 7356.411133 0.000000 0.972943 0.000000 -0.231046 0.834925 0.834925 0.834925
3458.184326 0.000000 7312.813477 0.000000 0.991806 0.000000 0.127750 0.780812 0.780812 0.780812
3437.491211 0.000000 7403.077637 0.000000 0.722136 0.000000 -0.691751 1.134131 1.134131 1.134131
3450.754639 0.000000 7319.787109 0.000000 0.902093 0.000000 0.431542 0.742074 0.742074 0.742074
3405.127197 0.000000 7366.246582 0.000000 0.501795 0.000000 -0.864987 1.265482 1.265482 1.265482
3434.604492 0.000000 7312.705566 0.000000 0.989972 0.000000 -0.141261 0.852087 0.852087 0.852087
3411.294189 0.000000 7381.019043 0.000000 0.920201 0.000000 0.391447 0.739753 0.739753 0.739753
3424.004883 0.000000 7399.312500 0.000000 0.697316 0.000000 -0.716764 0.934072 0.934072 0.934072
3435.438721 0.000000 7399.761230 0.000000 0.881579 0.000000 -0.472036 0.994404 0.994404 0.994404
3462.406006 0.000000 7337.434082 0.000000 0.953578 0.000000 0.301145 0.748681 0.748681 0.748681
3449.879883 0.000000 7314.532715 0.000000 0.975093 0.000000 -0.221798 0.844223 0.844223 0.844223
3429.149414 0.000000 7397.881836 0.000000 0.317190 0.000000 -0.948362 1.016858 1.016858 1.016858
3464.403320 0.000000 7325.891602 0.000000 0.273535 0.000000 -0.961862 0.993792 0.993792 0.993792
3387.700928 0.000000 7356.902832 0.000000 0.948803 0.000000 -0.315869 0.847498 0.847498 0.847498
3460.251221 0.000000 7312.216797 0.000000 0.287598 0.000000 -0.957751 0.991597 0.991597 0.991597
3418.515625 0.000000 7393.122070 0.000000 0.880940 0.000000 -0.473228 0.873841 0.873841 0.873841
3435.749512 0.000000 7401.902344 0.000000 0.723776 0.000000 -0.690035 1.187847 1.187847 1.187847
3455.720947 0.000000 7330.671387 0.000000 0.675253 0.000000 0.737586 0.649241 0.649241 0.649241
3391.805664 0.000000 7352.809570 0.000000 0.571887 0.000000 -0.820332 0.963313 0.963313 0.963313
3431.575195 0.000000 7394.744629 0.000000 0.991052 0.000000 -0.133474 0.825668 0.825668 0.825668
3463.763916 0.000000 7335.887695 0.000000 0.996807 0.000000 0.079855 0.782757 0.782757 0.782757
3458.271973 0.000000 7331.103516 0.000000 0.998756 0.000000 -0.049855 0.808069 0.808069 0.808069
3460.501465 0.000000 7336.877441 0.000000 0.109818 0.000000 0.993952 0.479077 0.479077 0.479077
3390.998047 0.000000 7354.681152 0.000000 0.565786 0.000000 -0.824552 1.051699 1.051699 1.051699
3440.804688 0.000000 7316.193848 0.000000 0.832592 0.000000 -0.553887 0.919588 0.919588 0.919588
3457.203857 0.000000 7334.532715 0.000000 0.064666 0.000000 0.997907 0.366846 0.366846 0.366846
3444.643555 0.000000 7319.038574 0.000000 0.802755 0.000000 0.596309 0.620080 0.620080 0.620080
3461.009277 0.000000 7333.460938 0.000000 0.215710 0.000000 0.976457 0.521589 0.521589 0.521589
3422.440430 0.000000 7398.061035 0.000000 0.885560 0.000000 -0.464524 0.944729 0.944729 0.944729
3450.400146 0.000000 7321.744141 0.000000 0.345459 0.000000 -0.938434 1.143021 1.143021 1.143021
3438.336914 0.000000 7318.480469 0.000000 0.343898 0.000000 0.939007 0.446766 0.446766 0.446766
3439.510254 0.000000 7319.920410 0.000000 0.068240 0.000000 0.997669 0.364876 0.364876 0.364876
3437.988037 0.000000 7404.910156 0.000000 0.493468 0.000000 0.869764 0.595666 0.595666 0.595666
3437.018799 0.000000 7315.720703 0.000000 0.791724 0.000000 -0.610879 0.998192 0.998192 0.998192
3404.833496 0.000000 7364.481934 0.000000 0.596819 0.000000 0.802376 0.472647 0.472647 0.472647
3455.510742 0.000000 7333.798340 0.000000 0.036812 0.000000 0.999322 0.435418 0.435418 0.435418
3402.600342 0.000000 7363.035156 0.000000 0.886960 0.000000 -0.461847 0.902595 0.902595 0.902595
3435.535645 0.000000 7403.710449 0.000000 0.986317 0.000000 0.164860 0.715653 0.715653 0.715653
3425.927246 0.000000 7400.062012 0.000000 0.999728 0.000000 -0.023317 0.805170 0.805170 0.805170
3441.258057 0.000000 7312.603027 0.000000 0.412941 0.000000 -0.910758 1.085883 1.085883 1.085883
3438.578369 0.000000 7313.410645 0.000000 0.984768 0.000000 -0.173873 0.855497 0.855497 0.855497
3428.517334 0.000000 7399.733398 0.000000 0.997810 0.000000 0.066152 0.783869 0.783869 0.783869
3460.051270 0.000000 7335.255371 0.000000 0.926442 0.000000 0.376438 0.684375 0.684375 0.684375
3432.468750 0.000000 7401.552734 0.000000 0.983313 0.000000 0.181922 0.733867 0.733867 0.733867
3431.968018 0.000000 7398.652832 0.000000 0.779387 0.000000 0.626542 0.598500 0.598500 0.598500
3420.796387 0.000000 7401.396973 0.000000 0.514357 0.000000 -0.857576 1.053162 1.053162 1.053162
3429.650146 0.000000 7401.247559 0.000000 0.749026 0.000000 0.662541 0.555556 0.555556 0.555556
3420.222656 0.000000 7398.521973 0.000000 0.954506 0.000000 -0.298191 0.898576 0.898576 0.898576
3433.387451 0.000000 7396.427734 0.000000 0.957888 0.000000 0.287141 0.725545 0.725545 0.725545
3423.362305 0.000000 7400.801758 0.000000 0.866993 0.000000 -0.498320 0.956282 0.956282 0.956282
3441.909668 0.000000 7318.158203 0.000000 0.067386 0.000000 -0.997727 1.250385 1.250385 1.250385
3434.301758 0.000000 7400.974609 0.000000 0.321103 0.000000 0.947044 0.166486 0.166486 0.166486
3402.634033 0.000000 7366.438965 0.000000 0.973591 0.000000 -0.228298 0.886024 0.886024 0.886024
3441.065918 0.000000 7319.585449 0.000000 0.442816 0.000000 0.896613 0.466843 0.466843 0.466843
3468.946045 0.000000 7368.773438 0.000000 0.539936 0.000000 -0.841706 0.821979 0.821979 0.821979
3475.683105 0.000000 7377.354980 0.000000 0.984006 0.000000 0.178135 0.793204 0.793204 0.793204
3468.614502 0.000000 7344.514160 0.000000 0.998574 0.000000 0.053378 0.795734 0.795734 0.795734
3472.149414 0.000000 7378.492188 0.000000 0.490342 0.000000 -0.871530 0.882434 0.882434 0.882434
3474.492676 0.000000 7323.562012 0.000000 0.927121 0.000000 -0.374763 0.827620 0.827620 0.827620
3484.650635 0.000000 7341.078125 0.000000 0.776649 0.000000 0.629934 0.749641 0.749641 0.749641
3479.269531 0.000000 7338.759766 0.000000 0.425012 0.000000 0.905188 0.700537 0.700537 0.700537
3469.860352 0.000000 7365.439941 0.000000 0.685201 0.000000 0.728354 0.744594 0.744594 0.744594
3472.198242 0.000000 7367.529297 0.000000 0.957372 0.000000 0.288857 0.772493 0.772493 0.772493
3481.691650 0.000000 7400.101562 0.000000 0.862393 0.000000 0.506240 0.751232 0.751232 0.751232
3479.145508 0.000000 7398.828125 0.000000 0.635302 0.000000 -0.772264 0.879306 0.879306 0.879306
3473.948242 0.000000 7341.779297 0.000000 0.895859 0.000000 0.444339 0.748502 0.748502 0.748502
3469.225830 0.000000 7327.200195 0.000000 0.239047 0.000000 -0.971008 0.999137 0.999137 0.999137
3478.795654 0.000000 7404.587891 0.000000 0.760116 0.000000 0.649787 0.702527 0.702527 0.702527
3470.325439 0.000000 7370.745117 0.000000 0.566615 0.000000 0.823982 0.654940 0.654940 0.654940
3482.407959 0.000000 7339.536621 0.000000 0.929867 0.000000 0.367896 0.748081 0.748081 0.748081
3476.450439 0.000000 7387.707031 0.000000 0.988865 0.000000 -0.148814 0.822374 0.822374 0.822374
3469.988037 0.000000 7346.389648 0.000000 0.848920 0.000000 -0.528522 0.875628 0.875628 0.875628
3473.044922 0.000000 7343.897949 0.000000 0.997818 0.000000 -0.066025 0.811217 0.811217 0.811217
3474.327637 0.000000 7379.161133 0.000000 0.479332 0.000000 0.877634 0.639586 0.639586 0.639586
3474.706299 0.000000 7345.857422 0.000000 0.979496 0.000000 -0.201463 0.830386 0.830386 0.830386
3480.910156 0.000000 7343.676758 0.000000 0.667620 0.000000 -0.744502 0.959340 0.959340 0.959340
3483.713135 0.000000 7404.946777 0.000000 0.934090 0.000000 0.357038 0.700102 0.700102 0.700102
3475.807373 0.000000 7342.110840 0.000000 0.462970 0.000000 0.886374 0.484495 0.484495 0.484495
3474.697510 0.000000 7360.229004 0.000000 0.930649 0.000000 0.365914 0.702735 0.702735 0.702735
3476.818115 0.000000 7389.589844 0.000000 0.890331 0.000000 0.455314 0.695200 0.695200 0.695200
3482.936279 0.000000 7341.124512 0.000000 0.521996 0.000000 -0.852948 1.063210 1.063210 1.063210
3402.870117 0.000000 7433.438965 0.000000 0.806918 0.000000 -0.590664 0.831550 0.831550 0.831550
3380.444580 0.000000 7468.620605 0.000000 0.284398 0.000000 -0.958706 0.922942 0.922942 0.922942
3400.884521 0.000000 7437.165039 0.000000 0.497977 0.000000 -0.867190 0.925770 0.925770 0.925770
3409.864502 0.000000 7435.902832 0.000000 0.777368 0.000000 0.629045 0.714397 0.714397 0.714397
3409.736328 0.000000 7440.523438 0.000000 0.099519 0.000000 -0.995036 0.993919 0.993919 0.993919
3428.319336 0.000000 7408.496094 0.000000 0.503416 0.000000 -0.864044 0.956271 0.956271 0.956271
3398.398926 0.000000 7442.037109 0.000000 0.179237 0.000000 -0.983806 0.958308 0.958308 0.958308
3383.495605 0.000000 7469.067383 0.000000 0.507023 0.000000 -0.861932 0.955645 0.955645 0.955645
3432.839844 0.000000 7408.297852 0.000000 0.987731 0.000000 0.156164 0.776512 0.776512 0.776512
3428.949707 0.000000 7411.404785 0.000000 0.949911 0.000000 -0.312519 0.838089 0.838089 0.838089
3419.220703 0.000000 7433.853027 0.000000 0.988369 0.000000 0.152075 0.781400 0.781400 0.781400
3402.119629 0.000000 7463.894531 0.000000 0.733773 0.000000 0.679395 0.708999 0.708999 0.708999
3405.127197 0.000000 7459.988770 0.000000 0.916541 0.000000 0.399941 0.738367 0.738367 0.738367
3434.604492 0.000000 7406.447754 0.000000 0.107519 0.000000 -0.994203 1.019157 1.019157 1.019157
3405.844482 0.000000 7454.213867 0.000000 0.187862 0.000000 0.982195 0.593015 0.593015 0.593015
3413.380127 0.000000 7439.462891 0.000000 0.786979 0.000000 -0.616980 0.926157 0.926157 0.926157
3411.836670 0.000000 7441.519531 0.000000 0.773004 0.000000 -0.634401 0.902943 0.902943 0.902943
3400.149414 0.000000 7443.376465 0.000000 0.980789 0.000000 0.195070 0.769023 0.769023 0.769023
3400.993896 0.000000 7441.077148 0.000000 0.998031 0.000000 -0.062728 0.811158 0.811158 0.811158
3398.059326 0.000000 7463.857910 0.000000 0.521025 0.000000 0.853542 0.630459 0.630459 0.630459
3406.867676 0.000000 7446.381836 0.000000 0.471405 0.000000 0.881917 0.605884 0.605884 0.605884
3417.180420 0.000000 7430.038574 0.000000 0.998447 0.000000 -0.055714 0.812580 0.812580 0.812580
3418.387451 0.000000 7426.897461 0.000000 0.699135 0.000000 0.714990 0.519981 0.519981 0.519981
3390.031982 0.000000 7467.503906 0.000000 0.321589 0.000000 -0.946879 1.100485 1.100485 1.100485
3421.886230 0.000000 7426.474609 0.000000 0.977074 0.000000 -0.212902 0.850991 0.850991 0.850991
3418.399414 0.000000 7428.713379 0.000000 0.871694 0.000000 0.490051 0.646568 0.646568 0.646568
3492.559082 0.000000 7423.993652 0.000000 0.705327 0.000000 -0.708882 0.851930 0.851930 0.851930
3497.103271 0.000000 7422.112793 0.000000 0.645022 0.000000 0.764164 0.735728 0.735728 0.735728
3486.814209 0.000000 7439.972656 0.000000 0.854323 0.000000 0.519742 0.730138 0.730138 0.730138
3484.282959 0.000000 7426.002441 0.000000 0.578351 0.000000 -0.815788 0.900994 0.900994 0.900994
3493.270020 0.000000 7426.465820 0.000000 0.515281 0.000000 0.857021 0.697196 0.697196 0.697196
3478.549805 0.000000 7456.717773 0.000000 0.997285 0.000000 -0.073633 0.811040 0.811040 0.811040
3488.336914 0.000000 7428.126953 0.000000 0.723405 0.000000 -0.690424 0.914153 0.914153 0.914153
3488.688232 0.000000 7450.153320 0.000000 0.519081 0.000000 0.854725 0.646459 0.646459 0.646459
3497.404297 0.000000 7444.909668 0.000000 0.681643 0.000000 -0.731685 0.909834 0.909834 0.909834
3501.699707 0.000000 7442.158203 0.000000 0.656289 0.000000 0.754510 0.683893 0.683893 0.683893
3478.044678 0.000000 7448.421875 0.000000 0.453126 0.000000 -0.891446 0.960455 0.960455 0.960455
3494.135986 0.000000 7433.428711 0.000000 0.840148 0.000000 -0.542357 0.875563 0.875563 0.875563
3490.300293 0.000000 7408.115723 0.000000 0.908991 0.000000 -0.416816 0.861826 0.861826 0.861826
3485.295166 0.000000 7452.385742 0.000000 0.988586 0.000000 0.150660 0.777346 0.777346 0.777346
3478.202148 0.000000 7459.121094 0.000000 0.999963 0.000000 0.008580 0.798715 0.798715 0.798715
3485.563477 0.000000 7442.189453 0.000000 0.054732 0.000000 0.998501 0.572909 0.572909 0.572909
3490.265869 0.000000 7451.854492 0.000000 0.295011 0.000000 -0.955494 1.211342 1.211342 1.211342
3486.118408 0.000000 7416.563965 0.000000 0.845778 0.000000 -0.533534 0.887671 0.887671 0.887671
3478.457764 0.000000 7424.295898 0.000000 0.992801 0.000000 -0.119772 0.817984 0.817984 0.817984
3482.873291 0.000000 7452.529785 0.000000 0.296540 0.000000 -0.955021 0.990196 0.990196 0.990196
3492.029541 0.000000 7432.966309 0.000000 0.434306 0.000000 -0.900765 1.026236 1.026236 1.026236
3496.822021 0.000000 7447.530762 0.000000 0.703364 0.000000 0.710830 0.670508 0.670508 0.670508
3494.349609 0.000000 7448.576660 0.000000 0.074249 0.000000 0.997240 0.372598 0.372598 0.372598
3486.515381 0.000000 7437.674805 0.000000 0.193252 0.000000 -0.981149 1.182089 1.182089 1.182089
3484.200684 0.000000 7429.407227 0.000000 0.942628 0.000000 -0.333844 0.894495 0.894495 0.894495
3491.908691 0.000000 7451.001465 0.000000 0.775270 0.000000 -0.631630 1.021198 1.021198 1.021198
3481.617432 0.000000 7453.827637 0.000000 0.870125 0.000000 -0.492832 0.916306 0.916306 0.916306
3491.816895 0.000000 7430.529785 0.000000 0.392290 0.000000 -0.919842 1.084520 1.084520 1.084520
3488.365967 0.000000 7434.292969 0.000000 0.755342 0.000000 -0.655331 1.001245 1.001245 1.001245
3492.769287 0.000000 7449.021973 0.000000 0.458476 0.000000 0.888707 0.472098 0.472098 0.472098
3751.056396 0.000000 6831.676270 0.000000 0.987081 0.000000 0.160221 0.797108 0.797108 0.797108
3769.667725 0.000000 6822.559082 0.000000 0.551263 0.000000 0.834331 0.786202 0.786202 0.786202
3774.959473 0.000000 6833.907227 0.000000 0.510585 0.000000 -0.859828 0.824804 0.824804 0.824804
3793.760254 0.000000 6807.620605 0.000000 0.808444 0.000000 -0.588573 0.817596 0.817596 0.817596
3798.133789 0.000000 6761.911133 0.000000 0.522609 0.000000 -0.852572 0.828545 0.828545 0.828545
3757.375488 0.000000 6810.480957 0.000000 0.433624 0.000000 0.901094 0.766378 0.766378 0.766378
3806.410156 0.000000 6821.304688 0.000000 0.946052 0.000000 -0.324015 0.810544 0.810544 0.810544
3818.794922 0.000000 6838.324219 0.000000 0.652239 0.000000 -0.758014 0.827490 0.827490 0.827490
3757.695801 0.000000 6822.837891 0.000000 0.504892 0.000000 -0.863183 0.841604 0.841604 0.841604
3805.353760 0.000000 6837.249023 0.000000 0.776775 0.000000 -0.629778 0.831295 0.831295 0.831295
3779.915527 0.000000 6824.333496 0.000000 0.424726 0.000000 -0.905322 0.854268 0.854268 0.854268
3786.145264 0.000000 6813.833496 0.000000 0.696969 0.000000 0.717101 0.392750 0.392750 0.392750
3794.963135 0.000000 6779.984375 0.000000 0.672472 0.000000 0.740123 0.751738 0.751738 0.751738
3750.295410 0.000000 6795.507324 0.000000 0.881848 0.000000 0.471533 0.777444 0.777444 0.777444
3807.053467 0.000000 6830.299805 0.000000 0.593169 0.000000 0.805078 0.747667 0.747667 0.747667
3787.041504 0.000000 6770.590332 0.000000 0.421364 0.000000 0.906892 0.747823 0.747823 0.747823
3816.501221 0.000000 6761.861328 0.000000 0.998505 0.000000 0.054659 0.796505 0.796505 0.796505
3758.192627 0.000000 6794.391602 0.000000 0.254206 0.000000 -0.967150 0.862974 0.862974 0.862974
3808.151123 0.000000 6796.916504 0.000000 0.263802 0.000000 -0.964577 0.872914 0.872914 0.872914
3761.164795 0.000000 6787.491211 0.000000 0.184944 0.000000 0.982749 0.717028 0.717028 0.717028
3792.448975 0.000000 6817.430664 0.000000 0.233485 0.000000 0.972360 0.709336 0.709336 0.709336
3759.207031 0.000000 6752.769531 0.000000 0.155829 0.000000 0.987784 0.687010 0.687010 0.687010
3792.354248 0.000000 6804.304688 0.000000 0.327472 0.000000 0.944861 0.718460 0.718460 0.718460
3796.337891 0.000000 6811.353027 0.000000 0.875219 0.000000 0.483726 0.759663 0.759663 0.759663
3806.498291 0.000000 6814.475586 0.000000 0.025244 0.000000 0.999681 0.673440 0.673440 0.673440
3795.922363 0.000000 6759.355957 0.000000 0.998815 0.000000 -0.048665 0.803209 0.803209 0.803209
3825.991943 0.000000 6839.733887 0.000000 0.013468 0.000000 0.999909 0.647593 0.647593 0.647593
3824.502197 0.000000 6826.261719 0.000000 0.913478 0.000000 -0.406888 0.830130 0.830130 0.830130
3771.605957 0.000000 6834.414551 0.000000 0.239327 0.000000 -0.970939 0.922111 0.922111 0.922111
3796.893311 0.000000 6799.454590 0.000000 0.851758 0.000000 0.523936 0.752639 0.752639 0.752639
3755.126953 0.000000 6765.618652 0.000000 0.231009 0.000000 0.972952 0.204218 0.204218 0.204218
3784.247803 0.000000 6830.741211 0.000000 0.970305 0.000000 0.241885 0.675575 0.675575 0.675575
3795.665039 0.000000 6834.454590 0.000000 0.600959 0.000000 -0.799280 1.179175 1.179175 1.179175
3780.043701 0.000000 6759.672363 0.000000 0.944525 0.000000 -0.328441 0.830746 0.830746 0.830746
3784.212646 0.000000 6843.178711 0.000000 0.359742 0.000000 -0.933052 0.917712 0.917712 0.917712
3841.669678 0.000000 6832.119629 0.000000 0.036598 0.000000 0.999330 0.643729 0.643729 0.643729
3795.713867 0.000000 6782.720215 0.000000 0.524677 0.000000 -0.851301 0.891535 0.891535 0.891535
3796.797852 0.000000 6807.524414 0.000000 0.903762 0.000000 0.428035 0.748762 0.748762 0.748762
3808.919922 0.000000 6832.423828 0.000000 0.678047 0.000000 -0.735018 0.880806 0.880806 0.880806
3768.385742 0.000000 6808.155273 0.000000 0.696867 0.000000 0.717200 0.705757 0.705757 0.705757
3821.971680 0.000000 6828.764160 0.000000 0.736877 0.000000 -0.676027 0.872651 0.872651 0.872651
3755.413330 0.000000 6812.425293 0.000000 0.711092 0.000000 -0.703098 0.874752 0.874752 0.874752
3835.989014 0.000000 6832.417480 0.000000 0.871960 0.000000 -0.489577 1.058515 1.058515 1.058515
3799.842529 0.000000 6775.181641 0.000000 0.251947 0.000000 -0.967741 0.939314 0.939314 0.939314
3811.155273 0.000000 6816.744629 0.000000 0.821823 0.000000 0.569743 0.724936 0.724936 0.724936
3840.896973 0.000000 6814.560547 0.000000 0.060339 0.000000 0.998178 0.609950 0.609950 0.609950
3823.899658 0.000000 6835.050781 0.000000 0.766555 0.000000 -0.642178 1.096655 1.096655 1.096655
3805.902100 0.000000 6839.833496 0.000000 0.911267 0.000000 -0.411816 0.842386 0.842386 0.842386
3804.882812 0.000000 6762.825684 0.000000 0.252566 0.000000 -0.967580 0.939247 0.939247 0.939247
3812.137207 0.000000 6767.671875 0.000000 0.413194 0.000000 0.910643 0.676528 0.676528 0.676528
3831.560303 0.000000 6841.087891 0.000000 0.995719 0.000000 0.092431 0.789832 0.789832 0.789832
3786.176758 0.000000 6791.497070 0.000000 0.195870 0.000000 0.980630 0.594237 0.594237 0.594237
3755.758057 0.000000 6836.682129 0.000000 0.563735 0.000000 0.825956 0.654417 0.654417 0.654417
3809.101074 0.000000 6824.919922 0.000000 0.972055 0.000000 -0.234753 0.829343 0.829343 0.829343
3797.220215 0.000000 6819.668457 0.000000 0.991544 0.000000 0.129772 0.780506 0.780506 0.780506
3752.656250 0.000000 6790.498535 0.000000 0.423168 0.000000 -0.906051 0.969844 0.969844 0.969844
3787.865723 0.000000 6800.916016 0.000000 0.996795 0.000000 -0.079993 0.810396 0.810396 0.810396
3773.367676 0.000000 6785.841797 0.000000 0.531147 0.000000 -0.847279 0.951417 0.951417 0.951417
3836.796875 0.000000 6829.740234 0.000000 0.889672 0.000000 0.456600 0.624799 0.624799 0.624799
3768.279297 0.000000 6755.769531 0.000000 0.133412 0.000000 -0.991061 0.954980 0.954980 0.954980
3800.652588 0.000000 6827.704590 0.000000 0.978896 0.000000 -0.204359 0.830829 0.830829 0.830829
3807.704346 0.000000 6793.387695 0.000000 0.033849 0.000000 0.999427 0.569777 0.569777 0.569777
3764.880615 0.000000 6828.489746 0.000000 0.965713 0.000000 0.259612 0.762235 0.762235 0.762235
3758.464355 0.000000 6812.872070 0.000000 0.999369 0.000000 -0.035523 0.805322 0.805322 0.805322
3755.606689 0.000000 6794.655273 0.000000 0.433590 0.000000 0.901110 0.665507 0.665507 0.665507
3778.790283 0.000000 6771.394043 0.000000 0.820764 0.000000 -0.571267 0.876508 0.876508 0.876508
3789.038086 0.000000 6798.545898 0.000000 0.839360 0.000000 0.543576 0.711620 0.711620 0.711620
3784.662354 0.000000 6759.733398 0.000000 0.503979 0.000000 -0.863716 0.956174 0.956174 0.956174
3760.029053 0.000000 6785.231934 0.000000 0.810746 0.000000 -0.585398 0.892427 0.892427 0.892427
3749.949463 0.000000 6771.129395 0.000000 0.862535 0.000000 -0.505998 0.879471 0.879471 0.879471
3813.250977 0.000000 6835.683594 0.000000 0.826218 0.000000 0.563350 0.731873 0.731873 0.731873
3805.572754 0.000000 6828.331543 0.000000 0.013523 0.000000 0.999909 0.566732 0.566732 0.566732
3834.712646 0.000000 6828.000488 0.000000 0.988598 0.000000 0.150579 0.734188 0.734188 0.734188
3830.504883 0.000000 6824.606445 0.000000 0.090577 0.000000 0.995889 0.604897 0.604897 0.604897
3808.809326 0.000000 6819.845703 0.000000 0.778131 0.000000 -0.628102 0.901726 0.901726 0.901726
3842.473633 0.000000 6826.081543 0.000000 0.163052 0.000000 0.986617 0.294175 0.294175 0.294175
3753.196777 0.000000 6799.079102 0.000000 0.134721 0.000000 -0.990884 1.015052 1.015052 1.015052
3782.926270 0.000000 6785.962891 0.000000 0.701246 0.000000 0.712919 0.681117 0.681117 0.681117
3750.174561 0.000000 6778.826172 0.000000 0.705290 0.000000 0.708919 0.681969 0.681969 0.681969
3798.642334 0.000000 6811.998535 0.000000 0.999970 0.000000 -0.007727 0.801157 0.801157 0.801157
3839.332275 0.000000 6826.185059 0.000000 0.895321 0.000000 0.445421 0.723473 0.723473 0.723473
3751.552002 0.000000 6808.291992 0.000000 0.168220 0.000000 -0.985749 1.018375 1.018375 1.018375
3783.784180 0.000000 6781.938965 0.000000 0.666371 0.000000 0.745620 0.655468 0.655468 0.655468
3763.634521 0.000000 6777.083496 0.000000 0.965548 0.000000 -0.260224 0.839434 0.839434 0.839434
3764.003174 0.000000 6791.992188 0.000000 0.999686 0.000000 0.025060 0.796246 0.796246 0.796246
3789.636475 0.000000 6772.815430 0.000000 0.988143 0.000000 0.153534 0.779065 0.779065 0.779065
3761.709961 0.000000 6772.693848 0.000000 0.830945 0.000000 0.556355 0.711623 0.711623 0.711623
3782.278564 0.000000 6758.900391 0.000000 0.337015 0.000000 0.941499 0.616196 0.616196 0.616196
3756.887207 0.000000 6833.072754 0.000000 0.267248 0.000000 0.963628 0.223482 0.223482 0.223482
3758.779541 0.000000 6783.041016 0.000000 0.217163 0.000000 0.976135 0.597497 0.597497 0.597497
3801.944824 0.000000 6823.656738 0.000000 0.999985 0.000000 -0.005542 0.800830 0.800830 0.800830
3753.835693 0.000000 6810.364258 0.000000 0.199915 0.000000 -0.979813 1.005145 1.005145 1.005145
3788.372559 0.000000 6812.849121 0.000000 0.391128 0.000000 0.920336 0.204664 0.204664 0.204664
3805.439697 0.000000 6790.106445 0.000000 0.528319 0.000000 0.849046 0.639981 0.639981 0.639981
3784.453857 0.000000 6836.411133 0.000000 0.986435 0.000000 -0.164154 0.821407 0.821407 0.821407
3751.214600 0.000000 6783.936523 0.000000 0.518436 0.000000 -0.855116 0.953654 0.953654 0.953654
3803.514893 0.000000 6778.631348 0.000000 0.205736 0.000000 -0.978607 1.004255 1.004255 1.004255
3752.786865 0.000000 6833.163086 0.000000 0.218638 0.000000 -0.975806 0.994186 0.994186 0.994186
3817.647217 0.000000 6840.298828 0.000000 0.344958 0.000000 0.938618 0.629631 0.629631 0.629631
3787.251221 0.000000 6762.606445 0.000000 0.595138 0.000000 -0.803624 0.939811 0.939811 0.939811
3756.430908 0.000000 6767.511719 0.000000 0.569978 0.000000 -0.821660 0.977189 0.977189 0.977189
3783.924561 0.000000 6827.972168 0.000000 0.100738 0.000000 0.994913 0.521107 0.521107 0.521107
3800.334229 0.000000 6760.643555 0.000000 0.093037 0.000000 -0.995663 1.021338 1.021338 1.021338
3759.684326 0.000000 6768.100586 0.000000 0.442247 0.000000 -0.896893 0.966674 0.966674 0.966674
3792.516113 0.000000 6815.131836 0.000000 0.988475 0.000000 0.151383 0.777236 0.777236 0.777236
3760.495117 0.000000 6830.648438 0.000000 0.612989 0.000000 0.790092 0.519812 0.519812 0.519812
3771.595459 0.000000 6754.802734 0.000000 0.820585 0.000000 -0.571524 0.891128 0.891128 0.891128
3788.690430 0.000000 6791.919922 0.000000 0.768512 0.000000 -0.639835 0.903999 0.903999 0.903999
3752.257812 0.000000 6801.073730 0.000000 0.512624 0.000000 -0.858613 0.981479 0.981479 0.981479
3790.800781 0.000000 6836.403320 0.000000 0.999991 0.000000 0.004197 0.798491 0.798491 0.798491
3752.020020 0.000000 6781.674316 0.000000 0.281922 0.000000 -0.959437 0.992484 0.992484 0.992484
3801.972168 0.000000 6812.068359 0.000000 0.938592 0.000000 0.345030 0.747232 0.747232 0.747232
3764.282227 0.000000 6780.572754 0.000000 0.805419 0.000000 0.592705 0.704969 0.704969 0.704969
3780.166016 0.000000 6782.646484 0.000000 0.863569 0.000000 -0.504231 0.883386 0.883386 0.883386
3765.293457 0.000000 6833.195312 0.000000 0.257707 0.000000 0.966223 0.347315 0.347315 0.347315
3801.294678 0.000000 6779.194336 0.000000 0.677532 0.000000 -0.735493 0.945245 0.945245 0.945245
3755.108887 0.000000 6834.270996 0.000000 0.636652 0.000000 0.771151 0.534412 0.534412 0.534412
3797.146240 0.000000 6829.943359 0.000000 0.049642 0.000000 0.998767 0.559993 0.559993 0.559993
3790.817871 0.000000 6812.176270 0.000000 0.992483 0.000000 -0.122379 0.855133 0.855133 0.855133
3808.555176 0.000000 6769.660156 0.000000 0.999641 0.000000 0.026778 0.795988 0.795988 0.795988
3761.550537 0.000000 6827.620117 0.000000 0.148314 0.000000 -0.988940 1.438986 1.438986 1.438986
3750.827637 0.000000 6836.936035 0.000000 0.751660 0.000000 -0.659551 0.907884 0.907884 0.907884
3808.925293 0.000000 6815.221191 0.000000 0.906416 0.000000 -0.422387 0.865321 0.865321 0.865321
3830.720703 0.000000 6827.017578 0.000000 0.010261 0.000000 0.999947 0.566243 0.566243 0.566243
3785.588623 0.000000 6832.390137 0.000000 0.453547 0.000000 0.891232 0.595672 0.595672 0.595672
3778.899902 0.000000 6822.487793 0.000000 0.896121 0.000000 0.443811 0.718260 0.718260 0.718260
3800.072754 0.000000 6781.986328 0.000000 0.987377 0.000000 0.158385 0.774269 0.774269 0.774269
3795.698730 0.000000 6776.141602 0.000000 0.587744 0.000000 0.809047 0.632461 0.632461 0.632461
3791.939941 0.000000 6806.399414 0.000000 0.994819 0.000000 -0.101661 0.815661 0.815661 0.815661
3798.949219 0.000000 6798.618652 0.000000 0.976123 0.000000 0.217218 0.759329 0.759329 0.759329
3786.000732 0.000000 6829.522949 0.000000 0.996156 0.000000 0.087594 0.762689 0.762689 0.762689
3775.102539 0.000000 6824.365723 0.000000 0.578658 0.000000 -0.815571 0.979051 0.979051 0.979051
3765.832764 0.000000 6784.133789 0.000000 0.953381 0.000000 -0.301770 0.891225 0.891225 0.891225
3768.782471 0.000000 6834.249023 0.000000 0.989417 0.000000 -0.145098 0.824720 0.824720 0.824720
3760.427246 0.000000 6798.573730 0.000000 0.562837 0.000000 0.826568 0.601786 0.601786 0.601786
3803.503906 0.000000 6793.963867 0.000000 0.998588 0.000000 0.053130 0.791188 0.791188 0.791188
3780.104492 0.000000 6815.697754 0.000000 0.014512 0.000000 0.999895 0.063340 0.063340 0.063340
3767.265137 0.000000 6832.732910 0.000000 0.999096 0.000000 0.042516 0.787259 0.787259 0.787259
3787.836914 0.000000 6833.226562 0.000000 0.363544 0.000000 -0.931577 1.070538 1.070538 1.070538
3770.858398 0.000000 6830.639160 0.000000 0.776000 0.000000 -0.630733 0.910412 0.910412 0.910412
3794.580078 0.000000 6837.600586 0.000000 0.991280 0.000000 0.131773 0.736916 0.736916 0.736916
3786.403076 0.000000 6823.250000 0.000000 0.819773 0.000000 0.572689 0.652637 0.652637 0.652637
3786.461914 0.000000 6811.819824 0.000000 0.214080 0.000000 -0.976816 1.316913 1.316913 1.316913
3840.518311 0.000000 6830.443359 0.000000 0.825022 0.000000 -0.565101 0.899554 0.899554 0.899554
3776.494385 0.000000 6821.053711 0.000000 0.513843 0.000000 -0.857884 1.073904 1.073904 1.073904
3799.644775 0.000000 6794.822754 0.000000 0.980181 0.000000 -0.198105 0.853372 0.853372 0.853372
3803.510010 0.000000 6796.005859 0.000000 0.786161 0.000000 -0.618022 0.931730 0.931730 0.931730
3805.994873 0.000000 6792.333496 0.000000 0.992728 0.000000 -0.120376 0.821931 0.821931 0.821931
3794.522461 0.000000 6841.856934 0.000000 0.256251 0.000000 0.966610 0.331076 0.331076 0.331076
3825.230713 0.000000 6832.284668 0.000000 0.792304 0.000000 -0.610127 0.973003 0.973003 0.973003
3837.215088 0.000000 6834.235840 0.000000 0.908640 0.000000 -0.417580 0.922173 0.922173 0.922173
3771.154053 0.000000 6823.915527 0.000000 0.656958 0.000000 0.753928 0.608964 0.608964 0.608964
3789.118652 0.000000 6830.294434 0.000000 0.948314 0.000000 -0.317334 0.874813 0.874813 0.874813
3767.895020 0.000000 6830.529785 0.000000 0.125847 0.000000 0.992050 0.419148 0.419148 0.419148
3800.208252 0.000000 6770.415039 0.000000 0.615696 0.000000 0.787984 0.635058 0.635058 0.635058
3827.832520 0.000000 6839.028320 0.000000 0.893019 0.000000 0.450018 0.660158 0.660158 0.660158
3799.352295 0.000000 6815.717773 0.000000 0.305918 0.000000 -0.952058 1.031500 1.031500 1.031500
3772.663330 0.000000 6822.607910 0.000000 0.680229 0.000000 -0.732999 1.153281 1.153281 1.153281
3802.023682 0.000000 6829.173828 0.000000 0.216866 0.000000 0.976201 0.405705 0.405705 0.405705
3792.681152 0.000000 6813.059570 0.000000 0.921996 0.000000 -0.387199 0.923877 0.923877 0.923877
3802.235107 0.000000 6831.185059 0.000000 0.954812 0.000000 -0.297210 0.880762 0.880762 0.880762
3791.252930 0.000000 6769.216797 0.000000 0.801658 0.000000 0.597783 0.650276 0.650276 0.650276
3832.889404 0.000000 6835.123535 0.000000 0.997015 0.000000 -0.077211 0.823154 0.823154 0.823154
3794.330811 0.000000 6832.939453 0.000000 0.982426 0.000000 -0.186653 0.858124 0.858124 0.858124
3797.409180 0.000000 6835.607910 0.000000 0.689002 0.000000 0.724759 0.493984 0.493984 0.493984
3765.323975 0.000000 6787.462402 0.000000 0.898423 0.000000 0.439132 0.710107 0.710107 0.710107
3756.074219 0.000000 6830.670410 0.000000 0.999852 0.000000 0.017228 0.796146 0.796146 0.796146
3821.420166 0.000000 6833.055664 0.000000 0.342613 0.000000 -0.939476 1.104853 1.104853 1.104853
3783.573975 0.000000 6820.946777 0.000000 0.591105 0.000000 0.806594 0.614460 0.614460 0.614460
3780.508057 0.000000 6819.667480 0.000000 0.981854 0.000000 0.189640 0.739411 0.739411 0.739411
3758.936279 0.000000 6819.017090 0.000000 0.618871 0.000000 -0.785493 1.119395 1.119395 1.119395
3806.462646 0.000000 6769.440430 0.000000 0.438916 0.000000 -0.898528 1.025202 1.025202 1.025202
3834.243164 0.000000 6821.272949 0.000000 0.828025 0.000000 -0.560691 0.978319 0.978319 0.978319
3801.237549 0.000000 6773.995117 0.000000 0.059019 0.000000 -0.998257 1.150240 1.150240 1.150240
3799.776855 0.000000 6790.215332 0.000000 0.978035 0.000000 -0.208440 0.862907 0.862907 0.862907
3782.064697 0.000000 6830.821289 0.000000 0.177595 0.000000 -0.984104 1.080847 1.080847 1.080847
3751.555664 0.000000 6834.714844 0.000000 0.865724 0.000000 0.500522 0.681694 0.681694 0.681694
3754.832520 0.000000 6762.821289 0.000000 0.680353 0.000000 -0.732885 1.128567 1.128567 1.128567
3770.003418 0.000000 6820.308594 0.000000 0.878699 0.000000 0.477376 0.685695 0.685695 0.685695
3785.112061 0.000000 6777.835449 0.000000 0.999965 0.000000 -0.008420 0.802337 0.802337 0.802337
3797.238770 0.000000 6833.509766 0.000000 0.627092 0.000000 0.778945 0.484321 0.484321 0.484321
3839.887451 0.000000 6832.865234 0.000000 0.555743 0.000000 -0.831354 1.001918 1.001918 1.001918
3752.550049 0.000000 6806.731445 0.000000 0.606203 0.000000 0.795310 0.557582 0.557582 0.557582
3771.227295 0.000000 6832.629395 0.000000 0.180426 0.000000 -0.983589 1.091366 1.091366 1.091366
3793.577637 0.000000 6834.603516 0.000000 0.722246 0.000000 0.691636 0.534581 0.534581 0.534581
3780.701660 0.000000 6813.391113 0.000000 0.290730 0.000000 0.956805 0.326055 0.326055 0.326055
3797.236572 0.000000 6785.056641 0.000000 0.914128 0.000000 -0.405425 0.899215 0.899215 0.899215
3764.162842 0.000000 6830.145020 0.000000 0.458071 0.000000 -0.888915 1.189272 1.189272 1.189272
3817.206787 0.000000 6834.103027 0.000000 0.138753 0.000000 0.990327 0.371115 0.371115 0.371115
3791.865234 0.000000 6834.993652 0.000000 0.467939 0.000000 -0.883761 1.133361 1.133361 1.133361
3795.756348 0.000000 6840.592285 0.000000 0.817110 0.000000 -0.576482 1.019657 1.019657 1.019657
3758.648438 0.000000 6833.592773 0.000000 0.999973 0.000000 -0.007405 0.802662 0.802662 0.802662
3803.935547 0.000000 6771.882812 0.000000 0.877566 0.000000 0.479456 0.681156 0.681156 0.681156
3791.919189 0.000000 6837.770020 0.000000 0.938419 0.000000 0.345498 0.673178 0.673178 0.673178
3782.462646 0.000000 6810.698242 0.000000 0.449430 0.000000 -0.893315 1.082405 1.082405 1.082405
3752.849121 0.000000 6803.407715 0.000000 0.968842 0.000000 0.247679 0.735016 0.735016 0.735016
3762.138184 0.000000 6833.186523 0.000000 0.982253 0.000000 -0.187559 0.862931 0.862931 0.862931
3755.108643 0.000000 6805.725586 0.000000 0.930728 0.000000 0.365712 0.701295 0.701295 0.701295
3827.282959 0.000000 6835.643066 0.000000 0.723216 0.000000 0.690622 0.553340 0.553340 0.553340
3822.360596 0.000000 6835.877930 0.000000 0.337717 0.000000 -0.941248 1.321685 1.321685 1.321685
3758.044678 0.000000 6827.136719 0.000000 0.525872 0.000000 0.850564 0.454678 0.454678 0.454678
3793.866455 0.000000 6803.417480 0.000000 0.037988 0.000000 0.999278 0.457127 0.457127 0.457127
3796.854980 0.000000 6770.279297 0.000000 0.899518 0.000000 -0.436884 0.939967 0.939967 0.939967
3784.377686 0.000000 6810.283691 0.000000 0.564536 0.000000 -0.825408 1.104450 1.104450 1.104450
3829.996094 0.000000 6836.155273 0.000000 0.995165 0.000000 -0.098213 0.835758 0.835758 0.835758
3840.382080 0.000000 6827.511230 0.000000 0.569912 0.000000 -0.821706 1.096624 1.096624 1.096624
3782.527100 0.000000 6813.166504 0.000000 0.350893 0.000000 -0.936416 1.417405 1.417405 1.417405
3761.875000 0.000000 6804.130859 0.000000 0.998882 0.000000 -0.047270 0.813317 0.813317 0.813317
3790.698975 0.000000 6833.648438 0.000000 0.628635 0.000000 -0.777700 1.015324 1.015324 1.015324
3800.106934 0.000000 6796.452637 0.000000 0.293079 0.000000 -0.956088 1.191650 1.191650 1.191650
3753.554932 0.000000 6765.029297 0.000000 0.902077 0.000000 -0.431576 0.953294 0.953294 0.953294
3779.355469 0.000000 6817.206543 0.000000 0.963470 0.000000 0.267818 0.720940 0.720940 0.720940
3795.765137 0.000000 6838.943848 0.000000 0.025917 0.000000 0.999664 0.226100 0.226100 0.226100
3793.114990 0.000000 6841.000488 0.000000 0.997552 0.000000 0.069928 0.774980 0.774980 0.774980
3774.403076 0.000000 6817.417480 0.000000 0.531685 0.000000 0.846942 0.521568 0.521568 0.521568
3761.858398 0.000000 6805.846680 0.000000 0.206322 0.000000 -0.978484 1.183830 1.183830 1.183830
3795.191406 0.000000 6836.068848 0.000000 0.702232 0.000000 -0.711948 1.178181 1.178181 1.178181
3791.092773 0.000000 6810.462891 0.000000 0.513829 0.000000 -0.857893 1.168644 1.168644 1.168644
3751.037109 0.000000 6760.626953 0.000000 0.822859 0.000000 -0.568246 0.953299 0.953299 0.953299
3763.208008 0.000000 6828.009277 0.000000 0.881659 0.000000 0.471886 0.605663 0.605663 0.605663
3774.964600 0.000000 6822.691406 0.000000 0.983134 0.000000 -0.182889 0.864284 0.864284 0.864284
3761.937988 0.000000 6831.452148 0.000000 0.983964 0.000000 0.178368 0.744843 0.744843 0.744843
3787.266357 0.000000 6828.472656 0.000000 0.438456 0.000000 -0.898753 1.275150 1.275150 1.275150
3800.813232 0.000000 6793.690918 0.000000 0.999932 0.000000 -0.011625 0.803483 0.803483 0.803483
3833.084473 0.000000 6827.806641 0.000000 0.202285 0.000000 0.979327 0.447774 0.447774 0.447774
3756.756104 0.000000 6765.220215 0.000000 0.972029 0.000000 0.234862 0.740813 0.740813 0.740813
3837.558105 0.000000 6832.604492 0.000000 0.919089 0.000000 0.394051 0.646299 0.646299 0.646299
3822.537354 0.000000 6834.193359 0.000000 0.802255 0.000000 0.596981 0.527850 0.527850 0.527850
3866.959961 0.000000 6803.195312 0.000000 0.815904 0.000000 -0.578187 0.817238 0.817238 0.817238
3863.040283 0.000000 6841.654785 0.000000 0.537612 0.000000 0.843192 0.313121 0.313121 0.313121
3871.606201 0.000000 6839.789551 0.000000 0.545380 0.000000 0.838189 0.754341 0.754341 0.754341
3864.753174 0.000000 6839.565918 0.000000 0.461903 0.000000 -0.886930 1.255265 1.255265 1.255265
3866.264893 0.000000 6805.755371 0.000000 0.496128 0.000000 0.868249 0.669774 0.669774 0.669774
3860.432373 0.000000 6841.567383 0.000000 0.387110 0.000000 0.922034 0.366478 0.366478 0.366478
3861.670654 0.000000 6798.622070 0.000000 0.836667 0.000000 -0.547712 0.862513 0.862513 0.862513
3863.656982 0.000000 6793.958008 0.000000 0.996686 0.000000 0.081348 0.789265 0.789265 0.789265
3857.421631 0.000000 6783.325684 0.000000 0.680579 0.000000 -0.732675 0.903460 0.903460 0.903460
3852.206543 0.000000 6812.872070 0.000000 0.997141 0.000000 0.075565 0.790030 0.790030 0.790030
3851.424072 0.000000 6840.624023 0.000000 0.178729 0.000000 -0.983898 1.008377 1.008377 1.008377
3857.376709 0.000000 6777.083496 0.000000 0.387086 0.000000 -0.922044 0.945292 0.945292 0.945292
3860.263916 0.000000 6796.190430 0.000000 0.815086 0.000000 0.579340 0.707440 0.707440 0.707440
3867.625244 0.000000 6826.714844 0.000000 0.184490 0.000000 -0.982834 0.977066 0.977066 0.977066
3849.296387 0.000000 6816.708008 0.000000 0.017517 0.000000 0.999847 0.567330 0.567330 0.567330
3873.847412 0.000000 6830.457031 0.000000 0.836401 0.000000 -0.548118 0.973793 0.973793 0.973793
3858.024414 0.000000 6780.572754 0.000000 0.299499 0.000000 -0.954096 0.989732 0.989732 0.989732
3861.479736 0.000000 6794.368164 0.000000 0.301091 0.000000 0.953595 0.610518 0.610518 0.610518
3865.598633 0.000000 6811.347656 0.000000 0.264307 0.000000 0.964439 0.526683 0.526683 0.526683
3870.880859 0.000000 6828.601562 0.000000 0.890307 0.000000 0.455362 0.658362 0.658362 0.658362
3871.813721 0.000000 6825.372559 0.000000 0.789505 0.000000 -0.613744 1.011162 1.011162 1.011162
3869.559814 0.000000 6816.480957 0.000000 0.839716 0.000000 0.543025 0.708281 0.708281 0.708281
3868.844727 0.000000 6824.365723 0.000000 0.480555 0.000000 0.876964 0.406964 0.406964 0.406964
3844.213379 0.000000 6826.693848 0.000000 0.916888 0.000000 -0.399144 0.877083 0.877083 0.877083
3861.322266 0.000000 6836.783203 0.000000 0.598563 0.000000 -0.801076 1.015251 1.015251 1.015251
3870.236572 0.000000 6821.053711 0.000000 0.205016 0.000000 0.978759 0.511164 0.511164 0.511164
3866.770264 0.000000 6807.662598 0.000000 0.971913 0.000000 0.235342 0.753501 0.753501 0.753501
3861.535156 0.000000 6806.239746 0.000000 0.212996 0.000000 -0.977053 1.092525 1.092525 1.092525
3864.896240 0.000000 6823.915527 0.000000 0.989688 0.000000 0.143242 0.770718 0.770718 0.770718
3864.028076 0.000000 6807.783203 0.000000 0.118615 0.000000 -0.992940 1.258168 1.258168 1.258168
3866.405518 0.000000 6822.607910 0.000000 0.382288 0.000000 -0.924043 1.157777 1.157777 1.157777
3865.229004 0.000000 6825.979980 0.000000 0.830807 0.000000 0.556561 0.594880 0.594880 0.594880
3865.073730 0.000000 6836.396484 0.000000 0.995381 0.000000 0.096003 0.759288 0.759288 0.759288
3863.729248 0.000000 6827.391113 0.000000 0.477452 0.000000 0.878658 0.478531 0.478531 0.478531
3872.801025 0.000000 6832.074707 0.000000 0.148401 0.000000 0.988927 0.524543 0.524543 0.524543
3862.743408 0.000000 6804.106934 0.000000 0.077423 0.000000 -0.996998 1.399476 1.399476 1.399476
3861.547852 0.000000 6843.062500 0.000000 0.994426 0.000000 0.105438 0.768353 0.768353 0.768353
3863.108154 0.000000 6838.954102 0.000000 0.994445 0.000000 0.105260 0.746292 0.746292 0.746292
3866.487549 0.000000 6838.813965 0.000000 0.999942 0.000000 0.010769 0.796924 0.796924 0.796924
3846.570312 0.000000 6814.265625 0.000000 0.837843 0.000000 -0.545912 0.937250 0.937250 0.937250
3854.973145 0.000000 6837.907227 0.000000 0.945717 0.000000 0.324991 0.700836 0.700836 0.700836
3872.557861 0.000000 6829.242676 0.000000 0.991589 0.000000 -0.129427 0.834218 0.834218 0.834218
3855.844971 0.000000 6836.222168 0.000000 0.798511 0.000000 -0.601980 0.993526 0.993526 0.993526
3868.706787 0.000000 6822.691406 0.000000 0.408111 0.000000 0.912933 0.377233 0.377233 0.377233
3814.583008 0.000000 6843.284180 0.000000 0.483970 0.000000 -0.875085 0.840437 0.840437 0.840437
3805.593994 0.000000 6847.090820 0.000000 0.790658 0.000000 -0.612258 0.827636 0.827636 0.827636
3790.895020 0.000000 6843.272461 0.000000 0.480463 0.000000 0.877015 0.706004 0.706004 0.706004
3817.929199 0.000000 6843.271973 0.000000 0.999735 0.000000 0.023031 0.796550 0.796550 0.796550
3799.387695 0.000000 6843.254883 0.000000 0.415735 0.000000 0.909486 0.642615 0.642615 0.642615
3782.290039 0.000000 6845.900391 0.000000 0.487949 0.000000 -0.872872 0.969535 0.969535 0.969535
3791.448975 0.000000 6851.639648 0.000000 0.847154 0.000000 0.531347 0.723919 0.723919 0.723919
3794.015137 0.000000 6847.594238 0.000000 0.878260 0.000000 -0.478183 0.878668 0.878668 0.878668
3828.366211 0.000000 6843.181152 0.000000 0.529715 0.000000 0.848176 0.648330 0.648330 0.648330
3800.007568 0.000000 6850.104492 0.000000 0.424201 0.000000 0.905568 0.605442 0.605442 0.605442
3810.869141 0.000000 6852.574707 0.000000 0.272717 0.000000 -0.962094 1.107685 1.107685 1.107685
3797.390869 0.000000 6845.360840 0.000000 0.919468 0.000000 0.393165 0.678946 0.678946 0.678946
3814.479004 0.000000 6851.209473 0.000000 0.575403 0.000000 0.817870 0.568557 0.568557 0.568557
3813.857910 0.000000 6852.871582 0.000000 0.735355 0.000000 -0.677682 1.081072 1.081072 1.081072
3807.712402 0.000000 6851.667969 0.000000 0.196774 0.000000 0.980449 0.388750 0.388750 0.388750
3811.226074 0.000000 6850.537598 0.000000 0.447752 0.000000 -0.894158 1.131505 1.131505 1.131505
3862.021484 0.000000 6849.511719 0.000000 0.998757 0.000000 0.049839 0.792531 0.792531 0.792531
3861.087158 0.000000 6854.110840 0.000000 0.333700 0.000000 0.942679 0.615669 0.615669 0.615669
3861.503906 0.000000 6843.549316 0.000000 0.925967 0.000000 0.377605 0.683998 0.683998 0.683998
7779.397949 0.000000 7924.768066 0.000000 0.815974 0.000000 0.578089 0.753219 0.753219 0.753219
9199.964844 0.000000 6368.937500 0.000000 0.591396 0.000000 0.806381 0.704455 0.704455 0.704455
9202.543945 0.000000 6368.621582 0.000000 0.526996 0.000000 0.849868 0.674223 0.674223 0.674223
9201.998047 0.000000 6366.679199 0.000000 0.979066 0.000000 -0.203544 0.845442 0.845442 0.845442
9149.663086 0.000000 6406.854004 0.000000 0.276249 0.000000 -0.961086 0.959851 0.959851 0.959851
9142.043945 0.000000 6411.108887 0.000000 0.995146 0.000000 0.098411 0.782676 0.782676 0.782676
9172.382812 0.000000 6437.099121 0.000000 0.950560 0.000000 0.310542 0.748286 0.748286 0.748286
9143.376953 0.000000 6407.017578 0.000000 0.906846 0.000000 -0.421462 0.867775 0.867775 0.867775
9146.365234 0.000000 6407.732422 0.000000 0.730327 0.000000 -0.683097 0.996751 0.996751 0.996751
9164.306641 0.000000 6558.037109 0.000000 0.712318 0.000000 0.701857 0.689676 0.689676 0.689676
9174.373047 0.000000 6527.109863 0.000000 0.295159 0.000000 0.955448 0.553733 0.553733 0.553733
9256.226562 0.000000 6386.788086 0.000000 0.969359 0.000000 -0.245649 0.823298 0.823298 0.823298
9192.221680 0.000000 6404.357422 0.000000 0.017303 0.000000 0.999850 0.638660 0.638660 0.638660
9252.385742 0.000000 6435.781250 0.000000 0.408839 0.000000 -0.912606 0.935467 0.935467 0.935467
9197.418945 0.000000 6555.148438 0.000000 0.450253 0.000000 -0.892901 0.896996 0.896996 0.896996
9362.558594 0.000000 7112.761230 0.000000 0.416350 0.000000 0.909204 0.679182 0.679182 0.679182
9370.121094 0.000000 7107.411621 0.000000 0.337699 0.000000 0.941254 0.628552 0.628552 0.628552
9379.765625 0.000000 7120.413574 0.000000 0.270514 0.000000 -0.962716 0.838852 0.838852 0.838852
9462.880859 0.000000 7101.296387 0.000000 0.947762 0.000000 0.318977 0.786384 0.786384 0.786384
9455.327148 0.000000 7098.169434 0.000000 0.998463 0.000000 0.055418 0.796899 0.796899 0.796899
9462.641602 0.000000 7104.772949 0.000000 0.816150 0.000000 -0.577840 0.856601 0.856601 0.856601
9454.242188 0.000000 7080.180664 0.000000 0.880082 0.000000 -0.474822 0.857313 0.857313 0.857313
9416.496094 0.000000 7120.758789 0.000000 0.969115 0.000000 0.246610 0.758196 0.758196 0.758196
9477.216797 0.000000 7089.087891 0.000000 0.119034 0.000000 0.992890 0.675345 0.675345 0.675345
9234.291992 0.000000 7177.272949 0.000000 0.244372 0.000000 0.969682 0.617551 0.617551 0.617551
9214.203125 0.000000 7158.140137 0.000000 0.990400 0.000000 -0.138232 0.818557 0.818557 0.818557
9225.737305 0.000000 7166.888672 0.000000 0.148366 0.000000 0.988932 0.589852 0.589852 0.589852
9224.436523 0.000000 7162.486816 0.000000 0.312092 0.000000 -0.950052 1.040321 1.040321 1.040321
9216.393555 0.000000 7161.755859 0.000000 0.282611 0.000000 -0.959235 1.079587 1.079587 1.079587
9214.781250 0.000000 7170.356934 0.000000 0.412769 0.000000 0.910836 0.594130 0.594130 0.594130
9239.713867 0.000000 7173.874023 0.000000 0.941619 0.000000 -0.336679 0.882985 0.882985 0.882985
9207.333008 0.000000 7182.751953 0.000000 0.717983 0.000000 -0.696060 0.992208 0.992208 0.992208
9211.510742 0.000000 7188.578613 0.000000 0.410544 0.000000 0.911841 0.495121 0.495121 0.495121
9332.891602 0.000000 7196.352539 0.000000 0.887635 0.000000 -0.460547 0.822942 0.822942 0.822942
9343.930664 0.000000 7189.752930 0.000000 0.154769 0.000000 -0.987951 0.867846 0.867846 0.867846
9332.561523 0.000000 7170.037109 0.000000 0.028208 0.000000 -0.999602 0.892427 0.892427 0.892427
9347.927734 0.000000 7184.012207 0.000000 0.998801 0.000000 -0.048955 0.803130 0.803130 0.803130
9333.512695 0.000000 7155.772949 0.000000 0.769271 0.000000 0.638922 0.743245 0.743245 0.743245
9280.684570 0.000000 7188.922852 0.000000 0.402585 0.000000 0.915382 0.702992 0.702992 0.702992
9337.863281 0.000000 7185.132324 0.000000 0.772342 0.000000 0.635207 0.729893 0.729893 0.729893
9309.797852 0.000000 7202.508789 0.000000 0.810096 0.000000 -0.586297 0.846296 0.846296 0.846296
9348.893555 0.000000 7142.355469 0.000000 0.386428 0.000000 0.922320 0.673379 0.673379 0.673379
9340.346680 0.000000 7135.309082 0.000000 0.639151 0.000000 0.769082 0.728152 0.728152 0.728152
9352.706055 0.000000 7192.884766 0.000000 0.870595 0.000000 0.492001 0.738359 0.738359 0.738359
9341.753906 0.000000 7182.117188 0.000000 0.454675 0.000000 -0.890657 0.914116 0.914116 0.914116
9333.628906 0.000000 7213.883789 0.000000 0.995042 0.000000 -0.099455 0.809152 0.809152 0.809152
9320.537109 0.000000 7145.340332 0.000000 0.973068 0.000000 0.230518 0.773055 0.773055 0.773055
9323.217773 0.000000 7155.689453 0.000000 0.668880 0.000000 0.743371 0.686176 0.686176 0.686176
9359.339844 0.000000 7171.272461 0.000000 0.899934 0.000000 0.436027 0.750439 0.750439 0.750439
9330.709961 0.000000 7178.311523 0.000000 0.969207 0.000000 -0.246247 0.836276 0.836276 0.836276
9318.654297 0.000000 7175.884766 0.000000 0.846103 0.000000 -0.533019 0.858384 0.858384 0.858384
9330.580078 0.000000 7195.223633 0.000000 0.677058 0.000000 -0.735930 0.915626 0.915626 0.915626
9348.982422 0.000000 7162.240723 0.000000 0.595922 0.000000 -0.803042 0.913594 0.913594 0.913594
9316.653320 0.000000 7151.110840 0.000000 0.960775 0.000000 -0.277330 0.831430 0.831430 0.831430
9334.707031 0.000000 7130.178223 0.000000 0.937261 0.000000 -0.348628 0.849075 0.849075 0.849075
9315.524414 0.000000 7168.458984 0.000000 0.503010 0.000000 0.864281 0.679096 0.679096 0.679096
9284.625000 0.000000 7185.333008 0.000000 0.209131 0.000000 0.977888 0.588116 0.588116 0.588116
9319.161133 0.000000 7187.817871 0.000000 0.867507 0.000000 0.497425 0.713695 0.713695 0.713695
9350.196289 0.000000 7183.914551 0.000000 0.322754 0.000000 0.946483 0.599048 0.599048 0.599048
9364.354492 0.000000 7170.091797 0.000000 0.611363 0.000000 -0.791350 0.925822 0.925822 0.925822
9341.351562 0.000000 7177.728516 0.000000 0.973740 0.000000 0.227661 0.762844 0.762844 0.762844
9355.637695 0.000000 7127.048340 0.000000 0.471572 0.000000 0.881827 0.588666 0.588666 0.588666
9332.760742 0.000000 7187.037109 0.000000 0.999438 0.000000 0.033537 0.794172 0.794172 0.794172
9333.614258 0.000000 7138.768555 0.000000 0.096917 0.000000 0.995292 0.588076 0.588076 0.588076
9345.373047 0.000000 7188.126465 0.000000 0.784205 0.000000 0.620502 0.651602 0.651602 0.651602
9330.861328 0.000000 7156.955078 0.000000 0.992903 0.000000 -0.118929 0.821190 0.821190 0.821190
9308.860352 0.000000 7200.341309 0.000000 0.997140 0.000000 -0.075570 0.815712 0.815712 0.815712
9282.217773 0.000000 7190.342773 0.000000 0.971763 0.000000 -0.235960 0.845197 0.845197 0.845197
9305.819336 0.000000 7177.340332 0.000000 0.642386 0.000000 -0.766381 1.000556 1.000556 1.000556
9282.672852 0.000000 7185.261719 0.000000 0.269963 0.000000 0.962871 0.574557 0.574557 0.574557
9311.957031 0.000000 7182.894531 0.000000 0.951588 0.000000 -0.307375 0.856160 0.856160 0.856160
9339.325195 0.000000 7184.011719 0.000000 0.054018 0.000000 -0.998540 1.096873 1.096873 1.096873
9323.779297 0.000000 7184.234375 0.000000 0.979236 0.000000 0.202723 0.755559 0.755559 0.755559
9304.543945 0.000000 7176.085449 0.000000 0.675633 0.000000 -0.737239 0.990401 0.990401 0.990401
9224.125000 0.000000 7228.983398 0.000000 0.354861 0.000000 -0.934919 0.869969 0.869969 0.869969
9226.294922 0.000000 7232.322754 0.000000 0.586841 0.000000 0.809702 0.734036 0.734036 0.734036
9270.520508 0.000000 7311.666016 0.000000 0.487631 0.000000 0.873050 0.723683 0.723683 0.723683
9278.264648 0.000000 7307.498535 0.000000 0.591510 0.000000 -0.806298 0.903023 0.903023 0.903023
9226.683594 0.000000 7241.526367 0.000000 0.521386 0.000000 0.853321 0.671365 0.671365 0.671365
9279.472656 0.000000 7305.789551 0.000000 0.456970 0.000000 -0.889482 1.067106 1.067106 1.067106
9268.736328 0.000000 7311.861816 0.000000 0.586851 0.000000 -0.809695 1.024274 1.024274 1.024274
9343.983398 0.000000 7296.225586 0.000000 0.982538 0.000000 0.186061 0.781311 0.781311 0.781311
9329.972656 0.000000 7220.831055 0.000000 0.770481 0.000000 0.637464 0.730975 0.730975 0.730975
9282.318359 0.000000 7225.728516 0.000000 0.797468 0.000000 -0.603361 0.855626 0.855626 0.855626
9316.729492 0.000000 7289.715820 0.000000 0.253613 0.000000 0.967306 0.673993 0.673993 0.673993
9291.405273 0.000000 7227.506348 0.000000 0.287512 0.000000 0.957777 0.623719 0.623719 0.623719
9295.370117 0.000000 7235.739258 0.000000 0.964831 0.000000 0.262873 0.769187 0.769187 0.769187
9348.333984 0.000000 7298.067383 0.000000 0.805119 0.000000 0.593114 0.718842 0.718842 0.718842
9336.362305 0.000000 7297.042480 0.000000 0.390911 0.000000 0.920429 0.645882 0.645882 0.645882
9347.229492 0.000000 7238.241211 0.000000 0.792384 0.000000 0.610023 0.718757 0.718757 0.718757
9332.987305 0.000000 7225.269043 0.000000 0.767775 0.000000 -0.640719 0.912505 0.912505 0.912505
9332.083984 0.000000 7247.905273 0.000000 0.052842 0.000000 -0.998603 1.084977 1.084977 1.084977
9339.344727 0.000000 7238.371094 0.000000 0.587143 0.000000 -0.809483 0.950715 0.950715 0.950715
9281.616211 0.000000 7305.646973 0.000000 0.804425 0.000000 0.594054 0.672958 0.672958 0.672958
9318.818359 0.000000 7288.450195 0.000000 0.972040 0.000000 -0.234816 0.842606 0.842606 0.842606
9365.649414 0.000000 7309.659180 0.000000 0.548127 0.000000 -0.836395 0.966203 0.966203 0.966203
9369.485352 0.000000 7311.502930 0.000000 0.557042 0.000000 -0.830484 0.982024 0.982024 0.982024
9335.287109 0.000000 7290.648926 0.000000 0.934722 0.000000 -0.355381 0.866759 0.866759 0.866759
9333.340820 0.000000 7228.297852 0.000000 0.971396 0.000000 0.237465 0.751157 0.751157 0.751157
9319.520508 0.000000 7295.057129 0.000000 0.969803 0.000000 0.243888 0.741444 0.741444 0.741444
9321.143555 0.000000 7290.301758 0.000000 0.261456 0.000000 -0.965216 1.131334 1.131334 1.131334
9246.604492 0.000000 7322.793457 0.000000 0.631696 0.000000 0.775216 0.699015 0.699015 0.699015
9237.432617 0.000000 7325.895020 0.000000 0.708012 0.000000 -0.706201 0.892398 0.892398 0.892398
9239.462891 0.000000 7333.385254 0.000000 0.981309 0.000000 -0.192441 0.826300 0.826300 0.826300
9236.876953 0.000000 7329.442383 0.000000 0.477931 0.000000 0.878397 0.596507 0.596507 0.596507
9237.380859 0.000000 7323.096680 0.000000 0.687373 0.000000 -0.726304 0.947749 0.947749 0.947749
9247.916016 0.000000 7321.285645 0.000000 0.470637 0.000000 0.882327 0.532336 0.532336 0.532336
9361.477539 0.000000 7322.083496 0.000000 0.986588 0.000000 -0.163230 0.811462 0.811462 0.811462
9343.117188 0.000000 7395.825195 0.000000 0.047602 0.000000 0.998866 0.684398 0.684398 0.684398
9359.676758 0.000000 7344.587402 0.000000 0.220502 0.000000 -0.975386 0.905035 0.905035 0.905035
9366.331055 0.000000 7323.407227 0.000000 0.996967 0.000000 0.077819 0.790976 0.790976 0.790976
9361.042969 0.000000 7369.050293 0.000000 0.161727 0.000000 -0.986836 0.968769 0.968769 0.968769
9345.533203 0.000000 7386.833496 0.000000 0.273859 0.000000 -0.961770 0.934327 0.934327 0.934327
9363.942383 0.000000 7312.813477 0.000000 0.997216 0.000000 -0.074574 0.808945 0.808945 0.808945
9360.409180 0.000000 7381.819336 0.000000 0.770620 0.000000 -0.637295 0.896604 0.896604 0.896604
9361.787109 0.000000 7327.117188 0.000000 0.636183 0.000000 0.771538 0.662714 0.662714 0.662714
9337.416992 0.000000 7404.671875 0.000000 0.986778 0.000000 -0.162077 0.820484 0.820484 0.820484
9351.791016 0.000000 7401.716797 0.000000 0.991605 0.000000 -0.129301 0.822530 0.822530 0.822530
9350.196289 0.000000 7371.398926 0.000000 0.927341 0.000000 -0.374218 0.865880 0.865880 0.865880
9364.354492 0.000000 7357.576172 0.000000 0.988640 0.000000 -0.150306 0.819888 0.819888 0.819888
9348.436523 0.000000 7402.751953 0.000000 0.965299 0.000000 0.261149 0.763589 0.763589 0.763589
9369.255859 0.000000 7318.934082 0.000000 0.958442 0.000000 0.285288 0.746263 0.746263 0.746263
9363.802734 0.000000 7346.710938 0.000000 0.177698 0.000000 0.984085 0.577564 0.577564 0.577564
9362.201172 0.000000 7365.585938 0.000000 0.836397 0.000000 0.548125 0.687612 0.687612 0.687612
9345.373047 0.000000 7375.610840 0.000000 0.177188 0.000000 0.984177 0.549666 0.549666 0.549666
9352.577148 0.000000 7393.358398 0.000000 0.165012 0.000000 0.986292 0.583925 0.583925 0.583925
9359.429688 0.000000 7347.376465 0.000000 0.272848 0.000000 0.962057 0.562151 0.562151 0.562151
9362.307617 0.000000 7349.573242 0.000000 0.582235 0.000000 -0.813020 0.993394 0.993394 0.993394
9346.069336 0.000000 7390.479004 0.000000 0.438573 0.000000 0.898696 0.572490 0.572490 0.572490
9365.177734 0.000000 7343.655762 0.000000 0.056914 0.000000 0.998379 0.452295 0.452295 0.452295
9368.110352 0.000000 7331.777832 0.000000 0.470738 0.000000 -0.882273 1.056844 1.056844 1.056844
9364.030273 0.000000 7331.103516 0.000000 0.768307 0.000000 -0.640082 0.948440 0.948440 0.948440
9367.158203 0.000000 7352.887207 0.000000 0.930547 0.000000 0.366171 0.708653 0.708653 0.708653
9356.404297 0.000000 7381.378418 0.000000 0.370395 0.000000 -0.928874 1.040323 1.040323 1.040323
9366.259766 0.000000 7336.877441 0.000000 0.690195 0.000000 -0.723624 0.995517 0.995517 0.995517
9362.961914 0.000000 7334.532715 0.000000 0.712405 0.000000 -0.701768 0.967789 0.967789 0.967789
9368.863281 0.000000 7327.399414 0.000000 0.132668 0.000000 -0.991161 1.107251 1.107251 1.107251
9354.841797 0.000000 7367.206543 0.000000 0.941710 0.000000 -0.336427 0.884291 0.884291 0.884291
9361.857422 0.000000 7370.789551 0.000000 0.863245 0.000000 -0.504786 0.934214 0.934214 0.934214
9356.540039 0.000000 7364.031250 0.000000 0.685823 0.000000 0.727769 0.625817 0.625817 0.625817
9345.170898 0.000000 7399.907715 0.000000 0.980595 0.000000 -0.196044 0.844533 0.844533 0.844533
9367.536133 0.000000 7345.210938 0.000000 0.723566 0.000000 0.690255 0.614367 0.614367 0.614367
9362.947266 0.000000 7320.580078 0.000000 0.544669 0.000000 0.838651 0.561577 0.561577 0.561577
9342.309570 0.000000 7397.501465 0.000000 0.456590 0.000000 0.889677 0.570024 0.570024 0.570024
9366.043945 0.000000 7340.697754 0.000000 0.294501 0.000000 -0.955651 1.107366 1.107366 1.107366
9365.057617 0.000000 7359.308594 0.000000 0.991159 0.000000 -0.132678 0.832956 0.832956 0.832956
9366.005859 0.000000 7356.500000 0.000000 0.106368 0.000000 -0.994327 1.159703 1.159703 1.159703
9364.690430 0.000000 7337.968750 0.000000 0.692945 0.000000 -0.720991 0.994597 0.994597 0.994597
9362.144531 0.000000 7360.785645 0.000000 0.352574 0.000000 -0.935784 1.065937 1.065937 1.065937
9349.372070 0.000000 7362.054199 0.000000 0.232685 0.000000 0.972552 0.450462 0.450462 0.450462
9365.809570 0.000000 7335.255371 0.000000 0.983176 0.000000 -0.182660 0.843658 0.843658 0.843658
9359.676758 0.000000 7371.725098 0.000000 0.277943 0.000000 0.960597 0.473010 0.473010 0.473010
9338.226562 0.000000 7401.552734 0.000000 0.962279 0.000000 -0.272063 0.870440 0.870440 0.870440
9367.041016 0.000000 7327.273438 0.000000 0.224592 0.000000 0.974453 0.477820 0.477820 0.477820
9362.652344 0.000000 7336.410645 0.000000 0.997481 0.000000 -0.070936 0.817299 0.817299 0.817299
9364.017578 0.000000 7362.678711 0.000000 0.996059 0.000000 0.088693 0.777828 0.777828 0.777828
9364.488281 0.000000 7340.058594 0.000000 0.155129 0.000000 -0.987894 1.144793 1.144793 1.144793
9361.789062 0.000000 7374.067383 0.000000 0.458710 0.000000 0.888586 0.520258 0.520258 0.520258
9393.671875 0.000000 7175.845215 0.000000 0.644879 0.000000 0.764284 0.763513 0.763513 0.763513
9426.633789 0.000000 7196.352539 0.000000 0.309754 0.000000 0.950817 0.747327 0.747327 0.747327
9414.553711 0.000000 7156.687500 0.000000 0.457530 0.000000 -0.889194 0.863456 0.863456 0.863456
9429.790039 0.000000 7140.368164 0.000000 0.660197 0.000000 -0.751093 0.854307 0.854307 0.854307
9403.811523 0.000000 7159.564453 0.000000 0.624923 0.000000 -0.780686 0.898398 0.898398 0.898398
9455.978516 0.000000 7212.021484 0.000000 0.047437 0.000000 0.998874 0.647876 0.647876 0.647876
9412.400391 0.000000 7183.143066 0.000000 0.980830 0.000000 0.194867 0.770622 0.770622 0.770622
9426.475586 0.000000 7198.625488 0.000000 0.580276 0.000000 0.814420 0.636529 0.636529 0.636529
9387.986328 0.000000 7162.799805 0.000000 0.372035 0.000000 0.928218 0.567161 0.567161 0.567161
9376.083008 0.000000 7172.332031 0.000000 0.883711 0.000000 -0.468034 0.898251 0.898251 0.898251
9392.407227 0.000000 7126.939453 0.000000 0.999797 0.000000 0.020148 0.796338 0.796338 0.796338
9389.855469 0.000000 7162.431152 0.000000 0.757755 0.000000 -0.652539 0.937730 0.937730 0.937730
9412.539062 0.000000 7258.442871 0.000000 0.569174 0.000000 -0.822217 0.817351 0.817351 0.817351
9465.312500 0.000000 7257.703125 0.000000 0.936931 0.000000 -0.349515 0.823533 0.823533 0.823533
9431.918945 0.000000 7240.205078 0.000000 0.172062 0.000000 0.985086 0.699492 0.699492 0.699492
9447.508789 0.000000 7248.184570 0.000000 0.427960 0.000000 -0.903797 0.892414 0.892414 0.892414
9437.836914 0.000000 7263.270508 0.000000 0.938067 0.000000 0.346453 0.767497 0.767497 0.767497
9439.202148 0.000000 7233.324219 0.000000 0.346997 0.000000 -0.937866 0.885032 0.885032 0.885032
9451.783203 0.000000 7242.700684 0.000000 0.950925 0.000000 0.309420 0.772983 0.772983 0.772983
9461.328125 0.000000 7298.451172 0.000000 0.259231 0.000000 0.965815 0.648415 0.648415 0.648415
9442.724609 0.000000 7255.982910 0.000000 0.781225 0.000000 0.624250 0.721904 0.721904 0.721904
9460.375000 0.000000 7306.321289 0.000000 0.647978 0.000000 0.761659 0.706615 0.706615 0.706615
9419.465820 0.000000 7241.880371 0.000000 0.999290 0.000000 -0.037682 0.805269 0.805269 0.805269
9459.750977 0.000000 7218.474609 0.000000 0.646746 0.000000 -0.762706 0.933408 0.933408 0.933408
9452.897461 0.000000 7218.149902 0.000000 0.861270 0.000000 -0.508148 0.884103 0.884103 0.884103
9530.601562 0.000000 7302.083008 0.000000 0.981431 0.000000 -0.191815 0.815805 0.815805 0.815805
9535.387695 0.000000 7300.961914 0.000000 0.316413 0.000000 0.948621 0.697736 0.697736 0.697736
9531.434570 0.000000 7291.074219 0.000000 0.873566 0.000000 -0.486705 0.848731 0.848731 0.848731
9478.332031 0.000000 7292.183105 0.000000 0.744313 0.000000 0.667831 0.686076 0.686076 0.686076
9470.458984 0.000000 7291.744629 0.000000 0.454753 0.000000 0.890618 0.624450 0.624450 0.624450
9398.032227 0.000000 7322.812500 0.000000 0.882267 0.000000 -0.470750 0.815663 0.815663 0.815663
9452.615234 0.000000 7319.526855 0.000000 0.985616 0.000000 0.168998 0.788469 0.788469 0.788469
9399.455078 0.000000 7356.714355 0.000000 0.402991 0.000000 0.915204 0.686867 0.686867 0.686867
9453.542969 0.000000 7332.454102 0.000000 0.777362 0.000000 -0.629053 0.863863 0.863863 0.863863
9455.529297 0.000000 7327.117188 0.000000 0.917110 0.000000 -0.398633 0.845041 0.845041 0.845041
9407.458008 0.000000 7348.416016 0.000000 0.885669 0.000000 0.464318 0.727670 0.727670 0.727670
9374.546875 0.000000 7314.229004 0.000000 0.796585 0.000000 0.604526 0.684607 0.684607 0.684607
9412.879883 0.000000 7345.720703 0.000000 0.677225 0.000000 0.735776 0.676149 0.676149 0.676149
9398.180664 0.000000 7325.623535 0.000000 0.895200 0.000000 -0.445666 0.899636 0.899636 0.899636
9404.697266 0.000000 7345.099609 0.000000 0.177327 0.000000 -0.984152 1.100370 1.100370 1.100370
9405.519531 0.000000 7347.898438 0.000000 0.893723 0.000000 0.448619 0.706155 0.706155 0.706155
9396.230469 0.000000 7323.388184 0.000000 0.963435 0.000000 0.267944 0.741489 0.741489 0.741489
9374.377930 0.000000 7359.811523 0.000000 0.772173 0.000000 0.635413 0.633603 0.633603 0.633603
9556.275391 0.000000 7354.427734 0.000000 0.197561 0.000000 -0.980291 0.868502 0.868502 0.868502
9547.161133 0.000000 7344.587402 0.000000 0.845076 0.000000 -0.534646 0.842812 0.842812 0.842812
9554.867188 0.000000 7365.501465 0.000000 0.941775 0.000000 0.336243 0.771919 0.771919 0.771919
9552.812500 0.000000 7327.242188 0.000000 0.999665 0.000000 -0.025895 0.803103 0.803103 0.803103
9542.613281 0.000000 7335.367188 0.000000 0.329425 0.000000 0.944182 0.686528 0.686528 0.686528
9455.978516 0.000000 7493.248047 0.000000 0.740110 0.000000 -0.672485 0.875127 0.875127 0.875127
9438.913086 0.000000 7493.649902 0.000000 0.721809 0.000000 0.692092 0.650388 0.650388 0.650388
9420.287109 0.000000 7496.787598 0.000000 0.989622 0.000000 0.143692 0.764002 0.764002 0.764002
9428.017578 0.000000 7493.475586 0.000000 0.645260 0.000000 -0.763963 1.013585 1.013585 1.013585
9422.404297 0.000000 7497.556152 0.000000 0.643046 0.000000 -0.765828 1.017781 1.017781 1.017781
9655.598633 0.000000 7438.256348 0.000000 0.997858 0.000000 0.065424 0.794900 0.794900 0.794900
9858.497070 0.000000 7454.444336 0.000000 0.998006 0.000000 -0.063127 0.801009 0.801009 0.801009
9371.749023 0.000000 7745.668945 0.000000 0.464088 0.000000 0.885789 0.769573 0.769573 0.769573
9369.138672 0.000000 7757.491699 0.000000 0.999989 0.000000 -0.004677 0.800168 0.800168 0.800168
9366.144531 0.000000 7772.501465 0.000000 0.173799 0.000000 -0.984781 0.861344 0.861344 0.861344
9346.315430 0.000000 7865.900879 0.000000 0.555131 0.000000 -0.831763 0.809809 0.809809 0.809809
9355.422852 0.000000 7795.469727 0.000000 0.375594 0.000000 0.926784 0.757372 0.757372 0.757372
9310.704102 0.000000 7855.497559 0.000000 0.021382 0.000000 -0.999771 0.883553 0.883553 0.883553
9354.412109 0.000000 7789.674316 0.000000 0.925617 0.000000 0.378462 0.776744 0.776744 0.776744
9354.190430 0.000000 7815.250000 0.000000 0.537373 0.000000 -0.843344 0.872151 0.872151 0.872151
9371.570312 0.000000 7820.156250 0.000000 0.960692 0.000000 0.277617 0.780897 0.780897 0.780897
9351.513672 0.000000 7825.612793 0.000000 0.982540 0.000000 -0.186050 0.813082 0.813082 0.813082
9355.192383 0.000000 7831.455566 0.000000 0.037687 0.000000 -0.999290 0.925541 0.925541 0.925541
9323.131836 0.000000 7864.306641 0.000000 0.298253 0.000000 -0.954487 0.891165 0.891165 0.891165
9344.094727 0.000000 7825.723633 0.000000 0.999731 0.000000 0.023204 0.798007 0.798007 0.798007
9359.676758 0.000000 7813.298340 0.000000 0.205765 0.000000 -0.978601 0.895317 0.895317 0.895317
9349.856445 0.000000 7853.938965 0.000000 0.534340 0.000000 -0.845270 0.892522 0.892522 0.892522
9346.282227 0.000000 7837.347168 0.000000 0.997934 0.000000 0.064242 0.794222 0.794222 0.794222
9344.123047 0.000000 7832.002930 0.000000 0.997076 0.000000 -0.076410 0.806721 0.806721 0.806721
9340.909180 0.000000 7858.570312 0.000000 0.969934 0.000000 0.243368 0.776432 0.776432 0.776432
9337.863281 0.000000 7841.327637 0.000000 0.703347 0.000000 0.710847 0.722618 0.722618 0.722618
9354.415039 0.000000 7818.533203 0.000000 0.992515 0.000000 -0.122120 0.809047 0.809047 0.809047
9343.740234 0.000000 7842.849121 0.000000 0.541045 0.000000 -0.840993 0.893787 0.893787 0.893787
9315.037109 0.000000 7861.905273 0.000000 0.984917 0.000000 0.173029 0.783676 0.783676 0.783676
9353.038086 0.000000 7835.298828 0.000000 0.326677 0.000000 -0.945136 0.903849 0.903849 0.903849
9319.677734 0.000000 7859.463379 0.000000 0.741476 0.000000 -0.670980 0.879327 0.879327 0.879327
9318.500000 0.000000 7855.948730 0.000000 0.877122 0.000000 -0.480268 0.854029 0.854029 0.854029
9337.508789 0.000000 7865.674316 0.000000 0.936788 0.000000 0.349898 0.764303 0.764303 0.764303
9346.708984 0.000000 7830.949707 0.000000 0.995145 0.000000 -0.098421 0.808663 0.808663 0.808663
9341.753906 0.000000 7838.312500 0.000000 0.959264 0.000000 0.282511 0.773115 0.773115 0.773115
9333.628906 0.000000 7870.079102 0.000000 0.724481 0.000000 -0.689295 0.877465 0.877465 0.877465
9338.863281 0.000000 7868.646484 0.000000 0.397570 0.000000 0.917572 0.686288 0.686288 0.686288
9336.759766 0.000000 7849.828125 0.000000 0.882069 0.000000 -0.471120 0.847029 0.847029 0.847029
9336.691406 0.000000 7870.997559 0.000000 0.304531 0.000000 0.952502 0.674039 0.674039 0.674039
9320.686523 0.000000 7863.317383 0.000000 0.672251 0.000000 0.740324 0.711766 0.711766 0.711766
9306.285156 0.000000 7869.793457 0.000000 0.990188 0.000000 -0.139740 0.815961 0.815961 0.815961
9317.382812 0.000000 7866.249023 0.000000 0.577675 0.000000 0.816267 0.695104 0.695104 0.695104
9312.788086 0.000000 7865.612305 0.000000 0.853181 0.000000 -0.521614 0.910693 0.910693 0.910693
9327.935547 0.000000 7861.107422 0.000000 0.998796 0.000000 0.049048 0.790592 0.790592 0.790592
9360.547852 0.000000 7787.064941 0.000000 0.077847 0.000000 0.996965 0.495875 0.495875 0.495875
9347.005859 0.000000 7867.851562 0.000000 0.824578 0.000000 0.565748 0.661883 0.661883 0.661883
9335.549805 0.000000 7857.119141 0.000000 0.081397 0.000000 0.996682 0.434136 0.434136 0.434136
9313.951172 0.000000 7863.529297 0.000000 0.951209 0.000000 -0.308548 0.860141 0.860141 0.860141
9345.170898 0.000000 7868.618652 0.000000 0.750141 0.000000 0.661278 0.658581 0.658581 0.658581
9329.554688 0.000000 7860.484375 0.000000 0.843421 0.000000 0.537253 0.657269 0.657269 0.657269
9418.158203 0.000000 7525.229980 0.000000 0.111530 0.000000 -0.993761 0.887421 0.887421 0.887421
9446.695312 0.000000 7516.144043 0.000000 0.768983 0.000000 -0.639269 0.852637 0.852637 0.852637
9426.947266 0.000000 7520.869629 0.000000 0.994368 0.000000 -0.105984 0.811876 0.811876 0.811876
9433.340820 0.000000 7569.783203 0.000000 0.989858 0.000000 0.142063 0.780356 0.780356 0.780356
9461.906250 0.000000 7524.918457 0.000000 0.986808 0.000000 0.161897 0.778240 0.778240 0.778240
9437.777344 0.000000 7519.578613 0.000000 0.993445 0.000000 -0.114312 0.817847 0.817847 0.817847
9460.993164 0.000000 7589.645508 0.000000 0.891430 0.000000 0.453158 0.699494 0.699494 0.699494
9455.220703 0.000000 7518.155762 0.000000 0.979917 0.000000 -0.199407 0.831274 0.831274 0.831274
9458.919922 0.000000 7531.140137 0.000000 0.032338 0.000000 -0.999477 1.165646 1.165646 1.165646
9461.852539 0.000000 7519.262207 0.000000 0.030748 0.000000 -0.999527 1.089128 1.089128 1.089128
9457.772461 0.000000 7518.587891 0.000000 0.994776 0.000000 0.102086 0.776103 0.776103 0.776103
9456.704102 0.000000 7522.017090 0.000000 0.336538 0.000000 0.941670 0.530310 0.530310 0.530310
9437.773438 0.000000 7515.928223 0.000000 0.411066 0.000000 0.911605 0.518185 0.518185 0.518185
9447.680664 0.000000 7504.126953 0.000000 0.798519 0.000000 -0.601969 0.945787 0.945787 0.945787
9451.977539 0.000000 7518.762207 0.000000 0.155079 0.000000 0.987902 0.460848 0.460848 0.460848
9427.083008 0.000000 7509.524414 0.000000 0.260198 0.000000 -0.965555 1.126441 1.126441 1.126441
9467.163086 0.000000 7533.523438 0.000000 0.760538 0.000000 -0.649294 0.965129 0.965129 0.965129
9439.285156 0.000000 7512.465820 0.000000 0.639070 0.000000 -0.769148 1.013816 1.013816 1.013816
9464.837891 0.000000 7520.305176 0.000000 0.433547 0.000000 -0.901131 1.057789 1.057789 1.057789
9464.260742 0.000000 7534.841309 0.000000 0.837036 0.000000 -0.547148 0.936444 0.936444 0.936444
9459.786133 0.000000 7528.182129 0.000000 0.632568 0.000000 -0.774505 1.010561 1.010561 1.010561
9430.417969 0.000000 7511.156738 0.000000 0.867227 0.000000 -0.497913 0.930118 0.930118 0.930118
9455.010742 0.000000 7521.282715 0.000000 0.999553 0.000000 0.029888 0.793612 0.793612 0.793612
9466.128906 0.000000 7530.600098 0.000000 0.666166 0.000000 -0.745803 0.984927 0.984927 0.984927
9438.388672 0.000000 7509.066895 0.000000 0.980156 0.000000 -0.198230 0.848225 0.848225 0.848225
9432.244141 0.000000 7507.863281 0.000000 0.948191 0.000000 -0.317702 0.880069 0.880069 0.880069
9455.120117 0.000000 7532.964844 0.000000 0.201261 0.000000 -0.979538 1.130635 1.130635 1.130635
9458.994141 0.000000 7535.305176 0.000000 0.997217 0.000000 -0.074556 0.817885 0.817885 0.817885
9459.551758 0.000000 7522.739746 0.000000 0.786071 0.000000 -0.618136 0.955715 0.955715 0.955715
9431.202148 0.000000 7504.619141 0.000000 0.947984 0.000000 -0.318318 0.876995 0.876995 0.876995
9508.869141 0.000000 7575.589844 0.000000 0.401884 0.000000 0.915690 0.772265 0.772265 0.772265
9530.802734 0.000000 7587.934082 0.000000 0.112004 0.000000 0.993708 0.712607 0.712607 0.712607
9545.411133 0.000000 7563.311035 0.000000 0.063778 0.000000 -0.997964 0.899323 0.899323 0.899323
9479.438477 0.000000 7537.428711 0.000000 0.994117 0.000000 -0.108316 0.805419 0.805419 0.805419
9521.396484 0.000000 7577.117188 0.000000 0.277546 0.000000 0.960712 0.722733 0.722733 0.722733
9501.192383 0.000000 7548.956055 0.000000 0.740424 0.000000 -0.672140 0.847109 0.847109 0.847109
9514.005859 0.000000 7567.527832 0.000000 0.481585 0.000000 -0.876400 0.866145 0.866145 0.866145
9548.637695 0.000000 7560.040039 0.000000 0.410114 0.000000 0.912034 0.701390 0.701390 0.701390
9499.194336 0.000000 7567.771973 0.000000 0.899738 0.000000 -0.436431 0.842394 0.842394 0.842394
9499.978516 0.000000 7555.991699 0.000000 0.658937 0.000000 -0.752198 0.869718 0.869718 0.869718
9527.193359 0.000000 7582.361328 0.000000 0.721681 0.000000 0.692226 0.717541 0.717541 0.717541
9477.544922 0.000000 7578.289062 0.000000 0.487191 0.000000 0.873295 0.696075 0.696075 0.696075
9559.491211 0.000000 7588.725098 0.000000 0.995416 0.000000 0.095635 0.790244 0.790244 0.790244
9497.097656 0.000000 7563.497070 0.000000 0.908578 0.000000 0.417714 0.750942 0.750942 0.750942
9491.602539 0.000000 7568.624023 0.000000 0.885333 0.000000 0.464957 0.752674 0.752674 0.752674
9470.993164 0.000000 7544.750000 0.000000 0.947349 0.000000 -0.320202 0.846871 0.846871 0.846871
9544.149414 0.000000 7586.555664 0.000000 0.812619 0.000000 0.582795 0.713017 0.713017 0.713017
9511.011719 0.000000 7576.899902 0.000000 0.996184 0.000000 -0.087274 0.812042 0.812042 0.812042
9498.369141 0.000000 7553.730957 0.000000 0.949866 0.000000 0.312656 0.753003 0.753003 0.753003
9558.374023 0.000000 7586.673828 0.000000 0.774098 0.000000 -0.633066 0.917744 0.917744 0.917744
9535.920898 0.000000 7590.236328 0.000000 0.924978 0.000000 -0.380020 0.856056 0.856056 0.856056
9502.198242 0.000000 7577.909668 0.000000 0.783815 0.000000 0.620995 0.696961 0.696961 0.696961
9506.731445 0.000000 7586.700684 0.000000 0.871971 0.000000 0.489558 0.703955 0.703955 0.703955
9510.916016 0.000000 7574.676758 0.000000 0.289329 0.000000 -0.957230 1.001530 1.001530 1.001530
9522.391602 0.000000 7585.366211 0.000000 0.078110 0.000000 -0.996945 1.041469 1.041469 1.041469
9535.281250 0.000000 7573.906250 0.000000 0.464417 0.000000 0.885616 0.645743 0.645743 0.645743
9480.943359 0.000000 7544.387207 0.000000 0.589198 0.000000 -0.807989 0.965340 0.965340 0.965340
9509.091797 0.000000 7562.113770 0.000000 0.872787 0.000000 0.488101 0.712416 0.712416 0.712416
9475.486328 0.000000 7579.088867 0.000000 0.348806 0.000000 0.937195 0.542882 0.542882 0.542882
9494.090820 0.000000 7566.418457 0.000000 0.996263 0.000000 0.086369 0.780656 0.780656 0.780656
9486.303711 0.000000 7573.924316 0.000000 0.994831 0.000000 0.101540 0.781310 0.781310 0.781310
9502.314453 0.000000 7563.987305 0.000000 0.089782 0.000000 0.995961 0.563384 0.563384 0.563384
9498.972656 0.000000 7576.380859 0.000000 0.094792 0.000000 0.995497 0.508183 0.508183 0.508183
9468.899414 0.000000 7530.451660 0.000000 0.514591 0.000000 0.857436 0.561308 0.561308 0.561308
9436.419922 0.000000 7628.791016 0.000000 0.985697 0.000000 0.168526 0.790869 0.790869 0.790869
9424.391602 0.000000 7616.037109 0.000000 0.857973 0.000000 -0.513695 0.848487 0.848487 0.848487
9450.982422 0.000000 7622.001465 0.000000 0.701201 0.000000 0.712964 0.735005 0.735005 0.735005
9440.451172 0.000000 7643.465332 0.000000 0.149038 0.000000 0.988831 0.629691 0.629691 0.629691
9442.460938 0.000000 7625.041504 0.000000 0.100203 0.000000 -0.994967 1.052564 1.052564 1.052564
9428.502930 0.000000 7663.528320 0.000000 0.679783 0.000000 -0.733414 0.946350 0.946350 0.946350
9426.475586 0.000000 7667.336426 0.000000 0.936350 0.000000 0.351067 0.734805 0.734805 0.734805
9443.938477 0.000000 7652.625488 0.000000 0.958637 0.000000 -0.284632 0.842657 0.842657 0.842657
9439.779297 0.000000 7624.623535 0.000000 0.994333 0.000000 -0.106307 0.817656 0.817656 0.817656
9445.771484 0.000000 7627.334961 0.000000 0.878374 0.000000 -0.477974 0.893560 0.893560 0.893560
9439.319336 0.000000 7636.608887 0.000000 0.989680 0.000000 0.143292 0.778462 0.778462 0.778462
9437.187500 0.000000 7636.357910 0.000000 0.205490 0.000000 0.978659 0.432274 0.432274 0.432274
9454.903320 0.000000 7601.384766 0.000000 0.113388 0.000000 0.993551 0.497328 0.497328 0.497328
9429.251953 0.000000 7624.336426 0.000000 0.456474 0.000000 -0.889736 1.113243 1.113243 1.113243
9430.994141 0.000000 7613.120117 0.000000 0.955234 0.000000 -0.295850 0.865385 0.865385 0.865385
9456.689453 0.000000 7601.806641 0.000000 0.544419 0.000000 -0.838814 1.038494 1.038494 1.038494
9427.591797 0.000000 7626.380859 0.000000 0.085843 0.000000 0.996309 0.432266 0.432266 0.432266
9441.586914 0.000000 7632.444824 0.000000 0.605253 0.000000 0.796033 0.610595 0.610595 0.610595
9444.003906 0.000000 7632.226562 0.000000 0.493174 0.000000 0.869930 0.536599 0.536599 0.536599
9552.422852 0.000000 7674.039551 0.000000 0.595079 0.000000 0.803667 0.762714 0.762714 0.762714
9530.248047 0.000000 7593.954102 0.000000 0.940484 0.000000 -0.339837 0.838089 0.838089 0.838089
9496.904297 0.000000 7632.394043 0.000000 0.407471 0.000000 -0.913218 0.958634 0.958634 0.958634
9531.814453 0.000000 7661.014648 0.000000 0.952686 0.000000 -0.303956 0.845029 0.845029 0.845029
9551.987305 0.000000 7680.562988 0.000000 0.824362 0.000000 -0.566063 0.902152 0.902152 0.902152
9540.083984 0.000000 7664.210938 0.000000 0.445638 0.000000 0.895213 0.594028 0.594028 0.594028
9496.007812 0.000000 7639.067871 0.000000 0.683042 0.000000 -0.730380 1.010979 1.010979 1.010979
9534.046875 0.000000 7597.420410 0.000000 0.216781 0.000000 0.976220 0.554225 0.554225 0.554225
9549.883789 0.000000 7682.927734 0.000000 0.227743 0.000000 0.973721 0.500023 0.500023 0.500023
9565.301758 0.000000 7585.416992 0.000000 0.953689 0.000000 -0.300794 0.813425 0.813425 0.813425
9567.773438 0.000000 7586.619629 0.000000 0.109897 0.000000 0.993943 0.645382 0.645382 0.645382
9569.697266 0.000000 7590.561523 0.000000 0.673643 0.000000 0.739057 0.688710 0.688710 0.688710
9575.840820 0.000000 7573.546875 0.000000 0.053539 0.000000 -0.998566 1.081816 1.081816 1.081816
9640.100586 0.000000 7637.398926 0.000000 0.981626 0.000000 0.190816 0.798083 0.798083 0.798083
9593.196289 0.000000 7631.599121 0.000000 0.036062 0.000000 0.999350 0.781609 0.781609 0.781609
9577.842773 0.000000 7625.732910 0.000000 0.823988 0.000000 0.566607 0.759095 0.759095 0.759095
9589.854492 0.000000 7620.923340 0.000000 0.646307 0.000000 0.763078 0.753189 0.753189 0.753189
9651.419922 0.000000 7619.736328 0.000000 0.363852 0.000000 -0.931457 0.886165 0.886165 0.886165
9588.254883 0.000000 7640.516113 0.000000 0.836223 0.000000 0.548389 0.760585 0.760585 0.760585
9650.539062 0.000000 7627.111328 0.000000 0.890626 0.000000 -0.454737 0.829228 0.829228 0.829228
9654.169922 0.000000 7613.525879 0.000000 0.154798 0.000000 -0.987946 0.952649 0.952649 0.952649
9564.654297 0.000000 7595.510742 0.000000 0.713112 0.000000 0.701050 0.736385 0.736385 0.736385
9596.848633 0.000000 7623.387207 0.000000 0.997317 0.000000 -0.073210 0.807025 0.807025 0.807025
9577.512695 0.000000 7681.012207 0.000000 0.988983 0.000000 0.148032 0.782195 0.782195 0.782195
9620.390625 0.000000 7623.474121 0.000000 0.540030 0.000000 -0.841645 0.947843 0.947843 0.947843
9615.933594 0.000000 7598.889160 0.000000 0.529845 0.000000 0.848094 0.688792 0.688792 0.688792
9577.205078 0.000000 7600.892578 0.000000 0.908438 0.000000 -0.418019 0.849957 0.849957 0.849957
9589.268555 0.000000 7618.324707 0.000000 0.492183 0.000000 0.870492 0.673431 0.673431 0.673431
9654.442383 0.000000 7639.487305 0.000000 0.997758 0.000000 0.066924 0.788630 0.788630 0.788630
9595.799805 0.000000 7625.618652 0.000000 0.810973 0.000000 -0.585083 0.887377 0.887377 0.887377
9616.370117 0.000000 7603.975098 0.000000 0.662477 0.000000 -0.749083 0.921753 0.921753 0.921753
9631.422852 0.000000 7652.625488 0.000000 0.693615 0.000000 0.720346 0.649000 0.649000 0.649000
9622.578125 0.000000 7646.439453 0.000000 0.188398 0.000000 0.982093 0.590338 0.590338 0.590338
9576.115234 0.000000 7640.014160 0.000000 0.804272 0.000000 -0.594262 0.920739 0.920739 0.920739
9655.129883 0.000000 7641.469238 0.000000 0.253982 0.000000 -0.967209 1.020448 1.020448 1.020448
9577.654297 0.000000 7602.979004 0.000000 0.892067 0.000000 0.451903 0.707287 0.707287 0.707287
9574.152344 0.000000 7624.903320 0.000000 0.773934 0.000000 -0.633266 0.915050 0.915050 0.915050
9671.634766 0.000000 7622.304688 0.000000 0.133174 0.000000 -0.991093 0.894726 0.894726 0.894726
9669.437500 0.000000 7627.005371 0.000000 0.971746 0.000000 0.236030 0.762404 0.762404 0.762404
9655.707031 0.000000 7614.809082 0.000000 0.505011 0.000000 0.863113 0.662725 0.662725 0.662725
9667.467773 0.000000 7616.373535 0.000000 0.567475 0.000000 -0.823391 0.950700 0.950700 0.950700
9669.857422 0.000000 7640.014160 0.000000 0.983783 0.000000 -0.179362 0.828454 0.828454 0.828454
9376.379883 0.000000 7758.193848 0.000000 0.728486 0.000000 -0.685061 0.849741 0.849741 0.849741
9374.238281 0.000000 7759.358887 0.000000 0.480828 0.000000 -0.876815 0.934533 0.934533 0.934533
9376.839844 0.000000 7762.814453 0.000000 0.499651 0.000000 -0.866227 0.990400 0.990400 0.990400
9527.735352 0.000000 7750.605957 0.000000 0.722514 0.000000 0.691356 0.783229 0.783229 0.783229
9531.415039 0.000000 7752.206055 0.000000 0.370885 0.000000 0.928679 0.738162 0.738162 0.738162
9527.193359 0.000000 7769.845703 0.000000 0.456248 0.000000 0.889853 0.705786 0.705786 0.705786
9547.427734 0.000000 7724.578125 0.000000 0.841118 0.000000 -0.540852 0.858207 0.858207 0.858207
9524.175781 0.000000 7777.255371 0.000000 0.852600 0.000000 -0.522565 0.856008 0.856008 0.856008
9534.377930 0.000000 7733.727051 0.000000 0.928847 0.000000 -0.370464 0.843962 0.843962 0.843962
9531.524414 0.000000 7773.105469 0.000000 0.687473 0.000000 -0.726210 0.912010 0.912010 0.912010
9537.076172 0.000000 7762.808105 0.000000 0.987521 0.000000 0.157486 0.779154 0.779154 0.779154
9525.269531 0.000000 7761.250977 0.000000 0.555470 0.000000 0.831537 0.666650 0.666650 0.666650
9537.080078 0.000000 7733.160645 0.000000 0.117198 0.000000 0.993109 0.599718 0.599718 0.599718
9547.244141 0.000000 7727.546387 0.000000 0.997197 0.000000 -0.074825 0.811518 0.811518 0.811518
9551.287109 0.000000 7721.679688 0.000000 0.889547 0.000000 0.456845 0.710928 0.710928 0.710928
9535.281250 0.000000 7761.390625 0.000000 0.765455 0.000000 0.643489 0.654799 0.654799 0.654799
9528.991211 0.000000 7776.871094 0.000000 0.200956 0.000000 -0.979600 1.015919 1.015919 1.015919
9546.914062 0.000000 7722.345215 0.000000 0.574053 0.000000 0.818818 0.585402 0.585402 0.585402
9533.553711 0.000000 7765.447754 0.000000 0.979345 0.000000 0.202194 0.765030 0.765030 0.765030
9497.620117 0.000000 7724.208984 0.000000 0.924866 0.000000 0.380292 0.728318 0.728318 0.728318
9552.662109 0.000000 7718.624512 0.000000 0.508195 0.000000 -0.861242 1.011400 1.011400 1.011400
9520.508789 0.000000 7768.606934 0.000000 0.084077 0.000000 0.996459 0.443704 0.443704 0.443704
9529.189453 0.000000 7748.968750 0.000000 0.050959 0.000000 -0.998701 1.100508 1.100508 1.100508
9502.983398 0.000000 7736.856934 0.000000 0.864299 0.000000 0.502978 0.693685 0.693685 0.693685
9531.230469 0.000000 7779.878906 0.000000 0.999434 0.000000 -0.033651 0.806722 0.806722 0.806722
9535.480469 0.000000 7771.524902 0.000000 0.595520 0.000000 -0.803341 1.016130 1.016130 1.016130
9501.163086 0.000000 7777.324219 0.000000 0.978764 0.000000 0.204991 0.736088 0.736088 0.736088
9504.524414 0.000000 7777.135742 0.000000 0.536436 0.000000 0.843941 0.567257 0.567257 0.567257
9504.448242 0.000000 7737.803711 0.000000 0.716246 0.000000 0.697848 0.594828 0.594828 0.594828
9429.041016 0.000000 7789.021973 0.000000 0.822688 0.000000 -0.568493 0.807246 0.807246 0.807246
9428.716797 0.000000 7842.438477 0.000000 0.733443 0.000000 0.679750 0.776116 0.776116 0.776116
9434.163086 0.000000 7866.366211 0.000000 0.571475 0.000000 0.820620 0.769243 0.769243 0.769243
9420.985352 0.000000 7873.481445 0.000000 0.740462 0.000000 -0.672098 0.825025 0.825025 0.825025
9423.919922 0.000000 7823.182129 0.000000 0.697598 0.000000 -0.716490 0.828716 0.828716 0.828716
9428.335938 0.000000 7872.581543 0.000000 0.176828 0.000000 -0.984242 0.850080 0.850080 0.850080
9429.884766 0.000000 7868.413086 0.000000 0.999138 0.000000 -0.041518 0.801493 0.801493 0.801493
9406.664062 0.000000 7814.811035 0.000000 0.987128 0.000000 0.159934 0.793584 0.793584 0.793584
9414.168945 0.000000 7837.604980 0.000000 0.600102 0.000000 -0.799923 0.842591 0.842591 0.842591
9413.901367 0.000000 7865.881836 0.000000 0.238277 0.000000 0.971197 0.733582 0.733582 0.733582
9382.723633 0.000000 7825.555664 0.000000 0.727978 0.000000 -0.685601 0.846772 0.846772 0.846772
9399.391602 0.000000 7838.049316 0.000000 0.915504 0.000000 0.402308 0.776019 0.776019 0.776019
9386.179688 0.000000 7827.493652 0.000000 0.885643 0.000000 -0.464366 0.824113 0.824113 0.824113
9394.458008 0.000000 7836.930176 0.000000 0.476680 0.000000 0.879077 0.737799 0.737799 0.737799
9418.158203 0.000000 7806.456543 0.000000 0.547405 0.000000 0.836868 0.736629 0.736629 0.736629
9405.208984 0.000000 7842.747559 0.000000 0.994778 0.000000 0.102058 0.794079 0.794079 0.794079
9404.648438 0.000000 7822.318848 0.000000 0.395093 0.000000 -0.918641 0.886064 0.886064 0.886064
9434.823242 0.000000 7840.957031 0.000000 0.828675 0.000000 0.559729 0.753727 0.753727 0.753727
9430.154297 0.000000 7825.951660 0.000000 0.350232 0.000000 0.936663 0.703096 0.703096 0.703096
9422.061523 0.000000 7846.158203 0.000000 0.991429 0.000000 -0.130646 0.812299 0.812299 0.812299
9418.932617 0.000000 7859.880371 0.000000 0.878209 0.000000 -0.478277 0.854780 0.854780 0.854780
9434.088867 0.000000 7791.504395 0.000000 0.016250 0.000000 0.999868 0.650970 0.650970 0.650970
9463.270508 0.000000 7817.601074 0.000000 0.748979 0.000000 -0.662593 0.883900 0.883900 0.883900
9400.384766 0.000000 7812.133789 0.000000 0.960684 0.000000 0.277645 0.686495 0.686495 0.686495
9430.501953 0.000000 7849.828125 0.000000 0.970846 0.000000 0.239703 0.769059 0.769059 0.769059
9414.279297 0.000000 7801.535645 0.000000 0.394256 0.000000 0.919001 0.348395 0.348395 0.348395
9449.638672 0.000000 7827.986816 0.000000 0.500947 0.000000 -0.865478 0.906555 0.906555 0.906555
9411.125000 0.000000 7866.249023 0.000000 0.472013 0.000000 0.881591 0.674983 0.674983 0.674983
9392.459961 0.000000 7829.786133 0.000000 0.081907 0.000000 0.996640 0.639432 0.639432 0.639432
9427.730469 0.000000 7816.874512 0.000000 0.755591 0.000000 -0.655044 1.078169 1.078169 1.078169
9412.396484 0.000000 7832.080078 0.000000 0.651902 0.000000 -0.758303 1.118021 1.118021 1.118021
9426.947266 0.000000 7802.096191 0.000000 0.773986 0.000000 -0.633203 1.061570 1.061570 1.061570
9432.235352 0.000000 7824.551758 0.000000 0.856984 0.000000 -0.515344 0.867042 0.867042 0.867042
9428.449219 0.000000 7786.373535 0.000000 0.960334 0.000000 0.278852 0.765006 0.765006 0.765006
9430.889648 0.000000 7812.986816 0.000000 0.767499 0.000000 0.641050 0.686036 0.686036 0.686036
9412.400391 0.000000 7839.338379 0.000000 0.999312 0.000000 0.037095 0.784883 0.784883 0.784883
9409.266602 0.000000 7824.654297 0.000000 0.695948 0.000000 0.718092 0.476820 0.476820 0.476820
9441.736328 0.000000 7795.367188 0.000000 0.943254 0.000000 0.332071 0.743887 0.743887 0.743887
9418.417969 0.000000 7817.495117 0.000000 0.345382 0.000000 -0.938462 1.225764 1.225764 1.225764
9404.626953 0.000000 7834.957520 0.000000 0.091092 0.000000 0.995842 0.288773 0.288773 0.288773
9440.971680 0.000000 7800.694336 0.000000 0.999110 0.000000 -0.042183 0.815675 0.815675 0.815675
9419.465820 0.000000 7804.333496 0.000000 0.938352 0.000000 -0.345681 0.928302 0.928302 0.928302
9439.035156 0.000000 7816.103027 0.000000 0.340394 0.000000 0.940283 0.387041 0.387041 0.387041
9439.779297 0.000000 7812.107910 0.000000 0.300620 0.000000 0.953744 0.360230 0.360230 0.360230
9412.613281 0.000000 7811.770020 0.000000 0.970726 0.000000 -0.240191 0.882357 0.882357 0.882357
9409.760742 0.000000 7827.971191 0.000000 0.557462 0.000000 0.830203 0.412665 0.412665 0.412665
9423.270508 0.000000 7817.241699 0.000000 0.361829 0.000000 0.932245 0.365995 0.365995 0.365995
9417.173828 0.000000 7855.903320 0.000000 0.066021 0.000000 -0.997818 1.013376 1.013376 1.013376
9416.496094 0.000000 7870.696289 0.000000 0.987683 0.000000 -0.156468 0.863700 0.863700 0.863700
9437.851562 0.000000 7837.542480 0.000000 0.998903 0.000000 -0.046820 0.815528 0.815528 0.815528
9412.285156 0.000000 7836.428711 0.000000 0.577488 0.000000 -0.816399 0.983135 0.983135 0.983135
9439.319336 0.000000 7824.093262 0.000000 0.909487 0.000000 -0.415732 0.873643 0.873643 0.873643
9434.271484 0.000000 7829.596191 0.000000 0.485477 0.000000 -0.874249 0.959363 0.959363 0.959363
9424.477539 0.000000 7854.052734 0.000000 0.936653 0.000000 0.350258 0.668494 0.668494 0.668494
9426.729492 0.000000 7787.722168 0.000000 0.384199 0.000000 -0.923250 1.194744 1.194744 1.194744
9411.920898 0.000000 7818.682129 0.000000 0.709706 0.000000 -0.704498 0.940515 0.940515 0.940515
9421.677734 0.000000 7861.107422 0.000000 0.364983 0.000000 -0.931014 1.051061 1.051061 1.051061
9440.763672 0.000000 7797.292969 0.000000 0.564086 0.000000 -0.825716 1.007608 1.007608 1.007608
9439.115234 0.000000 7844.321777 0.000000 0.979776 0.000000 0.200096 0.765397 0.765397 0.765397
9420.230469 0.000000 7807.305664 0.000000 0.941702 0.000000 0.336449 0.689660 0.689660 0.689660
9455.220703 0.000000 7799.382324 0.000000 0.533018 0.000000 0.846104 0.439408 0.439408 0.439408
9437.343750 0.000000 7794.341309 0.000000 0.961601 0.000000 0.274452 0.750025 0.750025 0.750025
9446.693359 0.000000 7831.193359 0.000000 0.251979 0.000000 -0.967733 1.207419 1.207419 1.207419
9439.292969 0.000000 7791.835449 0.000000 0.032472 0.000000 0.999473 0.523485 0.523485 0.523485
9414.130859 0.000000 7855.006348 0.000000 0.265146 0.000000 0.964208 0.503454 0.503454 0.503454
9431.658203 0.000000 7836.532227 0.000000 0.574713 0.000000 -0.818355 1.016332 1.016332 1.016332
9436.136719 0.000000 7844.550293 0.000000 0.639159 0.000000 0.769075 0.626516 0.626516 0.626516
9414.002930 0.000000 7810.187012 0.000000 0.424519 0.000000 0.905419 0.490160 0.490160 0.490160
9419.111328 0.000000 7868.764648 0.000000 0.297740 0.000000 -0.954647 1.063478 1.063478 1.063478
9410.993164 0.000000 7842.983887 0.000000 0.943261 0.000000 -0.332053 0.921008 0.921008 0.921008
9445.017578 0.000000 7828.105957 0.000000 0.369525 0.000000 -0.929221 1.176246 1.176246 1.176246
9428.041016 0.000000 7827.169922 0.000000 0.082608 0.000000 -0.996582 1.213119 1.213119 1.213119
9430.272461 0.000000 7782.516113 0.000000 0.799954 0.000000 0.600061 0.674033 0.674033 0.674033
9430.526367 0.000000 7823.497559 0.000000 0.954136 0.000000 -0.299372 0.905051 0.905051 0.905051
9406.367188 0.000000 7821.350586 0.000000 0.993015 0.000000 0.117987 0.752288 0.752288 0.752288
9456.704102 0.000000 7803.243652 0.000000 0.250672 0.000000 -0.968072 1.126270 1.126270 1.126270
9449.139648 0.000000 7821.126465 0.000000 0.994106 0.000000 0.108409 0.768543 0.768543 0.768543
9424.739258 0.000000 7801.579102 0.000000 0.947815 0.000000 -0.318819 0.901099 0.901099 0.901099
9441.293945 0.000000 7835.777344 0.000000 0.624680 0.000000 -0.780881 0.998654 0.998654 0.998654
9434.085938 0.000000 7826.675781 0.000000 0.971591 0.000000 -0.236664 0.857742 0.857742 0.857742
9418.962891 0.000000 7843.080566 0.000000 0.537314 0.000000 -0.843383 1.052545 1.052545 1.052545
9426.387695 0.000000 7856.771973 0.000000 0.973613 0.000000 -0.228204 0.877251 0.877251 0.877251
9430.849609 0.000000 7839.133301 0.000000 0.598060 0.000000 0.801452 0.560464 0.560464 0.560464
9434.858398 0.000000 7849.633789 0.000000 0.494305 0.000000 0.869289 0.404333 0.404333 0.404333
9426.766602 0.000000 7862.349121 0.000000 0.992900 0.000000 -0.118950 0.825480 0.825480 0.825480
9420.977539 0.000000 7844.450684 0.000000 0.717081 0.000000 -0.696990 0.974049 0.974049 0.974049
9415.784180 0.000000 7800.380859 0.000000 0.156617 0.000000 -0.987659 1.347693 1.347693 1.347693
9427.071289 0.000000 7865.426270 0.000000 0.990118 0.000000 0.140234 0.749700 0.749700 0.749700
9427.386719 0.000000 7837.120605 0.000000 0.742632 0.000000 -0.669700 1.030097 1.030097 1.030097
9418.862305 0.000000 7864.103516 0.000000 0.148535 0.000000 -0.988907 1.120863 1.120863 1.120863
9422.725586 0.000000 7807.294922 0.000000 0.926849 0.000000 -0.375434 0.922987 0.922987 0.922987
9455.599609 0.000000 7839.500488 0.000000 0.514457 0.000000 -0.857516 1.178672 1.178672 1.178672
9435.447266 0.000000 7842.710938 0.000000 0.993582 0.000000 -0.113118 0.826716 0.826716 0.826716
9417.887695 0.000000 7801.866211 0.000000 0.054856 0.000000 -0.998494 1.372224 1.372224 1.372224
9433.725586 0.000000 7823.211914 0.000000 0.397197 0.000000 -0.917733 1.150541 1.150541 1.150541
9439.285156 0.000000 7793.692383 0.000000 0.245962 0.000000 0.969280 0.314071 0.314071 0.314071
9406.151367 0.000000 7827.395996 0.000000 0.276952 0.000000 -0.960884 1.276706 1.276706 1.276706
9420.576172 0.000000 7858.881348 0.000000 0.907392 0.000000 0.420285 0.640597 0.640597 0.640597
9464.260742 0.000000 7816.067871 0.000000 0.623157 0.000000 -0.782097 0.977563 0.977563 0.977563
9439.009766 0.000000 7788.631348 0.000000 0.730932 0.000000 -0.682450 0.962016 0.962016 0.962016
9420.253906 0.000000 7846.558105 0.000000 0.871840 0.000000 0.489791 0.653813 0.653813 0.653813
9409.241211 0.000000 7830.599121 0.000000 0.714796 0.000000 0.699333 0.619026 0.619026 0.619026
9438.980469 0.000000 7857.361328 0.000000 0.538405 0.000000 0.842686 0.483725 0.483725 0.483725
9425.768555 0.000000 7805.159180 0.000000 0.253794 0.000000 0.967258 0.401036 0.401036 0.401036
9410.323242 0.000000 7826.229004 0.000000 0.496005 0.000000 -0.868320 1.224342 1.224342 1.224342
9422.069336 0.000000 7848.003418 0.000000 0.916303 0.000000 -0.400485 0.935787 0.935787 0.935787
9404.302734 0.000000 7837.904297 0.000000 0.983540 0.000000 -0.180690 0.858786 0.858786 0.858786
9418.109375 0.000000 7865.767578 0.000000 0.944215 0.000000 -0.329329 0.875739 0.875739 0.875739
9424.815430 0.000000 7816.273926 0.000000 0.848506 0.000000 -0.529186 1.017180 1.017180 1.017180
9409.504883 0.000000 7839.600098 0.000000 0.982450 0.000000 -0.186525 0.850588 0.850588 0.850588
9417.521484 0.000000 7840.429688 0.000000 0.403310 0.000000 -0.915063 1.127756 1.127756 1.127756
9421.767578 0.000000 7816.220703 0.000000 0.568261 0.000000 -0.822848 1.178308 1.178308 1.178308
9436.518555 0.000000 7784.431641 0.000000 0.920058 0.000000 -0.391783 0.947137 0.947137 0.947137
9429.488281 0.000000 7862.517578 0.000000 0.231285 0.000000 -0.972886 1.278127 1.278127 1.278127
9404.333008 0.000000 7833.192871 0.000000 0.876705 0.000000 -0.481029 0.921275 0.921275 0.921275
9434.430664 0.000000 7786.775391 0.000000 0.092758 0.000000 0.995689 0.478262 0.478262 0.478262
9416.396484 0.000000 7866.157715 0.000000 0.323563 0.000000 0.946207 0.420685 0.420685 0.420685
9435.224609 0.000000 7846.166504 0.000000 0.820091 0.000000 0.572233 0.666155 0.666155 0.666155
9406.994141 0.000000 7841.862305 0.000000 0.135373 0.000000 0.990795 0.206727 0.206727 0.206727
9408.000000 0.000000 7828.497070 0.000000 0.380512 0.000000 0.924776 0.321400 0.321400 0.321400
9414.050781 0.000000 7840.110352 0.000000 0.590609 0.000000 0.806958 0.483062 0.483062 0.483062
9440.216797 0.000000 7829.158203 0.000000 0.906360 0.000000 -0.422507 0.924584 0.924584 0.924584
9409.634766 0.000000 7834.152344 0.000000 0.692216 0.000000 -0.721690 1.044759 1.044759 1.044759
9422.970703 0.000000 7857.336426 0.000000 0.644610 0.000000 0.764512 0.450629 0.450629 0.450629
9414.885742 0.000000 7852.754883 0.000000 0.218623 0.000000 0.975809 0.430503 0.430503 0.430503
9414.506836 0.000000 7849.395508 0.000000 0.320840 0.000000 -0.947133 1.085766 1.085766 1.085766
9407.666016 0.000000 7824.096191 0.000000 0.206833 0.000000 -0.978376 1.352395 1.352395 1.352395
9408.909180 0.000000 7841.447754 0.000000 0.924446 0.000000 0.381313 0.706238 0.706238 0.706238
9406.201172 0.000000 7823.054688 0.000000 0.853529 0.000000 -0.521045 1.022211 1.022211 1.022211
9398.658203 0.000000 7812.030762 0.000000 0.798823 0.000000 -0.601566 1.060406 1.060406 1.060406
9439.472656 0.000000 7832.545410 0.000000 0.868062 0.000000 0.496456 0.654738 0.654738 0.654738
9442.708008 0.000000 7796.805176 0.000000 0.881826 0.000000 -0.471575 0.980466 0.980466 0.980466
9423.044922 0.000000 7804.552246 0.000000 0.123641 0.000000 -0.992327 1.354819 1.354819 1.354819
9415.439453 0.000000 7811.092773 0.000000 0.583154 0.000000 -0.812362 1.059446 1.059446 1.059446
9438.606445 0.000000 7785.565918 0.000000 0.993709 0.000000 0.111995 0.760101 0.760101 0.760101
9410.706055 0.000000 7831.545898 0.000000 0.544315 0.000000 0.838881 0.450165 0.450165 0.450165
9417.646484 0.000000 7872.164551 0.000000 0.203017 0.000000 -0.979175 1.353976 1.353976 1.353976
9447.967773 0.000000 7830.057617 0.000000 0.279802 0.000000 0.960058 0.401516 0.401516 0.401516
9433.668945 0.000000 7821.298828 0.000000 0.157125 0.000000 0.987579 0.345637 0.345637 0.345637
9415.624023 0.000000 7841.626953 0.000000 0.540783 0.000000 -0.841162 1.137341 1.137341 1.137341
9432.503906 0.000000 7791.855957 0.000000 0.891252 0.000000 -0.453508 0.956056 0.956056 0.956056
9426.567383 0.000000 7827.906738 0.000000 0.934578 0.000000 0.355758 0.696118 0.696118 0.696118
9426.169922 0.000000 7803.509766 0.000000 0.991837 0.000000 0.127512 0.751225 0.751225 0.751225
9431.718750 0.000000 7850.933594 0.000000 0.352604 0.000000 0.935772 0.444621 0.444621 0.444621
9412.894531 0.000000 7833.668945 0.000000 0.405474 0.000000 -0.914107 1.226131 1.226131 1.226131
9441.410156 0.000000 7786.869141 0.000000 0.938127 0.000000 0.346293 0.671461 0.671461 0.671461
9417.336914 0.000000 7873.769531 0.000000 0.347839 0.000000 -0.937554 1.292824 1.292824 1.292824
9440.566406 0.000000 7788.296387 0.000000 0.436096 0.000000 0.899900 0.435534 0.435534 0.435534
9507.554688 0.000000 7786.892090 0.000000 0.149275 0.000000 -0.988796 0.842570 0.842570 0.842570
9516.063477 0.000000 7836.000000 0.000000 0.999923 0.000000 -0.012403 0.800669 0.800669 0.800669
9538.541992 0.000000 7842.284668 0.000000 0.658134 0.000000 -0.752901 0.852780 0.852780 0.852780
9527.933594 0.000000 7853.298340 0.000000 0.249202 0.000000 -0.968452 0.913272 0.913272 0.913272
9469.360352 0.000000 7834.150879 0.000000 0.986658 0.000000 0.162808 0.784649 0.784649 0.784649
9529.928711 0.000000 7786.313965 0.000000 0.681744 0.000000 -0.731591 0.872118 0.872118 0.872118
9515.071289 0.000000 7838.688477 0.000000 0.957426 0.000000 0.288680 0.764322 0.764322 0.764322
9518.659180 0.000000 7794.605957 0.000000 0.988972 0.000000 -0.148100 0.815141 0.815141 0.815141
9518.194336 0.000000 7834.506836 0.000000 0.241690 0.000000 -0.970354 0.996079 0.996079 0.996079
9515.493164 0.000000 7850.832520 0.000000 0.763295 0.000000 0.646050 0.697591 0.697591 0.697591
9525.269531 0.000000 7854.993164 0.000000 0.520428 0.000000 0.853906 0.638519 0.638519 0.638519
9539.710938 0.000000 7788.745117 0.000000 0.799047 0.000000 -0.601268 0.904360 0.904360 0.904360
9509.074219 0.000000 7867.567383 0.000000 0.956863 0.000000 -0.290541 0.842980 0.842980 0.842980
9524.817383 0.000000 7863.455566 0.000000 0.232823 0.000000 0.972519 0.530537 0.530537 0.530537
9512.853516 0.000000 7868.764648 0.000000 0.485128 0.000000 0.874443 0.598065 0.598065 0.598065
9494.767578 0.000000 7852.217773 0.000000 0.606849 0.000000 0.794817 0.541282 0.541282 0.541282
9545.458008 0.000000 7786.420898 0.000000 0.608221 0.000000 0.793768 0.644329 0.644329 0.644329
9534.046875 0.000000 7784.904785 0.000000 0.393995 0.000000 0.919112 0.543873 0.543873 0.543873
9537.885742 0.000000 7787.749512 0.000000 0.019427 0.000000 -0.999811 1.075762 1.075762 1.075762
9523.034180 0.000000 7857.119141 0.000000 0.988392 0.000000 0.151923 0.768321 0.768321 0.768321
9546.105469 0.000000 7870.192383 0.000000 0.994674 0.000000 -0.103067 0.819384 0.819384 0.819384
9524.591797 0.000000 7839.133301 0.000000 0.959066 0.000000 -0.283183 0.860210 0.860210 0.860210
9520.813477 0.000000 7865.426270 0.000000 0.180135 0.000000 0.983642 0.400327 0.400327 0.400327
9510.166016 0.000000 7798.376953 0.000000 0.316755 0.000000 0.948507 0.475841 0.475841 0.475841
9497.159180 0.000000 7841.650879 0.000000 0.148598 0.000000 0.988898 0.507545 0.507545 0.507545
9514.548828 0.000000 7792.593750 0.000000 0.067671 0.000000 -0.997708 1.094196 1.094196 1.094196
9523.072266 0.000000 7844.121094 0.000000 0.477622 0.000000 0.878566 0.540729 0.540729 0.540729
9508.808594 0.000000 7793.528809 0.000000 0.566966 0.000000 0.823741 0.579606 0.579606 0.579606
9491.573242 0.000000 7841.350098 0.000000 0.938273 0.000000 0.345897 0.682196 0.682196 0.682196
9519.094727 0.000000 7865.963379 0.000000 0.404726 0.000000 -0.914438 1.129622 1.129622 1.129622
9510.138672 0.000000 7866.157715 0.000000 0.830484 0.000000 0.557042 0.645419 0.645419 0.645419
9495.732422 0.000000 7840.563965 0.000000 0.578636 0.000000 0.815586 0.499034 0.499034 0.499034
9527.351562 0.000000 7793.137695 0.000000 0.204659 0.000000 -0.978833 1.146150 1.146150 1.146150
9529.656250 0.000000 7863.144531 0.000000 0.380019 0.000000 0.924979 0.488652 0.488652 0.488652
9511.881836 0.000000 7853.141602 0.000000 0.956477 0.000000 0.291806 0.723708 0.723708 0.723708
9495.522461 0.000000 7850.825684 0.000000 0.249970 0.000000 0.968254 0.362979 0.362979 0.362979
9588.868164 0.000000 7706.467773 0.000000 0.981078 0.000000 0.193613 0.795330 0.795330 0.795330
9576.169922 0.000000 7692.376953 0.000000 0.998419 0.000000 0.056216 0.797978 0.797978 0.797978
9577.842773 0.000000 7719.475098 0.000000 0.872433 0.000000 -0.488733 0.825497 0.825497 0.825497
9571.287109 0.000000 7729.648438 0.000000 0.799673 0.000000 -0.600435 0.910623 0.910623 0.910623
9564.618164 0.000000 7723.288574 0.000000 0.991395 0.000000 -0.130907 0.818879 0.818879 0.818879
9574.152344 0.000000 7718.645508 0.000000 0.903637 0.000000 0.428300 0.728396 0.728396 0.728396
9607.729492 0.000000 7813.884277 0.000000 0.883208 0.000000 0.468982 0.759053 0.759053 0.759053
9610.692383 0.000000 7785.608398 0.000000 0.631869 0.000000 0.775075 0.681328 0.681328 0.681328
9611.845703 0.000000 7798.153320 0.000000 0.695332 0.000000 0.718689 0.655855 0.655855 0.655855
9605.765625 0.000000 7795.462891 0.000000 0.808375 0.000000 -0.588668 0.940793 0.940793 0.940793
9603.908203 0.000000 7798.376953 0.000000 0.740866 0.000000 -0.671653 0.966205 0.966205 0.966205
9605.712891 0.000000 7813.395020 0.000000 0.910027 0.000000 -0.414549 0.885371 0.885371 0.885371
9605.060547 0.000000 7792.377930 0.000000 0.460232 0.000000 0.887799 0.557791 0.557791 0.557791
9184.522461 0.000000 7963.693848 0.000000 0.307425 0.000000 0.951572 0.644185 0.644185 0.644185
9179.148438 0.000000 7962.516602 0.000000 0.770516 0.000000 0.637421 0.696471 0.696471 0.696471
9160.443359 0.000000 8027.691895 0.000000 0.923129 0.000000 -0.384489 0.997843 0.997843 0.997843
9150.921875 0.000000 8009.520508 0.000000 0.969944 0.000000 -0.243327 0.816691 0.816691 0.816691
9171.990234 0.000000 7982.258789 0.000000 0.387190 0.000000 -0.922000 0.882012 0.882012 0.882012
9148.563477 0.000000 7984.047852 0.000000 0.715982 0.000000 -0.698118 0.849389 0.849389 0.849389
9147.519531 0.000000 8042.655273 0.000000 0.999340 0.000000 -0.036327 0.817779 0.817779 0.817779
9182.953125 0.000000 7979.874512 0.000000 0.781769 0.000000 -0.623568 0.852445 0.852445 0.852445
9177.179688 0.000000 7977.575195 0.000000 0.995702 0.000000 0.092611 0.793332 0.793332 0.793332
9155.632812 0.000000 8052.020508 0.000000 0.957889 0.000000 -0.287140 0.930295 0.930295 0.930295
9158.797852 0.000000 8024.831543 0.000000 0.782577 0.000000 -0.622554 1.142248 1.142248 1.142248
9180.146484 0.000000 7985.083496 0.000000 0.078684 0.000000 0.996900 0.102694 0.102694 0.102694
9156.638672 0.000000 8019.487305 0.000000 0.083208 0.000000 -0.996532 0.927748 0.927748 0.927748
9153.424805 0.000000 8046.054688 0.000000 0.519469 0.000000 -0.854489 1.266557 1.266557 1.266557
9156.499023 0.000000 8046.163086 0.000000 0.168998 0.000000 0.985616 0.086485 0.086485 0.086485
9156.255859 0.000000 8030.333496 0.000000 0.024920 0.000000 -0.999689 1.451458 1.451458 1.451458
9185.458984 0.000000 7988.494629 0.000000 0.994208 0.000000 0.107469 0.752042 0.752042 0.752042
9161.892578 0.000000 8022.591309 0.000000 0.517218 0.000000 -0.855854 0.923094 0.923094 0.923094
9159.166016 0.000000 8057.261230 0.000000 0.732655 0.000000 0.680600 0.460613 0.460613 0.460613
9152.224609 0.000000 8051.072266 0.000000 0.337331 0.000000 0.941386 0.251190 0.251190 0.251190
9147.787109 0.000000 7995.187500 0.000000 0.924890 0.000000 -0.380234 0.842846 0.842846 0.842846
9151.378906 0.000000 8056.130859 0.000000 0.417043 0.000000 0.908887 0.360334 0.360334 0.360334
9186.623047 0.000000 7992.700684 0.000000 0.158469 0.000000 -0.987364 1.366702 1.366702 1.366702
9150.509766 0.000000 8003.153809 0.000000 0.545733 0.000000 -0.837959 0.948824 0.948824 0.948824
9152.406250 0.000000 8043.568359 0.000000 0.986794 0.000000 0.161978 0.717140 0.717140 0.717140
9146.503906 0.000000 8004.358887 0.000000 0.401103 0.000000 0.916033 0.626529 0.626529 0.626529
9159.409180 0.000000 8014.953613 0.000000 0.468649 0.000000 0.883384 0.287350 0.287350 0.287350
9151.008789 0.000000 8012.036133 0.000000 0.026074 0.000000 0.999660 0.229243 0.229243 0.229243
9149.663086 0.000000 8000.471191 0.000000 0.820850 0.000000 0.571144 0.708941 0.708941 0.708941
9156.555664 0.000000 8054.332031 0.000000 0.999887 0.000000 -0.015025 0.806092 0.806092 0.806092
9168.871094 0.000000 8027.230957 0.000000 0.402357 0.000000 -0.915483 1.287456 1.287456 1.287456
9148.724609 0.000000 7991.783203 0.000000 0.056397 0.000000 -0.998408 1.005670 1.005670 1.005670
9150.300781 0.000000 8042.477539 0.000000 0.521712 0.000000 0.853122 0.279530 0.279530 0.279530
9152.817383 0.000000 8003.377930 0.000000 0.943625 0.000000 0.331017 0.756201 0.756201 0.756201
9176.870117 0.000000 8013.771484 0.000000 0.257799 0.000000 -0.966199 1.383477 1.383477 1.383477
9149.244141 0.000000 7986.275391 0.000000 0.913894 0.000000 -0.405954 0.862617 0.862617 0.862617
9153.711914 0.000000 8055.956543 0.000000 0.056626 0.000000 -0.998395 1.008663 1.008663 1.008663
9161.010742 0.000000 8025.431152 0.000000 0.001480 0.000000 -0.999999 1.436263 1.436263 1.436263
9180.679688 0.000000 7993.629395 0.000000 0.957410 0.000000 0.288731 0.756710 0.756710 0.756710
9176.318359 0.000000 8002.906250 0.000000 0.999269 0.000000 -0.038216 0.814582 0.814582 0.814582
9161.953125 0.000000 8036.347168 0.000000 0.632439 0.000000 -0.774610 1.092009 1.092009 1.092009
9147.422852 0.000000 8054.077148 0.000000 0.129420 0.000000 0.991590 0.143806 0.143806 0.143806
9179.058594 0.000000 8016.639160 0.000000 0.596881 0.000000 0.802330 0.647496 0.647496 0.647496
9152.440430 0.000000 8048.101074 0.000000 0.942272 0.000000 -0.334849 0.954120 0.954120 0.954120
9181.283203 0.000000 8000.011719 0.000000 0.809103 0.000000 0.587666 0.674539 0.674539 0.674539
9184.662109 0.000000 7993.566406 0.000000 0.236497 0.000000 -0.971632 1.074021 1.074021 1.074021
9182.494141 0.000000 7985.189941 0.000000 0.998411 0.000000 0.056348 0.788515 0.788515 0.788515
9157.888672 0.000000 8031.806152 0.000000 0.999352 0.000000 0.035986 0.784832 0.784832 0.784832
9154.022461 0.000000 8058.097656 0.000000 0.048258 0.000000 0.998835 0.331711 0.331711 0.331711
9174.056641 0.000000 7993.935547 0.000000 0.718938 0.000000 0.695074 0.559017 0.559017 0.559017
9161.366211 0.000000 8029.668457 0.000000 0.996561 0.000000 -0.082859 0.825183 0.825183 0.825183
9156.504883 0.000000 8049.352051 0.000000 0.916163 0.000000 -0.400806 0.968026 0.968026 0.968026
9150.431641 0.000000 8024.016602 0.000000 0.926855 0.000000 -0.375419 0.925288 0.925288 0.925288
9154.910156 0.000000 8032.034668 0.000000 0.125635 0.000000 -0.992077 1.131852 1.131852 1.131852
9177.693359 0.000000 7999.851074 0.000000 0.939832 0.000000 -0.341638 0.960858 0.960858 0.960858
9171.679688 0.000000 8024.464844 0.000000 0.852509 0.000000 -0.522713 1.038383 1.038383 1.038383
9147.802734 0.000000 8040.586426 0.000000 0.993122 0.000000 0.117083 0.776562 0.776562 0.776562
9178.775391 0.000000 7993.072754 0.000000 0.966569 0.000000 0.256405 0.687101 0.687101 0.687101
9175.477539 0.000000 7990.728027 0.000000 0.975975 0.000000 -0.217881 0.842991 0.842991 0.842991
9175.514648 0.000000 8009.665039 0.000000 0.841471 0.000000 0.540302 0.682579 0.682579 0.682579
9159.521484 0.000000 8055.335938 0.000000 0.802972 0.000000 0.596017 0.507956 0.507956 0.507956
9152.222656 0.000000 8060.795410 0.000000 0.558431 0.000000 -0.829551 1.077455 1.077455 1.077455
9156.100586 0.000000 8021.491699 0.000000 0.042262 0.000000 0.999107 0.467242 0.467242 0.467242
9185.936523 0.000000 8002.234375 0.000000 0.873948 0.000000 0.486020 0.587132 0.587132 0.587132
9172.565430 0.000000 7984.113281 0.000000 0.793320 0.000000 -0.608805 0.950339 0.950339 0.950339
9158.739258 0.000000 8026.747070 0.000000 0.892669 0.000000 -0.450713 0.983032 0.983032 0.983032
9157.686523 0.000000 8056.103027 0.000000 0.614272 0.000000 0.789094 0.402262 0.402262 0.402262
9183.611328 0.000000 7989.016113 0.000000 0.968087 0.000000 -0.250614 0.862229 0.862229 0.862229
9183.034180 0.000000 8003.552246 0.000000 0.905681 0.000000 0.423960 0.643479 0.643479 0.643479
9160.683594 0.000000 8034.787109 0.000000 0.247443 0.000000 -0.968902 1.145560 1.145560 1.145560
9153.747070 0.000000 8052.084473 0.000000 0.392106 0.000000 -0.919920 1.201195 1.201195 1.201195
9157.753906 0.000000 8044.845703 0.000000 0.960278 0.000000 -0.279046 0.896584 0.896584 0.896584
9180.051758 0.000000 8001.406250 0.000000 0.578366 0.000000 -0.815778 0.990551 0.990551 0.990551
9156.261719 0.000000 8061.105469 0.000000 0.517289 0.000000 -0.855811 1.226691 1.226691 1.226691
9150.730469 0.000000 8013.885254 0.000000 0.626094 0.000000 -0.779748 1.130421 1.130421 1.130421
9154.825195 0.000000 8053.696777 0.000000 0.991932 0.000000 -0.126774 0.856870 0.856870 0.856870
9155.080078 0.000000 8047.307129 0.000000 0.116099 0.000000 0.993238 0.091216 0.091216 0.091216
9158.495117 0.000000 8013.359375 0.000000 0.270987 0.000000 -0.962583 1.089988 1.089988 1.089988
9174.200195 0.000000 7973.219238 0.000000 0.881206 0.000000 -0.472732 0.916043 0.916043 0.916043
9184.902344 0.000000 7999.311035 0.000000 0.997523 0.000000 -0.070340 0.816731 0.816731 0.816731
9154.967773 0.000000 8045.170898 0.000000 0.927628 0.000000 0.373506 0.634101 0.634101 0.634101
9151.208008 0.000000 8040.903809 0.000000 0.278667 0.000000 0.960388 0.143828 0.143828 0.143828
9161.986328 0.000000 8039.681152 0.000000 0.978889 0.000000 -0.204393 0.851390 0.851390 0.851390
9153.809570 0.000000 8059.905762 0.000000 0.495437 0.000000 -0.868644 1.270851 1.270851 1.270851
9158.990234 0.000000 8016.642578 0.000000 0.331178 0.000000 -0.943568 1.300006 1.300006 1.300006
9181.069336 0.000000 8003.615723 0.000000 0.794398 0.000000 -0.607398 1.051626 1.051626 1.051626
9146.791016 0.000000 8055.928711 0.000000 0.394203 0.000000 0.919024 0.269222 0.269222 0.269222
9161.047852 0.000000 8033.081055 0.000000 0.503494 0.000000 0.863999 0.489568 0.489568 0.489568
9157.186523 0.000000 8047.741211 0.000000 0.780829 0.000000 -0.624745 1.143675 1.143675 1.143675
9185.775391 0.000000 7983.187012 0.000000 0.661037 0.000000 -0.750353 1.010161 1.010161 1.010161
9158.246094 0.000000 8020.029785 0.000000 0.911122 0.000000 -0.412137 0.923021 0.923021 0.923021
9150.742188 0.000000 8057.748047 0.000000 0.728494 0.000000 0.685052 0.509098 0.509098 0.509098
9175.167969 0.000000 7992.605957 0.000000 0.999830 0.000000 0.018428 0.794221 0.794221 0.794221
9175.427734 0.000000 8012.920898 0.000000 0.639176 0.000000 0.769060 0.467060 0.467060 0.467060
9180.422852 0.000000 8017.575195 0.000000 0.939499 0.000000 -0.342551 0.901253 0.901253 0.901253
9156.682617 0.000000 8039.348633 0.000000 0.938623 0.000000 -0.344944 0.900584 0.900584 0.900584
9157.227539 0.000000 8052.739258 0.000000 0.828434 0.000000 0.560086 0.651583 0.651583 0.651583
9151.661133 0.000000 8052.623047 0.000000 0.016673 0.000000 -0.999861 1.184890 1.184890 1.184890
9154.687500 0.000000 8050.628906 0.000000 0.995049 0.000000 -0.099387 0.841754 0.841754 0.841754
9184.273438 0.000000 7995.214844 0.000000 0.782339 0.000000 0.622852 0.493816 0.493816 0.493816
9177.003906 0.000000 7996.253906 0.000000 0.715430 0.000000 0.698684 0.552804 0.552804 0.552804
9184.332031 0.000000 7975.675781 0.000000 0.731282 0.000000 0.682076 0.552645 0.552645 0.552645
9148.268555 0.000000 8061.234375 0.000000 0.237000 0.000000 0.971510 0.435667 0.435667 0.435667
9241.232422 0.000000 7936.180664 0.000000 0.977478 0.000000 0.211036 0.794479 0.794479 0.794479
9262.909180 0.000000 7906.126953 0.000000 0.726123 0.000000 0.687564 0.771231 0.771231 0.771231
9192.281250 0.000000 7964.093262 0.000000 0.605462 0.000000 0.795874 0.770586 0.770586 0.770586
9280.026367 0.000000 7901.519531 0.000000 0.301022 0.000000 -0.953617 0.855585 0.855585 0.855585
9216.961914 0.000000 7949.239746 0.000000 0.448840 0.000000 -0.893612 0.861813 0.861813 0.861813
9226.416992 0.000000 7959.624023 0.000000 0.839088 0.000000 -0.543996 0.835613 0.835613 0.835613
9246.885742 0.000000 7902.505371 0.000000 0.993274 0.000000 -0.115788 0.807649 0.807649 0.807649
9271.723633 0.000000 7940.076660 0.000000 0.982186 0.000000 0.187912 0.789806 0.789806 0.789806
9241.259766 0.000000 7932.375000 0.000000 0.999711 0.000000 -0.024022 0.801296 0.801296 0.801296
9261.299805 0.000000 7919.243164 0.000000 0.498464 0.000000 0.866910 0.318140 0.318140 0.318140
9229.712891 0.000000 7935.926758 0.000000 0.921025 0.000000 -0.389505 0.830365 0.830365 0.830365
9270.602539 0.000000 7911.747070 0.000000 0.869790 0.000000 -0.493422 0.846378 0.846378 0.846378
9238.189453 0.000000 7931.844238 0.000000 0.717736 0.000000 0.696315 0.736927 0.736927 0.736927
9215.176758 0.000000 7958.632324 0.000000 0.540967 0.000000 -0.841044 1.308893 1.308893 1.308893
9227.728516 0.000000 7944.718262 0.000000 0.108584 0.000000 0.994087 0.689042 0.689042 0.689042
9240.853516 0.000000 7954.893066 0.000000 0.014765 0.000000 0.999891 0.103861 0.103861 0.103861
9231.448242 0.000000 7953.622559 0.000000 0.991192 0.000000 0.132432 0.785144 0.785144 0.785144
9250.208008 0.000000 7947.269531 0.000000 0.342326 0.000000 0.939581 0.321870 0.321870 0.321870
9238.292969 0.000000 7957.734863 0.000000 0.750071 0.000000 0.661357 0.494029 0.494029 0.494029
9235.280273 0.000000 7956.799316 0.000000 0.600847 0.000000 -0.799364 1.155183 1.155183 1.155183
9273.208008 0.000000 7910.540039 0.000000 0.948289 0.000000 0.317407 0.756779 0.756779 0.756779
9248.011719 0.000000 7932.054688 0.000000 0.986941 0.000000 -0.161081 0.873349 0.873349 0.873349
9248.202148 0.000000 7941.650879 0.000000 0.408935 0.000000 0.912563 0.350015 0.350015 0.350015
9192.325195 0.000000 7966.820312 0.000000 0.745330 0.000000 0.666696 0.525986 0.525986 0.525986
9217.416016 0.000000 7963.851562 0.000000 0.027995 0.000000 -0.999608 1.585740 1.585740 1.585740
9277.973633 0.000000 7907.184082 0.000000 0.577241 0.000000 -0.816574 0.925945 0.925945 0.925945
9243.017578 0.000000 7943.570312 0.000000 0.998848 0.000000 -0.047986 0.818121 0.818121 0.818121
9255.228516 0.000000 7901.941895 0.000000 0.797609 0.000000 0.603175 0.708185 0.708185 0.708185
9262.154297 0.000000 7921.729004 0.000000 0.991321 0.000000 -0.131461 0.859247 0.859247 0.859247
9265.761719 0.000000 7940.324707 0.000000 0.032253 0.000000 0.999480 0.615630 0.615630 0.615630
9259.980469 0.000000 7965.604004 0.000000 0.336281 0.000000 -0.941762 1.292907 1.292907 1.292907
9192.804688 0.000000 7961.588379 0.000000 0.597709 0.000000 -0.801713 1.134394 1.134394 1.134394
9254.395508 0.000000 7944.711914 0.000000 0.999644 0.000000 0.026680 0.796643 0.796643 0.796643
9250.857422 0.000000 7907.613770 0.000000 0.509282 0.000000 0.860600 0.659238 0.659238 0.659238
9240.246094 0.000000 7910.616699 0.000000 0.992870 0.000000 -0.119204 0.817898 0.817898 0.817898
9266.666992 0.000000 7944.272461 0.000000 0.437250 0.000000 0.899340 0.351081 0.351081 0.351081
9279.073242 0.000000 7903.846191 0.000000 0.613282 0.000000 -0.789864 0.918213 0.918213 0.918213
9245.421875 0.000000 7904.700684 0.000000 0.539192 0.000000 0.842183 0.652009 0.652009 0.652009
9244.750977 0.000000 7918.293945 0.000000 0.922357 0.000000 -0.386338 0.846741 0.846741 0.846741
9252.760742 0.000000 7939.964355 0.000000 0.731086 0.000000 -0.682285 0.897480 0.897480 0.897480
9234.860352 0.000000 7918.763672 0.000000 0.431239 0.000000 -0.902238 0.964013 0.964013 0.964013
9243.405273 0.000000 7906.729004 0.000000 0.921973 0.000000 0.387254 0.741229 0.741229 0.741229
9255.042969 0.000000 7926.272461 0.000000 0.652776 0.000000 0.757551 0.400001 0.400001 0.400001
9229.785156 0.000000 7951.868652 0.000000 0.122445 0.000000 0.992475 0.146388 0.146388 0.146388
9251.426758 0.000000 7903.681152 0.000000 0.939456 0.000000 0.342668 0.749705 0.749705 0.749705
9245.856445 0.000000 7944.751953 0.000000 0.496638 0.000000 -0.867958 1.198857 1.198857 1.198857
9194.728516 0.000000 7965.530273 0.000000 0.690699 0.000000 -0.723143 0.901710 0.901710 0.901710
9256.283203 0.000000 7904.152344 0.000000 0.350654 0.000000 -0.936505 0.971941 0.971941 0.971941
9248.125000 0.000000 7907.591797 0.000000 0.995362 0.000000 0.096200 0.785953 0.785953 0.785953
9258.048828 0.000000 7964.169922 0.000000 0.936918 0.000000 -0.349548 0.943352 0.943352 0.943352
9238.782227 0.000000 7917.251953 0.000000 0.500410 0.000000 -0.865789 0.956792 0.956792 0.956792
9259.004883 0.000000 7937.692383 0.000000 0.379951 0.000000 0.925007 0.410791 0.410791 0.410791
9249.170898 0.000000 7903.133789 0.000000 0.790182 0.000000 -0.612872 0.896182 0.896182 0.896182
9254.976562 0.000000 7906.268066 0.000000 0.791565 0.000000 0.611086 0.705461 0.705461 0.705461
9241.018555 0.000000 7944.754883 0.000000 0.881079 0.000000 -0.472970 1.012534 1.012534 1.012534
9259.578125 0.000000 7900.310547 0.000000 0.882904 0.000000 0.469554 0.640876 0.640876 0.640876
9265.522461 0.000000 7904.388672 0.000000 0.640322 0.000000 -0.768107 0.920704 0.920704 0.920704
9265.366211 0.000000 7948.696289 0.000000 0.851757 0.000000 -0.523938 1.023587 1.023587 1.023587
9251.550781 0.000000 7909.845215 0.000000 0.127982 0.000000 -0.991777 1.010309 1.010309 1.010309
9255.853516 0.000000 7920.645020 0.000000 0.145437 0.000000 0.989367 0.563803 0.563803 0.563803
9253.054688 0.000000 7901.077148 0.000000 0.511738 0.000000 0.859141 0.651369 0.651369 0.651369
9256.454102 0.000000 7933.852051 0.000000 0.627379 0.000000 0.778714 0.678772 0.678772 0.678772
9242.486328 0.000000 7915.012695 0.000000 0.605424 0.000000 0.795903 0.662116 0.662116 0.662116
9234.227539 0.000000 7916.395020 0.000000 0.728636 0.000000 -0.684901 0.913014 0.913014 0.913014
9267.371094 0.000000 7919.275879 0.000000 0.537373 0.000000 -0.843344 1.250941 1.250941 1.250941
9269.502930 0.000000 7945.837891 0.000000 0.369221 0.000000 0.929342 0.266441 0.266441 0.266441
9252.294922 0.000000 7905.850098 0.000000 0.120845 0.000000 -0.992671 1.008462 1.008462 1.008462
9220.971680 0.000000 7952.878418 0.000000 0.339151 0.000000 -0.940732 0.983464 0.983464 0.983464
9229.689453 0.000000 7949.645508 0.000000 0.623215 0.000000 0.782050 0.437730 0.437730 0.437730
9277.208984 0.000000 7916.075195 0.000000 0.857854 0.000000 -0.513894 0.898093 0.898093 0.898093
9251.260742 0.000000 7929.149902 0.000000 0.322985 0.000000 -0.946404 1.281198 1.281198 1.281198
9229.011719 0.000000 7964.438477 0.000000 0.992685 0.000000 -0.120732 0.824655 0.824655 0.824655
9255.695312 0.000000 7942.604980 0.000000 0.888213 0.000000 -0.459431 0.973517 0.973517 0.973517
9268.458984 0.000000 7928.039062 0.000000 0.145962 0.000000 0.989290 0.142877 0.142877 0.142877
9262.752930 0.000000 7940.024414 0.000000 0.975215 0.000000 0.221259 0.766135 0.766135 0.766135
9254.054688 0.000000 7948.875000 0.000000 0.812364 0.000000 -0.583150 1.020096 1.020096 1.020096
9271.075195 0.000000 7926.586426 0.000000 0.057635 0.000000 -0.998338 1.389305 1.389305 1.389305
9246.182617 0.000000 7954.358887 0.000000 0.225353 0.000000 -0.974277 1.054911 1.054911 1.054911
9269.085938 0.000000 7930.241211 0.000000 0.559206 0.000000 0.829029 0.403736 0.403736 0.403736
9230.531250 0.000000 7955.575195 0.000000 0.472473 0.000000 0.881345 0.619028 0.619028 0.619028
9202.339844 0.000000 7958.101562 0.000000 0.111796 0.000000 -0.993731 1.237026 1.237026 1.237026
9263.391602 0.000000 7919.977539 0.000000 0.966745 0.000000 0.255742 0.686883 0.686883 0.686883
9192.156250 0.000000 7959.177246 0.000000 0.828725 0.000000 -0.559656 0.929307 0.929307 0.929307
9234.193359 0.000000 7954.849609 0.000000 0.671192 0.000000 -0.741284 0.945086 0.945086 0.945086
9279.645508 0.000000 7934.967773 0.000000 0.512823 0.000000 0.858494 0.313415 0.313415 0.313415
9242.654297 0.000000 7910.875000 0.000000 0.524918 0.000000 0.851153 0.647484 0.647484 0.647484
9251.630859 0.000000 7938.063965 0.000000 0.957677 0.000000 0.287844 0.707863 0.707863 0.707863
9260.531250 0.000000 7902.270020 0.000000 0.871784 0.000000 0.489890 0.688546 0.688546 0.688546
9259.208984 0.000000 7924.935547 0.000000 0.298211 0.000000 -0.954500 1.397660 1.397660 1.397660
9243.590820 0.000000 7957.197754 0.000000 0.057331 0.000000 -0.998355 1.099246 1.099246 1.099246
9268.565430 0.000000 7912.026367 0.000000 0.261489 0.000000 0.965207 0.244313 0.244313 0.244313
9266.837891 0.000000 7926.685059 0.000000 0.180725 0.000000 -0.983534 1.033042 1.033042 1.033042
9258.857422 0.000000 7945.437500 0.000000 0.980613 0.000000 0.195954 0.767699 0.767699 0.767699
9248.652344 0.000000 7938.292480 0.000000 0.319958 0.000000 0.947432 0.228040 0.228040 0.228040
9204.312500 0.000000 7957.639160 0.000000 0.542735 0.000000 0.839904 0.598863 0.598863 0.598863
9268.753906 0.000000 7943.950195 0.000000 0.629462 0.000000 -0.777031 1.173257 1.173257 1.173257
9245.063477 0.000000 7952.661133 0.000000 0.574647 0.000000 -0.818401 0.960826 0.960826 0.960826
9216.015625 0.000000 7962.328125 0.000000 0.186245 0.000000 -0.982503 1.504589 1.504589 1.504589
9265.421875 0.000000 7930.722656 0.000000 0.967977 0.000000 0.251040 0.684448 0.684448 0.684448
9231.070312 0.000000 7943.661621 0.000000 0.981674 0.000000 -0.190569 0.855528 0.855528 0.855528
9257.533203 0.000000 7921.848145 0.000000 0.983705 0.000000 0.179790 0.744760 0.744760 0.744760
9262.662109 0.000000 7943.831543 0.000000 0.349540 0.000000 0.936921 0.560016 0.560016 0.560016
9241.544922 0.000000 7946.844238 0.000000 0.883892 0.000000 0.467692 0.693079 0.693079 0.693079
9279.406250 0.000000 7931.589355 0.000000 0.938431 0.000000 -0.345467 0.885949 0.885949 0.885949
9248.523438 0.000000 7946.279785 0.000000 0.998409 0.000000 0.056384 0.773635 0.773635 0.773635
9253.809570 0.000000 7929.519531 0.000000 0.040212 0.000000 -0.999191 1.441954 1.441954 1.441954
9201.998047 0.000000 7960.296387 0.000000 0.544049 0.000000 -0.839053 1.080355 1.080355 1.080355
9239.070312 0.000000 7954.080078 0.000000 0.121010 0.000000 0.992651 0.313644 0.313644 0.313644
9247.374023 0.000000 7943.375977 0.000000 0.247405 0.000000 0.968912 0.293515 0.293515 0.293515
9239.282227 0.000000 7956.091309 0.000000 0.871465 0.000000 -0.490458 1.017049 1.017049 1.017049
9257.751953 0.000000 7939.322266 0.000000 0.971867 0.000000 -0.235529 0.875979 0.875979 0.875979
9264.902344 0.000000 7913.487305 0.000000 0.101722 0.000000 -0.994813 1.131513 1.131513 1.131513
9269.936523 0.000000 7960.029785 0.000000 0.032759 0.000000 -0.999463 1.248485 1.248485 1.248485
9239.586914 0.000000 7959.168457 0.000000 0.925896 0.000000 0.377778 0.703285 0.703285 0.703285
9259.059570 0.000000 7931.001465 0.000000 0.932990 0.000000 -0.359901 0.920590 0.920590 0.920590
9268.115234 0.000000 7933.242676 0.000000 0.936483 0.000000 -0.350712 0.883734 0.883734 0.883734
9247.962891 0.000000 7936.453125 0.000000 0.729950 0.000000 0.683500 0.577554 0.577554 0.577554
9262.797852 0.000000 7926.484375 0.000000 0.566193 0.000000 0.824273 0.432320 0.432320 0.432320
9252.481445 0.000000 7933.004883 0.000000 0.994019 0.000000 -0.109211 0.831909 0.831909 0.831909
9217.087891 0.000000 7958.985352 0.000000 0.980521 0.000000 -0.196414 0.882919 0.882919 0.882919
9210.069336 0.000000 7958.021484 0.000000 0.755775 0.000000 0.654831 0.608923 0.608923 0.608923
9216.105469 0.000000 7956.980957 0.000000 0.292669 0.000000 -0.956214 1.184150 1.184150 1.184150
9254.425781 0.000000 7941.044922 0.000000 0.998647 0.000000 -0.052003 0.815379 0.815379 0.815379
9251.496094 0.000000 7951.103516 0.000000 0.713062 0.000000 0.701101 0.489653 0.489653 0.489653
9257.948242 0.000000 7941.166016 0.000000 0.270427 0.000000 0.962740 0.540966 0.540966 0.540966
9229.751953 0.000000 7921.573242 0.000000 0.648214 0.000000 -0.761458 0.998804 0.998804 0.998804
9208.274414 0.000000 7957.535645 0.000000 0.728819 0.000000 0.684707 0.575558 0.575558 0.575558
9230.625000 0.000000 7959.509766 0.000000 0.653652 0.000000 0.756795 0.568553 0.568553 0.568553
9213.714844 0.000000 7959.714355 0.000000 0.037924 0.000000 0.999281 0.457113 0.457113 0.457113
9259.269531 0.000000 7935.869629 0.000000 0.812659 0.000000 -0.582739 0.960279 0.960279 0.960279
9260.709961 0.000000 7933.591309 0.000000 0.587762 0.000000 -0.809034 1.112480 1.112480 1.112480
9257.823242 0.000000 7946.943359 0.000000 0.170291 0.000000 0.985394 0.282837 0.282837 0.282837
9269.738281 0.000000 7913.376953 0.000000 0.186981 0.000000 -0.982364 1.388221 1.388221 1.388221
9249.259766 0.000000 7934.913574 0.000000 0.988773 0.000000 0.149425 0.745780 0.745780 0.745780
9248.822266 0.000000 7953.564941 0.000000 0.555687 0.000000 0.831392 0.439267 0.439267 0.439267
9256.477539 0.000000 7965.135254 0.000000 0.851560 0.000000 -0.524257 0.930055 0.930055 0.930055
9237.868164 0.000000 7959.705566 0.000000 0.949878 0.000000 0.312621 0.726337 0.726337 0.726337
9254.253906 0.000000 7959.009277 0.000000 0.998716 0.000000 -0.050666 0.817311 0.817311 0.817311
9280.318359 0.000000 7918.716797 0.000000 0.992748 0.000000 0.120214 0.759566 0.759566 0.759566
9262.205078 0.000000 7923.577637 0.000000 0.961161 0.000000 0.275988 0.726283 0.726283 0.726283
9278.361328 0.000000 7919.182129 0.000000 0.928440 0.000000 0.371483 0.656330 0.656330 0.656330
9228.912109 0.000000 7959.899902 0.000000 0.505190 0.000000 0.863008 0.409052 0.409052 0.409052
9248.201172 0.000000 7947.996582 0.000000 0.354205 0.000000 -0.935168 1.364906 1.364906 1.364906
9272.263672 0.000000 7918.953125 0.000000 0.473373 0.000000 -0.880862 1.282134 1.282134 1.282134
9272.964844 0.000000 7929.632812 0.000000 0.572838 0.000000 -0.819669 0.999577 0.999577 0.999577
9244.950195 0.000000 7947.161621 0.000000 0.978385 0.000000 -0.206790 0.887362 0.887362 0.887362
9276.246094 0.000000 7933.660156 0.000000 0.793580 0.000000 -0.608466 1.057370 1.057370 1.057370
9247.740234 0.000000 7939.908691 0.000000 0.250648 0.000000 -0.968078 1.344670 1.344670 1.344670
9216.539062 0.000000 7965.419922 0.000000 0.245510 0.000000 -0.969394 1.132873 1.132873 1.132873
9195.695312 0.000000 7958.499023 0.000000 0.080475 0.000000 -0.996757 1.157162 1.157162 1.157162
9271.734375 0.000000 7942.325684 0.000000 0.618264 0.000000 -0.785970 1.182878 1.182878 1.182878
9228.965820 0.000000 7962.676270 0.000000 0.986827 0.000000 0.161780 0.732171 0.732171 0.732171
9256.093750 0.000000 7918.663086 0.000000 0.532947 0.000000 -0.846148 1.172710 1.172710 1.172710
9199.185547 0.000000 7958.092773 0.000000 0.951536 0.000000 0.307536 0.711343 0.711343 0.711343
9265.223633 0.000000 7946.988770 0.000000 0.473075 0.000000 -0.881022 1.209082 1.209082 1.209082
9213.520508 0.000000 7958.013672 0.000000 0.992943 0.000000 0.118595 0.773409 0.773409 0.773409
9267.635742 0.000000 7907.933594 0.000000 0.131652 0.000000 -0.991296 1.472410 1.472410 1.472410
9275.063477 0.000000 7920.367188 0.000000 0.802266 0.000000 0.596967 0.539357 0.539357 0.539357
9267.543945 0.000000 7906.186523 0.000000 0.202028 0.000000 0.979380 0.160955 0.160955 0.160955
9227.401367 0.000000 7946.497070 0.000000 0.872363 0.000000 -0.488858 0.975466 0.975466 0.975466
9198.350586 0.000000 7959.679688 0.000000 0.997815 0.000000 -0.066064 0.818750 0.818750 0.818750
9254.790039 0.000000 7939.338867 0.000000 0.924539 0.000000 0.381087 0.625867 0.625867 0.625867
9229.728516 0.000000 7953.626953 0.000000 0.794949 0.000000 -0.606676 1.124184 1.124184 1.124184
9191.331055 0.000000 7962.519531 0.000000 0.708917 0.000000 0.705292 0.560783 0.560783 0.560783
9250.928711 0.000000 7953.999023 0.000000 0.129373 0.000000 -0.991596 1.133864 1.133864 1.133864
9267.042969 0.000000 7961.061523 0.000000 0.694429 0.000000 0.719561 0.596276 0.596276 0.596276
9251.988281 0.000000 7926.287598 0.000000 0.837240 0.000000 -0.546836 0.984890 0.984890 0.984890
9234.919922 0.000000 7966.267090 0.000000 0.980128 0.000000 0.198364 0.707074 0.707074 0.707074
9256.635742 0.000000 7960.966309 0.000000 0.951545 0.000000 -0.307508 0.942336 0.942336 0.942336
9269.169922 0.000000 7919.178711 0.000000 0.172924 0.000000 0.984935 0.200120 0.200120 0.200120
9260.483398 0.000000 7923.799805 0.000000 0.997852 0.000000 0.065513 0.776824 0.776824 0.776824
9199.149414 0.000000 7961.128418 0.000000 0.216512 0.000000 -0.976280 1.205207 1.205207 1.205207
9261.097656 0.000000 7905.831543 0.000000 0.525086 0.000000 0.851049 0.531624 0.531624 0.531624
9244.234375 0.000000 7944.675781 0.000000 0.431577 0.000000 -0.902076 1.226741 1.226741 1.226741
9266.850586 0.000000 7922.237305 0.000000 0.868689 0.000000 -0.495358 0.958364 0.958364 0.958364
9218.473633 0.000000 7962.536133 0.000000 0.999431 0.000000 0.033721 0.790637 0.790637 0.790637
9236.683594 0.000000 7957.838379 0.000000 0.998806 0.000000 -0.048854 0.814935 0.814935 0.814935
9263.998047 0.000000 7921.491699 0.000000 0.645256 0.000000 0.763967 0.409293 0.409293 0.409293
9277.703125 0.000000 7920.671875 0.000000 0.871863 0.000000 0.489750 0.650760 0.650760 0.650760
9257.304688 0.000000 7942.614258 0.000000 0.995334 0.000000 -0.096493 0.825672 0.825672 0.825672
9266.669922 0.000000 7913.569824 0.000000 0.999203 0.000000 -0.039924 0.815234 0.815234 0.815234
9279.863281 0.000000 7933.102539 0.000000 0.291814 0.000000 -0.956475 1.197149 1.197149 1.197149
9272.659180 0.000000 7926.652344 0.000000 0.978188 0.000000 0.207721 0.723522 0.723522 0.723522
9371.749023 0.000000 7933.153320 0.000000 0.847780 0.000000 0.530348 0.787719 0.787719 0.787719
9299.959961 0.000000 7911.147461 0.000000 0.937073 0.000000 -0.349134 0.815671 0.815671 0.815671
9313.346680 0.000000 7886.232910 0.000000 0.892703 0.000000 0.450645 0.776658 0.776658 0.776658
9317.867188 0.000000 7885.178711 0.000000 0.464013 0.000000 -0.885828 0.845644 0.845644 0.845644
9337.635742 0.000000 7900.013672 0.000000 0.453869 0.000000 0.891068 0.736306 0.736306 0.736306
9332.576172 0.000000 7901.984863 0.000000 0.719672 0.000000 0.694314 0.444387 0.444387 0.444387
9332.561523 0.000000 7919.974609 0.000000 0.779339 0.000000 0.626603 0.760777 0.760777 0.760777
9338.940430 0.000000 7921.822754 0.000000 0.698652 0.000000 0.715461 0.430571 0.430571 0.430571
9349.207031 0.000000 7914.882812 0.000000 0.641707 0.000000 0.766950 0.758102 0.758102 0.758102
9329.304688 0.000000 7908.615234 0.000000 0.117333 0.000000 -0.993093 0.895778 0.895778 0.895778
9338.176758 0.000000 7896.400391 0.000000 0.765465 0.000000 0.643478 0.753928 0.753928 0.753928
9326.021484 0.000000 7895.742188 0.000000 0.836532 0.000000 -0.547918 0.833586 0.833586 0.833586
9333.512695 0.000000 7905.710449 0.000000 0.996708 0.000000 0.081079 0.763363 0.763363 0.763363
9355.192383 0.000000 7925.197754 0.000000 0.992984 0.000000 -0.118252 0.852554 0.852554 0.852554
9321.683594 0.000000 7874.436523 0.000000 0.828077 0.000000 0.560614 0.760776 0.760776 0.760776
9344.123047 0.000000 7925.745117 0.000000 0.310450 0.000000 -0.950590 0.902779 0.902779 0.902779
9322.605469 0.000000 7890.102051 0.000000 0.965024 0.000000 -0.262160 0.923970 0.923970 0.923970
9329.972656 0.000000 7877.026367 0.000000 0.328660 0.000000 -0.944448 0.908610 0.908610 0.908610
9358.480469 0.000000 7926.287109 0.000000 0.871819 0.000000 -0.489828 0.838850 0.838850 0.838850
9311.482422 0.000000 7902.548340 0.000000 0.652594 0.000000 0.757708 0.446254 0.446254 0.446254
9321.464844 0.000000 7900.185059 0.000000 0.329975 0.000000 -0.943990 1.330111 1.330111 1.330111
9341.864258 0.000000 7921.611816 0.000000 0.316605 0.000000 0.948557 0.672814 0.672814 0.672814
9339.205078 0.000000 7879.512207 0.000000 0.291892 0.000000 -0.956451 0.924738 0.924738 0.924738
9332.053711 0.000000 7893.614258 0.000000 0.336095 0.000000 0.941828 0.240792 0.240792 0.240792
9335.271484 0.000000 7901.445312 0.000000 0.695582 0.000000 0.718446 0.716752 0.716752 0.716752
9298.830078 0.000000 7908.683594 0.000000 0.962738 0.000000 -0.270437 0.833363 0.833363 0.833363
9343.707031 0.000000 7912.652344 0.000000 0.865759 0.000000 0.500461 0.747659 0.747659 0.747659
9303.297852 0.000000 7906.468262 0.000000 0.741739 0.000000 -0.670689 0.888095 0.888095 0.888095
9324.699219 0.000000 7874.416992 0.000000 0.753738 0.000000 -0.657175 0.875904 0.875904 0.875904
9351.222656 0.000000 7916.754395 0.000000 0.388931 0.000000 -0.921267 0.912292 0.912292 0.912292
9287.675781 0.000000 7917.022949 0.000000 0.997219 0.000000 0.074523 0.765586 0.765586 0.765586
9285.963867 0.000000 7904.232422 0.000000 0.243795 0.000000 -0.969827 0.969305 0.969305 0.969305
9361.042969 0.000000 7931.503418 0.000000 0.665993 0.000000 -0.745958 0.882399 0.882399 0.882399
9320.537109 0.000000 7895.277832 0.000000 0.998655 0.000000 -0.051845 0.819165 0.819165 0.819165
9287.184570 0.000000 7912.399902 0.000000 0.350052 0.000000 0.936730 0.678851 0.678851 0.678851
9337.441406 0.000000 7881.320801 0.000000 0.553922 0.000000 0.832569 0.693904 0.693904 0.693904
9309.419922 0.000000 7913.620605 0.000000 0.856772 0.000000 -0.515695 1.015346 1.015346 1.015346
9333.205078 0.000000 7895.838379 0.000000 0.862519 0.000000 -0.506025 1.045844 1.045844 1.045844
9307.945312 0.000000 7908.077637 0.000000 0.939486 0.000000 0.342588 0.633089 0.633089 0.633089
9292.949219 0.000000 7914.696289 0.000000 0.151376 0.000000 -0.988476 1.338413 1.338413 1.338413
9304.493164 0.000000 7897.590820 0.000000 0.670681 0.000000 0.741746 0.701527 0.701527 0.701527
9299.100586 0.000000 7904.266113 0.000000 0.801913 0.000000 -0.597441 0.878009 0.878009 0.878009
9299.475586 0.000000 7899.146973 0.000000 0.819962 0.000000 0.572418 0.726967 0.726967 0.726967
9290.818359 0.000000 7910.138184 0.000000 0.808416 0.000000 -0.588612 0.879188 0.879188 0.879188
9356.355469 0.000000 7933.488770 0.000000 0.120097 0.000000 0.992762 0.284367 0.284367 0.284367
9327.106445 0.000000 7888.756348 0.000000 0.137774 0.000000 -0.990464 1.306434 1.306434 1.306434
9313.715820 0.000000 7910.869141 0.000000 0.538559 0.000000 -0.842588 1.182262 1.182262 1.182262
9308.041992 0.000000 7899.551270 0.000000 0.233509 0.000000 -0.972355 0.978658 0.978658 0.978658
9280.963867 0.000000 7903.732422 0.000000 0.812374 0.000000 0.583136 0.719176 0.719176 0.719176
9314.573242 0.000000 7906.845215 0.000000 0.546416 0.000000 -0.837514 1.210418 1.210418 1.210418
9283.391602 0.000000 7910.772949 0.000000 0.548837 0.000000 -0.835929 0.928499 0.928499 0.928499
9371.434570 0.000000 7944.042480 0.000000 0.922467 0.000000 -0.386077 0.970998 0.970998 0.970998
9306.151367 0.000000 7902.139648 0.000000 0.806739 0.000000 -0.590908 0.897222 0.897222 0.897222
9281.810547 0.000000 7918.011719 0.000000 0.352741 0.000000 -0.935721 1.206099 1.206099 1.206099
9335.143555 0.000000 7885.201660 0.000000 0.571099 0.000000 0.820881 0.669219 0.669219 0.669219
9325.516602 0.000000 7913.397461 0.000000 0.450944 0.000000 -0.892552 0.936580 0.936580 0.936580
9285.800781 0.000000 7910.401855 0.000000 0.034926 0.000000 -0.999390 0.996319 0.996319 0.996319
9324.675781 0.000000 7911.237305 0.000000 0.964334 0.000000 0.264687 0.759874 0.759874 0.759874
9319.850586 0.000000 7901.891602 0.000000 0.592069 0.000000 -0.805887 0.936638 0.936638 0.936638
9297.310547 0.000000 7921.096680 0.000000 0.772050 0.000000 0.635561 0.494624 0.494624 0.494624
9321.505859 0.000000 7908.891113 0.000000 0.876588 0.000000 0.481242 0.581399 0.581399 0.581399
9289.600586 0.000000 7912.238281 0.000000 0.561418 0.000000 -0.827532 0.981043 0.981043 0.981043
9289.568359 0.000000 7907.947266 0.000000 0.219882 0.000000 0.975526 0.630248 0.630248 0.630248
9320.333008 0.000000 7912.755371 0.000000 0.882593 0.000000 0.470138 0.723752 0.723752 0.723752
9334.256836 0.000000 7892.133789 0.000000 0.833209 0.000000 0.552958 0.529683 0.529683 0.529683
9349.595703 0.000000 7920.645020 0.000000 0.996843 0.000000 0.079394 0.769364 0.769364 0.769364
9313.039062 0.000000 7893.159180 0.000000 0.969635 0.000000 0.244557 0.764472 0.764472 0.764472
9330.619141 0.000000 7891.895508 0.000000 0.874431 0.000000 0.485149 0.565293 0.565293 0.565293
9331.123047 0.000000 7885.549805 0.000000 0.270299 0.000000 0.962776 0.623839 0.623839 0.623839
9329.528320 0.000000 7910.983887 0.000000 0.384456 0.000000 -0.923143 1.173508 1.173508 1.173508
9294.888672 0.000000 7921.240723 0.000000 0.928033 0.000000 0.372497 0.685649 0.685649 0.685649
9318.615234 0.000000 7893.345215 0.000000 0.958691 0.000000 0.284449 0.691699 0.691699 0.691699
9304.044922 0.000000 7901.677246 0.000000 0.333871 0.000000 0.942619 0.571464 0.571464 0.571464
9298.526367 0.000000 7919.274414 0.000000 0.893205 0.000000 0.449649 0.620229 0.620229 0.620229
9332.083984 0.000000 7904.100586 0.000000 0.223860 0.000000 -0.974621 1.407111 1.407111 1.407111
9326.488281 0.000000 7901.047852 0.000000 0.749229 0.000000 -0.662311 0.917110 0.917110 0.917110
9297.563477 0.000000 7915.262695 0.000000 0.058212 0.000000 -0.998304 1.383039 1.383039 1.383039
9308.133789 0.000000 7904.253418 0.000000 0.435496 0.000000 -0.900191 1.272075 1.272075 1.272075
9290.936523 0.000000 7914.241211 0.000000 0.626081 0.000000 0.779758 0.541017 0.541017 0.541017
9342.538086 0.000000 7896.612305 0.000000 0.828732 0.000000 0.559646 0.675441 0.675441 0.675441
9334.292969 0.000000 7918.870117 0.000000 0.984123 0.000000 0.177488 0.716965 0.716965 0.716965
9311.712891 0.000000 7895.999023 0.000000 0.102616 0.000000 -0.994721 1.128378 1.128378 1.128378
9310.135742 0.000000 7911.693359 0.000000 0.766690 0.000000 0.642017 0.575835 0.575835 0.575835
9320.260742 0.000000 7903.929199 0.000000 0.712631 0.000000 0.701540 0.622962 0.622962 0.622962
9306.751953 0.000000 7909.788086 0.000000 0.767207 0.000000 0.641400 0.467618 0.467618 0.467618
9336.905273 0.000000 7921.809570 0.000000 0.458680 0.000000 0.888602 0.384745 0.384745 0.384745
9324.539062 0.000000 7889.205078 0.000000 0.257086 0.000000 -0.966388 1.226728 1.226728 1.226728
9359.164062 0.000000 7930.722656 0.000000 0.741241 0.000000 -0.671239 1.120400 1.120400 1.120400
9334.298828 0.000000 7920.912109 0.000000 0.824985 0.000000 0.565155 0.556484 0.556484 0.556484
9308.523438 0.000000 7920.294434 0.000000 0.943904 0.000000 0.330221 0.681702 0.681702 0.681702
9296.755859 0.000000 7917.134277 0.000000 0.993735 0.000000 -0.111762 0.844066 0.844066 0.844066
9312.625000 0.000000 7915.092773 0.000000 0.574577 0.000000 0.818450 0.616182 0.616182 0.616182
9322.938477 0.000000 7898.749512 0.000000 0.977419 0.000000 0.211312 0.745143 0.745143 0.745143
9333.620117 0.000000 7900.304199 0.000000 0.073986 0.000000 0.997259 0.106470 0.106470 0.106470
9373.148438 0.000000 7931.589355 0.000000 0.610543 0.000000 -0.791983 0.971604 0.971604 0.971604
9330.997070 0.000000 7895.321289 0.000000 0.208678 0.000000 0.977984 0.354348 0.354348 0.354348
9310.040039 0.000000 7903.849609 0.000000 0.834479 0.000000 -0.551040 1.040115 1.040115 1.040115
9310.762695 0.000000 7892.123535 0.000000 0.585013 0.000000 -0.811024 1.189173 1.189173 1.189173
9322.041992 0.000000 7894.123047 0.000000 0.672512 0.000000 -0.740086 1.161109 1.161109 1.161109
9327.426758 0.000000 7891.351562 0.000000 0.885677 0.000000 0.464302 0.676562 0.676562 0.676562
9322.681641 0.000000 7892.119141 0.000000 0.996818 0.000000 -0.079717 0.822314 0.822314 0.822314
9307.467773 0.000000 7923.728516 0.000000 0.936967 0.000000 -0.349419 0.880560 0.880560 0.880560
9311.777344 0.000000 7910.351562 0.000000 0.425166 0.000000 0.905115 0.436112 0.436112 0.436112
9324.486328 0.000000 7907.137207 0.000000 0.946838 0.000000 -0.321709 0.915787 0.915787 0.915787
9296.113281 0.000000 7912.368652 0.000000 0.239644 0.000000 0.970861 0.454990 0.454990 0.454990
9354.841797 0.000000 7929.659668 0.000000 0.808226 0.000000 0.588873 0.598786 0.598786 0.598786
9361.857422 0.000000 7933.242676 0.000000 0.301983 0.000000 -0.953313 1.166061 1.166061 1.166061
9324.145508 0.000000 7895.608398 0.000000 0.807745 0.000000 -0.589532 0.935996 0.935996 0.935996
9373.625000 0.000000 7929.683105 0.000000 0.369711 0.000000 0.929147 0.350009 0.350009 0.350009
9320.647461 0.000000 7890.327148 0.000000 0.931120 0.000000 -0.364714 0.957326 0.957326 0.957326
9332.026367 0.000000 7898.901367 0.000000 0.854187 0.000000 -0.519966 1.004225 1.004225 1.004225
9322.668945 0.000000 7907.470215 0.000000 0.732395 0.000000 0.680880 0.624984 0.624984 0.624984
9338.214844 0.000000 7920.143066 0.000000 0.135144 0.000000 0.990826 0.134969 0.134969 0.134969
9309.004883 0.000000 7892.734375 0.000000 0.032843 0.000000 -0.999461 1.239246 1.239246 1.239246
9333.849609 0.000000 7907.607422 0.000000 0.656453 0.000000 0.754367 0.508100 0.508100 0.508100
9299.390625 0.000000 7915.366211 0.000000 0.328136 0.000000 -0.944630 1.229696 1.229696 1.229696
9328.916016 0.000000 7892.464844 0.000000 0.293784 0.000000 -0.955872 1.089755 1.089755 1.089755
9346.474609 0.000000 7922.900391 0.000000 0.843492 0.000000 -0.537141 1.033300 1.033300 1.033300
9328.845703 0.000000 7888.616211 0.000000 0.357486 0.000000 -0.933918 1.291051 1.291051 1.291051
9299.798828 0.000000 7913.060059 0.000000 0.939889 0.000000 0.341480 0.658012 0.658012 0.658012
9349.372070 0.000000 7924.507324 0.000000 0.953677 0.000000 0.300831 0.706627 0.706627 0.706627
9312.501953 0.000000 7906.673828 0.000000 0.327447 0.000000 0.944870 0.456534 0.456534 0.456534
9291.556641 0.000000 7915.838379 0.000000 0.587644 0.000000 -0.809120 1.072992 1.072992 1.072992
9370.092773 0.000000 7940.073242 0.000000 0.730637 0.000000 -0.682766 1.005638 1.005638 1.005638
9359.676758 0.000000 7934.178223 0.000000 0.329603 0.000000 0.944120 0.363444 0.363444 0.363444
9330.895508 0.000000 7890.176758 0.000000 0.762129 0.000000 -0.647425 1.126298 1.126298 1.126298
9282.117188 0.000000 7916.394043 0.000000 0.532024 0.000000 -0.846729 1.207399 1.207399 1.207399
9324.157227 0.000000 7897.424316 0.000000 0.889294 0.000000 0.457336 0.617853 0.617853 0.617853
9325.243164 0.000000 7892.627441 0.000000 0.308600 0.000000 0.951192 0.438462 0.438462 0.438462
9308.436523 0.000000 7909.774902 0.000000 0.724826 0.000000 0.688932 0.450876 0.450876 0.450876
9332.427734 0.000000 7897.251953 0.000000 0.243986 0.000000 -0.969779 1.130623 1.130623 1.130623
9333.715820 0.000000 7893.675293 0.000000 0.297099 0.000000 -0.954847 1.377931 1.377931 1.377931
9286.175781 0.000000 7916.505371 0.000000 0.854513 0.000000 -0.519430 1.051989 1.051989 1.051989
9373.605469 0.000000 7933.102539 0.000000 0.044639 0.000000 -0.999003 1.388277 1.388277 1.388277
9194.585938 0.000000 8003.729004 0.000000 0.999917 0.000000 -0.012890 0.800180 0.800180 0.800180
9255.841797 0.000000 8056.972656 0.000000 0.975475 0.000000 0.220109 0.792022 0.792022 0.792022
9268.333984 0.000000 8015.209961 0.000000 0.977846 0.000000 0.209324 0.791576 0.791576 0.791576
9252.255859 0.000000 8048.798828 0.000000 0.075471 0.000000 -0.997148 0.874659 0.874659 0.874659
9260.882812 0.000000 8038.563477 0.000000 0.992239 0.000000 0.124344 0.792530 0.792530 0.792530
9270.721680 0.000000 8022.519531 0.000000 0.566846 0.000000 0.823824 0.366879 0.366879 0.366879
9191.024414 0.000000 7973.058594 0.000000 0.999829 0.000000 0.018485 0.791397 0.791397 0.791397
9194.833984 0.000000 7988.050293 0.000000 0.870715 0.000000 -0.491787 1.035151 1.035151 1.035151
9239.105469 0.000000 8054.983887 0.000000 0.922528 0.000000 -0.385930 0.997043 0.997043 0.997043
9267.411133 0.000000 8028.750977 0.000000 0.926825 0.000000 -0.375493 0.966060 0.966060 0.966060
9275.368164 0.000000 8028.952148 0.000000 0.605356 0.000000 0.795955 0.728294 0.728294 0.728294
9263.039062 0.000000 8058.382324 0.000000 0.354252 0.000000 -0.935150 0.882077 0.882077 0.882077
9192.275391 0.000000 7990.030762 0.000000 0.949196 0.000000 -0.314686 0.948333 0.948333 0.948333
9228.721680 0.000000 7973.048828 0.000000 0.837372 0.000000 -0.546633 0.866995 0.866995 0.866995
9269.678711 0.000000 8041.952148 0.000000 0.679054 0.000000 0.734089 0.409810 0.409810 0.409810
9198.665039 0.000000 7972.571777 0.000000 0.179244 0.000000 -0.983805 1.358241 1.358241 1.358241
9230.957031 0.000000 7968.159180 0.000000 0.950912 0.000000 -0.309461 0.842730 0.842730 0.842730
9195.220703 0.000000 7968.968262 0.000000 0.741032 0.000000 0.671470 0.702957 0.702957 0.702957
9193.442383 0.000000 8006.142090 0.000000 0.664652 0.000000 0.747153 0.473070 0.473070 0.473070
9263.400391 0.000000 8024.401855 0.000000 0.145794 0.000000 -0.989315 1.428751 1.428751 1.428751
9187.499023 0.000000 7983.395508 0.000000 0.197224 0.000000 0.980358 0.161405 0.161405 0.161405
9269.770508 0.000000 8030.033203 0.000000 0.965845 0.000000 0.259121 0.707340 0.707340 0.707340
9254.591797 0.000000 8048.004883 0.000000 0.743853 0.000000 0.668343 0.492993 0.492993 0.492993
9186.996094 0.000000 7989.777832 0.000000 0.228069 0.000000 -0.973645 1.003505 1.003505 1.003505
9262.613281 0.000000 8027.230957 0.000000 0.992172 0.000000 0.124882 0.741233 0.741233 0.741233
9255.849609 0.000000 8044.034668 0.000000 0.219159 0.000000 -0.975689 1.247529 1.247529 1.247529
9192.058594 0.000000 8004.144043 0.000000 0.022890 0.000000 0.999738 0.070398 0.070398 0.070398
9219.325195 0.000000 7977.548828 0.000000 0.623983 0.000000 -0.781438 1.256821 1.256821 1.256821
9195.858398 0.000000 8005.980469 0.000000 0.970311 0.000000 -0.241861 0.844886 0.844886 0.844886
9190.157227 0.000000 7993.333984 0.000000 0.584399 0.000000 -0.811466 1.206500 1.206500 1.206500
9276.138672 0.000000 8025.589844 0.000000 0.221295 0.000000 -0.975207 1.341009 1.341009 1.341009
9270.612305 0.000000 8013.771484 0.000000 0.957234 0.000000 0.289316 0.671033 0.671033 0.671033
9256.506836 0.000000 8051.726074 0.000000 0.927063 0.000000 0.374906 0.611955 0.611955 0.611955
9196.731445 0.000000 7986.749023 0.000000 0.698403 0.000000 -0.715705 1.104275 1.104275 1.104275
9213.288086 0.000000 7985.428711 0.000000 0.782847 0.000000 0.622215 0.698063 0.698063 0.698063
9231.061523 0.000000 7972.500488 0.000000 0.999024 0.000000 -0.044177 0.818800 0.818800 0.818800
9268.458984 0.000000 8021.781250 0.000000 0.997239 0.000000 -0.074255 0.831321 0.831321 0.831321
9192.979492 0.000000 8002.052734 0.000000 0.997646 0.000000 -0.068579 0.810692 0.810692 0.810692
9254.054688 0.000000 8042.617188 0.000000 0.966389 0.000000 -0.257083 0.918398 0.918398 0.918398
9271.075195 0.000000 8020.328613 0.000000 0.216777 0.000000 -0.976221 1.369876 1.369876 1.369876
9275.362305 0.000000 8023.057617 0.000000 0.997396 0.000000 -0.072126 0.823068 0.823068 0.823068
9269.085938 0.000000 8023.983398 0.000000 0.374706 0.000000 -0.927144 1.006204 1.006204 1.006204
9239.245117 0.000000 7975.206543 0.000000 0.312202 0.000000 -0.950016 1.192989 1.192989 1.192989
9266.125000 0.000000 8030.716309 0.000000 0.994706 0.000000 0.102760 0.761142 0.761142 0.761142
9247.764648 0.000000 8058.097656 0.000000 0.606334 0.000000 0.795210 0.495196 0.495196 0.495196
9215.948242 0.000000 7970.288574 0.000000 0.610829 0.000000 -0.791763 1.265338 1.265338 1.265338
9259.208984 0.000000 8018.677734 0.000000 0.388375 0.000000 0.921502 0.378688 0.378688 0.378688
9187.436523 0.000000 7992.844727 0.000000 0.657572 0.000000 -0.753392 1.142515 1.142515 1.142515
9266.837891 0.000000 8020.427246 0.000000 0.308193 0.000000 0.951324 0.576473 0.576473 0.576473
9270.210938 0.000000 8032.041992 0.000000 0.658872 0.000000 -0.752255 1.172432 1.172432 1.172432
9262.248047 0.000000 8040.162598 0.000000 0.998849 0.000000 -0.047966 0.821755 0.821755 0.821755
9260.836914 0.000000 8042.934082 0.000000 0.776151 0.000000 0.630547 0.552001 0.552001 0.552001
9252.327148 0.000000 8046.674316 0.000000 0.636202 0.000000 0.771523 0.604637 0.604637 0.604637
9265.421875 0.000000 8024.464844 0.000000 0.041419 0.000000 -0.999142 1.313157 1.313157 1.313157
9268.894531 0.000000 8033.777832 0.000000 0.382456 0.000000 0.923974 0.362262 0.362262 0.362262
9262.662109 0.000000 8037.573730 0.000000 0.878039 0.000000 0.478589 0.570755 0.570755 0.570755
9210.388672 0.000000 7984.475586 0.000000 0.713890 0.000000 0.700258 0.595482 0.595482 0.595482
9190.348633 0.000000 7989.555176 0.000000 0.017696 0.000000 -0.999843 1.200146 1.200146 1.200146
9277.485352 0.000000 8028.797363 0.000000 0.813467 0.000000 -0.581611 1.045461 1.045461 1.045461
9253.263672 0.000000 8055.335938 0.000000 0.329350 0.000000 0.944208 0.457094 0.457094 0.457094
9245.964844 0.000000 8060.795410 0.000000 0.239698 0.000000 0.970848 0.351505 0.351505 0.351505
9264.878906 0.000000 8057.676758 0.000000 0.947635 0.000000 -0.319355 0.916856 0.916856 0.916856
9196.079102 0.000000 7981.785645 0.000000 0.997434 0.000000 -0.071596 0.819035 0.819035 0.819035
9251.106445 0.000000 8058.077637 0.000000 0.998243 0.000000 -0.059259 0.813855 0.813855 0.813855
9189.379883 0.000000 7996.148926 0.000000 0.659202 0.000000 0.751966 0.550140 0.550140 0.550140
9264.322266 0.000000 8022.657715 0.000000 0.842759 0.000000 0.538291 0.526406 0.526406 0.526406
9239.586914 0.000000 8052.910645 0.000000 0.854886 0.000000 0.518816 0.522197 0.522197 0.522197
9191.093750 0.000000 7991.681641 0.000000 0.436376 0.000000 -0.899764 1.128599 1.128599 1.128599
9265.896484 0.000000 8036.162598 0.000000 0.434039 0.000000 0.900894 0.524412 0.524412 0.524412
9268.115234 0.000000 8026.984863 0.000000 0.284480 0.000000 -0.958682 1.360886 1.360886 1.360886
9274.357422 0.000000 8030.524414 0.000000 0.695622 0.000000 -0.718408 1.060932 1.060932 1.060932
9251.428711 0.000000 8056.103027 0.000000 0.959667 0.000000 -0.281139 0.940586 0.940586 0.940586
9199.338867 0.000000 7989.616211 0.000000 0.393964 0.000000 -0.919126 1.160916 1.160916 1.160916
9194.526367 0.000000 7980.387207 0.000000 0.815243 0.000000 0.579119 0.613728 0.613728 0.613728
9250.003906 0.000000 8061.105469 0.000000 0.716470 0.000000 0.697618 0.454591 0.454591 0.454591
9191.878906 0.000000 7981.469727 0.000000 0.205371 0.000000 0.978684 0.451310 0.451310 0.451310
9192.946289 0.000000 7988.132812 0.000000 0.998322 0.000000 -0.057904 0.816316 0.816316 0.816316
9215.788086 0.000000 7973.673828 0.000000 0.841390 0.000000 -0.540429 0.982451 0.982451 0.982451
9257.823242 0.000000 8040.685547 0.000000 0.943630 0.000000 0.331002 0.713754 0.713754 0.713754
9197.064453 0.000000 7984.042969 0.000000 0.427582 0.000000 -0.903976 1.255478 1.255478 1.255478
9254.253906 0.000000 8052.751465 0.000000 0.487372 0.000000 -0.873194 1.287716 1.287716 1.287716
9272.964844 0.000000 8023.375000 0.000000 0.329034 0.000000 -0.944318 1.305862 1.305862 1.305862
9276.246094 0.000000 8027.402344 0.000000 0.869831 0.000000 -0.493350 1.018455 1.018455 1.018455
9191.619141 0.000000 7978.404785 0.000000 0.413713 0.000000 0.910407 0.539467 0.539467 0.539467
9194.160156 0.000000 7989.667969 0.000000 0.929644 0.000000 0.368458 0.627412 0.627412 0.627412
9247.551758 0.000000 8059.905762 0.000000 0.309682 0.000000 0.950840 0.383604 0.383604 0.383604
9187.672852 0.000000 7999.162598 0.000000 0.308233 0.000000 -0.951311 1.118954 1.118954 1.118954
9195.888672 0.000000 7989.515625 0.000000 0.928946 0.000000 -0.370214 0.973452 0.973452 0.973452
9240.533203 0.000000 8055.928711 0.000000 0.587162 0.000000 -0.809469 1.022299 1.022299 1.022299
9196.076172 0.000000 7978.115723 0.000000 0.999823 0.000000 -0.018798 0.808222 0.808222 0.808222
9198.400391 0.000000 7987.040527 0.000000 0.623647 0.000000 -0.781706 1.058093 1.058093 1.058093
9265.934570 0.000000 8027.920410 0.000000 0.474574 0.000000 -0.880216 1.174041 1.174041 1.174041
9266.447266 0.000000 8032.502441 0.000000 0.242198 0.000000 -0.970227 1.210544 1.210544 1.210544
9254.751953 0.000000 8046.206055 0.000000 0.584838 0.000000 0.811150 0.544901 0.544901 0.544901
9217.664062 0.000000 7970.300293 0.000000 0.623882 0.000000 0.781519 0.425532 0.425532 0.425532
9190.996094 0.000000 7985.462891 0.000000 0.379192 0.000000 0.925318 0.504940 0.504940 0.504940
9264.730469 0.000000 8037.465820 0.000000 0.985647 0.000000 0.168820 0.758328 0.758328 0.758328
9214.617188 0.000000 7971.402344 0.000000 0.724048 0.000000 -0.689750 1.187647 1.187647 1.187647
9190.601562 0.000000 7983.677734 0.000000 0.821546 0.000000 0.570143 0.544335 0.544335 0.544335
9268.046875 0.000000 8030.262695 0.000000 0.474457 0.000000 0.880279 0.419463 0.419463 0.419463
9199.498047 0.000000 7982.042480 0.000000 0.361669 0.000000 0.932306 0.382720 0.382720 0.382720
9193.802734 0.000000 7983.868652 0.000000 0.877214 0.000000 -0.480100 0.976027 0.976027 0.976027
9255.105469 0.000000 8049.501465 0.000000 0.112230 0.000000 0.993682 0.188347 0.188347 0.188347
9257.509766 0.000000 8042.237793 0.000000 0.572493 0.000000 -0.819909 1.124455 1.124455 1.124455
9296.616211 0.000000 8000.701660 0.000000 0.967086 0.000000 0.254450 0.682329 0.682329 0.682329
9296.220703 0.000000 8020.278320 0.000000 0.998389 0.000000 -0.056748 0.804309 0.804309 0.804309
9349.856445 0.000000 8041.423340 0.000000 0.916782 0.000000 -0.399388 0.981345 0.981345 0.981345
9355.291016 0.000000 8044.910156 0.000000 0.760164 0.000000 0.649731 0.492073 0.492073 0.492073
9315.554688 0.000000 8019.951172 0.000000 0.984843 0.000000 0.173449 0.723400 0.723400 0.723400
9353.331055 0.000000 8041.128906 0.000000 0.036912 0.000000 0.999319 0.129090 0.129090 0.129090
9357.745117 0.000000 8049.836426 0.000000 0.943671 0.000000 -0.330884 0.839739 0.839739 0.839739
9316.965820 0.000000 8010.145508 0.000000 0.591891 0.000000 0.806018 0.693285 0.693285 0.693285
9348.137695 0.000000 8038.454102 0.000000 0.250154 0.000000 0.968206 0.218267 0.218267 0.218267
9339.890625 0.000000 8043.568359 0.000000 0.992455 0.000000 -0.122608 0.845417 0.845417 0.845417
9294.468750 0.000000 8001.974121 0.000000 0.584271 0.000000 -0.811558 1.251952 1.251952 1.251952
9346.502930 0.000000 8033.706543 0.000000 0.287994 0.000000 0.957632 0.233057 0.233057 0.233057
9314.216797 0.000000 8007.482910 0.000000 0.996295 0.000000 -0.086001 0.834567 0.834567 0.834567
9298.485352 0.000000 8021.458496 0.000000 0.438438 0.000000 -0.898761 1.199311 1.199311 1.199311
9307.876953 0.000000 8026.347656 0.000000 0.984438 0.000000 -0.175731 0.827166 0.827166 0.827166
9294.791992 0.000000 8010.640625 0.000000 0.832566 0.000000 -0.553926 1.027470 1.027470 1.027470
9349.591797 0.000000 8044.034668 0.000000 0.417741 0.000000 0.908566 0.299163 0.299163 0.299163
9310.884766 0.000000 8022.441895 0.000000 0.255115 0.000000 -0.966911 1.235258 1.235258 1.235258
9301.233398 0.000000 8017.533203 0.000000 0.976704 0.000000 0.214590 0.723977 0.723977 0.723977
9290.217773 0.000000 8021.574219 0.000000 0.322510 0.000000 -0.946566 1.224320 1.224320 1.224320
9311.602539 0.000000 8016.666992 0.000000 0.635358 0.000000 -0.772218 0.958599 0.958599 0.958599
9302.281250 0.000000 8014.307617 0.000000 0.401521 0.000000 -0.915850 0.996523 0.996523 0.996523
9316.018555 0.000000 8015.455566 0.000000 0.990233 0.000000 0.139419 0.748038 0.748038 0.748038
9357.385742 0.000000 8044.287109 0.000000 0.508007 0.000000 0.861353 0.370892 0.370892 0.370892
9305.376953 0.000000 8017.074707 0.000000 0.307747 0.000000 0.951468 0.292481 0.292481 0.292481
9296.622070 0.000000 8002.782227 0.000000 0.978505 0.000000 0.206221 0.763078 0.763078 0.763078
9355.990234 0.000000 8040.162598 0.000000 0.479401 0.000000 -0.877596 1.191381 1.191381 1.191381
9354.579102 0.000000 8042.934082 0.000000 0.260023 0.000000 0.965603 0.230608 0.230608 0.230608
9308.523438 0.000000 8014.036621 0.000000 0.422414 0.000000 0.906403 0.435134 0.435134 0.435134
9356.019531 0.000000 8050.933105 0.000000 0.997868 0.000000 0.065267 0.778476 0.778476 0.778476
9353.069336 0.000000 8045.452637 0.000000 0.995723 0.000000 0.092392 0.761933 0.761933 0.761933
9310.219727 0.000000 8012.624023 0.000000 0.983528 0.000000 0.180756 0.741919 0.741919 0.741919
9298.582031 0.000000 8024.888184 0.000000 0.964636 0.000000 -0.263587 0.884173 0.884173 0.884173
9305.819336 0.000000 8021.020020 0.000000 0.003080 0.000000 0.999995 0.248926 0.248926 0.248926
9307.467773 0.000000 8017.470703 0.000000 0.499881 0.000000 0.866094 0.565721 0.565721 0.565721
9352.208984 0.000000 8051.704102 0.000000 0.069430 0.000000 -0.997587 1.423683 1.423683 1.423683
9315.499023 0.000000 8018.083496 0.000000 0.640410 0.000000 -0.768033 1.184804 1.184804 1.184804
9316.581055 0.000000 8013.713379 0.000000 0.984712 0.000000 -0.174191 0.859796 0.859796 0.859796
9299.790039 0.000000 8022.755371 0.000000 0.773144 0.000000 -0.634230 1.036006 1.036006 1.036006
9305.032227 0.000000 8023.676758 0.000000 0.989203 0.000000 0.146555 0.750648 0.750648 0.750648
9310.590820 0.000000 8020.677246 0.000000 0.996663 0.000000 0.081625 0.773561 0.773561 0.773561
9313.588867 0.000000 8019.492676 0.000000 0.886866 0.000000 -0.462028 0.944844 0.944844 0.944844
9303.924805 0.000000 8013.454590 0.000000 0.467991 0.000000 0.883733 0.527264 0.527264 0.527264
9295.790039 0.000000 8029.957031 0.000000 0.910012 0.000000 0.414581 0.688154 0.688154 0.688154
9307.244141 0.000000 8024.643066 0.000000 0.968739 0.000000 0.248084 0.681832 0.681832 0.681832
9294.135742 0.000000 8027.260254 0.000000 0.641663 0.000000 0.766987 0.587006 0.587006 0.587006
9304.543945 0.000000 8019.765137 0.000000 0.351092 0.000000 0.936341 0.531294 0.531294 0.531294
9349.470703 0.000000 8039.681152 0.000000 0.806649 0.000000 -0.591031 1.079107 1.079107 1.079107
9354.605469 0.000000 8046.528320 0.000000 0.471621 0.000000 -0.881801 1.166580 1.166580 1.166580
9301.212891 0.000000 8015.679199 0.000000 0.160510 0.000000 -0.987034 1.306752 1.306752 1.306752
9348.532227 0.000000 8033.081055 0.000000 0.857075 0.000000 0.515192 0.571916 0.571916 0.571916
9313.923828 0.000000 8011.580566 0.000000 0.067819 0.000000 0.997698 0.466811 0.466811 0.466811
9295.661133 0.000000 8028.057617 0.000000 0.865350 0.000000 0.501169 0.662653 0.662653 0.662653
9354.324219 0.000000 8049.405762 0.000000 0.512473 0.000000 -0.858703 1.249650 1.249650 1.249650
9291.125000 0.000000 8025.583496 0.000000 0.385842 0.000000 -0.922565 1.156608 1.156608 1.156608
9351.342773 0.000000 8045.082520 0.000000 0.774262 0.000000 -0.632865 1.101093 1.101093 1.101093
9301.486328 0.000000 8020.203613 0.000000 0.368528 0.000000 0.929617 0.459167 0.459167 0.459167
9344.166992 0.000000 8039.348633 0.000000 0.997045 0.000000 -0.076823 0.822577 0.822577 0.822577
9302.051758 0.000000 8023.352539 0.000000 0.994925 0.000000 -0.100619 0.838851 0.838851 0.838851
9337.976562 0.000000 8038.417969 0.000000 0.335857 0.000000 -0.941913 1.123819 1.123819 1.123819
9303.991211 0.000000 8017.903320 0.000000 0.159231 0.000000 0.987241 0.199793 0.199793 0.199793
9308.391602 0.000000 8022.634277 0.000000 0.096838 0.000000 -0.995300 1.368104 1.368104 1.368104
9354.985352 0.000000 8041.394531 0.000000 0.320512 0.000000 0.947244 0.345132 0.345132 0.345132
9152.681641 0.000000 8069.717285 0.000000 0.048460 0.000000 -0.998825 0.842566 0.842566 0.842566
9166.927734 0.000000 8070.900879 0.000000 0.665069 0.000000 0.746782 0.744425 0.744425 0.744425
9159.043945 0.000000 8071.245605 0.000000 0.561465 0.000000 0.827501 0.365910 0.365910 0.365910
9177.843750 0.000000 8077.179688 0.000000 0.957178 0.000000 0.289500 0.651591 0.651591 0.651591
9167.932617 0.000000 8073.425781 0.000000 0.573434 0.000000 -0.819252 1.239121 1.239121 1.239121
9146.592773 0.000000 8064.691406 0.000000 0.970989 0.000000 -0.239124 0.831347 0.831347 0.831347
9177.340820 0.000000 8083.744629 0.000000 0.999034 0.000000 -0.043940 0.806672 0.806672 0.806672
9152.877930 0.000000 8062.643066 0.000000 0.944957 0.000000 0.327195 0.650873 0.650873 0.650873
9164.742188 0.000000 8069.971680 0.000000 0.999947 0.000000 0.010307 0.795924 0.795924 0.795924
9173.610352 0.000000 8074.294922 0.000000 0.198593 0.000000 0.980082 0.323595 0.323595 0.323595
9175.811523 0.000000 8073.036621 0.000000 0.584680 0.000000 -0.811264 1.102401 1.102401 1.102401
9176.545898 0.000000 8081.041016 0.000000 0.032517 0.000000 -0.999471 1.377592 1.377592 1.377592
9159.078125 0.000000 8066.131348 0.000000 0.158435 0.000000 -0.987369 1.338521 1.338521 1.338521
9162.916992 0.000000 8068.976074 0.000000 0.234078 0.000000 0.972218 0.245603 0.245603 0.245603
9178.421875 0.000000 8075.272949 0.000000 0.870434 0.000000 0.492285 0.626267 0.626267 0.626267
9179.282227 0.000000 8083.398438 0.000000 0.537624 0.000000 0.843185 0.421322 0.421322 0.421322
9171.664062 0.000000 8073.999023 0.000000 0.998687 0.000000 0.051224 0.790174 0.790174 0.790174
9156.610352 0.000000 8068.417969 0.000000 0.979024 0.000000 0.203746 0.731154 0.731154 0.731154
9157.783203 0.000000 8069.857910 0.000000 0.993469 0.000000 -0.114104 0.838369 0.838369 0.838369
9185.410156 0.000000 8066.811523 0.000000 0.999987 0.000000 0.005100 0.798533 0.798533 0.798533
9157.162109 0.000000 8071.520020 0.000000 0.985403 0.000000 0.170239 0.747041 0.747041 0.747041
9174.013672 0.000000 8078.842285 0.000000 0.192001 0.000000 0.981395 0.387292 0.387292 0.387292
9159.531250 0.000000 8062.540527 0.000000 0.746237 0.000000 0.665681 0.462486 0.462486 0.462486
9156.851562 0.000000 8063.348145 0.000000 0.626530 0.000000 -0.779397 1.039182 1.039182 1.039182
9176.135742 0.000000 8076.931641 0.000000 0.669972 0.000000 0.742387 0.377252 0.377252 0.377252
9154.531250 0.000000 8069.186035 0.000000 0.787975 0.000000 -0.615707 0.956319 0.956319 0.956319
9179.556641 0.000000 8077.210938 0.000000 0.951441 0.000000 -0.307830 0.928117 0.928117 0.928117
9157.379883 0.000000 8066.792480 0.000000 0.036975 0.000000 -0.999316 1.483136 1.483136 1.483136
9160.183594 0.000000 8068.095703 0.000000 0.460059 0.000000 -0.887888 1.074989 1.074989 1.074989
9159.339844 0.000000 8069.522949 0.000000 0.344632 0.000000 0.938738 0.335004 0.335004 0.335004
9246.423828 0.000000 8069.717285 0.000000 0.996708 0.000000 -0.081079 0.803242 0.803242 0.803242
9230.541992 0.000000 8069.203125 0.000000 0.281409 0.000000 0.959588 0.183796 0.183796 0.183796
9224.088867 0.000000 8082.980957 0.000000 0.413156 0.000000 -0.910660 0.870885 0.870885 0.870885
9227.069336 0.000000 8094.109375 0.000000 0.246983 0.000000 -0.969020 1.388455 1.388455 1.388455
9208.045898 0.000000 8069.386719 0.000000 0.614383 0.000000 -0.789008 0.865371 0.865371 0.865371
9192.766602 0.000000 8073.499512 0.000000 0.730223 0.000000 -0.683209 1.153021 1.153021 1.153021
9215.376953 0.000000 8078.308105 0.000000 0.167735 0.000000 0.985832 0.127842 0.127842 0.127842
9250.800781 0.000000 8065.156250 0.000000 0.800670 0.000000 0.599105 0.499780 0.499780 0.499780
9208.532227 0.000000 8075.152832 0.000000 0.657570 0.000000 -0.753394 1.185117 1.185117 1.185117
9211.073242 0.000000 8064.365723 0.000000 0.988488 0.000000 -0.151298 0.866432 0.866432 0.866432
9205.631836 0.000000 8077.696777 0.000000 0.972306 0.000000 -0.233710 0.907889 0.907889 0.907889
9226.333008 0.000000 8070.862793 0.000000 0.297441 0.000000 0.954740 0.224767 0.224767 0.224767
9237.432617 0.000000 8075.832520 0.000000 0.746258 0.000000 0.665657 0.510508 0.510508 0.510508
9188.871094 0.000000 8081.961426 0.000000 0.986190 0.000000 -0.165616 0.864799 0.864799 0.864799
9226.794922 0.000000 8082.762207 0.000000 0.828144 0.000000 0.560515 0.513602 0.513602 0.513602
9240.334961 0.000000 8064.691406 0.000000 0.998524 0.000000 -0.054320 0.819538 0.819538 0.819538
9240.964844 0.000000 8067.600098 0.000000 0.971860 0.000000 0.235561 0.707388 0.707388 0.707388
9230.529297 0.000000 8071.915039 0.000000 0.192613 0.000000 -0.981275 1.017261 1.017261 1.017261
9220.831055 0.000000 8094.329590 0.000000 0.060117 0.000000 0.998191 0.579751 0.579751 0.579751
9241.401367 0.000000 8072.686035 0.000000 0.607712 0.000000 0.794157 0.457284 0.457284 0.457284
9208.573242 0.000000 8064.311035 0.000000 0.737976 0.000000 -0.674827 1.042624 1.042624 1.042624
9227.763672 0.000000 8096.375488 0.000000 0.374612 0.000000 -0.927182 0.965925 0.965925 0.965925
9232.657227 0.000000 8068.036133 0.000000 0.994995 0.000000 -0.099930 0.845181 0.845181 0.845181
9219.296875 0.000000 8080.643555 0.000000 0.996479 0.000000 0.083837 0.762616 0.762616 0.762616
9225.395508 0.000000 8095.658203 0.000000 0.917283 0.000000 0.398236 0.653568 0.653568 0.653568
9223.852539 0.000000 8097.714844 0.000000 0.990253 0.000000 0.139281 0.743625 0.743625 0.743625
9231.061523 0.000000 8066.242676 0.000000 0.589242 0.000000 0.807957 0.486248 0.486248 0.486248
9210.696289 0.000000 8075.561035 0.000000 0.059594 0.000000 -0.998223 1.080689 1.080689 1.080689
9239.245117 0.000000 8068.948730 0.000000 0.840808 0.000000 0.541334 0.620633 0.620633 0.620633
9237.054688 0.000000 8068.752930 0.000000 0.466601 0.000000 0.884468 0.437993 0.437993 0.437993
9208.995117 0.000000 8071.332031 0.000000 0.764708 0.000000 0.644377 0.595821 0.595821 0.595821
9217.970703 0.000000 8083.483398 0.000000 0.998495 0.000000 0.054839 0.779399 0.779399 0.779399
9202.685547 0.000000 8071.689941 0.000000 0.755085 0.000000 0.655627 0.490113 0.490113 0.490113
9242.788086 0.000000 8063.742676 0.000000 0.043052 0.000000 -0.999073 1.141739 1.141739 1.141739
9214.080078 0.000000 8076.628418 0.000000 0.869065 0.000000 -0.494699 0.899220 0.899220 0.899220
9217.020508 0.000000 8079.607910 0.000000 0.959933 0.000000 -0.280230 0.927639 0.927639 0.927639
9206.820312 0.000000 8076.108398 0.000000 0.940130 0.000000 -0.340815 0.956981 0.956981 0.956981
9212.330078 0.000000 8065.892578 0.000000 0.836695 0.000000 0.547668 0.612477 0.612477 0.612477
9228.299805 0.000000 8081.607422 0.000000 0.346522 0.000000 0.938042 0.255566 0.255566 0.255566
9206.462891 0.000000 8070.604004 0.000000 0.237884 0.000000 -0.971294 1.140166 1.140166 1.140166
9218.035156 0.000000 8097.835938 0.000000 0.863361 0.000000 0.504587 0.653168 0.653168 0.653168
9230.744141 0.000000 8094.621582 0.000000 0.909737 0.000000 0.415185 0.658052 0.658052 0.658052
9186.833984 0.000000 8068.528809 0.000000 0.969720 0.000000 -0.244219 0.847797 0.847797 0.847797
9232.336914 0.000000 8069.880371 0.000000 0.071220 0.000000 -0.997461 1.476845 1.476845 1.476845
9194.526367 0.000000 8074.129395 0.000000 0.323103 0.000000 -0.946364 1.224106 1.224106 1.224106
9209.907227 0.000000 8065.764160 0.000000 0.962762 0.000000 -0.270352 0.889669 0.889669 0.889669
9215.262695 0.000000 8080.218750 0.000000 0.769012 0.000000 0.639234 0.542373 0.542373 0.542373
9197.064453 0.000000 8077.785156 0.000000 0.949303 0.000000 -0.314363 0.919435 0.919435 0.919435
9208.746094 0.000000 8073.325684 0.000000 0.747397 0.000000 0.664377 0.480711 0.480711 0.480711
9203.313477 0.000000 8078.559570 0.000000 0.574771 0.000000 -0.818315 1.014401 1.014401 1.014401
9209.372070 0.000000 8076.719238 0.000000 0.333281 0.000000 -0.942828 1.119622 1.119622 1.119622
9200.123047 0.000000 8078.498535 0.000000 0.988531 0.000000 -0.151020 0.842086 0.842086 0.842086
9230.091797 0.000000 8073.604492 0.000000 0.093912 0.000000 0.995581 0.257308 0.257308 0.257308
9250.593750 0.000000 8063.348145 0.000000 0.417989 0.000000 -0.908452 1.200573 1.200573 1.200573
9196.076172 0.000000 8071.857910 0.000000 0.003026 0.000000 -0.999995 1.332306 1.332306 1.332306
9217.501953 0.000000 8092.724121 0.000000 0.176564 0.000000 -0.984289 1.273068 1.273068 1.273068
9220.894531 0.000000 8081.313477 0.000000 0.139273 0.000000 -0.990254 1.140124 1.140124 1.140124
9188.465820 0.000000 8080.351074 0.000000 0.109414 0.000000 -0.993996 1.369067 1.369067 1.369067
9188.083984 0.000000 8073.017578 0.000000 0.828931 0.000000 -0.559351 1.007474 1.007474 1.007474
9231.871094 0.000000 8072.899414 0.000000 0.096747 0.000000 0.995309 0.258354 0.258354 0.258354
9223.329102 0.000000 8096.174316 0.000000 0.331439 0.000000 -0.943476 1.297431 1.297431 1.297431
9434.580078 0.000000 7925.469727 0.000000 0.287541 0.000000 -0.957768 0.825547 0.825547 0.825547
9428.716797 0.000000 7936.180664 0.000000 0.989306 0.000000 0.145857 0.796492 0.796492 0.796492
9412.442383 0.000000 7899.552734 0.000000 0.997930 0.000000 0.064316 0.797301 0.797301 0.797301
9398.746094 0.000000 7946.141113 0.000000 0.955907 0.000000 -0.293670 0.812501 0.812501 0.812501
9423.919922 0.000000 7916.924316 0.000000 0.950034 0.000000 0.312146 0.789856 0.789856 0.789856
9421.489258 0.000000 7874.715332 0.000000 0.929693 0.000000 0.368335 0.786439 0.786439 0.786439
9407.088867 0.000000 7886.232910 0.000000 0.267582 0.000000 -0.963535 0.867502 0.867502 0.867502
9408.984375 0.000000 7877.866699 0.000000 0.477222 0.000000 0.878783 0.744265 0.744265 0.744265
9413.550781 0.000000 7910.486816 0.000000 0.261737 0.000000 -0.965139 0.854775 0.854775 0.854775
9404.446289 0.000000 7949.239746 0.000000 0.929184 0.000000 0.369619 0.783365 0.783365 0.783365
9399.391602 0.000000 7931.791504 0.000000 0.250281 0.000000 -0.968173 0.871064 0.871064 0.871064
9411.761719 0.000000 7903.394043 0.000000 0.990439 0.000000 -0.137952 0.809121 0.809121 0.809121
9425.584961 0.000000 7883.312988 0.000000 0.988408 0.000000 0.151823 0.787824 0.787824 0.787824
9388.073242 0.000000 7951.318359 0.000000 0.649389 0.000000 -0.760456 0.869026 0.869026 0.869026
9408.252930 0.000000 7936.875977 0.000000 0.906636 0.000000 0.421914 0.625148 0.625148 0.625148
9389.470703 0.000000 7932.533203 0.000000 0.121184 0.000000 -0.992630 0.927364 0.927364 0.927364
9417.214844 0.000000 7919.738770 0.000000 0.266531 0.000000 0.963826 0.688268 0.688268 0.688268
9416.206055 0.000000 7879.306641 0.000000 0.339885 0.000000 -0.940467 1.296259 1.296259 1.296259
9408.619141 0.000000 7929.398438 0.000000 0.984077 0.000000 -0.177744 0.817131 0.817131 0.817131
9399.508789 0.000000 7934.464355 0.000000 0.656813 0.000000 0.754054 0.458787 0.458787 0.458787
9412.267578 0.000000 7921.342773 0.000000 0.454424 0.000000 -0.890786 1.239021 1.239021 1.239021
9421.776367 0.000000 7927.210449 0.000000 0.790420 0.000000 0.612565 0.541911 0.541911 0.541911
9389.412109 0.000000 7953.395996 0.000000 0.793581 0.000000 0.608465 0.557002 0.557002 0.557002
9382.995117 0.000000 7937.778320 0.000000 0.554741 0.000000 0.832023 0.383891 0.383891 0.383891
9413.569336 0.000000 7923.452148 0.000000 0.202322 0.000000 -0.979319 1.346072 1.346072 1.346072
9407.958984 0.000000 7913.740723 0.000000 0.557705 0.000000 -0.830039 1.198953 1.198953 1.198953
9421.993164 0.000000 7896.892090 0.000000 0.231599 0.000000 -0.972811 1.331421 1.331421 1.331421
9412.400391 0.000000 7933.080566 0.000000 0.125266 0.000000 0.992123 0.283333 0.283333 0.283333
9407.458008 0.000000 7910.869141 0.000000 0.914760 0.000000 -0.403997 0.943697 0.943697 0.943697
9401.619141 0.000000 7932.605469 0.000000 0.599677 0.000000 0.800242 0.648068 0.648068 0.648068
9419.465820 0.000000 7898.075684 0.000000 0.081786 0.000000 0.996650 0.220124 0.220124 0.220124
9412.903320 0.000000 7937.755371 0.000000 0.998253 0.000000 0.059090 0.780988 0.780988 0.780988
9412.613281 0.000000 7905.512207 0.000000 0.481707 0.000000 0.876332 0.607991 0.607991 0.607991
9409.760742 0.000000 7921.713379 0.000000 0.994117 0.000000 -0.108315 0.843785 0.843785 0.843785
9413.999023 0.000000 7918.925781 0.000000 0.843210 0.000000 0.537585 0.598224 0.598224 0.598224
9413.619141 0.000000 7886.172852 0.000000 0.997681 0.000000 -0.068062 0.810883 0.810883 0.810883
9413.221680 0.000000 7916.826172 0.000000 0.703949 0.000000 -0.710251 0.918315 0.918315 0.918315
9412.102539 0.000000 7897.482422 0.000000 0.788503 0.000000 0.615031 0.585670 0.585670 0.585670
9408.232422 0.000000 7931.894531 0.000000 0.975649 0.000000 0.219340 0.713434 0.713434 0.713434
9410.993164 0.000000 7936.726074 0.000000 0.587085 0.000000 0.809525 0.425068 0.425068 0.425068
9402.580078 0.000000 7916.241699 0.000000 0.318621 0.000000 0.947882 0.289632 0.289632 0.289632
9397.559570 0.000000 7932.568848 0.000000 0.792820 0.000000 0.609455 0.560464 0.560464 0.560464
9406.367188 0.000000 7915.092773 0.000000 0.988179 0.000000 0.153305 0.737598 0.737598 0.737598
9403.961914 0.000000 7918.881836 0.000000 0.993290 0.000000 0.115651 0.773146 0.773146 0.773146
9411.110352 0.000000 7941.375488 0.000000 0.970897 0.000000 -0.239495 0.845887 0.845887 0.845887
9378.354492 0.000000 7945.533691 0.000000 0.999901 0.000000 0.014088 0.795188 0.795188 0.795188
9416.680664 0.000000 7898.749512 0.000000 0.268020 0.000000 0.963413 0.550848 0.550848 0.550848
9388.322266 0.000000 7943.249023 0.000000 0.983068 0.000000 -0.183241 0.837174 0.837174 0.837174
9424.846680 0.000000 7935.759766 0.000000 0.461595 0.000000 -0.887091 1.046226 1.046226 1.046226
9418.962891 0.000000 7936.822754 0.000000 0.947969 0.000000 -0.318363 0.890595 0.890595 0.890595
9457.420898 0.000000 7960.029785 0.000000 0.978747 0.000000 -0.205070 0.850738 0.850738 0.850738
9410.085938 0.000000 7894.377930 0.000000 0.702318 0.000000 -0.711863 0.956629 0.956629 0.956629
9408.105469 0.000000 7945.853027 0.000000 0.468434 0.000000 0.883498 0.562008 0.562008 0.562008
9406.151367 0.000000 7921.138184 0.000000 0.933859 0.000000 -0.357642 0.938790 0.938790 0.938790
9414.389648 0.000000 7890.327148 0.000000 0.245518 0.000000 0.969392 0.519966 0.519966 0.519966
9383.467773 0.000000 7943.923340 0.000000 0.121389 0.000000 -0.992605 1.289122 1.289122 1.289122
9409.241211 0.000000 7924.341309 0.000000 0.999526 0.000000 -0.030784 0.809962 0.809962 0.809962
9386.714844 0.000000 7942.190918 0.000000 0.809235 0.000000 -0.587485 1.015716 1.015716 1.015716
9419.739258 0.000000 7925.050781 0.000000 0.275458 0.000000 0.961313 0.314980 0.314980 0.314980
9417.236328 0.000000 7921.573242 0.000000 0.089176 0.000000 -0.996016 1.359234 1.359234 1.359234
9409.504883 0.000000 7933.342285 0.000000 0.845485 0.000000 0.534000 0.573856 0.573856 0.573856
9415.737305 0.000000 7876.192871 0.000000 0.337643 0.000000 0.941274 0.300326 0.300326 0.300326
9404.333008 0.000000 7926.935059 0.000000 0.912725 0.000000 -0.408575 0.921890 0.921890 0.921890
9410.462891 0.000000 7929.655273 0.000000 0.314742 0.000000 -0.949177 1.164674 1.164674 1.164674
9406.994141 0.000000 7935.604492 0.000000 0.961976 0.000000 -0.273133 0.899456 0.899456 0.899456
9408.000000 0.000000 7922.239258 0.000000 0.199555 0.000000 0.979887 0.375920 0.375920 0.375920
9435.036133 0.000000 7966.163574 0.000000 0.625154 0.000000 -0.780501 1.050385 1.050385 1.050385
9414.050781 0.000000 7933.852539 0.000000 0.623857 0.000000 -0.781538 1.133271 1.133271 1.133271
9409.634766 0.000000 7927.894531 0.000000 0.841847 0.000000 -0.539716 0.996982 0.996982 0.996982
9412.109375 0.000000 7889.257324 0.000000 0.949504 0.000000 -0.313754 0.886687 0.886687 0.886687
9415.215820 0.000000 7929.907715 0.000000 0.164333 0.000000 -0.986405 1.114445 1.114445 1.114445
9407.666016 0.000000 7917.838379 0.000000 0.374764 0.000000 -0.927120 1.281116 1.281116 1.281116
9411.003906 0.000000 7905.010254 0.000000 0.998946 0.000000 0.045902 0.788812 0.788812 0.788812
9408.909180 0.000000 7935.189941 0.000000 0.856355 0.000000 -0.516388 0.965815 0.965815 0.965815
9406.201172 0.000000 7916.796875 0.000000 0.019671 0.000000 0.999807 0.171113 0.171113 0.171113
9407.058594 0.000000 7938.072754 0.000000 0.542478 0.000000 -0.840070 1.172517 1.172517 1.172517
9404.676758 0.000000 7914.344727 0.000000 0.787998 0.000000 0.615678 0.529769 0.529769 0.529769
9415.552734 0.000000 7919.706543 0.000000 0.417526 0.000000 -0.908665 1.073240 1.073240 1.073240
9408.075195 0.000000 7897.170898 0.000000 0.695307 0.000000 0.718712 0.586976 0.586976 0.586976
9395.228516 0.000000 7926.461426 0.000000 0.885476 0.000000 0.464685 0.660042 0.660042 0.660042
9415.624023 0.000000 7935.369141 0.000000 0.920719 0.000000 -0.390226 0.904084 0.904084 0.904084
9378.342773 0.000000 7947.183105 0.000000 0.023501 0.000000 -0.999724 1.238824 1.238824 1.238824
9417.022461 0.000000 7875.217773 0.000000 0.975322 0.000000 -0.220785 0.890259 0.890259 0.890259
9419.355469 0.000000 7885.415039 0.000000 0.569202 0.000000 -0.822198 1.069900 1.069900 1.069900
9530.788086 0.000000 7905.457031 0.000000 0.466794 0.000000 -0.884366 0.815171 0.815171 0.815171
9523.867188 0.000000 7878.254883 0.000000 0.501871 0.000000 0.864942 0.760343 0.760343 0.760343
9514.523438 0.000000 7878.355469 0.000000 0.346285 0.000000 0.938129 0.710052 0.710052 0.710052
9517.457031 0.000000 7877.026367 0.000000 0.974009 0.000000 0.226510 0.778551 0.778551 0.778551
9534.841797 0.000000 7876.757324 0.000000 0.082577 0.000000 0.996585 0.672198 0.672198 0.672198
9514.360352 0.000000 7893.206055 0.000000 0.823146 0.000000 0.567830 0.714369 0.714369 0.714369
9516.950195 0.000000 7879.350586 0.000000 0.078050 0.000000 -0.996949 0.993779 0.993779 0.993779
9527.846680 0.000000 7875.158691 0.000000 0.544561 0.000000 0.838721 0.633082 0.633082 0.633082
9509.722656 0.000000 7882.803711 0.000000 0.601711 0.000000 0.798714 0.641093 0.641093 0.641093
9550.312500 0.000000 7930.241211 0.000000 0.902919 0.000000 -0.429812 0.879861 0.879861 0.879861
9534.505859 0.000000 7891.035156 0.000000 0.971190 0.000000 0.238307 0.751942 0.751942 0.751942
9523.324219 0.000000 7934.288574 0.000000 0.931893 0.000000 0.362734 0.722897 0.722897 0.722897
9548.032227 0.000000 7880.807129 0.000000 0.369203 0.000000 0.929349 0.454611 0.454611 0.454611
9524.014648 0.000000 7876.258301 0.000000 0.334615 0.000000 0.942355 0.547052 0.547052 0.547052
9527.062500 0.000000 7936.118164 0.000000 0.942655 0.000000 0.333769 0.703488 0.703488 0.703488
9529.750000 0.000000 7946.279785 0.000000 0.677496 0.000000 -0.735526 0.983217 0.983217 0.983217
9524.591797 0.000000 7932.875488 0.000000 0.891951 0.000000 -0.452132 0.913379 0.913379 0.913379
9514.911133 0.000000 7891.351562 0.000000 0.781093 0.000000 0.624415 0.631637 0.631637 0.631637
9521.128906 0.000000 7930.862793 0.000000 0.805813 0.000000 0.592170 0.681020 0.681020 0.681020
9523.072266 0.000000 7937.863281 0.000000 0.939979 0.000000 0.341233 0.724191 0.724191 0.724191
9529.427734 0.000000 7947.996582 0.000000 0.999102 0.000000 0.042363 0.790605 0.790605 0.790605
9549.628906 0.000000 7923.238770 0.000000 0.627938 0.000000 -0.778264 0.995946 0.995946 0.995946
9509.248047 0.000000 7881.085449 0.000000 0.925919 0.000000 -0.377722 0.906757 0.906757 0.906757
9515.127930 0.000000 7895.185547 0.000000 0.999068 0.000000 0.043160 0.788618 0.788618 0.788618
9518.900391 0.000000 7933.501465 0.000000 0.838560 0.000000 -0.544810 0.971459 0.971459 0.971459
9527.680664 0.000000 7931.134277 0.000000 0.460083 0.000000 0.887876 0.516288 0.516288 0.516288
9439.769531 0.000000 7974.287598 0.000000 0.613713 0.000000 0.789529 0.774554 0.774554 0.774554
9459.750977 0.000000 7968.412109 0.000000 0.561880 0.000000 0.827219 0.615169 0.615169 0.615169
9452.897461 0.000000 7968.087402 0.000000 0.856987 0.000000 0.515337 0.705926 0.705926 0.705926
9458.335938 0.000000 7971.964844 0.000000 0.462613 0.000000 -0.886560 1.035084 1.035084 1.035084
9454.900391 0.000000 7971.623047 0.000000 0.223959 0.000000 -0.974599 1.240525 1.240525 1.240525
9465.558594 0.000000 7975.675781 0.000000 0.669033 0.000000 -0.743233 1.032612 1.032612 1.032612
9540.770508 0.000000 8033.921875 0.000000 0.109221 0.000000 0.994017 0.750382 0.750382 0.750382
9556.623047 0.000000 8038.718262 0.000000 0.647042 0.000000 -0.762454 0.836368 0.836368 0.836368
9512.447266 0.000000 8058.370117 0.000000 0.994122 0.000000 -0.108269 0.807800 0.807800 0.807800
9510.627930 0.000000 8022.953125 0.000000 0.526303 0.000000 0.850297 0.714728 0.714728 0.714728
9513.938477 0.000000 8053.103027 0.000000 0.604971 0.000000 -0.796247 0.871744 0.871744 0.871744
9550.042969 0.000000 8050.183105 0.000000 0.782863 0.000000 -0.622194 0.885839 0.885839 0.885839
9551.852539 0.000000 8051.939941 0.000000 0.930146 0.000000 0.367191 0.751940 0.751940 0.751940
9558.918945 0.000000 8037.784668 0.000000 0.587675 0.000000 0.809097 0.645625 0.645625 0.645625
9536.921875 0.000000 8036.347168 0.000000 0.147816 0.000000 -0.989015 1.032958 1.032958 1.032958
9520.245117 0.000000 8030.716797 0.000000 0.421785 0.000000 -0.906696 1.031299 1.031299 1.031299
9503.767578 0.000000 8043.825684 0.000000 0.669358 0.000000 0.742940 0.544094 0.544094 0.544094
9497.173828 0.000000 8041.136230 0.000000 0.834986 0.000000 0.550272 0.618452 0.618452 0.618452
9495.412109 0.000000 8047.250000 0.000000 0.209988 0.000000 0.977704 0.376505 0.376505 0.376505
9496.344727 0.000000 8044.020996 0.000000 0.586630 0.000000 -0.809855 1.092206 1.092206 1.092206
9510.213867 0.000000 8025.047852 0.000000 0.766143 0.000000 0.642670 0.604836 0.604836 0.604836
9493.375977 0.000000 8043.014160 0.000000 0.986708 0.000000 -0.162506 0.851184 0.851184 0.851184
9507.873047 0.000000 8042.490723 0.000000 0.586470 0.000000 0.809971 0.594470 0.594470 0.594470
9542.063477 0.000000 8042.934082 0.000000 0.818196 0.000000 0.574939 0.658089 0.658089 0.658089
9485.853516 0.000000 8055.431641 0.000000 0.077172 0.000000 0.997018 0.480822 0.480822 0.480822
9489.131836 0.000000 8049.287598 0.000000 0.919685 0.000000 -0.392656 0.881398 0.881398 0.881398
9504.676758 0.000000 8041.898438 0.000000 0.797501 0.000000 0.603317 0.652539 0.652539 0.652539
9558.791992 0.000000 8049.091797 0.000000 0.150956 0.000000 -0.988540 1.111806 1.111806 1.111806
9559.815430 0.000000 8035.197754 0.000000 0.345212 0.000000 -0.938525 1.050630 1.050630 1.050630
9494.767578 0.000000 8039.702148 0.000000 0.639555 0.000000 -0.768745 0.948863 0.948863 0.948863
9546.648438 0.000000 8024.464844 0.000000 0.834983 0.000000 0.550276 0.680131 0.680131 0.680131
9531.069336 0.000000 8021.491699 0.000000 0.034877 0.000000 0.999392 0.364403 0.364403 0.364403
9483.224609 0.000000 8054.038574 0.000000 0.422300 0.000000 -0.906456 1.037982 1.037982 1.037982
9517.625977 0.000000 8034.366211 0.000000 0.923310 0.000000 0.384056 0.684270 0.684270 0.684270
9498.972656 0.000000 8045.091797 0.000000 0.540235 0.000000 -0.841514 1.109597 1.109597 1.109597
9538.978516 0.000000 8033.064453 0.000000 0.781499 0.000000 0.623906 0.672168 0.672168 0.672168
9483.212891 0.000000 8061.142090 0.000000 0.897594 0.000000 -0.440822 0.946795 0.946795 0.946795
9515.682617 0.000000 8054.256348 0.000000 0.218210 0.000000 -0.975902 1.196592 1.196592 1.196592
9549.341797 0.000000 8026.984863 0.000000 0.519661 0.000000 0.854372 0.527901 0.527901 0.527901
9533.708008 0.000000 8026.747070 0.000000 0.937971 0.000000 -0.346714 0.899002 0.899002 0.899002
9535.652344 0.000000 8034.787109 0.000000 0.787368 0.000000 -0.616484 0.959204 0.959204 0.959204
9528.715820 0.000000 8052.084473 0.000000 0.999475 0.000000 0.032386 0.790878 0.790878 0.790878
9491.192383 0.000000 8048.083984 0.000000 0.029249 0.000000 -0.999572 1.286455 1.286455 1.286455
9486.079102 0.000000 8061.710938 0.000000 0.427965 0.000000 0.903795 0.486695 0.486695 0.486695
9529.793945 0.000000 8053.696777 0.000000 0.873297 0.000000 -0.487189 0.943303 0.943303 0.943303
9481.310547 0.000000 8058.813965 0.000000 0.559467 0.000000 0.828852 0.595102 0.595102 0.595102
9523.072266 0.000000 8031.605469 0.000000 0.985104 0.000000 -0.171962 0.836933 0.836933 0.836933
9530.486328 0.000000 8028.655762 0.000000 0.849752 0.000000 0.527183 0.643627 0.643627 0.643627
9523.043945 0.000000 8033.549805 0.000000 0.409741 0.000000 -0.912202 1.130348 1.130348 1.130348
9514.029297 0.000000 8059.240723 0.000000 0.112854 0.000000 0.993612 0.372027 0.372027 0.372027
9487.639648 0.000000 8057.602539 0.000000 0.165723 0.000000 -0.986172 1.173030 1.173030 1.173030
9507.792969 0.000000 8027.594727 0.000000 0.985743 0.000000 0.168261 0.759143 0.759143 0.759143
9519.169922 0.000000 8056.257324 0.000000 0.902016 0.000000 0.431702 0.672512 0.672512 0.672512
9511.794922 0.000000 8024.355469 0.000000 0.969479 0.000000 -0.245174 0.869260 0.869260 0.869260
9508.627930 0.000000 8040.239258 0.000000 0.912428 0.000000 -0.409237 0.922942 0.922942 0.922942
9558.655273 0.000000 8046.159668 0.000000 0.941183 0.000000 -0.337898 0.881233 0.881233 0.881233
9547.161133 0.000000 8027.920410 0.000000 0.906541 0.000000 0.422119 0.682501 0.682501 0.682501
9516.146484 0.000000 8060.009277 0.000000 0.714042 0.000000 -0.700103 1.026145 1.026145 1.026145
9498.896484 0.000000 8041.207520 0.000000 0.036257 0.000000 0.999343 0.328017 0.328017 0.328017
9535.978516 0.000000 8046.206055 0.000000 0.156331 0.000000 -0.987705 1.192500 1.192500 1.192500
9520.873047 0.000000 8061.247070 0.000000 0.272297 0.000000 -0.962213 1.172450 1.172450 1.172450
9488.768555 0.000000 8061.654785 0.000000 0.190601 0.000000 -0.981668 1.152542 1.152542 1.152542
9514.038086 0.000000 8057.592285 0.000000 0.804538 0.000000 0.593901 0.613304 0.613304 0.613304
9506.032227 0.000000 8028.525879 0.000000 0.968511 0.000000 0.248972 0.725624 0.725624 0.725624
9526.629883 0.000000 8052.623047 0.000000 0.936724 0.000000 0.350068 0.698569 0.698569 0.698569
9529.656250 0.000000 8050.628906 0.000000 0.561525 0.000000 0.827460 0.523605 0.523605 0.523605
9516.604492 0.000000 8056.997070 0.000000 0.840865 0.000000 0.541245 0.633231 0.633231 0.633231
9480.375977 0.000000 8054.870605 0.000000 0.944479 0.000000 0.328573 0.713743 0.713743 0.713743
9521.924805 0.000000 8036.893066 0.000000 0.045960 0.000000 -0.998943 1.241587 1.241587 1.241587
9489.207031 0.000000 8059.916016 0.000000 0.194383 0.000000 0.980926 0.388019 0.388019 0.388019
9521.140625 0.000000 8034.352539 0.000000 0.120836 0.000000 0.992673 0.377282 0.377282 0.377282
9502.676758 0.000000 8045.028320 0.000000 0.771110 0.000000 -0.636702 1.010914 1.010914 1.010914
9551.357422 0.000000 8046.455078 0.000000 0.999506 0.000000 -0.031433 0.808288 0.808288 0.808288
9555.832031 0.000000 8051.252930 0.000000 0.294914 0.000000 0.955524 0.469884 0.469884 0.469884
9493.698242 0.000000 8046.347656 0.000000 0.837619 0.000000 -0.546255 0.981206 0.981206 0.981206
9502.000977 0.000000 8043.415527 0.000000 0.643883 0.000000 -0.765124 1.066229 1.066229 1.066229
9501.238281 0.000000 8041.059570 0.000000 0.740761 0.000000 -0.671769 0.992721 0.992721 0.992721
9617.917969 0.000000 7964.739746 0.000000 0.987040 0.000000 -0.160476 0.818992 0.818992 0.818992
9618.643555 0.000000 7967.125000 0.000000 0.977290 0.000000 0.211906 0.767589 0.767589 0.767589
9620.933594 0.000000 7967.053223 0.000000 0.981807 0.000000 -0.189882 0.833577 0.833577 0.833577
9622.520508 0.000000 7966.163574 0.000000 0.761831 0.000000 0.647776 0.649411 0.649411 0.649411
9670.623047 0.000000 7964.735840 0.000000 0.559351 0.000000 0.828931 0.788290 0.788290 0.788290
9682.166016 0.000000 7897.166016 0.000000 0.552569 0.000000 -0.833467 0.872815 0.872815 0.872815
9661.170898 0.000000 7937.331543 0.000000 0.382297 0.000000 0.924040 0.654066 0.654066 0.654066
9681.999023 0.000000 7891.686523 0.000000 0.162894 0.000000 -0.986644 1.055752 1.055752 1.055752
9697.722656 0.000000 7964.438477 0.000000 0.743562 0.000000 0.668667 0.685901 0.685901 0.685901
9682.791016 0.000000 7889.144043 0.000000 0.568232 0.000000 0.822868 0.626281 0.626281 0.626281
9670.708984 0.000000 7960.296387 0.000000 0.743193 0.000000 0.669077 0.671176 0.671176 0.671176
9616.525391 0.000000 7976.506348 0.000000 0.117755 0.000000 -0.993043 0.817409 0.817409 0.817409
9626.598633 0.000000 7968.190430 0.000000 0.783719 0.000000 0.621115 0.774569 0.774569 0.774569
9598.466797 0.000000 8017.403809 0.000000 0.939291 0.000000 -0.343122 0.815389 0.815389 0.815389
9582.844727 0.000000 8031.880371 0.000000 0.677565 0.000000 -0.735463 0.842911 0.842911 0.842911
9576.949219 0.000000 8012.935547 0.000000 0.981920 0.000000 -0.189297 0.813313 0.813313 0.813313
9577.927734 0.000000 8049.407715 0.000000 0.837575 0.000000 -0.546322 0.833476 0.833476 0.833476
9645.571289 0.000000 8005.489258 0.000000 0.648408 0.000000 0.761293 0.742969 0.742969 0.742969
9592.936523 0.000000 8036.482910 0.000000 0.875740 0.000000 -0.482782 0.846288 0.846288 0.846288
9640.903320 0.000000 8000.782715 0.000000 0.566154 0.000000 -0.824300 0.863863 0.863863 0.863863
9654.386719 0.000000 7971.234863 0.000000 0.554785 0.000000 -0.831994 0.892245 0.892245 0.892245
9605.113281 0.000000 7987.330566 0.000000 0.161173 0.000000 0.986926 0.659303 0.659303 0.659303
9638.466797 0.000000 7996.970215 0.000000 0.789444 0.000000 0.613823 0.737962 0.737962 0.737962
9612.949219 0.000000 8016.572266 0.000000 0.054489 0.000000 -0.998514 0.945362 0.945362 0.945362
9598.387695 0.000000 7973.913574 0.000000 0.966446 0.000000 0.256869 0.775614 0.775614 0.775614
9631.020508 0.000000 8002.954102 0.000000 0.064073 0.000000 0.997945 0.631485 0.631485 0.631485
9618.843750 0.000000 7978.132324 0.000000 0.095496 0.000000 -0.995430 0.929634 0.929634 0.929634
9601.658203 0.000000 8022.150391 0.000000 0.397943 0.000000 -0.917410 0.950789 0.950789 0.950789
9590.839844 0.000000 8032.208008 0.000000 0.995971 0.000000 0.089677 0.788163 0.788163 0.788163
9601.763672 0.000000 7989.020020 0.000000 0.760182 0.000000 0.649711 0.699716 0.699716 0.699716
9567.408203 0.000000 8040.474609 0.000000 0.984056 0.000000 0.177862 0.780358 0.780358 0.780358
9595.443359 0.000000 8007.482910 0.000000 0.392909 0.000000 -0.919577 0.958493 0.958493 0.958493
9654.691406 0.000000 7985.437988 0.000000 0.642274 0.000000 0.766475 0.691856 0.691856 0.691856
9561.776367 0.000000 8038.186035 0.000000 0.999090 0.000000 -0.042657 0.807074 0.807074 0.807074
9579.069336 0.000000 8040.462891 0.000000 0.879186 0.000000 0.476479 0.736517 0.736517 0.736517
9561.722656 0.000000 8040.585449 0.000000 0.997275 0.000000 -0.073772 0.812535 0.812535 0.812535
9612.349609 0.000000 7979.291992 0.000000 0.736052 0.000000 -0.676925 0.906927 0.906927 0.906927
9573.821289 0.000000 8034.087891 0.000000 0.866120 0.000000 -0.499836 0.896174 0.896174 0.896174
9649.026367 0.000000 8012.570801 0.000000 0.973679 0.000000 0.227923 0.757749 0.757749 0.757749
9614.213867 0.000000 7975.206543 0.000000 0.327930 0.000000 -0.944702 0.990186 0.990186 0.990186
9583.872070 0.000000 8029.996094 0.000000 0.847410 0.000000 0.530939 0.697156 0.697156 0.697156
9640.494141 0.000000 7990.714844 0.000000 0.993732 0.000000 -0.111790 0.821031 0.821031 0.821031
9621.508789 0.000000 7990.297852 0.000000 0.996098 0.000000 -0.088259 0.814297 0.814297 0.814297
9599.586914 0.000000 7991.224609 0.000000 0.849955 0.000000 -0.526855 0.926342 0.926342 0.926342
9582.874023 0.000000 8049.287598 0.000000 0.991680 0.000000 0.128725 0.769578 0.769578 0.769578
9598.418945 0.000000 8041.898438 0.000000 0.218206 0.000000 0.975903 0.497834 0.497834 0.497834
9585.043945 0.000000 8026.311035 0.000000 0.988213 0.000000 0.153083 0.768691 0.768691 0.768691
9627.789062 0.000000 7972.389160 0.000000 0.203516 0.000000 0.979072 0.543575 0.543575 0.543575
9604.165039 0.000000 7992.491699 0.000000 0.560965 0.000000 0.827839 0.581847 0.581847 0.581847
9579.910156 0.000000 8049.178223 0.000000 0.101133 0.000000 -0.994873 1.152191 1.152191 1.152191
9613.583008 0.000000 8020.971191 0.000000 0.494810 0.000000 -0.869001 1.010345 1.010345 1.010345
9575.423828 0.000000 8032.946777 0.000000 0.987733 0.000000 0.156152 0.761795 0.761795 0.761795
9582.301758 0.000000 8026.431641 0.000000 0.078950 0.000000 0.996879 0.502059 0.502059 0.502059
9604.696289 0.000000 8031.708008 0.000000 0.872872 0.000000 -0.487949 0.899771 0.899771 0.899771
9646.612305 0.000000 8007.031738 0.000000 0.838779 0.000000 -0.544472 0.908093 0.908093 0.908093
9595.589844 0.000000 8039.595215 0.000000 0.983077 0.000000 0.183193 0.758421 0.758421 0.758421
9592.523438 0.000000 8038.315918 0.000000 0.739162 0.000000 -0.673527 0.962349 0.962349 0.962349
9582.002930 0.000000 8046.039551 0.000000 0.685885 0.000000 -0.727710 0.992069 0.992069 0.992069
9570.952148 0.000000 8037.665527 0.000000 0.994027 0.000000 -0.109136 0.827082 0.827082 0.827082
9585.315430 0.000000 8028.834473 0.000000 0.968683 0.000000 -0.248301 0.859638 0.859638 0.859638
9575.437500 0.000000 8030.945312 0.000000 0.936530 0.000000 -0.350588 0.887280 0.887280 0.887280
9577.016602 0.000000 8029.957031 0.000000 0.404029 0.000000 0.914746 0.520905 0.520905 0.520905
9594.346680 0.000000 8038.277832 0.000000 0.945020 0.000000 -0.327011 0.875185 0.875185 0.875185
9569.232422 0.000000 8022.048340 0.000000 0.248829 0.000000 -0.968548 1.092486 1.092486 1.092486
9578.604492 0.000000 8047.794434 0.000000 0.788679 0.000000 -0.614806 0.954727 0.954727 0.954727
9597.119141 0.000000 8021.636719 0.000000 0.979517 0.000000 0.201359 0.753838 0.753838 0.753838
9578.594727 0.000000 8027.033691 0.000000 0.250529 0.000000 -0.968109 1.105254 1.105254 1.105254
9572.102539 0.000000 8032.137695 0.000000 0.633052 0.000000 -0.774109 1.012180 1.012180 1.012180
9576.887695 0.000000 8028.057617 0.000000 0.752983 0.000000 0.658040 0.626432 0.626432 0.626432
9571.179688 0.000000 8035.416016 0.000000 0.875018 0.000000 -0.484090 0.925147 0.925147 0.925147
9566.086914 0.000000 8036.205566 0.000000 0.116762 0.000000 -0.993160 1.160036 1.160036 1.160036
9662.667969 0.000000 8033.550293 0.000000 0.469795 0.000000 0.882776 0.761111 0.761111 0.761111
9678.934570 0.000000 8055.736328 0.000000 0.865201 0.000000 0.501424 0.756989 0.756989 0.756989
9700.159180 0.000000 8047.364746 0.000000 0.779928 0.000000 0.625869 0.740573 0.740573 0.740573
9697.432617 0.000000 7973.048828 0.000000 0.369292 0.000000 0.929313 0.666619 0.666619 0.666619
9681.391602 0.000000 7980.713867 0.000000 0.998309 0.000000 -0.058128 0.806389 0.806389 0.806389
9670.338867 0.000000 7985.676758 0.000000 0.976753 0.000000 -0.214367 0.820712 0.820712 0.820712
9732.111328 0.000000 8024.401855 0.000000 0.492971 0.000000 0.870046 0.673539 0.673539 0.673539
9736.262695 0.000000 8043.254883 0.000000 0.579293 0.000000 0.815119 0.691515 0.691515 0.691515
9677.614258 0.000000 8029.996094 0.000000 0.210856 0.000000 0.977517 0.580252 0.580252 0.580252
9426.589844 0.000000 8148.726074 0.000000 0.992689 0.000000 -0.120698 0.807491 0.807491 0.807491
9431.029297 0.000000 8126.866211 0.000000 0.340032 0.000000 -0.940414 0.892884 0.892884 0.892884
9449.638672 0.000000 8109.213379 0.000000 0.997508 0.000000 0.070550 0.790693 0.790693 0.790693
9454.242188 0.000000 8111.344727 0.000000 0.839327 0.000000 0.543627 0.732273 0.732273 0.732273
9433.456055 0.000000 8127.611816 0.000000 0.794823 0.000000 0.606842 0.673671 0.673671 0.673671
9456.049805 0.000000 8099.510742 0.000000 0.963421 0.000000 -0.267991 0.846058 0.846058 0.846058
9452.906250 0.000000 8118.207031 0.000000 0.910977 0.000000 0.412458 0.653101 0.653101 0.653101
9456.741211 0.000000 8103.407227 0.000000 0.524049 0.000000 -0.851688 1.148085 1.148085 1.148085
9451.806641 0.000000 8116.399902 0.000000 0.512772 0.000000 0.858525 0.463907 0.463907 0.463907
9427.071289 0.000000 8146.652832 0.000000 0.738638 0.000000 0.674102 0.606454 0.606454 0.606454
9467.163086 0.000000 8095.976562 0.000000 0.390933 0.000000 0.920419 0.410042 0.410042 0.410042
9446.543945 0.000000 8118.485840 0.000000 0.716929 0.000000 0.697146 0.558112 0.558112 0.558112
9448.583984 0.000000 8117.144043 0.000000 0.767014 0.000000 -0.641631 0.982263 0.982263 0.982263
9455.599609 0.000000 8120.727051 0.000000 0.986039 0.000000 0.166514 0.761576 0.761576 0.761576
9459.127930 0.000000 8100.773926 0.000000 0.910351 0.000000 0.413837 0.654282 0.654282 0.654282
9466.636719 0.000000 8066.811523 0.000000 0.735717 0.000000 -0.677289 1.036288 1.036288 1.036288
9457.222656 0.000000 8100.861328 0.000000 0.580847 0.000000 0.814013 0.475198 0.475198 0.475198
9449.689453 0.000000 8111.062012 0.000000 0.990978 0.000000 0.134024 0.766171 0.766171 0.766171
9466.128906 0.000000 8093.053223 0.000000 0.417183 0.000000 -0.908823 1.180385 1.180385 1.180385
9453.418945 0.000000 8121.662598 0.000000 0.769453 0.000000 0.638704 0.622885 0.622885 0.622885
9452.214844 0.000000 8131.208008 0.000000 0.984673 0.000000 -0.174412 0.843066 0.843066 0.843066
9420.583984 0.000000 8136.336914 0.000000 0.438623 0.000000 -0.898671 1.194777 1.194777 1.194777
9454.154297 0.000000 8101.054199 0.000000 0.012838 0.000000 0.999918 0.392379 0.392379 0.392379
9472.392578 0.000000 8105.019043 0.000000 0.499735 0.000000 -0.866178 0.812553 0.812553 0.812553
9475.907227 0.000000 8090.265137 0.000000 0.436094 0.000000 -0.899901 0.835776 0.835776 0.835776
9484.100586 0.000000 8094.443848 0.000000 0.638638 0.000000 0.769507 0.740374 0.740374 0.740374
9507.521484 0.000000 8076.002441 0.000000 0.674948 0.000000 -0.737865 0.846410 0.846410 0.846410
9548.637695 0.000000 8122.493164 0.000000 0.620831 0.000000 0.783944 0.717223 0.717223 0.717223
9478.769531 0.000000 8088.697266 0.000000 0.358510 0.000000 0.933526 0.703803 0.703803 0.703803
9494.681641 0.000000 8084.650391 0.000000 0.501631 0.000000 -0.865082 0.900212 0.900212 0.900212
9495.312500 0.000000 8066.740234 0.000000 0.051043 0.000000 -0.998696 0.918375 0.918375 0.918375
9517.457031 0.000000 8064.510742 0.000000 0.864625 0.000000 0.502417 0.761101 0.761101 0.761101
9536.377930 0.000000 8079.777344 0.000000 0.297007 0.000000 -0.954875 0.929284 0.929284 0.929284
9473.501953 0.000000 8083.772949 0.000000 0.999188 0.000000 0.040288 0.796298 0.796298 0.796298
9522.757812 0.000000 8062.215820 0.000000 0.780700 0.000000 -0.624906 0.867408 0.867408 0.867408
9526.689453 0.000000 8066.996582 0.000000 0.922969 0.000000 -0.384876 0.833929 0.833929 0.833929
9482.313477 0.000000 8084.318848 0.000000 0.518376 0.000000 0.855153 0.687313 0.687313 0.687313
9469.371094 0.000000 8100.871094 0.000000 0.801880 0.000000 0.597485 0.721984 0.721984 0.721984
9507.559570 0.000000 8070.862793 0.000000 0.319909 0.000000 -0.947448 0.909423 0.909423 0.909423
9473.448242 0.000000 8091.716797 0.000000 0.428641 0.000000 0.903475 0.676112 0.676112 0.676112
9478.798828 0.000000 8082.597168 0.000000 0.912974 0.000000 -0.408017 0.857919 0.857919 0.857919
9546.824219 0.000000 8108.694336 0.000000 0.900467 0.000000 -0.434925 0.854819 0.854819 0.854819
9524.925781 0.000000 8068.805176 0.000000 0.057323 0.000000 0.998356 0.591433 0.591433 0.591433
9545.213867 0.000000 8096.126465 0.000000 0.812274 0.000000 -0.583276 0.895772 0.895772 0.895772
9502.935547 0.000000 8072.124023 0.000000 0.899839 0.000000 -0.436222 0.865813 0.865813 0.865813
9470.875977 0.000000 8098.257324 0.000000 0.952271 0.000000 -0.305254 0.841510 0.841510 0.841510
9527.846680 0.000000 8062.643066 0.000000 0.947999 0.000000 -0.318272 0.840756 0.840756 0.840756
9482.656250 0.000000 8061.832520 0.000000 0.955111 0.000000 -0.296247 0.896711 0.896711 0.896711
9469.488281 0.000000 8096.327148 0.000000 0.204006 0.000000 0.978970 0.347330 0.347330 0.347330
9472.544922 0.000000 8093.835449 0.000000 0.948576 0.000000 0.316549 0.746607 0.746607 0.746607
9535.979492 0.000000 8119.173340 0.000000 0.577018 0.000000 0.816732 0.645387 0.645387 0.645387
9505.524414 0.000000 8074.997070 0.000000 0.926878 0.000000 0.375364 0.728528 0.728528 0.728528
9494.514648 0.000000 8079.170898 0.000000 0.926935 0.000000 0.375223 0.680927 0.680927 0.680927
9507.361328 0.000000 8073.657227 0.000000 0.497054 0.000000 0.867720 0.617449 0.617449 0.617449
9480.669922 0.000000 8097.511230 0.000000 0.317254 0.000000 0.948340 0.620541 0.620541 0.620541
9470.293945 0.000000 8094.064941 0.000000 0.240269 0.000000 -0.970706 1.208506 1.208506 1.208506
9474.571289 0.000000 8069.177246 0.000000 0.667407 0.000000 -0.744693 0.942616 0.942616 0.942616
9468.663086 0.000000 8086.586914 0.000000 0.956517 0.000000 0.291676 0.743251 0.743251 0.743251
9512.023438 0.000000 8076.689453 0.000000 0.984246 0.000000 -0.176803 0.852183 0.852183 0.852183
9478.817383 0.000000 8086.720215 0.000000 0.999928 0.000000 -0.011958 0.802317 0.802317 0.802317
9471.575195 0.000000 8083.297363 0.000000 0.085749 0.000000 -0.996317 1.129202 1.129202 1.129202
9483.537109 0.000000 8064.637695 0.000000 0.697373 0.000000 -0.716709 1.055350 1.055350 1.055350
9509.526367 0.000000 8081.607422 0.000000 0.710840 0.000000 0.703354 0.609917 0.609917 0.609917
9514.911133 0.000000 8078.835938 0.000000 0.488076 0.000000 -0.872801 1.083932 1.083932 1.083932
9520.825195 0.000000 8071.977539 0.000000 0.430640 0.000000 -0.902524 1.121475 1.121475 1.121475
9510.166016 0.000000 8079.603516 0.000000 0.408627 0.000000 -0.912701 1.139885 1.139885 1.139885
9480.565430 0.000000 8083.358398 0.000000 0.564902 0.000000 -0.825158 1.057792 1.057792 1.057792
9496.489258 0.000000 8080.218750 0.000000 0.991663 0.000000 0.128858 0.760256 0.760256 0.760256
9524.160156 0.000000 8073.609863 0.000000 0.089685 0.000000 -0.995970 1.110579 1.110579 1.110579
9487.954102 0.000000 8074.271973 0.000000 0.990916 0.000000 -0.134485 0.840412 0.840412 0.840412
9479.265625 0.000000 8073.100586 0.000000 0.931685 0.000000 0.363268 0.679712 0.679712 0.679712
9484.540039 0.000000 8078.559570 0.000000 0.548222 0.000000 0.836333 0.507199 0.507199 0.507199
9484.655273 0.000000 8092.723633 0.000000 0.798476 0.000000 -0.602027 0.952254 0.952254 0.952254
9487.866211 0.000000 8090.488281 0.000000 0.831415 0.000000 -0.555652 0.971793 0.971793 0.971793
9468.899414 0.000000 8092.904785 0.000000 0.302183 0.000000 -0.953250 1.221531 1.221531 1.221531
9477.302734 0.000000 8071.857910 0.000000 0.546899 0.000000 -0.837199 1.122991 1.122991 1.122991
9476.285156 0.000000 8069.170898 0.000000 0.862820 0.000000 -0.505511 0.954539 0.954539 0.954539
9480.986328 0.000000 8062.483887 0.000000 0.087966 0.000000 -0.996123 1.158322 1.158322 1.158322
9469.601562 0.000000 8103.878418 0.000000 0.815262 0.000000 -0.579093 0.957891 0.957891 0.957891
9493.509766 0.000000 8081.013184 0.000000 0.640359 0.000000 0.768076 0.527118 0.527118 0.527118
9482.107422 0.000000 8065.695801 0.000000 0.430194 0.000000 -0.902736 1.159851 1.159851 1.159851
9512.727539 0.000000 8080.111816 0.000000 0.401095 0.000000 -0.916037 1.140007 1.140007 1.140007
9496.645508 0.000000 8082.159668 0.000000 0.955147 0.000000 0.296131 0.707531 0.707531 0.707531
9495.198242 0.000000 8083.058594 0.000000 0.423571 0.000000 0.905863 0.449127 0.449127 0.449127
9483.334961 0.000000 8075.749023 0.000000 0.946684 0.000000 0.322163 0.695181 0.695181 0.695181
9480.724609 0.000000 8075.784668 0.000000 0.665949 0.000000 -0.745997 1.053942 1.053942 1.053942
9474.133789 0.000000 8071.022949 0.000000 0.857032 0.000000 0.515263 0.658371 0.658371 0.658371
9623.960938 0.000000 8116.999023 0.000000 0.308641 0.000000 0.951179 0.742256 0.742256 0.742256
9650.017578 0.000000 8104.365234 0.000000 0.940145 0.000000 0.340774 0.777081 0.777081 0.777081
9561.828125 0.000000 8122.310059 0.000000 0.154066 0.000000 -0.988061 0.901819 0.901819 0.901819
9615.072266 0.000000 8113.332520 0.000000 0.954003 0.000000 -0.299796 0.819460 0.819460 0.819460
9637.621094 0.000000 8080.706055 0.000000 0.840868 0.000000 -0.541240 0.851401 0.851401 0.851401
9591.024414 0.000000 8139.930664 0.000000 0.913582 0.000000 0.406655 0.765707 0.765707 0.765707
9621.064453 0.000000 8116.921387 0.000000 0.817891 0.000000 -0.575374 0.868568 0.868568 0.868568
9574.480469 0.000000 8132.173340 0.000000 0.709441 0.000000 -0.704765 0.876539 0.876539 0.876539
9570.189453 0.000000 8062.710449 0.000000 0.960124 0.000000 0.279573 0.760952 0.760952 0.760952
9570.479492 0.000000 8125.262695 0.000000 0.813084 0.000000 0.582146 0.724298 0.724298 0.724298
9632.268555 0.000000 8080.800781 0.000000 0.719429 0.000000 0.694566 0.692654 0.692654 0.692654
9611.403320 0.000000 8061.903320 0.000000 0.729734 0.000000 -0.683731 0.933825 0.933825 0.933825
9630.664062 0.000000 8130.089355 0.000000 0.048440 0.000000 -0.998826 1.085804 1.085804 1.085804
9642.705078 0.000000 8080.608887 0.000000 0.752260 0.000000 0.658867 0.667829 0.667829 0.667829
9589.154297 0.000000 8140.992188 0.000000 0.729174 0.000000 0.684328 0.628398 0.628398 0.628398
9633.645508 0.000000 8072.262207 0.000000 0.638716 0.000000 0.769443 0.629909 0.629909 0.629909
9617.066406 0.000000 8121.772949 0.000000 0.945336 0.000000 -0.326098 0.856391 0.856391 0.856391
9580.045898 0.000000 8136.377441 0.000000 0.991608 0.000000 -0.129280 0.821491 0.821491 0.821491
9615.525391 0.000000 8108.396484 0.000000 0.978782 0.000000 -0.204905 0.842865 0.842865 0.842865
9652.107422 0.000000 8090.320312 0.000000 0.820727 0.000000 0.571320 0.693120 0.693120 0.693120
9614.682617 0.000000 8111.295898 0.000000 0.994970 0.000000 -0.100172 0.820842 0.820842 0.820842
9635.165039 0.000000 8066.580078 0.000000 0.726749 0.000000 -0.686903 0.945185 0.945185 0.945185
9618.333984 0.000000 8120.359863 0.000000 0.985132 0.000000 0.171801 0.765516 0.765516 0.765516
9639.461914 0.000000 8081.215332 0.000000 0.996724 0.000000 -0.080877 0.815200 0.815200 0.815200
9637.384766 0.000000 8071.681641 0.000000 0.454411 0.000000 -0.890792 1.008538 1.008538 1.008538
9597.724609 0.000000 8154.445801 0.000000 0.965929 0.000000 0.258806 0.748238 0.748238 0.748238
9669.047852 0.000000 8122.884277 0.000000 0.968898 0.000000 0.247460 0.782021 0.782021 0.782021
9663.208984 0.000000 8071.013672 0.000000 0.999308 0.000000 0.037191 0.796731 0.796731 0.796731
9673.791992 0.000000 8124.884277 0.000000 0.999573 0.000000 -0.029203 0.802742 0.802742 0.802742
9695.505859 0.000000 8082.762207 0.000000 0.760593 0.000000 -0.649229 0.900194 0.900194 0.900194
9655.518555 0.000000 8131.928223 0.000000 0.093167 0.000000 0.995651 0.611142 0.611142 0.611142
9657.309570 0.000000 8120.682617 0.000000 0.909307 0.000000 0.416126 0.725426 0.725426 0.725426
9658.360352 0.000000 8098.257324 0.000000 0.775979 0.000000 0.630758 0.682767 0.682767 0.682767
9693.947266 0.000000 8127.547363 0.000000 0.993221 0.000000 0.116240 0.783945 0.783945 0.783945
9695.394531 0.000000 8085.206055 0.000000 0.149720 0.000000 0.988728 0.595729 0.595729 0.595729
9660.769531 0.000000 8097.886230 0.000000 0.976867 0.000000 0.213848 0.763844 0.763844 0.763844
9694.819336 0.000000 8089.375977 0.000000 0.744005 0.000000 0.668174 0.696235 0.696235 0.696235
9656.972656 0.000000 8096.327148 0.000000 0.016371 0.000000 -0.999866 1.066992 1.066992 1.066992
9689.682617 0.000000 8140.362793 0.000000 0.354143 0.000000 0.935191 0.623759 0.623759 0.623759
9657.778320 0.000000 8094.064941 0.000000 0.994957 0.000000 0.100301 0.782542 0.782542 0.782542
9596.802734 0.000000 8156.652832 0.000000 0.107551 0.000000 0.994200 0.598380 0.598380 0.598380
9685.312500 0.000000 8179.941895 0.000000 0.210006 0.000000 0.977700 0.751136 0.751136 0.751136
9690.210938 0.000000 8159.093262 0.000000 0.314047 0.000000 0.949407 0.742518 0.742518 0.742518
9666.925781 0.000000 8189.122070 0.000000 0.044690 0.000000 0.999001 0.708561 0.708561 0.708561
9685.758789 0.000000 8159.572754 0.000000 0.052582 0.000000 0.998617 0.687809 0.687809 0.687809
9696.433594 0.000000 8181.411621 0.000000 0.069225 0.000000 0.997601 0.638060 0.638060 0.638060
9667.375977 0.000000 8160.056152 0.000000 0.401117 0.000000 -0.916027 0.927211 0.927211 0.927211
9693.231445 0.000000 8172.366211 0.000000 0.972142 0.000000 -0.234393 0.834023 0.834023 0.834023
9692.858398 0.000000 8158.985352 0.000000 0.936556 0.000000 -0.350517 0.851499 0.851499 0.851499
9703.168945 0.000000 8245.847656 0.000000 0.963143 0.000000 0.268990 0.761924 0.761924 0.761924
9690.544922 0.000000 8156.652832 0.000000 0.731756 0.000000 0.681567 0.692163 0.692163 0.692163
9709.675781 0.000000 8161.342285 0.000000 0.955318 0.000000 -0.295579 0.838954 0.838954 0.838954
9672.087891 0.000000 8170.523438 0.000000 0.244759 0.000000 0.969584 0.614962 0.614962 0.614962
9690.493164 0.000000 8199.623047 0.000000 0.297662 0.000000 0.954671 0.612513 0.612513 0.612513
9695.394531 0.000000 8178.948242 0.000000 0.428083 0.000000 -0.903740 0.962269 0.962269 0.962269
9707.702148 0.000000 8229.789062 0.000000 0.923369 0.000000 0.383913 0.746486 0.746486 0.746486
9681.999023 0.000000 8172.913086 0.000000 0.042075 0.000000 0.999114 0.564904 0.564904 0.564904
9694.448242 0.000000 8198.052734 0.000000 0.605704 0.000000 -0.795690 0.930480 0.930480 0.930480
9693.583984 0.000000 8174.571777 0.000000 0.897673 0.000000 0.440662 0.734378 0.734378 0.734378
9691.251953 0.000000 8231.310547 0.000000 0.999355 0.000000 0.035916 0.794691 0.794691 0.794691
9855.710938 0.000000 7673.249512 0.000000 0.862755 0.000000 0.505622 0.791530 0.791530 0.791530
9850.937500 0.000000 7666.517578 0.000000 0.162151 0.000000 -0.986766 0.856239 0.856239 0.856239
9779.543945 0.000000 7697.094238 0.000000 0.698681 0.000000 -0.715433 0.865284 0.865284 0.865284
9867.625977 0.000000 7720.950195 0.000000 0.434985 0.000000 0.900437 0.766423 0.766423 0.766423
9834.904297 0.000000 7854.108887 0.000000 0.997457 0.000000 0.071271 0.796438 0.796438 0.796438
9819.768555 0.000000 7842.284668 0.000000 0.313357 0.000000 0.949636 0.709975 0.709975 0.709975
9789.076172 0.000000 7783.548340 0.000000 0.763806 0.000000 0.645446 0.741146 0.741146 0.741146
9791.842773 0.000000 7864.306641 0.000000 0.841937 0.000000 -0.539575 0.835287 0.835287 0.835287
9754.778320 0.000000 7966.820312 0.000000 0.641670 0.000000 -0.766981 0.882054 0.882054 0.882054
9829.770508 0.000000 8040.508301 0.000000 0.064858 0.000000 0.997894 0.730825 0.730825 0.730825
9813.264648 0.000000 8009.660156 0.000000 0.571853 0.000000 -0.820356 0.844192 0.844192 0.844192
9786.730469 0.000000 7997.136230 0.000000 0.282983 0.000000 -0.959125 0.869235 0.869235 0.869235
9778.780273 0.000000 8003.244141 0.000000 0.958647 0.000000 0.284598 0.777521 0.777521 0.777521
9857.396484 0.000000 7973.603516 0.000000 0.820810 0.000000 0.571202 0.778143 0.778143 0.778143
10934.698242 0.000000 7840.957031 0.000000 0.810750 0.000000 0.585393 0.758783 0.758783 0.758783
10975.599609 0.000000 7883.529297 0.000000 0.810805 0.000000 -0.585317 0.846206 0.846206 0.846206
11039.882812 0.000000 7933.743164 0.000000 0.998962 0.000000 -0.045553 0.804551 0.804551 0.804551
11018.472656 0.000000 8048.810547 0.000000 0.894237 0.000000 -0.447594 0.820391 0.820391 0.820391
11058.056641 0.000000 7976.874512 0.000000 0.998912 0.000000 -0.046642 0.804659 0.804659 0.804659
11066.029297 0.000000 8089.262695 0.000000 0.854902 0.000000 0.518789 0.758604 0.758604 0.758604
11071.559570 0.000000 8092.533691 0.000000 0.522662 0.000000 -0.852540 0.879515 0.879515 0.879515
11139.044922 0.000000 8166.274902 0.000000 0.999935 0.000000 0.011408 0.799909 0.799909 0.799909
11109.706055 0.000000 8162.849609 0.000000 0.941566 0.000000 0.336830 0.793139 0.793139 0.793139
11116.337891 0.000000 8175.510254 0.000000 0.902931 0.000000 -0.429786 0.816858 0.816858 0.816858
11098.262695 0.000000 8161.397949 0.000000 0.840265 0.000000 -0.542176 0.853790 0.853790 0.853790
11229.885742 0.000000 8200.469727 0.000000 0.624921 0.000000 0.780688 0.746328 0.746328 0.746328
11228.610352 0.000000 8185.606445 0.000000 0.794581 0.000000 -0.607159 0.861248 0.861248 0.861248
11239.048828 0.000000 8204.701172 0.000000 0.784738 0.000000 0.619828 0.729234 0.729234 0.729234
11216.195312 0.000000 8208.892578 0.000000 0.840589 0.000000 -0.541673 0.881172 0.881172 0.881172
11241.386719 0.000000 8204.123047 0.000000 0.269958 0.000000 0.962872 0.587513 0.587513 0.587513
11246.958008 0.000000 8207.856445 0.000000 0.715217 0.000000 0.698903 0.622257 0.622257 0.622257
11246.183594 0.000000 8205.247070 0.000000 0.931996 0.000000 0.362467 0.714067 0.714067 0.714067
11342.357422 0.000000 8021.490234 0.000000 0.385595 0.000000 0.922668 0.720214 0.720214 0.720214
11329.628906 0.000000 8025.245605 0.000000 0.857547 0.000000 0.514406 0.733093 0.733093 0.733093
11334.536133 0.000000 8026.897949 0.000000 0.453623 0.000000 -0.891194 0.934011 0.934011 0.934011
11339.925781 0.000000 8017.762695 0.000000 0.849340 0.000000 0.527846 0.662287 0.662287 0.662287
11337.391602 0.000000 8014.109375 0.000000 0.030343 0.000000 -0.999540 1.206117 1.206117 1.206117
11336.493164 0.000000 8017.575195 0.000000 0.767276 0.000000 0.641317 0.628968 0.628968 0.628968
11347.047852 0.000000 8026.693359 0.000000 0.834833 0.000000 0.550503 0.767399 0.767399 0.767399
11343.413086 0.000000 8014.155762 0.000000 0.039353 0.000000 -0.999225 0.867290 0.867290 0.867290
11351.309570 0.000000 8013.040039 0.000000 0.989811 0.000000 -0.142389 0.807705 0.807705 0.807705
11367.977539 0.000000 8025.533691 0.000000 0.974572 0.000000 -0.224073 0.814444 0.814444 0.814444
11372.469727 0.000000 8027.239746 0.000000 0.952182 0.000000 0.305533 0.770233 0.770233 0.770233
11353.546875 0.000000 8023.640625 0.000000 0.497546 0.000000 -0.867438 0.896469 0.896469 0.896469
11362.709961 0.000000 8029.171875 0.000000 0.532022 0.000000 0.846731 0.687057 0.687057 0.687057
11348.723633 0.000000 8013.303711 0.000000 0.329529 0.000000 -0.944145 0.935661 0.935661 0.935661
11350.226562 0.000000 8015.064941 0.000000 0.944902 0.000000 0.327353 0.683436 0.683436 0.683436
11344.668945 0.000000 8016.011719 0.000000 0.952164 0.000000 -0.305588 0.903582 0.903582 0.903582
11345.375000 0.000000 8019.722168 0.000000 0.946941 0.000000 0.321407 0.739222 0.739222 0.739222
11373.221680 0.000000 8034.346191 0.000000 0.823610 0.000000 0.567157 0.675943 0.675943 0.675943
11366.145508 0.000000 8026.311035 0.000000 0.389983 0.000000 0.920822 0.594332 0.594332 0.594332
11342.897461 0.000000 8019.917969 0.000000 0.960346 0.000000 0.278813 0.730587 0.730587 0.730587
11360.910156 0.000000 8024.888184 0.000000 0.999577 0.000000 -0.029073 0.808595 0.808595 0.808595
11363.403320 0.000000 8026.431641 0.000000 0.435406 0.000000 -0.900234 1.202754 1.202754 1.202754
11372.002930 0.000000 8029.135254 0.000000 0.972103 0.000000 0.234555 0.753659 0.753659 0.753659
11373.818359 0.000000 8032.039551 0.000000 0.869002 0.000000 0.494809 0.660437 0.660437 0.660437
11349.041016 0.000000 8016.424316 0.000000 0.207687 0.000000 -0.978195 1.275897 1.275897 1.275897
11348.225586 0.000000 8024.374023 0.000000 0.999530 0.000000 0.030666 0.793445 0.793445 0.793445
11370.576172 0.000000 8028.048340 0.000000 0.794820 0.000000 -0.606845 1.038334 1.038334 1.038334
11358.103516 0.000000 8024.520508 0.000000 0.236373 0.000000 0.971662 0.326404 0.326404 0.326404
11356.585938 0.000000 8025.395020 0.000000 0.833903 0.000000 0.551911 0.604995 0.604995 0.604995
11342.963867 0.000000 8016.006836 0.000000 0.424775 0.000000 -0.905299 1.087152 1.087152 1.087152
11350.372070 0.000000 8018.609863 0.000000 0.753210 0.000000 0.657781 0.567732 0.567732 0.567732
11370.506836 0.000000 8031.540527 0.000000 0.672290 0.000000 -0.740288 1.021404 1.021404 1.021404
11354.532227 0.000000 8019.451660 0.000000 0.930445 0.000000 -0.366430 0.901905 0.901905 0.901905
11534.776367 0.000000 8042.764648 0.000000 0.890870 0.000000 0.454258 0.771747 0.771747 0.771747
11540.973633 0.000000 8055.023438 0.000000 0.999935 0.000000 -0.011423 0.804426 0.804426 0.804426
11544.070312 0.000000 8050.663574 0.000000 0.735798 0.000000 0.677202 0.727193 0.727193 0.727193
11547.291992 0.000000 8060.215820 0.000000 0.651603 0.000000 -0.758560 0.896310 0.896310 0.896310
11530.607422 0.000000 8060.072754 0.000000 0.307775 0.000000 0.951459 0.335204 0.335204 0.335204
11549.383789 0.000000 8052.897461 0.000000 0.598065 0.000000 0.801448 0.525185 0.525185 0.525185
11547.867188 0.000000 8051.381348 0.000000 0.618927 0.000000 -0.785448 1.016521 1.016521 1.016521
11545.552734 0.000000 8054.038574 0.000000 0.904609 0.000000 0.426242 0.665444 0.665444 0.665444
11559.660156 0.000000 8050.723145 0.000000 0.689573 0.000000 -0.724216 0.971461 0.971461 0.971461
11557.269531 0.000000 8053.456543 0.000000 0.808187 0.000000 0.588927 0.571095 0.571095 0.571095
11548.407227 0.000000 8061.710938 0.000000 0.073285 0.000000 0.997311 0.279608 0.279608 0.279608
11549.967773 0.000000 8057.602539 0.000000 0.279147 0.000000 -0.960248 1.242423 1.242423 1.242423
11557.075195 0.000000 8051.755859 0.000000 0.595386 0.000000 0.803440 0.581968 0.581968 0.581968
11551.096680 0.000000 8061.654785 0.000000 0.684064 0.000000 0.729422 0.471828 0.471828 0.471828
11542.704102 0.000000 8054.870605 0.000000 0.386978 0.000000 -0.922089 1.285135 1.285135 1.285135
11551.535156 0.000000 8059.916016 0.000000 0.516740 0.000000 -0.856142 1.130481 1.130481 1.130481
11414.440430 0.000000 8137.369629 0.000000 0.505793 0.000000 0.862655 0.762594 0.762594 0.762594
11429.914062 0.000000 8142.130859 0.000000 0.996714 0.000000 0.080996 0.790931 0.790931 0.790931
11426.696289 0.000000 8145.682129 0.000000 0.985377 0.000000 0.170390 0.780507 0.780507 0.780507
11427.830078 0.000000 8140.391113 0.000000 0.560729 0.000000 0.827999 0.683098 0.683098 0.683098
11423.622070 0.000000 8136.997070 0.000000 0.519685 0.000000 -0.854358 1.211206 1.211206 1.211206
11421.436523 0.000000 8136.180664 0.000000 0.352059 0.000000 0.935978 0.316258 0.316258 0.316258
11423.837891 0.000000 8139.408203 0.000000 0.900575 0.000000 -0.434701 0.948198 0.948198 0.948198
11418.318359 0.000000 8133.904785 0.000000 0.337485 0.000000 -0.941331 1.157659 1.157659 1.157659
11427.360352 0.000000 8133.663574 0.000000 0.955933 0.000000 -0.293585 0.862488 0.862488 0.862488
11421.293945 0.000000 8134.473145 0.000000 0.998290 0.000000 0.058453 0.776638 0.776638 0.776638
11417.313477 0.000000 8135.136719 0.000000 0.163090 0.000000 -0.986611 1.356393 1.356393 1.356393
11319.511719 0.000000 8212.605469 0.000000 0.899016 0.000000 -0.437915 0.814485 0.814485 0.814485
11305.785156 0.000000 8227.437500 0.000000 0.793859 0.000000 0.608101 0.775195 0.775195 0.775195
11303.822266 0.000000 8175.510254 0.000000 0.969798 0.000000 0.243911 0.789174 0.789174 0.789174
11309.213867 0.000000 8183.731934 0.000000 0.035100 0.000000 -0.999384 0.885880 0.885880 0.885880
11316.513672 0.000000 8215.175781 0.000000 0.915663 0.000000 -0.401946 0.820653 0.820653 0.820653
11294.751953 0.000000 8200.453125 0.000000 0.414859 0.000000 0.909886 0.717817 0.717817 0.717817
11318.486328 0.000000 8221.682617 0.000000 0.944537 0.000000 -0.328405 0.822054 0.822054 0.822054
11275.526367 0.000000 8248.271484 0.000000 0.779779 0.000000 -0.626055 0.856746 0.856746 0.856746
11285.551758 0.000000 8197.629883 0.000000 0.980526 0.000000 -0.196388 0.821319 0.821319 0.821319
11251.560547 0.000000 8229.166992 0.000000 0.493546 0.000000 -0.869720 0.983253 0.983253 0.983253
11318.023438 0.000000 8223.831055 0.000000 0.964561 0.000000 0.263860 0.760002 0.760002 0.760002
11336.946289 0.000000 8221.914062 0.000000 0.998593 0.000000 0.053030 0.784317 0.784317 0.784317
11332.539062 0.000000 8219.526367 0.000000 0.404016 0.000000 -0.914752 1.032966 1.032966 1.032966
11253.198242 0.000000 8226.760742 0.000000 0.990370 0.000000 0.138443 0.776421 0.776421 0.776421
11309.702148 0.000000 8224.602539 0.000000 0.330981 0.000000 0.943637 0.565968 0.565968 0.565968
11320.080078 0.000000 8220.548828 0.000000 0.966436 0.000000 0.256908 0.721642 0.721642 0.721642
11328.775391 0.000000 8219.986328 0.000000 0.985756 0.000000 -0.168183 0.839488 0.839488 0.839488
11323.441406 0.000000 8220.882812 0.000000 0.959480 0.000000 0.281777 0.713854 0.713854 0.713854
11354.795898 0.000000 8208.497070 0.000000 0.997241 0.000000 -0.074237 0.802523 0.802523 0.802523
11352.060547 0.000000 8213.994141 0.000000 0.986480 0.000000 0.163884 0.787506 0.787506 0.787506
11352.741211 0.000000 8221.274414 0.000000 0.415590 0.000000 -0.909552 0.927750 0.927750 0.927750
11348.723633 0.000000 8200.788086 0.000000 0.567223 0.000000 0.823564 0.684040 0.684040 0.684040
11346.314453 0.000000 8205.211914 0.000000 0.789910 0.000000 0.613223 0.723530 0.723530 0.723530
11354.783203 0.000000 8215.574219 0.000000 0.391604 0.000000 0.920134 0.438289 0.438289 0.438289
11355.300781 0.000000 8223.417969 0.000000 0.418254 0.000000 0.908330 0.499647 0.499647 0.499647
11356.539062 0.000000 8218.429688 0.000000 0.897026 0.000000 -0.441979 0.917036 0.917036 0.917036
11356.463867 0.000000 8214.744141 0.000000 0.342888 0.000000 -0.939376 1.209625 1.209625 1.209625
11354.861328 0.000000 8217.524414 0.000000 0.694386 0.000000 -0.719603 1.066304 1.066304 1.066304
11357.989258 0.000000 8215.541992 0.000000 0.858292 0.000000 -0.513161 0.980808 0.980808 0.980808
11442.093750 0.000000 8151.577637 0.000000 0.588327 0.000000 0.808623 0.766142 0.766142 0.766142
11529.230469 0.000000 8064.977051 0.000000 0.851395 0.000000 -0.524525 0.850728 0.850728 0.850728
11452.356445 0.000000 8149.723145 0.000000 0.317998 0.000000 -0.948091 0.951946 0.951946 0.951946
11453.549805 0.000000 8153.958008 0.000000 0.957736 0.000000 0.287650 0.679373 0.679373 0.679373
11441.968750 0.000000 8146.661621 0.000000 0.648869 0.000000 -0.760900 0.970974 0.970974 0.970974
11451.798828 0.000000 8154.884277 0.000000 0.204757 0.000000 0.978813 0.472953 0.472953 0.472953
11454.665039 0.000000 8155.453125 0.000000 0.232831 0.000000 0.972517 0.445166 0.445166 0.445166
11449.896484 0.000000 8152.556152 0.000000 0.298763 0.000000 -0.954328 1.055661 1.055661 1.055661
11448.998047 0.000000 8145.577148 0.000000 0.991164 0.000000 0.132642 0.757754 0.757754 0.757754
11558.931641 0.000000 8078.308105 0.000000 0.068218 0.000000 0.997670 0.700970 0.700970 0.700970
11545.818359 0.000000 8074.049805 0.000000 0.589105 0.000000 0.808057 0.696650 0.696650 0.696650
11546.894531 0.000000 8087.257812 0.000000 0.999532 0.000000 -0.030579 0.803360 0.803360 0.803360
11532.130859 0.000000 8069.408203 0.000000 0.287785 0.000000 0.957695 0.664626 0.664626 0.664626
11533.432617 0.000000 8072.776855 0.000000 0.638882 0.000000 0.769305 0.707087 0.707087 0.707087
11547.270508 0.000000 8065.967773 0.000000 0.948214 0.000000 0.317634 0.763202 0.763202 0.763202
11544.641602 0.000000 8084.318848 0.000000 0.592061 0.000000 -0.805893 0.901076 0.901076 0.901076
11541.940430 0.000000 8079.000488 0.000000 0.904787 0.000000 -0.425865 0.847445 0.847445 0.847445
11537.527344 0.000000 8075.960449 0.000000 0.485612 0.000000 0.874174 0.687400 0.687400 0.687400
11549.186523 0.000000 8077.696777 0.000000 0.908633 0.000000 0.417596 0.750096 0.750096 0.750096
11556.455078 0.000000 8093.360352 0.000000 0.998848 0.000000 -0.047993 0.805466 0.805466 0.805466
11542.219727 0.000000 8066.313965 0.000000 0.973473 0.000000 0.228803 0.775103 0.775103 0.775103
11556.235352 0.000000 8074.456055 0.000000 0.898241 0.000000 -0.439503 0.852712 0.852712 0.852712
11541.217773 0.000000 8071.186035 0.000000 0.876460 0.000000 0.481474 0.744819 0.744819 0.744819
11535.776367 0.000000 8091.716797 0.000000 0.964470 0.000000 -0.264192 0.827768 0.827768 0.827768
11546.111328 0.000000 8082.197754 0.000000 0.824647 0.000000 0.565648 0.733957 0.733957 0.733957
11545.182617 0.000000 8079.418945 0.000000 0.953061 0.000000 -0.302778 0.833790 0.833790 0.833790
11543.229492 0.000000 8074.121094 0.000000 0.942760 0.000000 -0.333472 0.837347 0.837347 0.837347
11541.126953 0.000000 8082.597168 0.000000 0.992307 0.000000 -0.123801 0.813386 0.813386 0.813386
11538.862305 0.000000 8087.253906 0.000000 0.903953 0.000000 -0.427631 0.846774 0.846774 0.846774
11553.969727 0.000000 8098.232422 0.000000 0.998528 0.000000 -0.054243 0.808346 0.808346 0.808346
11544.281250 0.000000 8095.716309 0.000000 0.101750 0.000000 -0.994810 0.958419 0.958419 0.958419
11548.880859 0.000000 8068.160156 0.000000 0.095936 0.000000 0.995388 0.570262 0.570262 0.570262
11557.757812 0.000000 8095.562012 0.000000 0.475856 0.000000 0.879523 0.679782 0.679782 0.679782
11549.288086 0.000000 8086.631348 0.000000 0.996657 0.000000 0.081698 0.789872 0.789872 0.789872
11545.791016 0.000000 8069.603516 0.000000 0.538354 0.000000 -0.842719 0.912104 0.912104 0.912104
11555.547852 0.000000 8062.102051 0.000000 0.916510 0.000000 0.400013 0.735890 0.735890 0.735890
11544.604492 0.000000 8104.382812 0.000000 0.783730 0.000000 -0.621102 0.899045 0.899045 0.899045
11548.511719 0.000000 8082.230957 0.000000 0.429598 0.000000 -0.903020 0.964278 0.964278 0.964278
11552.385742 0.000000 8103.356445 0.000000 0.795855 0.000000 -0.605488 0.889628 0.889628 0.889628
11552.197266 0.000000 8067.193359 0.000000 0.996446 0.000000 -0.084228 0.829474 0.829474 0.829474
11551.698242 0.000000 8092.293945 0.000000 0.988655 0.000000 -0.150207 0.823188 0.823188 0.823188
11548.477539 0.000000 8064.361328 0.000000 0.624443 0.000000 -0.781070 1.013043 1.013043 1.013043
11546.568359 0.000000 8104.618652 0.000000 0.437668 0.000000 0.899136 0.558890 0.558890 0.558890
11552.559570 0.000000 8081.323730 0.000000 0.046747 0.000000 -0.998907 1.162219 1.162219 1.162219
11553.943359 0.000000 8078.217773 0.000000 0.116460 0.000000 0.993195 0.451505 0.451505 0.451505
11550.375000 0.000000 8076.108398 0.000000 0.796969 0.000000 0.604020 0.630318 0.630318 0.630318
11553.411133 0.000000 8068.821777 0.000000 0.088334 0.000000 0.996091 0.302619 0.302619 0.302619
11550.017578 0.000000 8070.604004 0.000000 0.063808 0.000000 0.997962 0.402716 0.402716 0.402716
11551.038086 0.000000 8088.523926 0.000000 0.854448 0.000000 -0.519536 0.941844 0.941844 0.941844
11553.461914 0.000000 8065.764160 0.000000 0.659547 0.000000 -0.751663 1.076906 1.076906 1.076906
11537.635742 0.000000 8092.048340 0.000000 0.536889 0.000000 0.843653 0.585430 0.585430 0.585430
11549.203125 0.000000 8102.850586 0.000000 0.520811 0.000000 0.853672 0.571166 0.571166 0.571166
11550.282227 0.000000 8074.271973 0.000000 0.523601 0.000000 -0.851964 1.068836 1.068836 1.068836
11552.058594 0.000000 8085.041504 0.000000 0.285914 0.000000 0.958255 0.500698 0.500698 0.500698
11552.300781 0.000000 8073.325684 0.000000 0.563734 0.000000 0.825957 0.553479 0.553479 0.553479
11553.644531 0.000000 8086.725098 0.000000 0.989990 0.000000 0.141134 0.768041 0.768041 0.768041
11552.926758 0.000000 8076.719238 0.000000 0.975457 0.000000 0.220189 0.746792 0.746792 0.746792
11549.611328 0.000000 8100.544434 0.000000 0.073788 0.000000 -0.997274 1.131862 1.131862 1.131862
11550.620117 0.000000 8067.977539 0.000000 0.891978 0.000000 0.452078 0.656655 0.656655 0.656655
11550.347656 0.000000 8095.814941 0.000000 0.974509 0.000000 0.224351 0.741249 0.741249 0.741249
11551.385742 0.000000 8098.164062 0.000000 0.999983 0.000000 -0.005879 0.801527 0.801527 0.801527
11532.369141 0.000000 8065.732422 0.000000 0.809630 0.000000 0.586940 0.638387 0.638387 0.638387
11550.271484 0.000000 8082.636230 0.000000 0.259519 0.000000 0.965738 0.457706 0.457706 0.457706
11552.790039 0.000000 8079.654785 0.000000 0.996278 0.000000 -0.086204 0.820686 0.820686 0.820686
11533.003906 0.000000 8062.459473 0.000000 0.992443 0.000000 -0.122706 0.837099 0.837099 0.837099
11551.745117 0.000000 8094.829590 0.000000 0.367710 0.000000 -0.929941 1.110077 1.110077 1.110077
11509.290039 0.000000 8203.654297 0.000000 0.257668 0.000000 0.966234 0.768599 0.768599 0.768599
11498.006836 0.000000 8236.474609 0.000000 0.847630 0.000000 0.530587 0.786596 0.786596 0.786596
11471.082031 0.000000 8240.155273 0.000000 0.244241 0.000000 0.969715 0.736533 0.736533 0.736533
11495.010742 0.000000 8203.049805 0.000000 0.192692 0.000000 -0.981259 0.893499 0.893499 0.893499
11464.698242 0.000000 8183.376465 0.000000 0.397725 0.000000 0.917505 0.739672 0.739672 0.739672
11485.375000 0.000000 8189.841797 0.000000 0.999208 0.000000 -0.039795 0.802544 0.802544 0.802544
11466.860352 0.000000 8159.572754 0.000000 0.182291 0.000000 -0.983245 0.877592 0.877592 0.877592
11456.786133 0.000000 8211.899414 0.000000 0.152344 0.000000 -0.988328 0.896281 0.896281 0.896281
11480.486328 0.000000 8181.425293 0.000000 0.114943 0.000000 -0.993372 0.893030 0.893030 0.893030
11484.794922 0.000000 8228.254883 0.000000 0.854821 0.000000 -0.518923 0.833780 0.833780 0.833780
11510.717773 0.000000 8212.997070 0.000000 0.347684 0.000000 0.937612 0.710163 0.710163 0.710163
11492.482422 0.000000 8200.920898 0.000000 0.969029 0.000000 0.246946 0.781560 0.781560 0.781560
11467.780273 0.000000 8223.966797 0.000000 0.556757 0.000000 0.830676 0.715809 0.715809 0.715809
11499.187500 0.000000 8239.504883 0.000000 0.185064 0.000000 -0.982727 0.891261 0.891261 0.891261
11466.211914 0.000000 8214.724609 0.000000 0.804897 0.000000 -0.593414 0.855829 0.855829 0.855829
11468.611328 0.000000 8227.440430 0.000000 0.931229 0.000000 -0.364434 0.833526 0.833526 0.833526
11506.261719 0.000000 8233.826172 0.000000 0.174457 0.000000 -0.984665 0.897546 0.897546 0.897546
11496.979492 0.000000 8233.539062 0.000000 0.613244 0.000000 -0.789893 0.870931 0.870931 0.870931
11478.675781 0.000000 8171.328613 0.000000 0.762502 0.000000 -0.646986 0.856212 0.856212 0.856212
11466.903320 0.000000 8165.805176 0.000000 0.810125 0.000000 0.586258 0.748704 0.748704 0.748704
11450.329102 0.000000 8211.154297 0.000000 0.651465 0.000000 0.758678 0.722592 0.722592 0.722592
11471.403320 0.000000 8222.240234 0.000000 0.477243 0.000000 -0.878771 0.917898 0.917898 0.917898
11485.092773 0.000000 8238.025391 0.000000 0.814559 0.000000 -0.580080 0.855618 0.855618 0.855618
11468.229492 0.000000 8199.678711 0.000000 0.997986 0.000000 -0.063431 0.807226 0.807226 0.807226
11494.933594 0.000000 8243.615234 0.000000 0.545602 0.000000 -0.838045 0.923047 0.923047 0.923047
11476.607422 0.000000 8176.504395 0.000000 0.962122 0.000000 -0.272620 0.828125 0.828125 0.828125
11488.141602 0.000000 8222.203125 0.000000 0.961389 0.000000 -0.275194 0.831182 0.831182 0.831182
11445.120117 0.000000 8180.996094 0.000000 0.736466 0.000000 0.676475 0.713935 0.713935 0.713935
11456.774414 0.000000 8200.090820 0.000000 0.048673 0.000000 -0.998815 1.423201 1.423201 1.423201
11486.650391 0.000000 8226.387695 0.000000 0.987061 0.000000 -0.160344 0.819298 0.819298 0.819298
11507.138672 0.000000 8205.219727 0.000000 0.082923 0.000000 -0.996556 0.990173 0.990173 0.990173
11455.138672 0.000000 8161.902344 0.000000 0.588098 0.000000 -0.808789 0.950526 0.950526 0.950526
11489.275391 0.000000 8177.064941 0.000000 0.293659 0.000000 -0.955910 0.990648 0.990648 0.990648
11465.649414 0.000000 8177.526855 0.000000 0.839109 0.000000 0.543964 0.709251 0.709251 0.709251
11450.494141 0.000000 8183.216309 0.000000 0.881180 0.000000 -0.472780 0.871797 0.871797 0.871797
11505.662109 0.000000 8231.518555 0.000000 0.990767 0.000000 0.135573 0.775827 0.775827 0.775827
11480.746094 0.000000 8192.463867 0.000000 0.083716 0.000000 -0.996490 1.064317 1.064317 1.064317
11457.303711 0.000000 8205.017578 0.000000 0.899576 0.000000 -0.436764 0.879442 0.879442 0.879442
11490.831055 0.000000 8225.981445 0.000000 0.932431 0.000000 0.361349 0.669302 0.669302 0.669302
11452.893555 0.000000 8223.404297 0.000000 0.680762 0.000000 -0.732505 0.932979 0.932979 0.932979
11458.351562 0.000000 8201.791992 0.000000 0.925526 0.000000 0.378685 0.735619 0.735619 0.735619
11474.110352 0.000000 8168.739258 0.000000 0.093666 0.000000 0.995604 0.286716 0.286716 0.286716
11468.858398 0.000000 8240.581055 0.000000 0.988968 0.000000 -0.148126 0.850182 0.850182 0.850182
11474.685547 0.000000 8174.571777 0.000000 0.934520 0.000000 0.355910 0.722962 0.722962 0.722962
11495.995117 0.000000 8235.584961 0.000000 0.679182 0.000000 0.733970 0.500424 0.500424 0.500424
11454.596680 0.000000 8200.500977 0.000000 0.893204 0.000000 0.449651 0.644446 0.644446 0.644446
11478.286133 0.000000 8192.136719 0.000000 0.539451 0.000000 0.842017 0.588079 0.588079 0.588079
11492.068359 0.000000 8207.400391 0.000000 0.999998 0.000000 0.001988 0.799357 0.799357 0.799357
11478.799805 0.000000 8212.532227 0.000000 0.999927 0.000000 0.012083 0.797490 0.797490 0.797490
11491.910156 0.000000 8215.515625 0.000000 0.922733 0.000000 0.385440 0.732827 0.732827 0.732827
11498.608398 0.000000 8177.838867 0.000000 0.972583 0.000000 0.232557 0.749842 0.749842 0.749842
11493.986328 0.000000 8211.500977 0.000000 0.052172 0.000000 -0.998638 1.124532 1.124532 1.124532
11498.464844 0.000000 8219.519531 0.000000 0.981170 0.000000 0.193148 0.753804 0.753804 0.753804
11491.017578 0.000000 8209.128906 0.000000 0.976574 0.000000 0.215183 0.753219 0.753219 0.753219
11494.875977 0.000000 8233.887695 0.000000 0.804551 0.000000 0.593883 0.568861 0.568861 0.568861
11474.813477 0.000000 8245.317383 0.000000 0.431235 0.000000 -0.902240 1.029170 1.029170 1.029170
11471.114258 0.000000 8171.913086 0.000000 0.063897 0.000000 0.997956 0.514093 0.514093 0.514093
11456.874023 0.000000 8198.025391 0.000000 0.921857 0.000000 0.387530 0.725289 0.725289 0.725289
11507.345703 0.000000 8203.074219 0.000000 0.129015 0.000000 0.991643 0.477568 0.477568 0.477568
11467.505859 0.000000 8163.824219 0.000000 0.400154 0.000000 -0.916448 1.119473 1.119473 1.119473
11469.580078 0.000000 8223.029297 0.000000 0.634867 0.000000 -0.772621 1.031016 1.031016 1.031016
11491.357422 0.000000 8228.071289 0.000000 0.561012 0.000000 -0.827808 1.029827 1.029827 1.029827
11466.290039 0.000000 8200.108398 0.000000 0.824870 0.000000 0.565322 0.551602 0.551602 0.551602
11454.652344 0.000000 8212.373047 0.000000 0.791608 0.000000 0.611030 0.633261 0.633261 0.633261
11491.620117 0.000000 8232.087891 0.000000 0.080779 0.000000 0.996732 0.356614 0.356614 0.356614
11457.145508 0.000000 8213.916016 0.000000 0.998921 0.000000 -0.046452 0.808724 0.808724 0.808724
11488.715820 0.000000 8231.740234 0.000000 0.972395 0.000000 -0.233339 0.885137 0.885137 0.885137
11489.399414 0.000000 8240.394531 0.000000 0.361496 0.000000 -0.932374 1.051846 1.051846 1.051846
11478.751953 0.000000 8173.345703 0.000000 0.656206 0.000000 0.754582 0.615571 0.615571 0.615571
11465.745117 0.000000 8216.619141 0.000000 0.521699 0.000000 -0.853129 1.065341 1.065341 1.065341
11468.779297 0.000000 8160.156250 0.000000 0.215580 0.000000 -0.976486 1.110878 1.110878 1.110878
11469.255859 0.000000 8242.475586 0.000000 0.634313 0.000000 -0.773076 1.022379 1.022379 1.022379
11467.367188 0.000000 8225.800781 0.000000 0.893975 0.000000 -0.448117 0.898371 0.898371 0.898371
11466.900391 0.000000 8240.211914 0.000000 0.343504 0.000000 0.939151 0.373537 0.373537 0.373537
11468.479492 0.000000 8202.365234 0.000000 0.768170 0.000000 0.640246 0.511355 0.511355 0.511355
11476.717773 0.000000 8171.553711 0.000000 0.017853 0.000000 0.999841 0.371980 0.371980 0.371980
11497.301758 0.000000 8239.568359 0.000000 0.952156 0.000000 -0.305612 0.894907 0.894907 0.894907
11455.860352 0.000000 8210.239258 0.000000 0.948279 0.000000 0.317438 0.709032 0.709032 0.709032
11507.635742 0.000000 8228.169922 0.000000 0.754040 0.000000 0.656828 0.606784 0.606784 0.606784
11499.072266 0.000000 8216.139648 0.000000 0.917811 0.000000 0.397017 0.649966 0.649966 0.649966
11469.190430 0.000000 8225.762695 0.000000 0.844731 0.000000 0.535191 0.619535 0.619535 0.619535
11505.541016 0.000000 8227.165039 0.000000 0.904249 0.000000 -0.427005 0.896925 0.896925 0.896925
11490.794922 0.000000 8178.015625 0.000000 0.999989 0.000000 0.004766 0.798705 0.798705 0.798705
11474.437500 0.000000 8170.483887 0.000000 0.835836 0.000000 -0.548980 1.018208 1.018208 1.018208
11491.271484 0.000000 8205.843750 0.000000 0.562892 0.000000 0.826530 0.444405 0.444405 0.444405
11464.318359 0.000000 8215.532227 0.000000 0.493213 0.000000 0.869908 0.462861 0.462861 0.462861
11457.283203 0.000000 8203.163086 0.000000 0.188437 0.000000 -0.982085 1.282761 1.282761 1.282761
11490.510742 0.000000 8224.376953 0.000000 0.535027 0.000000 0.844835 0.444277 0.444277 0.444277
11456.654297 0.000000 8241.727539 0.000000 0.041426 0.000000 -0.999142 1.276501 1.276501 1.276501
11468.286133 0.000000 8243.762695 0.000000 0.958198 0.000000 0.286107 0.726980 0.726980 0.726980
11507.322266 0.000000 8229.722656 0.000000 0.691011 0.000000 -0.722844 1.017834 1.017834 1.017834
11454.621094 0.000000 8155.939941 0.000000 0.336879 0.000000 0.941548 0.474017 0.474017 0.474017
11175.259766 0.000000 8337.090820 0.000000 0.543437 0.000000 -0.839450 0.833826 0.833826 0.833826
11181.128906 0.000000 8338.503906 0.000000 0.653986 0.000000 -0.756507 0.892531 0.892531 0.892531
11100.493164 0.000000 8415.509766 0.000000 0.999863 0.000000 -0.016562 0.800893 0.800893 0.800893
11212.130859 0.000000 8501.834961 0.000000 0.702446 0.000000 -0.711737 0.855361 0.855361 0.855361
11216.708008 0.000000 8484.064453 0.000000 0.166898 0.000000 0.985974 0.673894 0.673894 0.673894
11173.666992 0.000000 8499.852539 0.000000 0.421592 0.000000 -0.906786 0.911135 0.911135 0.911135
11227.367188 0.000000 8496.196289 0.000000 0.001954 0.000000 0.999998 0.637066 0.637066 0.637066
11225.040039 0.000000 8496.304688 0.000000 0.994034 0.000000 -0.109074 0.820518 0.820518 0.820518
11188.353516 0.000000 8504.255859 0.000000 0.453976 0.000000 0.891014 0.549643 0.549643 0.549643
11216.075195 0.000000 8520.794922 0.000000 0.859855 0.000000 0.510539 0.674793 0.674793 0.674793
11199.154297 0.000000 8493.066406 0.000000 0.502242 0.000000 -0.864727 1.042014 1.042014 1.042014
11217.015625 0.000000 8519.339844 0.000000 0.961923 0.000000 -0.273321 0.866904 0.866904 0.866904
11212.960938 0.000000 8530.665039 0.000000 0.729815 0.000000 0.683644 0.768428 0.768428 0.768428
11174.415039 0.000000 8615.350586 0.000000 0.999992 0.000000 0.004022 0.799349 0.799349 0.799349
11173.212891 0.000000 8617.884766 0.000000 0.974917 0.000000 0.222567 0.756966 0.756966 0.756966
10800.361328 0.000000 8722.146484 0.000000 0.733182 0.000000 -0.680033 0.832858 0.832858 0.832858
10847.802734 0.000000 8965.113281 0.000000 0.579024 0.000000 -0.815310 0.851405 0.851405 0.851405
10855.067383 0.000000 8956.361328 0.000000 0.266496 0.000000 0.963836 0.714250 0.714250 0.714250
10836.566406 0.000000 8995.903320 0.000000 0.990864 0.000000 0.134866 0.781357 0.781357 0.781357
10841.071289 0.000000 8993.377930 0.000000 0.561188 0.000000 0.827688 0.622799 0.622799 0.622799
10839.582031 0.000000 8998.216797 0.000000 0.354966 0.000000 0.934879 0.483962 0.483962 0.483962
10851.369141 0.000000 8970.486328 0.000000 0.806453 0.000000 0.591298 0.634470 0.634470 0.634470
10852.676758 0.000000 8962.166016 0.000000 0.346963 0.000000 -0.937879 1.115844 1.115844 1.115844
10851.050781 0.000000 8960.615234 0.000000 0.309607 0.000000 -0.950864 1.123605 1.123605 1.123605
10854.716797 0.000000 8960.824219 0.000000 0.756497 0.000000 -0.653997 0.979392 0.979392 0.979392
10848.042969 0.000000 8972.208984 0.000000 0.231699 0.000000 -0.972788 1.149803 1.149803 1.149803
10841.106445 0.000000 8989.505859 0.000000 0.998332 0.000000 -0.057733 0.815460 0.815460 0.815460
10851.565430 0.000000 8972.330078 0.000000 0.577673 0.000000 0.816268 0.550156 0.550156 0.550156
10854.327148 0.000000 8964.754883 0.000000 0.543749 0.000000 0.839248 0.583194 0.583194 0.583194
10842.184570 0.000000 8991.119141 0.000000 0.640293 0.000000 0.768131 0.595318 0.595318 0.595318
10842.327148 0.000000 8982.592773 0.000000 0.829168 0.000000 0.559000 0.642432 0.642432 0.642432
10841.168945 0.000000 8997.327148 0.000000 0.970304 0.000000 0.241888 0.734127 0.734127 0.734127
10850.136719 0.000000 8944.617188 0.000000 0.609300 0.000000 -0.792940 1.013959 1.013959 1.013959
10849.247070 0.000000 8955.670898 0.000000 0.990553 0.000000 -0.137127 0.834892 0.834892 0.834892
10848.407227 0.000000 8970.502930 0.000000 0.097998 0.000000 -0.995187 1.185299 1.185299 1.185299
10838.101562 0.000000 8995.169922 0.000000 0.126159 0.000000 0.992010 0.410577 0.410577 0.410577
10844.041992 0.000000 8976.770508 0.000000 0.177729 0.000000 0.984080 0.432988 0.432988 0.432988
10839.020508 0.000000 8990.044922 0.000000 0.716013 0.000000 0.698087 0.593196 0.593196 0.593196
10839.934570 0.000000 8994.591797 0.000000 0.963099 0.000000 0.269146 0.726525 0.726525 0.726525
10850.921875 0.000000 8973.778320 0.000000 0.855082 0.000000 0.518494 0.657384 0.657384 0.657384
11142.735352 0.000000 8659.639648 0.000000 0.955284 0.000000 -0.295691 0.813190 0.813190 0.813190
11082.024414 0.000000 8664.298828 0.000000 0.909162 0.000000 -0.416443 0.829168 0.829168 0.829168
11130.083984 0.000000 8662.115234 0.000000 0.999992 0.000000 -0.004078 0.800497 0.800497 0.800497
11155.445312 0.000000 8684.763672 0.000000 0.793596 0.000000 0.608445 0.764727 0.764727 0.764727
11162.742188 0.000000 8671.259766 0.000000 0.584599 0.000000 0.811322 0.626101 0.626101 0.626101
11167.769531 0.000000 8656.067383 0.000000 0.179477 0.000000 -0.983762 1.127668 1.127668 1.127668
11161.556641 0.000000 8672.620117 0.000000 0.698607 0.000000 0.715506 0.599346 0.599346 0.599346
11165.680664 0.000000 8656.591797 0.000000 0.606766 0.000000 -0.794881 1.055077 1.055077 1.055077
11133.988281 0.000000 8730.506836 0.000000 0.130479 0.000000 -0.991451 0.906409 0.906409 0.906409
11310.458984 0.000000 8342.750977 0.000000 0.708949 0.000000 -0.705260 0.857846 0.857846 0.857846
11414.440430 0.000000 8324.854492 0.000000 0.920903 0.000000 0.389791 0.784806 0.784806 0.784806
11410.255859 0.000000 8308.917969 0.000000 0.159407 0.000000 -0.987213 0.873255 0.873255 0.873255
11408.610352 0.000000 8306.057617 0.000000 0.888656 0.000000 -0.458574 0.833301 0.833301 0.833301
11417.619141 0.000000 8326.136719 0.000000 0.580523 0.000000 -0.814244 0.866508 0.866508 0.866508
11360.311523 0.000000 8288.166992 0.000000 0.985545 0.000000 -0.169412 0.814960 0.814960 0.814960
11361.158203 0.000000 8283.652344 0.000000 0.391525 0.000000 0.920167 0.645970 0.645970 0.645970
11415.034180 0.000000 8317.791016 0.000000 0.739109 0.000000 0.673586 0.724721 0.724721 0.724721
11417.592773 0.000000 8313.015625 0.000000 0.972361 0.000000 -0.233481 0.825886 0.825886 0.825886
11417.016602 0.000000 8334.925781 0.000000 0.545011 0.000000 0.838429 0.684810 0.684810 0.684810
11400.821289 0.000000 8293.262695 0.000000 0.968875 0.000000 0.247552 0.769524 0.769524 0.769524
11417.563477 0.000000 8316.819336 0.000000 0.404517 0.000000 0.914530 0.654753 0.654753 0.654753
11428.923828 0.000000 8320.166016 0.000000 0.998950 0.000000 0.045823 0.793774 0.793774 0.793774
11419.628906 0.000000 8342.233398 0.000000 0.802581 0.000000 0.596543 0.697871 0.697871 0.697871
11415.075195 0.000000 8312.661133 0.000000 0.946461 0.000000 -0.322817 0.853833 0.853833 0.853833
11412.524414 0.000000 8308.820312 0.000000 0.940444 0.000000 0.339949 0.739729 0.739729 0.739729
11414.927734 0.000000 8320.406250 0.000000 0.651273 0.000000 -0.758844 0.944538 0.944538 0.944538
11416.907227 0.000000 8324.160156 0.000000 0.694201 0.000000 -0.719781 0.982942 0.982942 0.982942
11426.383789 0.000000 8309.271484 0.000000 0.623686 0.000000 0.781675 0.509661 0.509661 0.509661
11424.185547 0.000000 8308.210938 0.000000 0.935748 0.000000 0.352669 0.715058 0.715058 0.715058
11427.360352 0.000000 8321.148438 0.000000 0.246575 0.000000 -0.969124 1.190669 1.190669 1.190669
11415.339844 0.000000 8310.837891 0.000000 0.997076 0.000000 0.076412 0.778155 0.778155 0.778155
11418.632812 0.000000 8327.507812 0.000000 0.097130 0.000000 0.995272 0.429187 0.429187 0.429187
11417.313477 0.000000 8322.621094 0.000000 0.303010 0.000000 -0.952988 1.138003 1.138003 1.138003
11327.459961 0.000000 8387.335938 0.000000 0.132925 0.000000 0.991126 0.785645 0.785645 0.785645
11330.219727 0.000000 8378.413086 0.000000 0.916332 0.000000 0.400420 0.779430 0.779430 0.779430
11342.724609 0.000000 8374.811523 0.000000 0.970924 0.000000 -0.239387 0.813036 0.813036 0.813036
11329.671875 0.000000 8385.595703 0.000000 0.492213 0.000000 -0.870475 0.920237 0.920237 0.920237
11327.925781 0.000000 8389.920898 0.000000 0.087221 0.000000 0.996189 0.640007 0.640007 0.640007
11331.144531 0.000000 8425.151367 0.000000 0.021614 0.000000 0.999766 0.608167 0.608167 0.608167
11314.175781 0.000000 8367.714844 0.000000 0.467452 0.000000 0.884019 0.654892 0.654892 0.654892
11313.754883 0.000000 8372.391602 0.000000 0.558007 0.000000 0.829836 0.678795 0.678795 0.678795
11311.499023 0.000000 8371.844727 0.000000 0.485124 0.000000 -0.874445 0.980680 0.980680 0.980680
11317.304688 0.000000 8374.979492 0.000000 0.944318 0.000000 -0.329033 0.860267 0.860267 0.860267
11318.730469 0.000000 8366.213867 0.000000 0.045157 0.000000 -0.998980 1.046810 1.046810 1.046810
11315.815430 0.000000 8363.147461 0.000000 0.848745 0.000000 0.528803 0.731004 0.731004 0.731004
11329.699219 0.000000 8387.987305 0.000000 0.920309 0.000000 -0.391192 0.857798 0.857798 0.857798
11314.623047 0.000000 8374.560547 0.000000 0.005566 0.000000 -0.999985 1.046965 1.046965 1.046965
11333.403320 0.000000 8395.297852 0.000000 0.927223 0.000000 -0.374510 0.866701 0.866701 0.866701
11309.579102 0.000000 8360.500977 0.000000 0.903392 0.000000 0.428817 0.725648 0.725648 0.725648
11330.893555 0.000000 8380.737305 0.000000 0.832292 0.000000 0.554337 0.690864 0.690864 0.690864
11326.011719 0.000000 8393.690430 0.000000 0.995000 0.000000 -0.099877 0.826975 0.826975 0.826975
11327.633789 0.000000 8393.346680 0.000000 0.861652 0.000000 0.507499 0.656483 0.656483 0.656483
11315.537109 0.000000 8371.406250 0.000000 0.345805 0.000000 0.938306 0.425466 0.425466 0.425466
11375.238281 0.000000 8373.724609 0.000000 0.486675 0.000000 0.873583 0.706628 0.706628 0.706628
11421.201172 0.000000 8350.690430 0.000000 0.984475 0.000000 -0.175524 0.811276 0.811276 0.811276
11429.958984 0.000000 8360.052734 0.000000 0.428748 0.000000 -0.903424 0.896847 0.896847 0.896847
11346.541992 0.000000 8398.693359 0.000000 0.873040 0.000000 0.487649 0.762357 0.762357 0.762357
11360.311523 0.000000 8381.909180 0.000000 0.903019 0.000000 -0.429600 0.837249 0.837249 0.837249
11368.041016 0.000000 8387.878906 0.000000 0.377023 0.000000 0.926204 0.686472 0.686472 0.686472
11350.003906 0.000000 8385.734375 0.000000 0.629579 0.000000 -0.776936 0.919066 0.919066 0.919066
11375.367188 0.000000 8361.870117 0.000000 0.216940 0.000000 -0.976185 1.007939 1.007939 1.007939
11373.930664 0.000000 8391.635742 0.000000 0.260669 0.000000 0.965428 0.593766 0.593766 0.593766
11386.739258 0.000000 8386.383789 0.000000 0.045363 0.000000 -0.998971 1.022403 1.022403 1.022403
11355.787109 0.000000 8388.067383 0.000000 0.870295 0.000000 0.492531 0.707429 0.707429 0.707429
11368.235352 0.000000 8380.798828 0.000000 0.161894 0.000000 -0.986808 1.058749 1.058749 1.058749
11376.818359 0.000000 8400.605469 0.000000 0.154968 0.000000 -0.987920 1.062864 1.062864 1.062864
11371.166016 0.000000 8384.952148 0.000000 0.663818 0.000000 -0.747894 1.098676 1.098676 1.098676
11368.693359 0.000000 8385.999023 0.000000 0.990160 0.000000 -0.139937 0.828602 0.828602 0.828602
11370.851562 0.000000 8389.005859 0.000000 0.563070 0.000000 -0.826409 1.143861 1.143861 1.143861
11372.547852 0.000000 8387.592773 0.000000 0.537088 0.000000 0.843526 0.445140 0.445140 0.445140
11374.285156 0.000000 8401.542969 0.000000 0.602841 0.000000 0.797862 0.582298 0.582298 0.582298
11374.737305 0.000000 8389.849609 0.000000 0.997191 0.000000 0.074907 0.774393 0.774393 0.774393
11352.001953 0.000000 8399.732422 0.000000 0.768301 0.000000 0.640089 0.650171 0.650171 0.650171
11376.964844 0.000000 8362.540039 0.000000 0.152041 0.000000 0.988374 0.420457 0.420457 0.420457
11375.403320 0.000000 8398.080078 0.000000 0.944633 0.000000 -0.328129 0.898823 0.898823 0.898823
11281.080078 0.000000 8493.414062 0.000000 0.889472 0.000000 0.456990 0.761136 0.761136 0.761136
11300.517578 0.000000 8494.297852 0.000000 0.599082 0.000000 0.800688 0.736953 0.736953 0.736953
11337.775391 0.000000 8440.309570 0.000000 0.885635 0.000000 0.464381 0.758525 0.758525 0.758525
11313.588867 0.000000 8491.603516 0.000000 0.967129 0.000000 -0.254286 0.851864 0.851864 0.851864
11333.403320 0.000000 8489.040039 0.000000 0.133364 0.000000 0.991067 0.590483 0.590483 0.590483
11330.126953 0.000000 8462.646484 0.000000 0.950514 0.000000 -0.310681 0.894011 0.894011 0.894011
11266.640625 0.000000 8520.091797 0.000000 0.196341 0.000000 0.980536 0.523002 0.523002 0.523002
11312.170898 0.000000 8490.203125 0.000000 0.742803 0.000000 0.669510 0.652028 0.652028 0.652028
11328.433594 0.000000 8461.814453 0.000000 0.649410 0.000000 0.760438 0.599832 0.599832 0.599832
11274.849609 0.000000 8527.751953 0.000000 0.608079 0.000000 -0.793877 1.028973 1.028973 1.028973
11289.350586 0.000000 8505.590820 0.000000 0.913351 0.000000 -0.407174 0.932334 0.932334 0.932334
11331.238281 0.000000 8461.316406 0.000000 0.999863 0.000000 0.016546 0.794481 0.794481 0.794481
11346.668945 0.000000 8443.524414 0.000000 0.288215 0.000000 -0.957566 1.144701 1.144701 1.144701
11267.959961 0.000000 8546.407227 0.000000 0.802778 0.000000 -0.596278 0.862521 0.862521 0.862521
11269.148438 0.000000 8544.819336 0.000000 0.749351 0.000000 -0.662173 0.973452 0.973452 0.973452
11265.768555 0.000000 8536.569336 0.000000 0.992512 0.000000 -0.122144 0.828858 0.828858 0.828858
11269.055664 0.000000 8542.982422 0.000000 0.872533 0.000000 -0.488556 0.909082 0.909082 0.909082
11279.992188 0.000000 8532.753906 0.000000 0.172866 0.000000 0.984945 0.445637 0.445637 0.445637
10862.947266 0.000000 9026.584961 0.000000 0.627286 0.000000 -0.778789 0.869537 0.869537 0.869537
10864.593750 0.000000 9039.939453 0.000000 0.083210 0.000000 0.996532 0.675223 0.675223 0.675223
10864.255859 0.000000 9029.127930 0.000000 0.906684 0.000000 0.421811 0.746949 0.746949 0.746949
10851.692383 0.000000 9020.546875 0.000000 0.745053 0.000000 -0.667005 0.937085 0.937085 0.937085
10859.304688 0.000000 9034.736328 0.000000 0.958421 0.000000 -0.285359 0.865888 0.865888 0.865888
10841.533203 0.000000 9008.645508 0.000000 0.998871 0.000000 0.047498 0.791269 0.791269 0.791269
10843.969727 0.000000 9005.839844 0.000000 0.378958 0.000000 -0.925414 1.123455 1.123455 1.123455
10840.563477 0.000000 9005.423828 0.000000 0.852295 0.000000 -0.523061 0.950612 0.950612 0.950612
10861.252930 0.000000 9032.839844 0.000000 0.596618 0.000000 0.802526 0.567442 0.567442 0.567442
10841.890625 0.000000 9006.607422 0.000000 0.814372 0.000000 0.580343 0.644190 0.644190 0.644190
"}
