object={
	name="tree_leaf_high_generator_3_0"
	render_pass=Map
	clamp_to_water_level=no
	generated_content=yes
	layer="tree_high_layer"
	pdxmesh="tree_leaf_01_c_mesh"
	count=2078
	transform="7455.125977 0.000000 7811.242676 0.000000 0.998414 0.000000 -0.056290 0.801181 0.801181 0.801181
7454.953125 0.000000 7840.479004 0.000000 0.946619 0.000000 -0.322355 0.806293 0.806293 0.806293
7615.827148 0.000000 7730.576660 0.000000 0.987396 0.000000 -0.158270 0.804666 0.804666 0.804666
7777.602051 0.000000 7922.239258 0.000000 0.937948 0.000000 0.346777 0.783662 0.783662 0.783662
9183.735352 0.000000 6328.622070 0.000000 0.928969 0.000000 0.370157 0.773191 0.773191 0.773191
9201.912109 0.000000 6371.118652 0.000000 0.524167 0.000000 0.851615 0.792062 0.792062 0.792062
9200.153320 0.000000 6366.026855 0.000000 0.244392 0.000000 0.969677 0.711950 0.711950 0.711950
9195.333984 0.000000 6362.291016 0.000000 0.721671 0.000000 0.692236 0.777552 0.777552 0.777552
9203.855469 0.000000 6366.119141 0.000000 0.947559 0.000000 0.319582 0.787136 0.787136 0.787136
9164.195312 0.000000 6402.159668 0.000000 0.229782 0.000000 0.973242 0.716565 0.716565 0.716565
9170.442383 0.000000 6438.404785 0.000000 0.726483 0.000000 0.687184 0.748251 0.748251 0.748251
9176.041016 0.000000 6526.224121 0.000000 0.460526 0.000000 -0.887646 0.839920 0.839920 0.839920
9171.292969 0.000000 6526.574219 0.000000 0.201630 0.000000 0.979462 0.718866 0.718866 0.718866
9163.833984 0.000000 6560.471680 0.000000 0.481814 0.000000 0.876273 0.741764 0.741764 0.741764
9256.689453 0.000000 6384.129395 0.000000 0.955602 0.000000 -0.294660 0.806631 0.806631 0.806631
9268.689453 0.000000 6425.897949 0.000000 0.356924 0.000000 -0.934133 0.832512 0.832512 0.832512
9258.370117 0.000000 6450.010254 0.000000 0.015281 0.000000 -0.999883 0.865241 0.865241 0.865241
9223.498047 0.000000 6423.786621 0.000000 0.842553 0.000000 -0.538613 0.827605 0.827605 0.827605
9252.540039 0.000000 6431.214355 0.000000 0.764704 0.000000 0.644382 0.768114 0.768114 0.768114
9208.532227 0.000000 6387.793457 0.000000 0.779275 0.000000 0.626682 0.756578 0.756578 0.756578
9197.424805 0.000000 6552.079590 0.000000 0.483509 0.000000 0.875339 0.748257 0.748257 0.748257
9187.861328 0.000000 6562.041504 0.000000 0.809096 0.000000 -0.587676 0.819196 0.819196 0.819196
9347.341797 0.000000 7107.515625 0.000000 0.259094 0.000000 0.965852 0.743542 0.743542 0.743542
9369.426758 0.000000 7112.605469 0.000000 0.556093 0.000000 0.831120 0.787067 0.787067 0.787067
9364.361328 0.000000 7120.581055 0.000000 0.818695 0.000000 0.574229 0.774712 0.774712 0.774712
9349.583984 0.000000 7119.550781 0.000000 0.142559 0.000000 0.989786 0.724719 0.724719 0.724719
9357.185547 0.000000 7115.118652 0.000000 0.795126 0.000000 0.606445 0.777747 0.777747 0.777747
9372.900391 0.000000 7116.307129 0.000000 0.555788 0.000000 -0.831324 0.828816 0.828816 0.828816
9370.328125 0.000000 7098.135254 0.000000 0.292877 0.000000 -0.956150 0.865625 0.865625 0.865625
9348.366211 0.000000 7123.789551 0.000000 0.422432 0.000000 -0.906394 0.863907 0.863907 0.863907
9449.946289 0.000000 7084.631348 0.000000 0.864371 0.000000 0.502854 0.784531 0.784531 0.784531
9413.726562 0.000000 7091.914062 0.000000 0.081438 0.000000 0.996678 0.755384 0.755384 0.755384
9462.781250 0.000000 7094.849609 0.000000 0.705557 0.000000 -0.708654 0.816045 0.816045 0.816045
9386.758789 0.000000 7103.725586 0.000000 0.374371 0.000000 -0.927279 0.839831 0.839831 0.839831
9451.376953 0.000000 7098.526855 0.000000 0.260113 0.000000 0.965578 0.750639 0.750639 0.750639
9387.000000 0.000000 7110.796387 0.000000 0.995337 0.000000 -0.096456 0.802142 0.802142 0.802142
9456.173828 0.000000 7082.093262 0.000000 0.933052 0.000000 -0.359742 0.811465 0.811465 0.811465
9433.993164 0.000000 7094.410645 0.000000 0.216770 0.000000 0.976223 0.761108 0.761108 0.761108
9387.637695 0.000000 7115.964355 0.000000 0.994356 0.000000 0.106096 0.795669 0.795669 0.795669
9384.961914 0.000000 7099.119629 0.000000 0.502858 0.000000 0.864369 0.761846 0.761846 0.761846
9428.335938 0.000000 7122.644043 0.000000 0.614204 0.000000 0.789147 0.767851 0.767851 0.767851
9382.818359 0.000000 7112.228516 0.000000 0.700025 0.000000 -0.714118 0.828594 0.828594 0.828594
9377.817383 0.000000 7116.706055 0.000000 0.852048 0.000000 0.523463 0.782505 0.782505 0.782505
9376.996094 0.000000 7108.749023 0.000000 0.862990 0.000000 -0.505221 0.820945 0.820945 0.820945
9414.437500 0.000000 7119.736816 0.000000 0.951385 0.000000 -0.308004 0.815946 0.815946 0.815946
9469.004883 0.000000 7080.721680 0.000000 0.653192 0.000000 0.757192 0.773236 0.773236 0.773236
9468.692383 0.000000 7105.554688 0.000000 0.764507 0.000000 0.644616 0.782791 0.782791 0.782791
9475.654297 0.000000 7086.386230 0.000000 0.372064 0.000000 -0.928207 0.817106 0.817106 0.817106
9185.270508 0.000000 7216.596680 0.000000 0.266220 0.000000 -0.963912 0.842105 0.842105 0.842105
9179.929688 0.000000 7216.888672 0.000000 0.422781 0.000000 0.906232 0.701454 0.701454 0.701454
9182.703125 0.000000 7215.862793 0.000000 0.999553 0.000000 -0.029896 0.801809 0.801809 0.801809
9232.043945 0.000000 7165.811035 0.000000 0.974131 0.000000 0.225983 0.796995 0.796995 0.796995
9218.227539 0.000000 7162.888184 0.000000 0.622884 0.000000 -0.782315 0.810227 0.810227 0.810227
9225.054688 0.000000 7164.700684 0.000000 0.451404 0.000000 -0.892320 0.823120 0.823120 0.823120
9227.382812 0.000000 7171.339844 0.000000 0.379542 0.000000 -0.925175 0.867252 0.867252 0.867252
9235.249023 0.000000 7171.455566 0.000000 0.904922 0.000000 0.425577 0.779982 0.779982 0.779982
9210.264648 0.000000 7178.164062 0.000000 0.987276 0.000000 -0.159016 0.807942 0.807942 0.807942
9209.444336 0.000000 7168.123535 0.000000 0.943140 0.000000 -0.332396 0.812385 0.812385 0.812385
9279.270508 0.000000 7187.205566 0.000000 0.808320 0.000000 -0.588743 0.825271 0.825271 0.825271
9224.291016 0.000000 7168.779297 0.000000 0.863997 0.000000 -0.503497 0.834460 0.834460 0.834460
9229.285156 0.000000 7163.016602 0.000000 0.971323 0.000000 -0.237764 0.808774 0.808774 0.808774
9206.973633 0.000000 7180.734863 0.000000 0.551256 0.000000 0.834336 0.743823 0.743823 0.743823
9213.286133 0.000000 7171.805176 0.000000 0.998039 0.000000 -0.062600 0.802252 0.802252 0.802252
9276.585938 0.000000 7191.877441 0.000000 0.791841 0.000000 0.610727 0.756699 0.756699 0.756699
9210.929688 0.000000 7186.966797 0.000000 0.200782 0.000000 0.979636 0.690113 0.690113 0.690113
9206.639648 0.000000 7185.492188 0.000000 0.831951 0.000000 -0.554850 0.847577 0.847577 0.847577
9334.979492 0.000000 7191.680176 0.000000 0.244837 0.000000 -0.969564 0.818238 0.818238 0.818238
9343.441406 0.000000 7136.053223 0.000000 0.804401 0.000000 -0.594086 0.822488 0.822488 0.822488
9335.183594 0.000000 7172.947266 0.000000 0.923944 0.000000 -0.382528 0.803763 0.803763 0.803763
9347.696289 0.000000 7187.846680 0.000000 0.318310 0.000000 -0.947987 0.876202 0.876202 0.876202
9332.508789 0.000000 7140.738770 0.000000 0.288641 0.000000 0.957437 0.749462 0.749462 0.749462
9337.539062 0.000000 7201.160156 0.000000 0.871337 0.000000 -0.490686 0.805531 0.805531 0.805531
9346.709961 0.000000 7177.721680 0.000000 0.969003 0.000000 -0.247047 0.801496 0.801496 0.801496
9329.796875 0.000000 7184.283691 0.000000 0.939326 0.000000 -0.343026 0.809231 0.809231 0.809231
9317.695312 0.000000 7178.221680 0.000000 0.790447 0.000000 0.612531 0.776694 0.776694 0.776694
9366.583984 0.000000 7170.715820 0.000000 0.079988 0.000000 -0.996796 0.871456 0.871456 0.871456
9319.158203 0.000000 7192.563965 0.000000 0.213216 0.000000 0.977005 0.745567 0.745567 0.745567
9325.259766 0.000000 7189.004883 0.000000 0.999068 0.000000 -0.043169 0.801268 0.801268 0.801268
9340.250977 0.000000 7188.152832 0.000000 0.956015 0.000000 0.293318 0.795719 0.795719 0.795719
9307.883789 0.000000 7186.215332 0.000000 0.314963 0.000000 0.949104 0.748306 0.748306 0.748306
9324.548828 0.000000 7182.589355 0.000000 0.949181 0.000000 -0.314731 0.810359 0.810359 0.810359
9280.883789 0.000000 7192.112305 0.000000 0.614896 0.000000 0.788609 0.754817 0.754817 0.754817
9371.219727 0.000000 7172.301758 0.000000 0.406625 0.000000 0.913595 0.753752 0.753752 0.753752
9329.218750 0.000000 7144.433594 0.000000 0.645191 0.000000 -0.764021 0.820840 0.820840 0.820840
9357.928711 0.000000 7173.417969 0.000000 0.283265 0.000000 0.959042 0.761545 0.761545 0.761545
9353.286133 0.000000 7190.242188 0.000000 0.176723 0.000000 -0.984261 0.853423 0.853423 0.853423
9358.777344 0.000000 7182.769531 0.000000 0.199123 0.000000 0.979975 0.743347 0.743347 0.743347
9335.467773 0.000000 7158.595703 0.000000 0.982060 0.000000 0.188571 0.791020 0.791020 0.791020
9287.699219 0.000000 7189.870605 0.000000 0.586503 0.000000 -0.809947 0.839030 0.839030 0.839030
9317.240234 0.000000 7173.724121 0.000000 0.708855 0.000000 -0.705354 0.822048 0.822048 0.822048
9336.142578 0.000000 7212.217773 0.000000 0.999256 0.000000 -0.038564 0.801271 0.801271 0.801271
9331.214844 0.000000 7188.604492 0.000000 0.975704 0.000000 0.219094 0.794177 0.794177 0.794177
9362.076172 0.000000 7171.530273 0.000000 0.335460 0.000000 0.942054 0.746257 0.746257 0.746257
9321.238281 0.000000 7175.668945 0.000000 0.417700 0.000000 0.908585 0.745361 0.745361 0.745361
9349.416016 0.000000 7145.272461 0.000000 0.977531 0.000000 -0.210794 0.805854 0.805854 0.805854
9320.426758 0.000000 7181.409668 0.000000 0.995036 0.000000 0.099517 0.795700 0.795700 0.795700
9314.388672 0.000000 7166.221191 0.000000 0.301077 0.000000 0.953600 0.747702 0.747702 0.747702
9344.870117 0.000000 7146.635742 0.000000 0.980697 0.000000 -0.195536 0.811556 0.811556 0.811556
9323.238281 0.000000 7192.399414 0.000000 0.763107 0.000000 0.646272 0.760423 0.760423 0.760423
9318.019531 0.000000 7153.456543 0.000000 0.972778 0.000000 0.231737 0.791873 0.791873 0.791873
9320.811523 0.000000 7156.687500 0.000000 0.605734 0.000000 -0.795667 0.860092 0.860092 0.860092
9320.695312 0.000000 7213.479004 0.000000 0.465484 0.000000 -0.885057 0.865107 0.865107 0.865107
9328.724609 0.000000 7197.090820 0.000000 0.906763 0.000000 0.421641 0.773921 0.773921 0.773921
9323.455078 0.000000 7185.989258 0.000000 0.643861 0.000000 -0.765143 0.856902 0.856902 0.856902
9355.192383 0.000000 7175.260254 0.000000 0.429017 0.000000 0.903297 0.750013 0.750013 0.750013
9310.141602 0.000000 7183.560059 0.000000 0.995563 0.000000 -0.094095 0.805082 0.805082 0.805082
9306.763672 0.000000 7193.586426 0.000000 0.063084 0.000000 -0.998008 0.906596 0.906596 0.906596
9307.197266 0.000000 7147.228516 0.000000 0.817910 0.000000 0.575346 0.766942 0.766942 0.766942
9328.319336 0.000000 7189.962891 0.000000 0.498074 0.000000 -0.867135 0.866022 0.866022 0.866022
9373.014648 0.000000 7174.830566 0.000000 0.425071 0.000000 -0.905160 0.856962 0.856962 0.856962
9275.433594 0.000000 7307.108887 0.000000 0.986025 0.000000 -0.166600 0.809628 0.809628 0.809628
9228.877930 0.000000 7240.583984 0.000000 0.818252 0.000000 0.574860 0.765873 0.765873 0.765873
9222.767578 0.000000 7232.941895 0.000000 0.825497 0.000000 -0.564407 0.828746 0.828746 0.828746
9270.619141 0.000000 7308.065430 0.000000 0.557953 0.000000 -0.829872 0.874488 0.874488 0.874488
9226.858398 0.000000 7236.206055 0.000000 0.998797 0.000000 0.049030 0.798560 0.798560 0.798560
9224.088867 0.000000 7239.301270 0.000000 0.986769 0.000000 -0.162134 0.810733 0.810733 0.810733
9273.671875 0.000000 7310.630859 0.000000 0.750993 0.000000 -0.660310 0.844078 0.844078 0.844078
9222.017578 0.000000 7236.382324 0.000000 0.548184 0.000000 -0.836358 0.849858 0.849858 0.849858
9334.979492 0.000000 7285.422363 0.000000 0.189846 0.000000 -0.981814 0.862832 0.862832 0.862832
9332.469727 0.000000 7218.977539 0.000000 0.992596 0.000000 0.121465 0.794309 0.794309 0.794309
9341.327148 0.000000 7242.197266 0.000000 0.219358 0.000000 -0.975645 0.859033 0.859033 0.859033
9283.864258 0.000000 7232.015137 0.000000 0.834951 0.000000 -0.550324 0.822347 0.822347 0.822347
9280.624023 0.000000 7307.623047 0.000000 0.618580 0.000000 -0.785722 0.857406 0.857406 0.857406
9290.414062 0.000000 7225.020996 0.000000 0.870869 0.000000 0.491515 0.784299 0.784299 0.784299
9297.840820 0.000000 7240.756348 0.000000 0.918870 0.000000 -0.394560 0.812637 0.812637 0.812637
9328.604492 0.000000 7225.427734 0.000000 0.873636 0.000000 0.486579 0.779600 0.779600 0.779600
9325.553711 0.000000 7234.747559 0.000000 0.620307 0.000000 0.784359 0.746515 0.746515 0.746515
9328.922852 0.000000 7230.622070 0.000000 0.796350 0.000000 0.604835 0.759524 0.759524 0.759524
9338.211914 0.000000 7230.970703 0.000000 0.957069 0.000000 0.289861 0.792423 0.792423 0.792423
9342.546875 0.000000 7293.487305 0.000000 0.242233 0.000000 -0.970218 0.880252 0.880252 0.880252
9364.361328 0.000000 7308.065430 0.000000 0.532179 0.000000 -0.846632 0.850815 0.850815 0.850815
9340.166016 0.000000 7226.037598 0.000000 0.791210 0.000000 0.611544 0.779893 0.779893 0.779893
9290.058594 0.000000 7229.921875 0.000000 0.547480 0.000000 -0.836819 0.852870 0.852870 0.852870
9372.754883 0.000000 7310.338867 0.000000 0.949605 0.000000 0.313448 0.791213 0.791213 0.791213
9314.739258 0.000000 7287.584961 0.000000 0.783542 0.000000 -0.621339 0.821693 0.821693 0.821693
9310.704102 0.000000 7293.044434 0.000000 0.304572 0.000000 0.952489 0.761457 0.761457 0.761457
9332.291992 0.000000 7223.212402 0.000000 0.307598 0.000000 0.951516 0.729893 0.729893 0.729893
9316.833984 0.000000 7295.970215 0.000000 0.682227 0.000000 0.731141 0.743499 0.743499 0.743499
9336.047852 0.000000 7234.110352 0.000000 0.751187 0.000000 -0.660090 0.828942 0.828942 0.828942
9286.508789 0.000000 7229.819824 0.000000 0.329284 0.000000 -0.944231 0.885115 0.885115 0.885115
9340.449219 0.000000 7290.845215 0.000000 0.781673 0.000000 -0.623688 0.832685 0.832685 0.832685
9337.287109 0.000000 7283.186523 0.000000 0.801133 0.000000 0.598487 0.767323 0.767323 0.767323
9340.909180 0.000000 7296.117188 0.000000 0.997287 0.000000 -0.073605 0.803973 0.803973 0.803973
9348.892578 0.000000 7223.071777 0.000000 0.306556 0.000000 0.951853 0.737377 0.737377 0.737377
9305.877930 0.000000 7297.972168 0.000000 0.217787 0.000000 -0.975996 0.902823 0.902823 0.902823
9318.500000 0.000000 7293.495605 0.000000 0.524360 0.000000 -0.851497 0.865929 0.865929 0.865929
9292.127930 0.000000 7235.320801 0.000000 0.356726 0.000000 -0.934209 0.876598 0.876598 0.876598
9293.416992 0.000000 7230.441406 0.000000 0.953586 0.000000 0.301120 0.780024 0.780024 0.780024
9342.926758 0.000000 7236.382812 0.000000 0.453030 0.000000 0.891495 0.724161 0.724161 0.724161
9228.284180 0.000000 7323.124512 0.000000 0.249862 0.000000 -0.968281 0.846602 0.846602 0.846602
9267.378906 0.000000 7312.992188 0.000000 0.757937 0.000000 -0.652328 0.812348 0.812348 0.812348
9238.766602 0.000000 7328.223145 0.000000 0.834494 0.000000 -0.551018 0.835666 0.835666 0.835666
9241.556641 0.000000 7320.311035 0.000000 0.896109 0.000000 0.443833 0.760046 0.760046 0.760046
9256.689453 0.000000 7321.551270 0.000000 0.373254 0.000000 -0.927729 0.893982 0.893982 0.893982
9252.285156 0.000000 7318.092285 0.000000 0.107242 0.000000 0.994233 0.735117 0.735117 0.735117
9235.180664 0.000000 7324.364258 0.000000 0.656386 0.000000 -0.754425 0.849167 0.849167 0.849167
9244.469727 0.000000 7324.712891 0.000000 0.332476 0.000000 0.943112 0.724714 0.724714 0.724714
9235.476562 0.000000 7331.917969 0.000000 0.611216 0.000000 0.791464 0.776472 0.776472 0.776472
9241.494141 0.000000 7331.830566 0.000000 0.789760 0.000000 0.613416 0.754101 0.754101 0.754101
9238.100586 0.000000 7320.859863 0.000000 0.572993 0.000000 0.819560 0.729778 0.729778 0.729778
9242.305664 0.000000 7327.852539 0.000000 0.518860 0.000000 -0.854859 0.840545 0.840545 0.840545
9249.656250 0.000000 7320.302246 0.000000 0.143920 0.000000 0.989589 0.700007 0.700007 0.700007
9255.150391 0.000000 7316.813965 0.000000 0.949734 0.000000 -0.313059 0.814690 0.814690 0.814690
9245.462891 0.000000 7317.059082 0.000000 0.878516 0.000000 -0.477713 0.831334 0.831334 0.831334
9233.133789 0.000000 7330.752930 0.000000 0.586027 0.000000 0.810291 0.727551 0.727551 0.727551
9351.196289 0.000000 7344.042480 0.000000 0.682701 0.000000 -0.730698 0.862839 0.862839 0.862839
9356.204102 0.000000 7365.857910 0.000000 0.898898 0.000000 -0.438157 0.829078 0.829078 0.829078
9366.040039 0.000000 7331.705078 0.000000 0.594015 0.000000 0.804454 0.732791 0.732791 0.732791
9367.297852 0.000000 7350.854492 0.000000 0.159443 0.000000 0.987207 0.696881 0.696881 0.696881
9347.341797 0.000000 7388.742188 0.000000 0.075955 0.000000 0.997111 0.679091 0.679091 0.679091
9357.634766 0.000000 7379.753418 0.000000 0.864664 0.000000 -0.502350 0.803469 0.803469 0.803469
9367.876953 0.000000 7321.233398 0.000000 0.965898 0.000000 -0.258922 0.809886 0.809886 0.809886
9370.462891 0.000000 7342.402344 0.000000 0.466032 0.000000 -0.884768 0.837090 0.837090 0.837090
9355.440430 0.000000 7391.833984 0.000000 0.646101 0.000000 -0.763252 0.815608 0.815608 0.815608
9363.525391 0.000000 7369.903809 0.000000 0.822619 0.000000 0.568593 0.754341 0.754341 0.754341
9346.315430 0.000000 7397.189941 0.000000 0.291359 0.000000 0.956614 0.737349 0.737349 0.737349
9366.583984 0.000000 7358.200195 0.000000 0.405473 0.000000 -0.914107 0.821422 0.821422 0.821422
9362.431641 0.000000 7363.319824 0.000000 0.402440 0.000000 -0.915446 0.830492 0.830492 0.830492
9345.625000 0.000000 7403.722168 0.000000 0.673057 0.000000 0.739591 0.759598 0.759598 0.759598
9362.546875 0.000000 7318.758301 0.000000 0.545523 0.000000 0.838096 0.729142 0.729142 0.729142
9363.510742 0.000000 7325.165039 0.000000 0.813538 0.000000 -0.581511 0.818220 0.818220 0.818220
9361.898438 0.000000 7375.716309 0.000000 0.512574 0.000000 -0.858643 0.879196 0.879196 0.879196
9366.185547 0.000000 7338.879395 0.000000 0.854756 0.000000 0.519031 0.760436 0.760436 0.760436
9365.763672 0.000000 7345.647461 0.000000 0.230333 0.000000 -0.973112 0.848115 0.848115 0.848115
9355.422852 0.000000 7326.758789 0.000000 0.743627 0.000000 0.668595 0.745591 0.745591 0.745591
9358.777344 0.000000 7370.253906 0.000000 0.546213 0.000000 0.837646 0.724441 0.724441 0.724441
9348.849609 0.000000 7360.380371 0.000000 0.946280 0.000000 0.323350 0.774353 0.774353 0.774353
9370.068359 0.000000 7331.244141 0.000000 0.499683 0.000000 0.866208 0.757318 0.757318 0.757318
9345.998047 0.000000 7392.603516 0.000000 0.518338 0.000000 -0.855176 0.846101 0.846101 0.846101
9367.540039 0.000000 7335.245605 0.000000 0.717571 0.000000 0.696486 0.765376 0.765376 0.765376
9351.057617 0.000000 7373.573730 0.000000 0.987933 0.000000 0.154880 0.787794 0.787794 0.787794
9361.584961 0.000000 7379.395996 0.000000 0.296589 0.000000 -0.955005 0.862382 0.862382 0.862382
9369.312500 0.000000 7345.884766 0.000000 0.777026 0.000000 -0.629469 0.830597 0.830597 0.830597
9367.021484 0.000000 7342.274414 0.000000 0.989210 0.000000 -0.146507 0.810660 0.810660 0.810660
9362.520508 0.000000 7332.505859 0.000000 0.280593 0.000000 -0.959827 0.887097 0.887097 0.887097
9361.153320 0.000000 7372.555664 0.000000 0.343004 0.000000 -0.939334 0.892888 0.892888 0.892888
9364.334961 0.000000 7336.151855 0.000000 0.019868 0.000000 0.999803 0.687558 0.687558 0.687558
9350.191406 0.000000 7390.146484 0.000000 0.999655 0.000000 -0.026265 0.801464 0.801464 0.801464
9349.856445 0.000000 7385.228027 0.000000 0.937191 0.000000 -0.348816 0.821349 0.821349 0.821349
9367.630859 0.000000 7328.888184 0.000000 0.132085 0.000000 -0.991238 0.903416 0.903416 0.903416
9363.072266 0.000000 7339.226074 0.000000 0.671802 0.000000 -0.740731 0.861476 0.861476 0.861476
9362.832031 0.000000 7315.637207 0.000000 0.987202 0.000000 -0.159472 0.811515 0.811515 0.811515
9373.160156 0.000000 7315.039551 0.000000 0.999593 0.000000 -0.028515 0.801435 0.801435 0.801435
9362.902344 0.000000 7344.607422 0.000000 0.782148 0.000000 0.623092 0.762113 0.762113 0.762113
9364.205078 0.000000 7361.020996 0.000000 0.714366 0.000000 0.699772 0.742414 0.742414 0.742414
9346.650391 0.000000 7401.065918 0.000000 0.742463 0.000000 0.669887 0.749860 0.749860 0.749860
9359.943359 0.000000 7349.609375 0.000000 0.748585 0.000000 0.663039 0.759174 0.759174 0.759174
9358.396484 0.000000 7373.024902 0.000000 0.580393 0.000000 0.814337 0.727019 0.727019 0.727019
9366.950195 0.000000 7348.086914 0.000000 0.999672 0.000000 -0.025623 0.801873 0.801873 0.801873
9364.380859 0.000000 7341.768555 0.000000 0.825250 0.000000 -0.564767 0.843870 0.843870 0.843870
9336.691406 0.000000 7402.286621 0.000000 0.246440 0.000000 0.969158 0.712090 0.712090 0.712090
9359.503906 0.000000 7377.871582 0.000000 0.999778 0.000000 -0.021054 0.801489 0.801489 0.801489
9366.281250 0.000000 7354.774414 0.000000 0.143941 0.000000 0.989586 0.694880 0.694880 0.694880
9345.372070 0.000000 7405.737305 0.000000 0.898543 0.000000 0.438885 0.782305 0.782305 0.782305
9413.726562 0.000000 7185.656250 0.000000 0.781792 0.000000 0.623540 0.789915 0.789915 0.789915
9374.554688 0.000000 7160.858398 0.000000 0.879107 0.000000 0.476625 0.770232 0.770232 0.770232
9374.950195 0.000000 7199.296875 0.000000 0.999932 0.000000 -0.011625 0.800313 0.800313 0.800313
9419.214844 0.000000 7176.871094 0.000000 0.986045 0.000000 -0.166479 0.802906 0.802906 0.802906
9419.190430 0.000000 7195.708496 0.000000 0.565051 0.000000 -0.825056 0.806395 0.806395 0.806395
9440.057617 0.000000 7209.705566 0.000000 0.779266 0.000000 0.626693 0.789043 0.789043 0.789043
9424.388672 0.000000 7214.005859 0.000000 0.550324 0.000000 0.834951 0.747903 0.747903 0.747903
9389.049805 0.000000 7160.707520 0.000000 0.584101 0.000000 0.811681 0.745527 0.745527 0.745527
9435.678711 0.000000 7205.311035 0.000000 0.890769 0.000000 0.454457 0.789259 0.789259 0.789259
9413.812500 0.000000 7130.696777 0.000000 0.568642 0.000000 0.822585 0.749647 0.749647 0.749647
9422.665039 0.000000 7136.879883 0.000000 0.000458 0.000000 1.000000 0.756719 0.756719 0.756719
9436.289062 0.000000 7199.745117 0.000000 0.952186 0.000000 -0.305519 0.805395 0.805395 0.805395
9430.941406 0.000000 7196.273438 0.000000 0.566770 0.000000 0.823876 0.780856 0.780856 0.780856
9422.960938 0.000000 7144.433594 0.000000 0.774637 0.000000 -0.632406 0.824614 0.824614 0.824614
9419.855469 0.000000 7200.872070 0.000000 0.269112 0.000000 0.963109 0.765772 0.765772 0.765772
9387.847656 0.000000 7149.703613 0.000000 0.228742 0.000000 0.973487 0.759052 0.759052 0.759052
9396.928711 0.000000 7168.123535 0.000000 0.641423 0.000000 -0.767188 0.837200 0.837200 0.837200
9378.700195 0.000000 7177.113281 0.000000 0.999764 0.000000 0.021746 0.798684 0.798684 0.798684
9414.980469 0.000000 7175.668945 0.000000 0.563459 0.000000 0.826144 0.772038 0.772038 0.772038
9411.573242 0.000000 7145.559082 0.000000 0.041186 0.000000 0.999151 0.733096 0.733096 0.733096
9389.299805 0.000000 7164.641602 0.000000 0.399667 0.000000 -0.916660 0.835436 0.835436 0.835436
9428.744141 0.000000 7182.437500 0.000000 0.907955 0.000000 0.419069 0.780827 0.780827 0.780827
9432.705078 0.000000 7255.633789 0.000000 0.362897 0.000000 -0.931829 0.810780 0.810780 0.810780
9416.362305 0.000000 7240.583984 0.000000 0.984248 0.000000 -0.176791 0.802130 0.802130 0.802130
9425.381836 0.000000 7255.635742 0.000000 0.528850 0.000000 0.848715 0.776923 0.776923 0.776923
9449.458984 0.000000 7244.394531 0.000000 0.463471 0.000000 0.886112 0.756940 0.756940 0.756940
9426.922852 0.000000 7272.788086 0.000000 0.927181 0.000000 -0.374614 0.808283 0.808283 0.808283
9454.911133 0.000000 7241.849121 0.000000 0.944730 0.000000 -0.327850 0.810607 0.810607 0.810607
9428.592773 0.000000 7260.623535 0.000000 0.644793 0.000000 -0.764357 0.816161 0.816161 0.816161
9453.431641 0.000000 7309.591309 0.000000 0.967694 0.000000 -0.252126 0.803665 0.803665 0.803665
9421.747070 0.000000 7243.166016 0.000000 0.997417 0.000000 -0.071828 0.802283 0.802283 0.802283
9450.393555 0.000000 7249.931641 0.000000 0.328750 0.000000 -0.944417 0.851833 0.851833 0.851833
9445.121094 0.000000 7255.409180 0.000000 0.864428 0.000000 -0.502756 0.817360 0.817360 0.817360
9438.295898 0.000000 7259.722656 0.000000 0.979061 0.000000 0.203566 0.795087 0.795087 0.795087
9443.158203 0.000000 7239.014648 0.000000 0.982642 0.000000 0.185512 0.793963 0.793963 0.793963
9436.419922 0.000000 7253.822266 0.000000 0.671467 0.000000 0.741035 0.770996 0.770996 0.770996
9418.158203 0.000000 7244.003418 0.000000 0.017525 0.000000 -0.999846 0.864217 0.864217 0.864217
9512.932617 0.000000 7289.450684 0.000000 0.656239 0.000000 0.754553 0.774386 0.774386 0.774386
9522.295898 0.000000 7301.711914 0.000000 0.921764 0.000000 -0.387751 0.805965 0.805965 0.805965
9512.744141 0.000000 7282.747070 0.000000 0.404527 0.000000 -0.914526 0.845649 0.845649 0.845649
9504.318359 0.000000 7295.970215 0.000000 0.778054 0.000000 0.628197 0.777209 0.777209 0.777209
9454.863281 0.000000 7312.992188 0.000000 0.285885 0.000000 0.958264 0.763162 0.763162 0.763162
9399.212891 0.000000 7337.412598 0.000000 0.062054 0.000000 -0.998073 0.888589 0.888589 0.888589
9374.756836 0.000000 7316.720215 0.000000 0.995165 0.000000 0.098216 0.794224 0.794224 0.794224
9375.262695 0.000000 7361.948242 0.000000 0.403218 0.000000 -0.915104 0.811080 0.811080 0.811080
9447.107422 0.000000 7331.646484 0.000000 0.097285 0.000000 -0.995257 0.810594 0.810594 0.810594
9451.685547 0.000000 7322.595215 0.000000 0.569906 0.000000 0.821710 0.768796 0.768796 0.768796
9403.329102 0.000000 7343.362305 0.000000 0.876536 0.000000 -0.481335 0.832797 0.832797 0.832797
9421.747070 0.000000 7336.908203 0.000000 0.953924 0.000000 0.300050 0.788497 0.788497 0.788497
9398.915039 0.000000 7345.981445 0.000000 0.484692 0.000000 -0.874685 0.854229 0.854229 0.854229
9374.243164 0.000000 7321.948242 0.000000 0.988925 0.000000 -0.148418 0.806605 0.806605 0.806605
9387.812500 0.000000 7321.678711 0.000000 0.078429 0.000000 0.996920 0.706116 0.706116 0.706116
9409.706055 0.000000 7349.361816 0.000000 0.678875 0.000000 -0.734254 0.830632 0.830632 0.830632
9399.641602 0.000000 7327.187500 0.000000 0.711972 0.000000 0.702208 0.749623 0.749623 0.749623
9414.553711 0.000000 7344.171875 0.000000 0.999935 0.000000 0.011437 0.799486 0.799486 0.799486
9395.530273 0.000000 7319.449219 0.000000 0.263601 0.000000 0.964632 0.714833 0.714833 0.714833
9400.006836 0.000000 7362.846191 0.000000 0.866601 0.000000 -0.499001 0.825043 0.825043 0.825043
9404.648438 0.000000 7353.607910 0.000000 0.029446 0.000000 0.999566 0.738123 0.738123 0.738123
9398.317383 0.000000 7330.251465 0.000000 0.038023 0.000000 -0.999277 0.866124 0.866124 0.866124
9548.605469 0.000000 7312.992188 0.000000 0.873817 0.000000 -0.486255 0.818256 0.818256 0.818256
9537.916016 0.000000 7321.551270 0.000000 0.502361 0.000000 -0.864658 0.820652 0.820652 0.820652
9549.916016 0.000000 7363.319824 0.000000 0.987481 0.000000 -0.157735 0.804081 0.804081 0.804081
9549.357422 0.000000 7351.823242 0.000000 0.839745 0.000000 0.542982 0.788307 0.788307 0.788307
9424.388672 0.000000 7495.232422 0.000000 0.652414 0.000000 0.757863 0.736617 0.736617 0.736617
9455.744141 0.000000 7490.242188 0.000000 0.889775 0.000000 0.456400 0.783529 0.783529 0.783529
9435.678711 0.000000 7486.537598 0.000000 0.910518 0.000000 -0.413470 0.816091 0.816091 0.816091
9429.884766 0.000000 7493.444336 0.000000 0.126460 0.000000 0.991972 0.693580 0.693580 0.693580
9901.992188 0.000000 7496.386230 0.000000 0.020851 0.000000 -0.999783 0.806501 0.806501 0.806501
9369.039062 0.000000 7751.044922 0.000000 0.637279 0.000000 0.770633 0.791565 0.791565 0.791565
9371.542969 0.000000 7761.705566 0.000000 0.783099 0.000000 0.621897 0.793164 0.793164 0.793164
9372.900391 0.000000 7772.502441 0.000000 0.825727 0.000000 0.564071 0.770914 0.770914 0.770914
9311.189453 0.000000 7867.108887 0.000000 0.999629 0.000000 0.027241 0.799494 0.799494 0.799494
9351.196289 0.000000 7812.753418 0.000000 0.681876 0.000000 -0.731468 0.818189 0.818189 0.818189
9339.539062 0.000000 7871.354980 0.000000 0.151765 0.000000 0.988417 0.758355 0.758355 0.758355
9326.350586 0.000000 7862.549316 0.000000 0.983703 0.000000 -0.179802 0.813757 0.813757 0.813757
9347.341797 0.000000 7857.453125 0.000000 0.542394 0.000000 0.840124 0.792828 0.792828 0.792828
9347.696289 0.000000 7844.041992 0.000000 0.988678 0.000000 -0.150053 0.804151 0.804151 0.804151
9353.365234 0.000000 7800.357422 0.000000 0.077092 0.000000 0.997024 0.770467 0.770467 0.770467
9341.327148 0.000000 7804.650391 0.000000 0.992603 0.000000 -0.121408 0.802844 0.802844 0.802844
9348.060547 0.000000 7824.976074 0.000000 0.982064 0.000000 -0.188548 0.804660 0.804660 0.804660
9338.962891 0.000000 7818.086914 0.000000 0.976237 0.000000 -0.216708 0.802487 0.802487 0.802487
9350.128906 0.000000 7782.699219 0.000000 0.612535 0.000000 -0.790443 0.812016 0.812016 0.812016
9322.227539 0.000000 7872.867676 0.000000 0.580300 0.000000 -0.814403 0.830222 0.830222 0.830222
9357.943359 0.000000 7791.306152 0.000000 0.942280 0.000000 0.334825 0.793863 0.793863 0.793863
9338.850586 0.000000 7838.384766 0.000000 0.754197 0.000000 -0.656648 0.820603 0.820603 0.820603
9358.874023 0.000000 7824.883301 0.000000 0.713459 0.000000 0.700697 0.782323 0.782323 0.782323
9337.539062 0.000000 7857.355469 0.000000 0.941106 0.000000 -0.338111 0.822939 0.822939 0.822939
9346.709961 0.000000 7833.916992 0.000000 0.926156 0.000000 -0.377141 0.810195 0.810195 0.810195
9306.963867 0.000000 7857.437012 0.000000 0.668716 0.000000 -0.743518 0.822101 0.822101 0.822101
9330.646484 0.000000 7870.201172 0.000000 0.893557 0.000000 0.448950 0.785773 0.785773 0.785773
9318.131836 0.000000 7862.341309 0.000000 0.331328 0.000000 0.943516 0.760103 0.760103 0.760103
9342.890625 0.000000 7850.684570 0.000000 0.929595 0.000000 -0.368583 0.805428 0.805428 0.805428
9357.309570 0.000000 7817.381836 0.000000 0.880210 0.000000 -0.474584 0.810370 0.810370 0.810370
9334.811523 0.000000 7864.165039 0.000000 0.660273 0.000000 0.751025 0.782692 0.782692 0.782692
9343.303711 0.000000 7811.714844 0.000000 0.270125 0.000000 -0.962825 0.828760 0.828760 0.828760
9350.431641 0.000000 7790.262207 0.000000 0.128942 0.000000 -0.991652 0.816410 0.816410 0.816410
9350.708984 0.000000 7850.874023 0.000000 0.994148 0.000000 -0.108022 0.802983 0.802983 0.802983
9348.326172 0.000000 7805.583496 0.000000 0.720410 0.000000 0.693549 0.789897 0.789897 0.789897
9355.716797 0.000000 7806.847656 0.000000 0.150381 0.000000 -0.988628 0.822119 0.822119 0.822119
9346.346680 0.000000 7818.226074 0.000000 0.998777 0.000000 0.049439 0.798815 0.798815 0.798815
9353.219727 0.000000 7828.686035 0.000000 0.308150 0.000000 0.951338 0.769107 0.769107 0.769107
9317.190430 0.000000 7868.927734 0.000000 0.735983 0.000000 -0.677000 0.824508 0.824508 0.824508
9340.250977 0.000000 7844.348145 0.000000 0.453215 0.000000 -0.891401 0.831649 0.831649 0.831649
9312.516602 0.000000 7860.098633 0.000000 0.164902 0.000000 -0.986310 0.846306 0.846306 0.846306
9362.546875 0.000000 7787.469238 0.000000 0.883781 0.000000 0.467901 0.792123 0.792123 0.792123
9353.671875 0.000000 7822.004395 0.000000 0.529373 0.000000 -0.848390 0.823670 0.823670 0.823670
9350.925781 0.000000 7837.636719 0.000000 0.931658 0.000000 -0.363337 0.809803 0.809803 0.809803
9323.787109 0.000000 7867.512695 0.000000 0.224035 0.000000 0.974581 0.757293 0.757293 0.757293
9350.328125 0.000000 7795.767090 0.000000 0.823054 0.000000 -0.567963 0.811943 0.811943 0.811943
9344.225586 0.000000 7839.749023 0.000000 0.861439 0.000000 0.507862 0.784999 0.784999 0.784999
9356.651367 0.000000 7812.384766 0.000000 0.667104 0.000000 -0.744965 0.818129 0.818129 0.818129
9342.546875 0.000000 7855.940430 0.000000 0.928330 0.000000 0.371756 0.789045 0.789045 0.789045
9337.199219 0.000000 7852.468750 0.000000 0.567700 0.000000 -0.823235 0.828393 0.828393 0.828393
9357.928711 0.000000 7829.613281 0.000000 0.279498 0.000000 -0.960146 0.824686 0.824686 0.824686
9344.753906 0.000000 7828.855957 0.000000 0.091081 0.000000 0.995843 0.761879 0.761879 0.761879
9353.286133 0.000000 7846.437500 0.000000 0.421192 0.000000 0.906972 0.769369 0.769369 0.769369
9327.243164 0.000000 7873.481445 0.000000 0.563882 0.000000 -0.825855 0.830276 0.830276 0.830276
9335.467773 0.000000 7814.791016 0.000000 0.850736 0.000000 -0.525593 0.814258 0.814258 0.814258
9331.113281 0.000000 7861.326172 0.000000 0.937264 0.000000 -0.348621 0.826884 0.826884 0.826884
9351.378906 0.000000 7817.862305 0.000000 0.187193 0.000000 -0.982323 0.831477 0.831477 0.831477
9351.208984 0.000000 7832.805176 0.000000 0.755720 0.000000 -0.654895 0.818397 0.818397 0.818397
9329.792969 0.000000 7865.700195 0.000000 0.165067 0.000000 -0.986282 0.877447 0.877447 0.877447
9334.593750 0.000000 7872.581543 0.000000 0.571177 0.000000 -0.820827 0.865768 0.865768 0.865768
9336.142578 0.000000 7868.413086 0.000000 0.451876 0.000000 0.892081 0.766988 0.766988 0.766988
9344.553711 0.000000 7822.175781 0.000000 0.974214 0.000000 0.225626 0.794273 0.794273 0.794273
9319.391602 0.000000 7853.056152 0.000000 0.382815 0.000000 -0.923825 0.833172 0.833172 0.833172
9322.229492 0.000000 7861.088867 0.000000 0.999932 0.000000 -0.011699 0.800372 0.800372 0.800372
9339.323242 0.000000 7848.462891 0.000000 0.442437 0.000000 0.896800 0.768005 0.768005 0.768005
9315.011719 0.000000 7865.186035 0.000000 0.838222 0.000000 0.545329 0.780993 0.780993 0.780993
9316.833984 0.000000 7858.423340 0.000000 0.602900 0.000000 0.797817 0.770115 0.770115 0.770115
9342.677734 0.000000 7816.275391 0.000000 0.732491 0.000000 -0.680777 0.833651 0.833651 0.833651
9337.842773 0.000000 7861.463867 0.000000 0.961372 0.000000 0.275251 0.791813 0.791813 0.791813
9320.159180 0.000000 7865.881836 0.000000 0.433286 0.000000 -0.901257 0.835651 0.835651 0.835651
9333.912109 0.000000 7858.343750 0.000000 0.955651 0.000000 0.294501 0.781372 0.781372 0.781372
9359.744141 0.000000 7785.136230 0.000000 0.963600 0.000000 0.267349 0.788811 0.788811 0.788811
9328.684570 0.000000 7859.011719 0.000000 0.150100 0.000000 0.988671 0.737884 0.737884 0.737884
9352.953125 0.000000 7797.370605 0.000000 0.999508 0.000000 -0.031364 0.801710 0.801710 0.801710
9326.454102 0.000000 7865.618652 0.000000 0.818321 0.000000 0.574761 0.758543 0.758543 0.758543
9346.650391 0.000000 7869.776855 0.000000 0.856798 0.000000 -0.515652 0.839603 0.839603 0.839603
9329.022461 0.000000 7863.057129 0.000000 0.742968 0.000000 -0.669327 0.850528 0.850528 0.850528
9437.183594 0.000000 7511.021973 0.000000 0.973830 0.000000 -0.227277 0.810029 0.810029 0.810029
9459.782227 0.000000 7519.189453 0.000000 0.736967 0.000000 0.675928 0.747968 0.747968 0.747968
9462.917969 0.000000 7588.335449 0.000000 0.171183 0.000000 -0.985239 0.868724 0.868724 0.868724
9455.330078 0.000000 7529.445312 0.000000 0.373195 0.000000 -0.927753 0.830617 0.830617 0.830617
9451.685547 0.000000 7510.079590 0.000000 0.847178 0.000000 -0.531309 0.808726 0.808726 0.808726
9429.041016 0.000000 7507.795410 0.000000 0.912263 0.000000 -0.409606 0.831608 0.831608 0.831608
9444.173828 0.000000 7509.035645 0.000000 0.341418 0.000000 -0.939912 0.831494 0.831494 0.831494
9465.439453 0.000000 7522.698242 0.000000 0.927885 0.000000 0.372865 0.773443 0.773443 0.773443
9453.282227 0.000000 7517.279785 0.000000 0.045765 0.000000 0.998952 0.701315 0.701315 0.701315
9449.807617 0.000000 7504.186523 0.000000 0.984337 0.000000 0.176299 0.796814 0.796814 0.796814
9454.911133 0.000000 7523.075684 0.000000 0.204762 0.000000 0.978812 0.758302 0.758302 0.758302
9466.076172 0.000000 7535.218750 0.000000 0.696515 0.000000 -0.717542 0.831167 0.831167 0.831167
9459.505859 0.000000 7533.131836 0.000000 0.716047 0.000000 0.698052 0.744444 0.744444 0.744444
9431.954102 0.000000 7512.197266 0.000000 0.852771 0.000000 0.522286 0.769708 0.769708 0.769708
9450.393555 0.000000 7531.158203 0.000000 0.284423 0.000000 0.958699 0.768497 0.768497 0.768497
9458.103516 0.000000 7589.291992 0.000000 0.189961 0.000000 -0.981792 0.858693 0.858693 0.858693
9433.908203 0.000000 7507.264160 0.000000 0.050706 0.000000 -0.998714 0.912937 0.912937 0.912937
9449.165039 0.000000 7514.243164 0.000000 0.979037 0.000000 0.203683 0.794592 0.794592 0.794592
9430.125000 0.000000 7503.286133 0.000000 0.980368 0.000000 -0.197176 0.807849 0.807849 0.807849
9466.642578 0.000000 7585.018066 0.000000 0.788794 0.000000 -0.614658 0.845612 0.845612 0.845612
9426.911133 0.000000 7511.572754 0.000000 0.483880 0.000000 -0.875134 0.880457 0.880457 0.880457
9445.597656 0.000000 7505.243164 0.000000 0.970040 0.000000 -0.242946 0.815145 0.815145 0.815145
9463.810547 0.000000 7518.728516 0.000000 0.159882 0.000000 0.987136 0.701984 0.701984 0.701984
9436.078125 0.000000 7514.890137 0.000000 0.878188 0.000000 0.478315 0.763244 0.763244 0.763244
9434.370117 0.000000 7527.536621 0.000000 0.617009 0.000000 0.786956 0.763635 0.763635 0.763635
9467.880859 0.000000 7531.131348 0.000000 0.994046 0.000000 0.108961 0.792804 0.792804 0.792804
9448.154297 0.000000 7508.447754 0.000000 0.642990 0.000000 -0.765875 0.845476 0.845476 0.845476
9456.973633 0.000000 7516.713379 0.000000 0.958992 0.000000 0.283435 0.779854 0.779854 0.779854
9453.486328 0.000000 7503.909668 0.000000 0.740717 0.000000 0.671817 0.760275 0.760275 0.760275
9425.584961 0.000000 7508.344238 0.000000 0.777367 0.000000 0.629047 0.771466 0.771466 0.771466
9456.262695 0.000000 7519.990234 0.000000 0.682030 0.000000 0.731324 0.742497 0.742497 0.742497
9458.004883 0.000000 7592.892578 0.000000 0.095929 0.000000 -0.995388 0.913102 0.913102 0.913102
9458.077148 0.000000 7523.636230 0.000000 0.989115 0.000000 0.147146 0.789647 0.789647 0.789647
9450.136719 0.000000 7518.252930 0.000000 0.217671 0.000000 0.976022 0.702836 0.702836 0.702836
9456.814453 0.000000 7526.710449 0.000000 0.959945 0.000000 -0.280189 0.820249 0.820249 0.820249
9440.270508 0.000000 7508.792480 0.000000 0.429648 0.000000 0.902996 0.737892 0.737892 0.737892
9434.088867 0.000000 7510.277832 0.000000 0.999757 0.000000 -0.022055 0.801626 0.801626 0.801626
9463.270508 0.000000 7536.374512 0.000000 0.862479 0.000000 -0.506092 0.837836 0.837836 0.837836
9456.644531 0.000000 7532.091797 0.000000 0.713074 0.000000 0.701089 0.744139 0.744139 0.744139
9431.359375 0.000000 7509.421387 0.000000 0.381879 0.000000 0.924213 0.712406 0.712406 0.712406
9460.692383 0.000000 7535.571289 0.000000 0.961653 0.000000 0.274271 0.780190 0.780190 0.780190
9458.123047 0.000000 7529.252930 0.000000 0.427154 0.000000 0.904179 0.719468 0.719468 0.719468
9453.542969 0.000000 7519.938477 0.000000 0.888534 0.000000 0.458810 0.766014 0.766014 0.766014
9436.668945 0.000000 7517.609375 0.000000 0.118276 0.000000 -0.992981 0.898326 0.898326 0.898326
9431.183594 0.000000 7506.352051 0.000000 0.983714 0.000000 -0.179739 0.813427 0.813427 0.813427
9507.468750 0.000000 7560.625000 0.000000 0.438788 0.000000 -0.898591 0.820739 0.820739 0.820739
9480.500977 0.000000 7572.436523 0.000000 0.104087 0.000000 -0.994568 0.807030 0.807030 0.807030
9496.709961 0.000000 7555.371094 0.000000 0.562725 0.000000 -0.826644 0.851310 0.851310 0.851310
9559.027344 0.000000 7574.221191 0.000000 0.996017 0.000000 0.089161 0.796897 0.796897 0.796897
9499.454102 0.000000 7537.856934 0.000000 0.938585 0.000000 -0.345049 0.809499 0.809499 0.809499
9475.812500 0.000000 7535.018066 0.000000 0.807152 0.000000 0.590344 0.774271 0.774271 0.774271
9487.941406 0.000000 7572.496582 0.000000 0.315783 0.000000 0.948831 0.731122 0.731122 0.731122
9518.250977 0.000000 7575.046875 0.000000 0.939014 0.000000 -0.343878 0.812410 0.812410 0.812410
9549.382812 0.000000 7563.200684 0.000000 0.857301 0.000000 0.514815 0.778614 0.778614 0.778614
9475.907227 0.000000 7527.812012 0.000000 0.677722 0.000000 0.735319 0.762875 0.762875 0.762875
9513.597656 0.000000 7575.840820 0.000000 0.691877 0.000000 -0.722016 0.839152 0.839152 0.839152
9518.597656 0.000000 7580.099609 0.000000 0.480354 0.000000 0.877075 0.756415 0.756415 0.756415
9537.068359 0.000000 7588.261719 0.000000 0.951533 0.000000 -0.307546 0.813673 0.813673 0.813673
9492.488281 0.000000 7571.172363 0.000000 0.972785 0.000000 -0.231709 0.811068 0.811068 0.811068
9560.239258 0.000000 7591.565430 0.000000 0.172308 0.000000 -0.985043 0.863644 0.863644 0.863644
9534.256836 0.000000 7571.859375 0.000000 0.463972 0.000000 -0.885850 0.828692 0.828692 0.828692
9490.670898 0.000000 7543.092285 0.000000 0.477630 0.000000 -0.878561 0.834069 0.834069 0.834069
9504.418945 0.000000 7563.770996 0.000000 0.006455 0.000000 -0.999979 0.852489 0.852489 0.852489
9468.569336 0.000000 7545.444824 0.000000 0.137510 0.000000 0.990500 0.720157 0.720157 0.720157
9479.441406 0.000000 7532.926758 0.000000 0.609753 0.000000 -0.792591 0.855375 0.855375 0.855375
9554.898438 0.000000 7591.857422 0.000000 0.761427 0.000000 0.648251 0.776758 0.776758 0.776758
9478.586914 0.000000 7575.772461 0.000000 0.481821 0.000000 0.876270 0.739844 0.739844 0.739844
9467.986328 0.000000 7584.988281 0.000000 0.948695 0.000000 -0.316194 0.822168 0.822168 0.822168
9494.512695 0.000000 7546.773926 0.000000 0.821984 0.000000 0.569511 0.766963 0.766963 0.766963
9468.114258 0.000000 7531.998535 0.000000 0.168627 0.000000 -0.985680 0.897400 0.897400 0.897400
9488.407227 0.000000 7539.392578 0.000000 0.018642 0.000000 0.999826 0.706069 0.706069 0.706069
9495.084961 0.000000 7572.994141 0.000000 0.542616 0.000000 -0.839981 0.846009 0.846009 0.846009
9542.775391 0.000000 7576.199219 0.000000 0.974680 0.000000 -0.223606 0.813512 0.813512 0.813512
9444.938477 0.000000 7625.269043 0.000000 0.819607 0.000000 -0.572926 0.819008 0.819008 0.819008
9454.863281 0.000000 7594.218750 0.000000 0.965584 0.000000 0.260090 0.784865 0.784865 0.784865
9428.925781 0.000000 7641.658203 0.000000 0.515013 0.000000 -0.857182 0.864169 0.864169 0.864169
9441.802734 0.000000 7637.491699 0.000000 0.004756 0.000000 0.999989 0.736194 0.736194 0.736194
9440.452148 0.000000 7646.432617 0.000000 0.738707 0.000000 -0.674027 0.840329 0.840329 0.840329
9439.316406 0.000000 7611.482422 0.000000 0.213453 0.000000 -0.976953 0.897475 0.897475 0.897475
9430.426758 0.000000 7622.832031 0.000000 0.843189 0.000000 -0.537617 0.811903 0.811903 0.811903
9453.282227 0.000000 7611.021973 0.000000 0.686089 0.000000 0.727518 0.745816 0.745816 0.745816
9434.580078 0.000000 7644.243164 0.000000 0.600845 0.000000 -0.799366 0.826639 0.826639 0.826639
9433.993164 0.000000 7656.863770 0.000000 0.217828 0.000000 0.975987 0.757901 0.757901 0.757901
9444.667969 0.000000 7650.152344 0.000000 0.587613 0.000000 0.809142 0.742387 0.742387 0.742387
9452.519531 0.000000 7651.480469 0.000000 0.600361 0.000000 -0.799729 0.860532 0.860532 0.860532
9429.209961 0.000000 7627.306641 0.000000 0.907489 0.000000 -0.420076 0.825456 0.825456 0.825456
9445.121094 0.000000 7630.377930 0.000000 0.184367 0.000000 -0.982858 0.897949 0.897949 0.897949
9438.295898 0.000000 7634.691406 0.000000 0.983914 0.000000 0.178642 0.795480 0.795480 0.795480
9426.633789 0.000000 7665.063477 0.000000 0.982688 0.000000 0.185269 0.792073 0.792073 0.792073
9441.669922 0.000000 7652.723145 0.000000 0.499763 0.000000 0.866162 0.746653 0.746653 0.746653
9435.137695 0.000000 7632.923340 0.000000 0.997690 0.000000 -0.067933 0.804888 0.804888 0.804888
9434.823242 0.000000 7653.472656 0.000000 0.998019 0.000000 -0.062920 0.804112 0.804112 0.804112
9426.009766 0.000000 7627.307617 0.000000 0.479616 0.000000 0.877479 0.720459 0.720459 0.720459
9443.536133 0.000000 7627.985352 0.000000 0.386090 0.000000 -0.922461 0.866145 0.866145 0.866145
9443.119141 0.000000 7647.622559 0.000000 0.914571 0.000000 0.404425 0.766572 0.766572 0.766572
9437.449219 0.000000 7631.425781 0.000000 0.006340 0.000000 0.999980 0.699701 0.699701 0.699701
9491.700195 0.000000 7632.073242 0.000000 0.358361 0.000000 -0.933583 0.866385 0.866385 0.866385
9542.924805 0.000000 7673.060547 0.000000 0.996161 0.000000 0.087538 0.796114 0.796114 0.796114
9558.265625 0.000000 7594.298340 0.000000 0.970644 0.000000 -0.240522 0.802620 0.802620 0.802620
9530.375000 0.000000 7663.200195 0.000000 0.951323 0.000000 0.308195 0.793430 0.793430 0.793430
9499.454102 0.000000 7631.599121 0.000000 0.987994 0.000000 0.154493 0.794052 0.794052 0.794052
9537.916016 0.000000 7602.777832 0.000000 0.812542 0.000000 -0.582902 0.832439 0.832439 0.832439
9497.071289 0.000000 7624.588867 0.000000 0.619753 0.000000 -0.784797 0.835684 0.835684 0.835684
9506.281250 0.000000 7633.411621 0.000000 0.600722 0.000000 -0.799458 0.848291 0.848291 0.848291
9508.609375 0.000000 7640.050781 0.000000 0.371659 0.000000 0.928369 0.742959 0.742959 0.742959
9495.731445 0.000000 7637.004395 0.000000 0.780478 0.000000 0.625183 0.751845 0.751845 0.751845
9520.665039 0.000000 7647.756836 0.000000 0.435979 0.000000 -0.899957 0.834886 0.834886 0.834886
9544.283203 0.000000 7667.100586 0.000000 0.943979 0.000000 0.330005 0.777633 0.777633 0.777633
9497.158203 0.000000 7643.109863 0.000000 0.924558 0.000000 0.381040 0.792505 0.792505 0.792505
9492.657227 0.000000 7627.208008 0.000000 0.989674 0.000000 -0.143335 0.806894 0.806894 0.806894
9492.044922 0.000000 7622.884766 0.000000 0.865165 0.000000 -0.501487 0.834308 0.834308 0.834308
9507.292969 0.000000 7629.260254 0.000000 0.779181 0.000000 -0.626799 0.829631 0.829631 0.829631
9501.873047 0.000000 7634.932129 0.000000 0.647287 0.000000 -0.762246 0.837393 0.837393 0.837393
9531.415039 0.000000 7658.463867 0.000000 0.326662 0.000000 -0.945141 0.847475 0.847475 0.847475
9497.998047 0.000000 7639.669434 0.000000 0.943031 0.000000 0.332704 0.773785 0.773785 0.773785
9550.316406 0.000000 7596.863770 0.000000 0.983708 0.000000 0.179775 0.790469 0.790469 0.790469
9499.643555 0.000000 7637.226074 0.000000 0.456345 0.000000 0.889803 0.732962 0.732962 0.732962
9490.782227 0.000000 7625.241699 0.000000 0.796811 0.000000 -0.604228 0.840429 0.840429 0.840429
9574.243164 0.000000 7572.436523 0.000000 0.018678 0.000000 0.999826 0.713511 0.713511 0.713511
9569.867188 0.000000 7593.054199 0.000000 0.299388 0.000000 0.954131 0.754460 0.754460 0.754460
9577.864258 0.000000 7573.794922 0.000000 0.954212 0.000000 0.299132 0.788533 0.788533 0.788533
9622.553711 0.000000 7617.166016 0.000000 0.370888 0.000000 -0.928678 0.850659 0.850659 0.850659
9603.846680 0.000000 7615.552734 0.000000 0.598208 0.000000 0.801341 0.764912 0.764912 0.764912
9627.936523 0.000000 7646.432617 0.000000 0.999317 0.000000 -0.036946 0.800288 0.800288 0.800288
9651.689453 0.000000 7623.628906 0.000000 0.640680 0.000000 -0.767808 0.828849 0.828849 0.828849
9638.536133 0.000000 7629.897461 0.000000 0.918756 0.000000 -0.394826 0.813619 0.813619 0.813619
9571.350586 0.000000 7616.198730 0.000000 0.013415 0.000000 0.999910 0.723483 0.723483 0.723483
9577.270508 0.000000 7641.928711 0.000000 0.884850 0.000000 0.465876 0.772415 0.772415 0.772415
9634.446289 0.000000 7641.201660 0.000000 0.718323 0.000000 -0.695710 0.827199 0.827199 0.827199
9622.064453 0.000000 7644.243164 0.000000 0.381033 0.000000 -0.924562 0.830399 0.830399 0.830399
9631.554688 0.000000 7608.282715 0.000000 0.748089 0.000000 0.663599 0.785218 0.785218 0.785218
9569.649414 0.000000 7621.554199 0.000000 0.537660 0.000000 -0.843162 0.827648 0.827648 0.827648
9574.953125 0.000000 7612.918945 0.000000 0.071328 0.000000 0.997453 0.756877 0.756877 0.756877
9627.999023 0.000000 7665.601562 0.000000 0.339605 0.000000 0.940568 0.729578 0.729578 0.729578
9654.995117 0.000000 7620.292969 0.000000 0.124634 0.000000 -0.992203 0.867572 0.867572 0.867572
9635.416992 0.000000 7627.765625 0.000000 0.917944 0.000000 0.396710 0.780691 0.780691 0.780691
9636.268555 0.000000 7638.016602 0.000000 0.444743 0.000000 -0.895658 0.839902 0.839902 0.839902
9613.158203 0.000000 7650.617676 0.000000 0.964611 0.000000 0.263676 0.784172 0.784172 0.784172
9625.209961 0.000000 7671.194336 0.000000 0.048377 0.000000 0.998829 0.727938 0.727938 0.727938
9627.754883 0.000000 7602.534668 0.000000 0.028505 0.000000 0.999594 0.721452 0.721452 0.721452
9625.176758 0.000000 7666.042969 0.000000 0.347162 0.000000 0.937805 0.729312 0.729312 0.729312
9665.092773 0.000000 7616.198730 0.000000 0.781264 0.000000 -0.624201 0.813733 0.813733 0.813733
9666.925781 0.000000 7626.668945 0.000000 0.341073 0.000000 0.940037 0.749449 0.749449 0.749449
9374.950195 0.000000 7761.750000 0.000000 0.778707 0.000000 -0.627388 0.842667 0.842667 0.842667
9374.244141 0.000000 7772.472656 0.000000 0.261391 0.000000 -0.965233 0.893143 0.893143 0.893143
9527.023438 0.000000 7777.612793 0.000000 0.958675 0.000000 -0.284505 0.822644 0.822644 0.822644
9525.023438 0.000000 7763.613281 0.000000 0.166589 0.000000 -0.986026 0.841204 0.841204 0.841204
9533.799805 0.000000 7772.158691 0.000000 0.962766 0.000000 -0.270336 0.810661 0.810661 0.810661
9544.793945 0.000000 7723.639648 0.000000 0.712776 0.000000 -0.701391 0.828412 0.828412 0.828412
9508.609375 0.000000 7733.792969 0.000000 0.408461 0.000000 -0.912776 0.862705 0.862705 0.862705
9495.731445 0.000000 7730.746582 0.000000 0.098810 0.000000 -0.995106 0.918171 0.918171 0.918171
9560.198242 0.000000 7730.009766 0.000000 0.217682 0.000000 -0.976020 0.821862 0.821862 0.821862
9550.031250 0.000000 7693.727051 0.000000 0.190573 0.000000 -0.981673 0.848751 0.848751 0.848751
9511.271484 0.000000 7773.770508 0.000000 0.697895 0.000000 -0.716200 0.828222 0.828222 0.828222
9500.036133 0.000000 7778.734375 0.000000 0.637825 0.000000 -0.770181 0.847934 0.847934 0.847934
9524.683594 0.000000 7758.726562 0.000000 0.325086 0.000000 -0.945685 0.830454 0.830454 0.830454
9527.905273 0.000000 7772.624023 0.000000 0.457152 0.000000 -0.889389 0.866326 0.866326 0.866326
9538.863281 0.000000 7724.120117 0.000000 0.518722 0.000000 0.854943 0.769279 0.769279 0.769279
9558.736328 0.000000 7692.745605 0.000000 0.110019 0.000000 -0.993929 0.876136 0.876136 0.876136
9504.724609 0.000000 7736.177246 0.000000 0.962941 0.000000 0.269712 0.778237 0.778237 0.778237
9523.626953 0.000000 7774.670898 0.000000 0.944566 0.000000 0.328321 0.783765 0.783765 0.783765
9524.883789 0.000000 7740.341797 0.000000 0.148514 0.000000 -0.988910 0.872408 0.872408 0.872408
9530.218750 0.000000 7742.030273 0.000000 0.822652 0.000000 -0.568545 0.838046 0.838046 0.838046
9526.807617 0.000000 7754.720703 0.000000 0.007497 0.000000 0.999972 0.753166 0.753166 0.753166
9533.482422 0.000000 7767.572266 0.000000 0.962980 0.000000 0.269573 0.783319 0.783319 0.783319
9536.691406 0.000000 7727.398438 0.000000 0.291323 0.000000 -0.956625 0.853484 0.853484 0.853484
9550.715820 0.000000 7704.197754 0.000000 0.863604 0.000000 0.504171 0.772771 0.772771 0.772771
9538.998047 0.000000 7731.870605 0.000000 0.444520 0.000000 -0.895769 0.863857 0.863857 0.863857
9520.332031 0.000000 7773.757324 0.000000 0.890801 0.000000 -0.454395 0.826849 0.826849 0.826849
9528.565430 0.000000 7747.214844 0.000000 0.936047 0.000000 -0.351874 0.821760 0.821760 0.821760
9530.601562 0.000000 7770.793945 0.000000 0.589069 0.000000 -0.808083 0.872161 0.872161 0.872161
9497.553711 0.000000 7722.017578 0.000000 0.839523 0.000000 0.543324 0.756980 0.756980 0.756980
9510.957031 0.000000 7732.254395 0.000000 0.450637 0.000000 0.892707 0.716704 0.716704 0.716704
9532.981445 0.000000 7757.131836 0.000000 0.455741 0.000000 0.890113 0.720425 0.720425 0.720425
9407.873047 0.000000 7826.654297 0.000000 0.894979 0.000000 -0.446108 0.851257 0.851257 0.851257
9433.281250 0.000000 7871.354980 0.000000 0.820130 0.000000 -0.572178 0.805840 0.805840 0.805840
9437.183594 0.000000 7792.248535 0.000000 0.719158 0.000000 -0.694847 0.856155 0.856155 0.856155
9423.711914 0.000000 7811.242676 0.000000 0.832490 0.000000 0.554040 0.797537 0.797537 0.797537
9428.925781 0.000000 7829.142578 0.000000 0.624971 0.000000 0.780648 0.766189 0.766189 0.766189
9413.726562 0.000000 7841.851562 0.000000 0.999551 0.000000 0.029958 0.797935 0.797935 0.797935
9420.092773 0.000000 7862.549316 0.000000 0.624084 0.000000 0.781357 0.769908 0.769908 0.769908
9435.069336 0.000000 7804.650391 0.000000 0.841151 0.000000 0.540800 0.735294 0.735294 0.735294
9441.802734 0.000000 7824.976074 0.000000 0.760385 0.000000 0.649473 0.791105 0.791105 0.791105
9397.958008 0.000000 7819.557617 0.000000 0.903748 0.000000 0.428066 0.793639 0.793639 0.793639
9416.362305 0.000000 7803.037109 0.000000 0.877502 0.000000 -0.479573 0.829369 0.829369 0.829369
9402.967773 0.000000 7836.597656 0.000000 0.006886 0.000000 -0.999976 0.838419 0.838419 0.838419
9455.330078 0.000000 7810.671875 0.000000 0.626537 0.000000 0.779391 0.793039 0.793039 0.793039
9415.969727 0.000000 7872.867676 0.000000 0.536003 0.000000 0.844216 0.736164 0.736164 0.736164
9419.214844 0.000000 7833.066406 0.000000 0.999405 0.000000 -0.034480 0.800413 0.800413 0.800413
9432.592773 0.000000 7838.384766 0.000000 0.979256 0.000000 -0.202625 0.809658 0.809658 0.809658
9397.045898 0.000000 7828.876465 0.000000 0.958547 0.000000 0.284934 0.795326 0.795326 0.795326
9434.913086 0.000000 7783.641113 0.000000 0.992696 0.000000 0.120647 0.788696 0.788696 0.788696
9440.057617 0.000000 7865.900879 0.000000 0.913858 0.000000 -0.406033 0.803507 0.803507 0.803507
9411.874023 0.000000 7862.341309 0.000000 0.979178 0.000000 0.203002 0.794733 0.794733 0.794733
9405.711914 0.000000 7819.083496 0.000000 0.358192 0.000000 0.933648 0.786288 0.786288 0.786288
9411.437500 0.000000 7834.416992 0.000000 0.996723 0.000000 -0.080892 0.803397 0.803397 0.803397
9428.553711 0.000000 7864.165039 0.000000 0.443337 0.000000 0.896355 0.701437 0.701437 0.701437
9403.329102 0.000000 7812.073242 0.000000 0.992117 0.000000 -0.125312 0.801506 0.801506 0.801506
9427.530273 0.000000 7804.585449 0.000000 0.956909 0.000000 0.290387 0.769106 0.769106 0.769106
9439.316406 0.000000 7798.966797 0.000000 0.276162 0.000000 -0.961111 0.943876 0.943876 0.943876
9417.604492 0.000000 7815.261230 0.000000 0.007242 0.000000 -0.999974 0.843095 0.843095 0.843095
9434.721680 0.000000 7824.804199 0.000000 0.647643 0.000000 -0.761944 0.838411 0.838411 0.838411
9412.900391 0.000000 7848.759277 0.000000 0.753716 0.000000 -0.657200 0.823202 0.823202 0.823202
9424.508789 0.000000 7856.273438 0.000000 0.596915 0.000000 0.802304 0.745882 0.745882 0.745882
9430.426758 0.000000 7810.316406 0.000000 0.996071 0.000000 -0.088561 0.802763 0.802763 0.802763
9403.284180 0.000000 7851.453613 0.000000 0.625320 0.000000 -0.780368 0.812338 0.812338 0.812338
9453.282227 0.000000 7798.506348 0.000000 0.997655 0.000000 -0.068442 0.801888 0.801888 0.801888
9401.989258 0.000000 7824.488770 0.000000 0.992420 0.000000 -0.122890 0.801772 0.801772 0.801772
9446.961914 0.000000 7828.686035 0.000000 0.215278 0.000000 -0.976553 0.872194 0.872194 0.872194
9419.001953 0.000000 7845.200195 0.000000 0.968376 0.000000 -0.249496 0.827951 0.827951 0.827951
9415.857422 0.000000 7809.264648 0.000000 0.741198 0.000000 0.671287 0.746644 0.746644 0.746644
9426.922852 0.000000 7835.241211 0.000000 0.786559 0.000000 0.617515 0.770888 0.770888 0.770888
9434.580078 0.000000 7831.727539 0.000000 0.801665 0.000000 -0.597774 0.826873 0.826873 0.826873
9421.747070 0.000000 7805.619141 0.000000 0.489568 0.000000 -0.871965 0.822847 0.822847 0.822847
9407.605469 0.000000 7840.141602 0.000000 0.798565 0.000000 0.601909 0.719891 0.719891 0.719891
9401.625977 0.000000 7842.410645 0.000000 0.917262 0.000000 0.398285 0.792637 0.792637 0.792637
9444.667969 0.000000 7837.636719 0.000000 0.286391 0.000000 0.958113 0.757807 0.757807 0.757807
9417.529297 0.000000 7867.512695 0.000000 0.136784 0.000000 -0.990601 0.931421 0.931421 0.931421
9439.769531 0.000000 7786.803223 0.000000 0.012860 0.000000 0.999917 0.630108 0.630108 0.630108
9437.967773 0.000000 7839.749023 0.000000 0.050801 0.000000 0.998709 0.704374 0.704374 0.704374
9423.619141 0.000000 7849.055664 0.000000 0.371508 0.000000 -0.928430 0.917664 0.917664 0.917664
9430.941406 0.000000 7852.468750 0.000000 0.717776 0.000000 0.696274 0.733086 0.733086 0.733086
9398.915039 0.000000 7814.692383 0.000000 0.996580 0.000000 -0.082634 0.810013 0.810013 0.810013
9433.908203 0.000000 7788.490723 0.000000 0.860166 0.000000 0.510015 0.775308 0.775308 0.775308
9422.960938 0.000000 7800.628906 0.000000 0.665863 0.000000 0.746074 0.770734 0.770734 0.770734
9414.342773 0.000000 7798.659180 0.000000 0.665867 0.000000 0.746070 0.782844 0.782844 0.782844
9419.855469 0.000000 7857.067383 0.000000 0.919441 0.000000 0.393228 0.763678 0.763678 0.763678
9430.125000 0.000000 7784.512695 0.000000 0.144869 0.000000 -0.989451 0.876012 0.876012 0.876012
9445.121094 0.000000 7817.862305 0.000000 0.023376 0.000000 -0.999727 0.894571 0.894571 0.894571
9410.982422 0.000000 7829.919434 0.000000 0.935067 0.000000 0.354471 0.772861 0.772861 0.772861
9440.514648 0.000000 7853.085938 0.000000 0.847691 0.000000 -0.530491 0.841881 0.841881 0.841881
9398.302734 0.000000 7810.369141 0.000000 0.906669 0.000000 -0.421844 0.825310 0.825310 0.825310
9413.550781 0.000000 7816.744629 0.000000 0.401670 0.000000 0.915785 0.695279 0.695279 0.695279
9420.933594 0.000000 7817.923340 0.000000 0.951253 0.000000 0.308412 0.763181 0.763181 0.763181
9428.978516 0.000000 7800.541504 0.000000 0.861190 0.000000 0.508284 0.739300 0.739300 0.739300
9433.065430 0.000000 7848.462891 0.000000 0.164191 0.000000 0.986428 0.650904 0.650904 0.650904
9426.911133 0.000000 7792.799316 0.000000 0.405123 0.000000 0.914262 0.670736 0.670736 0.670736
9443.158203 0.000000 7801.467773 0.000000 0.011615 0.000000 -0.999933 0.972830 0.972830 0.972830
9466.754883 0.000000 7843.400879 0.000000 0.999994 0.000000 -0.003474 0.800125 0.800125 0.800125
9433.261719 0.000000 7813.526855 0.000000 0.694635 0.000000 0.719363 0.774985 0.774985 0.774985
9442.591797 0.000000 7829.091309 0.000000 0.483555 0.000000 -0.875314 0.880485 0.880485 0.880485
9411.775391 0.000000 7824.974609 0.000000 0.922575 0.000000 0.385819 0.782438 0.782438 0.782438
9409.706055 0.000000 7818.072754 0.000000 0.677877 0.000000 0.735175 0.718346 0.718346 0.718346
9438.612305 0.000000 7802.831055 0.000000 0.354836 0.000000 0.934928 0.718931 0.718931 0.718931
9441.032227 0.000000 7793.025391 0.000000 0.726448 0.000000 0.687221 0.748248 0.748248 0.748248
9437.672852 0.000000 7845.948242 0.000000 0.626485 0.000000 -0.779433 0.853016 0.853016 0.853016
9426.303711 0.000000 7826.232422 0.000000 0.843822 0.000000 -0.536623 0.848533 0.848533 0.848533
9440.833984 0.000000 7814.398926 0.000000 0.907702 0.000000 -0.419616 0.840994 0.840994 0.840994
9451.167969 0.000000 7821.234863 0.000000 0.970316 0.000000 -0.241842 0.815660 0.815660 0.815660
9393.406250 0.000000 7827.434570 0.000000 0.138934 0.000000 -0.990302 0.888339 0.888339 0.888339
9432.148438 0.000000 7822.036133 0.000000 0.909185 0.000000 -0.416393 0.838857 0.838857 0.838857
9414.553711 0.000000 7812.882812 0.000000 0.647334 0.000000 0.762206 0.733009 0.733009 0.733009
9419.763672 0.000000 7802.000000 0.000000 0.582244 0.000000 0.813014 0.705579 0.705579 0.705579
9417.197266 0.000000 7842.184570 0.000000 0.116674 0.000000 0.993170 0.689369 0.689369 0.689369
9404.255859 0.000000 7827.153809 0.000000 0.784714 0.000000 -0.619858 0.864494 0.864494 0.864494
9426.589844 0.000000 7867.499512 0.000000 0.448141 0.000000 -0.893963 0.908028 0.908028 0.908028
9435.137695 0.000000 7820.407715 0.000000 0.983119 0.000000 -0.182965 0.817419 0.817419 0.817419
9456.262695 0.000000 7801.216797 0.000000 0.858432 0.000000 -0.512927 0.856474 0.856474 0.856474
9428.746094 0.000000 7855.170898 0.000000 0.983219 0.000000 -0.182430 0.813850 0.813850 0.813850
9420.869141 0.000000 7842.517090 0.000000 0.942604 0.000000 0.333914 0.783273 0.783273 0.783273
9416.874023 0.000000 7864.306641 0.000000 0.927411 0.000000 0.374043 0.759573 0.759573 0.759573
9454.895508 0.000000 7841.266602 0.000000 0.944779 0.000000 -0.327709 0.816004 0.816004 0.816004
9458.077148 0.000000 7804.862793 0.000000 0.984353 0.000000 0.176205 0.789068 0.789068 0.789068
9424.391602 0.000000 7803.521484 0.000000 0.825599 0.000000 0.564258 0.749349 0.749349 0.749349
9437.836914 0.000000 7825.723633 0.000000 0.290677 0.000000 -0.956821 0.861921 0.861921 0.861921
9410.639648 0.000000 7840.991211 0.000000 0.671944 0.000000 0.740602 0.738039 0.738039 0.738039
9439.202148 0.000000 7795.777344 0.000000 0.162512 0.000000 0.986706 0.672651 0.672651 0.672651
9440.270508 0.000000 7790.019043 0.000000 0.251472 0.000000 -0.967865 0.926219 0.926219 0.926219
9431.605469 0.000000 7841.327637 0.000000 0.790732 0.000000 0.612163 0.768027 0.768027 0.768027
9448.157227 0.000000 7818.533203 0.000000 0.096114 0.000000 -0.995370 0.881282 0.881282 0.881282
9446.780273 0.000000 7835.298828 0.000000 0.619311 0.000000 -0.785145 0.861675 0.861675 0.861675
9408.252930 0.000000 7843.133789 0.000000 0.889754 0.000000 -0.456441 0.850552 0.850552 0.850552
9417.628906 0.000000 7799.846191 0.000000 0.870388 0.000000 0.492367 0.774090 0.774090 0.774090
9415.212891 0.000000 7850.976074 0.000000 0.999508 0.000000 0.031379 0.796653 0.796653 0.796653
9435.606445 0.000000 7827.869629 0.000000 0.808801 0.000000 -0.588082 0.845580 0.845580 0.845580
9433.580078 0.000000 7835.694824 0.000000 0.740642 0.000000 -0.671900 0.865335 0.865335 0.865335
9415.773438 0.000000 7839.839844 0.000000 0.233460 0.000000 -0.972367 0.881599 0.881599 0.881599
9424.374023 0.000000 7806.345703 0.000000 0.926817 0.000000 0.375513 0.769093 0.769093 0.769093
9437.449219 0.000000 7818.910156 0.000000 0.214023 0.000000 0.976829 0.698507 0.698507 0.698507
9408.619141 0.000000 7835.656250 0.000000 0.998581 0.000000 -0.053245 0.804852 0.804852 0.804852
9460.692383 0.000000 7816.797852 0.000000 0.984358 0.000000 -0.176179 0.811248 0.811248 0.811248
9435.686523 0.000000 7847.908691 0.000000 0.567935 0.000000 -0.823073 0.863721 0.863721 0.863721
9441.205078 0.000000 7803.097656 0.000000 0.633901 0.000000 -0.773414 0.863575 0.863575 0.863575
9522.463867 0.000000 7847.875488 0.000000 0.151420 0.000000 0.988470 0.751544 0.751544 0.751544
9530.925781 0.000000 7792.248535 0.000000 0.409931 0.000000 0.912117 0.784862 0.784862 0.784862
9507.468750 0.000000 7841.851562 0.000000 0.760343 0.000000 -0.649521 0.842782 0.842782 0.842782
9513.834961 0.000000 7862.549316 0.000000 0.460457 0.000000 0.887682 0.742407 0.742407 0.742407
9511.176758 0.000000 7783.131836 0.000000 0.498771 0.000000 0.866734 0.717064 0.717064 0.717064
9522.295898 0.000000 7864.165039 0.000000 0.193556 0.000000 0.981089 0.700240 0.700240 0.700240
9537.916016 0.000000 7790.262207 0.000000 0.630544 0.000000 0.776154 0.768589 0.768589 0.768589
9533.058594 0.000000 7798.966797 0.000000 0.999967 0.000000 0.008107 0.799879 0.799879 0.799879
9489.996094 0.000000 7840.312012 0.000000 0.678278 0.000000 -0.734805 0.872698 0.872698 0.872698
9518.250977 0.000000 7856.273438 0.000000 0.964461 0.000000 -0.264225 0.820348 0.820348 0.820348
9513.038086 0.000000 7797.200684 0.000000 0.737888 0.000000 -0.674924 0.846610 0.846610 0.846610
9520.665039 0.000000 7835.241211 0.000000 0.989231 0.000000 -0.146359 0.802376 0.802376 0.802376
9533.109375 0.000000 7872.433105 0.000000 0.160180 0.000000 -0.987088 0.919115 0.919115 0.919115
9511.271484 0.000000 7867.512695 0.000000 0.335511 0.000000 -0.942036 0.896439 0.896439 0.896439
9522.458984 0.000000 7842.438477 0.000000 0.561323 0.000000 0.827597 0.757946 0.757946 0.757946
9484.708008 0.000000 7841.310059 0.000000 0.035883 0.000000 0.999356 0.770571 0.770571 0.770571
9516.407227 0.000000 7793.075195 0.000000 0.999999 0.000000 -0.001496 0.800135 0.800135 0.800135
9517.361328 0.000000 7849.055664 0.000000 0.698391 0.000000 -0.715717 0.841580 0.841580 0.841580
9524.683594 0.000000 7852.468750 0.000000 0.965410 0.000000 -0.260735 0.815331 0.815331 0.815331
9508.084961 0.000000 7798.659180 0.000000 0.999136 0.000000 0.041565 0.796986 0.796986 0.796986
9514.727539 0.000000 7873.481445 0.000000 0.369463 0.000000 0.929246 0.772137 0.772137 0.772137
9475.183594 0.000000 7846.065918 0.000000 0.958560 0.000000 -0.284891 0.812809 0.812809 0.812809
9504.724609 0.000000 7829.919434 0.000000 0.944960 0.000000 0.327187 0.790613 0.790613 0.790613
9534.256836 0.000000 7853.085938 0.000000 0.917388 0.000000 -0.397995 0.830657 0.830657 0.830657
9518.699219 0.000000 7844.799805 0.000000 0.980065 0.000000 0.198676 0.790772 0.790772 0.790772
9524.883789 0.000000 7834.083984 0.000000 0.416750 0.000000 0.909021 0.701560 0.701560 0.701560
9526.807617 0.000000 7848.462891 0.000000 0.731334 0.000000 -0.682020 0.848567 0.848567 0.848567
9522.486328 0.000000 7838.632812 0.000000 0.882197 0.000000 0.470880 0.779143 0.779143 0.779143
9516.208984 0.000000 7853.286133 0.000000 0.741659 0.000000 -0.670777 0.826433 0.826433 0.826433
9512.818359 0.000000 7793.358887 0.000000 0.147802 0.000000 -0.989017 0.898014 0.898014 0.898014
9529.357422 0.000000 7874.040527 0.000000 0.997007 0.000000 -0.077315 0.803942 0.803942 0.803942
9510.039062 0.000000 7853.799316 0.000000 0.713415 0.000000 -0.700742 0.860013 0.860013 0.860013
9516.168945 0.000000 7859.011719 0.000000 0.955422 0.000000 0.295242 0.779528 0.779528 0.779528
9497.625977 0.000000 7839.755371 0.000000 0.055213 0.000000 -0.998475 0.916234 0.916234 0.916234
9530.882812 0.000000 7789.013184 0.000000 0.834742 0.000000 -0.550641 0.842626 0.842626 0.842626
9494.248047 0.000000 7849.781738 0.000000 0.729981 0.000000 -0.683468 0.857262 0.857262 0.857262
9519.416016 0.000000 7838.102051 0.000000 0.263579 0.000000 0.964638 0.717176 0.717176 0.717176
9515.803711 0.000000 7846.158203 0.000000 0.077328 0.000000 0.997006 0.721258 0.721258 0.721258
9525.347656 0.000000 7841.327637 0.000000 0.107574 0.000000 -0.994197 0.876264 0.876264 0.876264
9511.371094 0.000000 7799.846191 0.000000 0.824694 0.000000 -0.565579 0.846824 0.846824 0.846824
9535.850586 0.000000 7873.727051 0.000000 0.967884 0.000000 -0.251398 0.813856 0.813856 0.813856
9524.993164 0.000000 7865.674316 0.000000 0.091054 0.000000 0.995846 0.713119 0.713119 0.713119
9486.307617 0.000000 7843.657715 0.000000 0.391119 0.000000 -0.920340 0.892453 0.892453 0.892453
9527.193359 0.000000 7863.587891 0.000000 0.960891 0.000000 0.276927 0.783692 0.783692 0.783692
9519.519531 0.000000 7863.992676 0.000000 0.175356 0.000000 0.984505 0.687199 0.687199 0.687199
9562.039062 0.000000 7723.311523 0.000000 0.999938 0.000000 -0.011167 0.800328 0.800328 0.800328
9576.534180 0.000000 7723.160645 0.000000 0.984060 0.000000 -0.177836 0.807606 0.807606 0.807606
9585.516602 0.000000 7697.781250 0.000000 0.845457 0.000000 0.534044 0.764894 0.764894 0.764894
9586.399414 0.000000 7720.950195 0.000000 0.576960 0.000000 -0.816773 0.818326 0.818326 0.818326
9561.738281 0.000000 7728.357910 0.000000 0.055620 0.000000 0.998452 0.721018 0.721018 0.721018
9565.876953 0.000000 7725.529785 0.000000 0.483621 0.000000 0.875278 0.757206 0.757206 0.757206
9586.512695 0.000000 7707.692383 0.000000 0.147059 0.000000 0.989128 0.703640 0.703640 0.703640
9613.735352 0.000000 7796.934082 0.000000 0.673509 0.000000 0.739179 0.746170 0.746170 0.746170
9603.846680 0.000000 7803.037109 0.000000 0.205096 0.000000 -0.978742 0.811444 0.811444 0.811444
9605.088867 0.000000 7815.261230 0.000000 0.103974 0.000000 0.994580 0.709487 0.709487 0.709487
9602.351562 0.000000 7827.535156 0.000000 0.274803 0.000000 -0.961501 0.837170 0.837170 0.837170
9609.831055 0.000000 7787.880859 0.000000 0.315837 0.000000 0.948813 0.772300 0.772300 0.772300
9617.609375 0.000000 7784.512695 0.000000 1.000000 0.000000 0.000726 0.799968 0.799968 0.799968
9614.395508 0.000000 7792.799316 0.000000 0.811181 0.000000 0.584795 0.773428 0.773428 0.773428
9604.253906 0.000000 7819.211914 0.000000 0.865660 0.000000 -0.500633 0.819164 0.819164 0.819164
9605.642578 0.000000 7806.456543 0.000000 0.618948 0.000000 -0.785432 0.842762 0.842762 0.842762
9606.560547 0.000000 7793.358887 0.000000 0.229343 0.000000 0.973346 0.734995 0.734995 0.734995
9610.245117 0.000000 7796.580566 0.000000 0.573019 0.000000 0.819542 0.736687 0.736687 0.736687
9181.691406 0.000000 7963.304199 0.000000 0.783942 0.000000 -0.620834 0.824882 0.824882 0.824882
9176.876953 0.000000 7964.260742 0.000000 0.914591 0.000000 0.404380 0.787279 0.787279 0.787279
9185.270508 0.000000 7966.534180 0.000000 0.550265 0.000000 0.834990 0.772766 0.772766 0.772766
9173.636719 0.000000 7969.187500 0.000000 0.951653 0.000000 0.307174 0.794949 0.794949 0.794949
9168.719727 0.000000 8022.053223 0.000000 0.297825 0.000000 0.954621 0.796960 0.796960 0.796960
9178.555664 0.000000 7987.900391 0.000000 0.679564 0.000000 0.733616 0.674652 0.674652 0.674652
9160.211914 0.000000 8031.526367 0.000000 0.702068 0.000000 0.712110 0.721176 0.721176 0.721176
9160.576172 0.000000 8012.460449 0.000000 0.387225 0.000000 -0.921985 0.977842 0.977842 0.977842
9151.478516 0.000000 8005.571289 0.000000 0.317173 0.000000 -0.948368 0.836642 0.836642 0.836642
9174.103516 0.000000 7998.156250 0.000000 0.553539 0.000000 -0.832824 0.812973 0.812973 0.812973
9180.392578 0.000000 7977.428711 0.000000 0.999927 0.000000 -0.012079 0.800543 0.800543 0.800543
9151.366211 0.000000 8025.869141 0.000000 0.715217 0.000000 -0.698902 0.875579 0.875579 0.875579
9150.054688 0.000000 8044.839844 0.000000 0.798459 0.000000 -0.602050 0.863098 0.863098 0.863098
9159.225586 0.000000 8021.401367 0.000000 0.998703 0.000000 -0.050907 0.804425 0.804425 0.804425
9182.978516 0.000000 7998.597656 0.000000 0.862077 0.000000 -0.506777 0.812737 0.812737 0.812737
9158.831055 0.000000 8053.385254 0.000000 0.430825 0.000000 -0.902436 0.845852 0.845852 0.845852
9146.303711 0.000000 7992.069824 0.000000 0.609480 0.000000 -0.792802 0.841136 0.841136 0.841136
9184.193359 0.000000 7983.759277 0.000000 0.905005 0.000000 0.425401 0.767353 0.767353 0.767353
9172.055664 0.000000 7985.990723 0.000000 0.602835 0.000000 0.797866 0.736350 0.736350 0.736350
9158.140625 0.000000 8059.917480 0.000000 0.362997 0.000000 -0.931790 0.866829 0.866829 0.866829
9154.452148 0.000000 8048.990723 0.000000 0.768132 0.000000 -0.640292 0.906170 0.906170 0.906170
9175.062500 0.000000 7974.953613 0.000000 0.452746 0.000000 0.891639 0.757122 0.757122 0.757122
9184.849609 0.000000 8003.929688 0.000000 0.859319 0.000000 -0.511440 0.867551 0.867551 0.867551
9178.701172 0.000000 7995.074707 0.000000 0.760076 0.000000 -0.649834 0.862727 0.862727 0.862727
9185.800781 0.000000 7978.185547 0.000000 0.317969 0.000000 0.948101 0.728260 0.728260 0.728260
9156.741211 0.000000 8027.233398 0.000000 0.310300 0.000000 -0.950639 0.846632 0.846632 0.846632
9174.388672 0.000000 8008.018555 0.000000 0.898248 0.000000 0.439490 0.771918 0.771918 0.771918
9155.062500 0.000000 8043.424805 0.000000 0.846423 0.000000 0.532511 0.744145 0.744145 0.744145
9152.936523 0.000000 8053.850586 0.000000 0.829667 0.000000 -0.558259 0.861039 0.861039 0.861039
9171.292969 0.000000 8026.449219 0.000000 0.850883 0.000000 0.525355 0.765201 0.765201 0.765201
9147.983398 0.000000 8002.275391 0.000000 0.897041 0.000000 -0.441948 0.820571 0.820571 0.820571
9148.658203 0.000000 8055.897461 0.000000 0.436405 0.000000 -0.899751 0.869071 0.869071 0.869071
9159.288086 0.000000 8040.570312 0.000000 0.080006 0.000000 0.996794 0.666915 0.666915 0.666915
9159.432617 0.000000 8036.154297 0.000000 0.946483 0.000000 0.322754 0.765344 0.765344 0.765344
9186.284180 0.000000 7995.261719 0.000000 0.377169 0.000000 -0.926145 0.887263 0.887263 0.887263
9147.751953 0.000000 7988.025879 0.000000 0.738633 0.000000 0.674108 0.766757 0.766757 0.766757
9152.035156 0.000000 8001.011230 0.000000 0.704793 0.000000 -0.709413 0.830243 0.830243 0.830243
9155.833984 0.000000 8056.645020 0.000000 0.594296 0.000000 0.804246 0.704822 0.704822 0.704822
9176.249023 0.000000 8011.470215 0.000000 0.762335 0.000000 0.647183 0.768791 0.768791 0.768791
9156.446289 0.000000 8033.432617 0.000000 0.378176 0.000000 -0.925734 0.901359 0.901359 0.901359
9186.654297 0.000000 7999.842285 0.000000 0.559794 0.000000 0.828632 0.725681 0.725681 0.725681
9180.055664 0.000000 7991.440918 0.000000 0.842693 0.000000 -0.538394 0.865404 0.865404 0.865404
9154.388672 0.000000 8061.524902 0.000000 0.329021 0.000000 0.944323 0.691917 0.691917 0.691917
9181.828125 0.000000 8002.080078 0.000000 0.488549 0.000000 0.872536 0.677379 0.677379 0.677379
9179.537109 0.000000 7998.469727 0.000000 0.992780 0.000000 -0.119947 0.813040 0.813040 0.813040
9153.911133 0.000000 8007.892090 0.000000 0.406974 0.000000 -0.913440 0.866934 0.866934 0.866934
9176.860352 0.000000 8005.489258 0.000000 0.874400 0.000000 0.485206 0.773592 0.773592 0.773592
9186.707031 0.000000 7981.583496 0.000000 0.981311 0.000000 0.192430 0.788398 0.788398 0.788398
9176.850586 0.000000 7992.347168 0.000000 0.750621 0.000000 -0.660733 0.835463 0.835463 0.835463
9175.587891 0.000000 7995.421387 0.000000 0.034798 0.000000 -0.999394 0.974861 0.974861 0.974861
9175.347656 0.000000 7971.832520 0.000000 0.686550 0.000000 -0.727082 0.848289 0.848289 0.848289
9150.024414 0.000000 8053.158691 0.000000 0.987056 0.000000 -0.160378 0.811967 0.811967 0.811967
9179.465820 0.000000 8004.282227 0.000000 0.128453 0.000000 0.991716 0.711872 0.711872 0.711872
9146.144531 0.000000 8057.563477 0.000000 0.807967 0.000000 -0.589228 0.843795 0.843795 0.843795
9178.846680 0.000000 7979.602539 0.000000 0.280386 0.000000 0.959887 0.704409 0.704409 0.704409
9184.231445 0.000000 8000.926270 0.000000 0.681107 0.000000 0.732184 0.745854 0.745854 0.745854
9173.558594 0.000000 8025.245605 0.000000 0.547982 0.000000 0.836490 0.735882 0.735882 0.735882
9160.653320 0.000000 8038.454102 0.000000 0.690986 0.000000 0.722869 0.739488 0.739488 0.739488
9158.012695 0.000000 8038.358398 0.000000 0.940170 0.000000 0.340706 0.773961 0.773961 0.773961
9257.454102 0.000000 7906.495605 0.000000 0.813622 0.000000 -0.581394 0.825279 0.825279 0.825279
9241.237305 0.000000 7941.617676 0.000000 0.797249 0.000000 0.603651 0.791069 0.791069 0.791069
9194.879883 0.000000 7960.132812 0.000000 0.999996 0.000000 -0.002912 0.800262 0.800262 0.800262
9236.227539 0.000000 7904.984863 0.000000 0.966025 0.000000 -0.258448 0.802819 0.802819 0.802819
9241.441406 0.000000 7922.884766 0.000000 0.549778 0.000000 0.835311 0.763271 0.763271 0.763271
9273.555664 0.000000 7913.307617 0.000000 0.944798 0.000000 0.327653 0.796400 0.796400 0.796400
9232.608398 0.000000 7956.291504 0.000000 0.461089 0.000000 0.887354 0.780379 0.780379 0.780379
9253.599609 0.000000 7951.195312 0.000000 0.771674 0.000000 0.636019 0.747133 0.747133 0.747133
9260.505859 0.000000 7962.823242 0.000000 0.956586 0.000000 0.291449 0.796102 0.796102 0.796102
9221.410156 0.000000 7948.207520 0.000000 0.053071 0.000000 -0.998591 0.835465 0.835465 0.835465
9253.954102 0.000000 7937.784180 0.000000 0.928807 0.000000 -0.370564 0.842534 0.842534 0.842534
9254.318359 0.000000 7918.718262 0.000000 0.254130 0.000000 0.967170 0.727576 0.727576 0.727576
9206.403320 0.000000 7957.044922 0.000000 0.822019 0.000000 -0.569461 0.840294 0.840294 0.840294
9232.043945 0.000000 7915.748535 0.000000 0.293939 0.000000 -0.955824 0.843458 0.843458 0.843458
9245.220703 0.000000 7911.829102 0.000000 0.388421 0.000000 -0.921482 0.851960 0.851960 0.851960
9263.892578 0.000000 7942.206543 0.000000 0.049579 0.000000 0.998770 0.709766 0.709766 0.709766
9267.845703 0.000000 7904.414062 0.000000 0.976053 0.000000 -0.217533 0.808803 0.808803 0.808803
9231.706055 0.000000 7945.645996 0.000000 0.490084 0.000000 -0.871675 0.833617 0.833617 0.833617
9243.796875 0.000000 7951.097656 0.000000 0.067072 0.000000 -0.997748 0.996409 0.996409 0.996409
9252.967773 0.000000 7927.659180 0.000000 0.121694 0.000000 0.992568 0.612495 0.612495 0.612495
9276.720703 0.000000 7904.855469 0.000000 0.109609 0.000000 0.993975 0.742226 0.742226 0.742226
9186.881836 0.000000 7963.818359 0.000000 0.930410 0.000000 0.366519 0.775492 0.775492 0.775492
9213.221680 0.000000 7951.179199 0.000000 0.771998 0.000000 0.635625 0.790095 0.790095 0.790095
9236.054688 0.000000 7934.221191 0.000000 0.968623 0.000000 0.248533 0.791272 0.791272 0.791272
9269.783203 0.000000 7932.356934 0.000000 0.948639 0.000000 0.316359 0.777435 0.777435 0.777435
9252.573242 0.000000 7959.643066 0.000000 0.999529 0.000000 0.030697 0.798271 0.798271 0.798271
9249.148438 0.000000 7944.426758 0.000000 0.994441 0.000000 0.105294 0.789002 0.789002 0.789002
9268.259766 0.000000 7958.953125 0.000000 0.961990 0.000000 0.273086 0.789725 0.789725 0.789725
9194.898438 0.000000 7968.022949 0.000000 0.848884 0.000000 0.528579 0.777976 0.777976 0.777976
9241.069336 0.000000 7957.907227 0.000000 0.845852 0.000000 0.533417 0.735611 0.735611 0.735611
9249.561523 0.000000 7905.457031 0.000000 0.570134 0.000000 -0.821552 0.842170 0.842170 0.842170
9256.966797 0.000000 7944.616211 0.000000 0.572489 0.000000 0.819913 0.761411 0.761411 0.761411
9272.841797 0.000000 7920.653320 0.000000 0.205582 0.000000 -0.978640 0.919299 0.919299 0.919299
9261.063477 0.000000 7935.376465 0.000000 0.167901 0.000000 0.985804 0.722711 0.722711 0.722711
9199.515625 0.000000 7954.476074 0.000000 0.998093 0.000000 -0.061732 0.801073 0.801073 0.801073
9254.583984 0.000000 7899.325684 0.000000 0.142538 0.000000 0.989789 0.739261 0.739261 0.739261
9237.897461 0.000000 7911.831055 0.000000 0.099706 0.000000 -0.995017 0.843185 0.843185 0.843185
9261.974609 0.000000 7900.589844 0.000000 0.525970 0.000000 0.850503 0.719569 0.719569 0.719569
9227.382812 0.000000 7921.277344 0.000000 0.707288 0.000000 0.706925 0.761895 0.761895 0.761895
9252.604492 0.000000 7911.968262 0.000000 0.999899 0.000000 0.014230 0.799693 0.799693 0.799693
9270.771484 0.000000 7943.801758 0.000000 0.774619 0.000000 0.632429 0.713028 0.713028 0.713028
9237.024414 0.000000 7950.015625 0.000000 0.405605 0.000000 0.914049 0.784108 0.784108 0.784108
9242.942383 0.000000 7904.058594 0.000000 0.999420 0.000000 -0.034058 0.801143 0.801143 0.801143
9268.689453 0.000000 7925.772949 0.000000 0.803781 0.000000 0.594925 0.722499 0.722499 0.722499
9235.249023 0.000000 7921.393066 0.000000 0.523517 0.000000 0.852015 0.757838 0.757838 0.757838
9227.642578 0.000000 7950.558594 0.000000 0.857989 0.000000 0.513667 0.770263 0.770263 0.770263
9259.477539 0.000000 7922.428223 0.000000 0.666229 0.000000 -0.745748 0.861020 0.861020 0.861020
9278.971680 0.000000 7917.494141 0.000000 0.346067 0.000000 -0.938210 0.910875 0.910875 0.910875
9246.508789 0.000000 7938.090332 0.000000 0.195140 0.000000 0.980775 0.629536 0.629536 0.629536
9248.194336 0.000000 7955.248535 0.000000 0.658844 0.000000 -0.752280 0.832143 0.832143 0.832143
9278.006836 0.000000 7933.153320 0.000000 0.640603 0.000000 -0.767872 0.881835 0.881835 0.881835
9218.774414 0.000000 7953.840820 0.000000 0.347772 0.000000 -0.937579 0.843701 0.843701 0.843701
9267.426758 0.000000 7898.044434 0.000000 0.860063 0.000000 -0.510188 0.807378 0.807378 0.807378
9241.108398 0.000000 7916.818848 0.000000 0.999145 0.000000 -0.041339 0.801858 0.801858 0.801858
9212.006836 0.000000 7958.813477 0.000000 0.982887 0.000000 -0.184211 0.812433 0.812433 0.812433
9257.183594 0.000000 7931.378906 0.000000 0.719136 0.000000 0.694869 0.718526 0.718526 0.718526
9230.044922 0.000000 7961.254883 0.000000 0.420557 0.000000 -0.907266 0.818390 0.818390 0.818390
9278.591797 0.000000 7910.187500 0.000000 0.776503 0.000000 0.630113 0.773042 0.773042 0.773042
9272.021484 0.000000 7908.100586 0.000000 0.630281 0.000000 0.776367 0.764316 0.764316 0.764316
9250.483398 0.000000 7933.491211 0.000000 0.534591 0.000000 0.845111 0.777077 0.777077 0.777077
9230.806641 0.000000 7932.526855 0.000000 0.910908 0.000000 0.412609 0.780887 0.780887 0.780887
9200.153320 0.000000 7959.644043 0.000000 0.803295 0.000000 0.595582 0.742660 0.742660 0.742660
9204.370117 0.000000 7952.336914 0.000000 0.788119 0.000000 0.615523 0.788479 0.788479 0.788479
9243.457031 0.000000 7946.210938 0.000000 0.947584 0.000000 -0.319506 0.824552 0.824552 0.824552
9264.186523 0.000000 7923.355469 0.000000 0.953325 0.000000 0.301947 0.771146 0.771146 0.771146
9259.543945 0.000000 7940.179688 0.000000 0.927657 0.000000 0.373432 0.750240 0.750240 0.750240
9233.500977 0.000000 7967.223633 0.000000 0.128675 0.000000 -0.991687 0.844921 0.844921 0.844921
9265.035156 0.000000 7932.707031 0.000000 0.840868 0.000000 -0.541240 0.838379 0.838379 0.838379
9241.725586 0.000000 7908.533203 0.000000 0.836824 0.000000 -0.547472 0.826034 0.826034 0.826034
9237.371094 0.000000 7955.068359 0.000000 0.435229 0.000000 -0.900320 0.941660 0.941660 0.941660
9255.841797 0.000000 7963.230469 0.000000 0.051221 0.000000 0.998687 0.739909 0.739909 0.739909
9236.435547 0.000000 7916.924316 0.000000 0.212013 0.000000 -0.977267 0.860988 0.860988 0.860988
9267.317383 0.000000 7946.766113 0.000000 0.726941 0.000000 0.686700 0.717003 0.717003 0.717003
9236.050781 0.000000 7959.442383 0.000000 0.318454 0.000000 0.947938 0.713350 0.713350 0.713350
9197.504883 0.000000 7964.340332 0.000000 0.758961 0.000000 -0.651137 0.833139 0.833139 0.833139
9253.030273 0.000000 7946.828125 0.000000 0.286502 0.000000 -0.958080 0.892049 0.892049 0.892049
9267.891602 0.000000 7909.701660 0.000000 0.910417 0.000000 0.413691 0.740713 0.740713 0.740713
9273.983398 0.000000 7931.096680 0.000000 0.963998 0.000000 -0.265909 0.814675 0.814675 0.814675
9236.808594 0.000000 7925.476562 0.000000 0.494361 0.000000 -0.869257 0.847351 0.847351 0.847351
9253.174805 0.000000 7942.412109 0.000000 0.182132 0.000000 0.983274 0.662813 0.662813 0.662813
9214.869141 0.000000 7955.513672 0.000000 0.190583 0.000000 -0.981671 0.891717 0.891717 0.891717
9225.649414 0.000000 7946.798340 0.000000 0.922542 0.000000 -0.385896 0.829198 0.829198 0.829198
9253.807617 0.000000 7904.209961 0.000000 0.337609 0.000000 0.941286 0.747092 0.747092 0.747092
9257.937500 0.000000 7902.034668 0.000000 0.942828 0.000000 -0.333281 0.814455 0.814455 0.814455
9228.487305 0.000000 7954.831055 0.000000 0.188463 0.000000 -0.982080 0.953929 0.953929 0.953929
9233.449219 0.000000 7911.665527 0.000000 0.998594 0.000000 0.053008 0.797617 0.797617 0.797617
9268.333984 0.000000 7921.467773 0.000000 0.983902 0.000000 -0.178706 0.820885 0.820885 0.820885
9227.496094 0.000000 7925.606445 0.000000 0.138326 0.000000 -0.990387 0.836895 0.836895 0.836895
9263.567383 0.000000 7896.175781 0.000000 0.752433 0.000000 0.658669 0.770272 0.770272 0.770272
9239.149414 0.000000 7946.290039 0.000000 0.997816 0.000000 0.066052 0.795802 0.795802 0.795802
9190.333008 0.000000 7960.385742 0.000000 0.471508 0.000000 -0.881862 0.924221 0.924221 0.924221
9245.581055 0.000000 7942.205078 0.000000 0.761423 0.000000 0.648256 0.735344 0.735344 0.735344
9231.277344 0.000000 7922.594238 0.000000 0.422346 0.000000 0.906435 0.763964 0.763964 0.763964
9250.685547 0.000000 7901.315430 0.000000 0.639424 0.000000 0.768854 0.762164 0.762164 0.762164
9272.821289 0.000000 7925.077637 0.000000 0.666530 0.000000 -0.745478 0.860487 0.860487 0.860487
9223.091797 0.000000 7952.165527 0.000000 0.417467 0.000000 0.908692 0.748765 0.748765 0.748765
9245.777344 0.000000 7907.269043 0.000000 0.569180 0.000000 0.822213 0.757779 0.757779 0.757779
9255.107422 0.000000 7922.833496 0.000000 0.594751 0.000000 -0.803910 0.907430 0.907430 0.907430
9244.100586 0.000000 7955.206055 0.000000 0.633350 0.000000 0.773866 0.762885 0.762885 0.762885
9257.865234 0.000000 7959.750488 0.000000 0.890933 0.000000 -0.454135 0.822878 0.822878 0.822878
9269.991211 0.000000 7917.728027 0.000000 0.751294 0.000000 0.659968 0.759836 0.759836 0.759836
9250.188477 0.000000 7939.690430 0.000000 0.818836 0.000000 -0.574028 0.857882 0.857882 0.857882
9260.882812 0.000000 7944.821289 0.000000 0.999050 0.000000 0.043580 0.797623 0.797623 0.797623
9275.048828 0.000000 7916.880859 0.000000 0.594608 0.000000 -0.804016 0.851487 0.851487 0.851487
9280.396484 0.000000 7906.100098 0.000000 0.990299 0.000000 -0.138954 0.805429 0.805429 0.805429
9238.819336 0.000000 7919.974609 0.000000 0.942274 0.000000 0.334843 0.787521 0.787521 0.787521
9266.352539 0.000000 7928.835938 0.000000 0.428321 0.000000 0.903626 0.738487 0.738487 0.738487
9253.349609 0.000000 7908.141113 0.000000 0.996171 0.000000 -0.087429 0.803777 0.803777 0.803777
9264.184570 0.000000 7938.279785 0.000000 0.780859 0.000000 0.624707 0.769678 0.769678 0.769678
9229.496094 0.000000 7942.336914 0.000000 0.961116 0.000000 0.276144 0.784745 0.784745 0.784745
9277.828125 0.000000 7913.898438 0.000000 0.518980 0.000000 -0.854786 0.839925 0.839925 0.839925
9257.315430 0.000000 7936.026855 0.000000 0.788817 0.000000 -0.614628 0.828952 0.828952 0.828952
9240.169922 0.000000 7952.085938 0.000000 0.469317 0.000000 -0.883030 0.901810 0.901810 0.901810
9235.562500 0.000000 7908.615234 0.000000 0.953081 0.000000 -0.302715 0.813820 0.813820 0.813820
9244.664062 0.000000 7915.778320 0.000000 0.932253 0.000000 -0.361808 0.816414 0.816414 0.816414
9241.743164 0.000000 7912.833008 0.000000 0.974720 0.000000 -0.223430 0.810126 0.810126 0.810126
9270.721680 0.000000 7928.777344 0.000000 0.420272 0.000000 -0.907398 0.912413 0.912413 0.912413
9202.958984 0.000000 7955.665527 0.000000 0.515540 0.000000 -0.856866 0.845632 0.845632 0.845632
9203.855469 0.000000 7959.736328 0.000000 0.877111 0.000000 0.480288 0.754974 0.754974 0.754974
9218.122070 0.000000 7957.340332 0.000000 0.024314 0.000000 0.999704 0.708266 0.708266 0.708266
9257.771484 0.000000 7919.354980 0.000000 0.999084 0.000000 -0.042781 0.804744 0.804744 0.804744
9275.570312 0.000000 7908.337891 0.000000 0.203903 0.000000 0.978991 0.745185 0.745185 0.745185
9273.279297 0.000000 7904.727539 0.000000 0.514111 0.000000 0.857723 0.758618 0.758618 0.758618
9256.158203 0.000000 7940.456055 0.000000 0.945476 0.000000 -0.325691 0.819877 0.819877 0.819877
9209.841797 0.000000 7956.168945 0.000000 0.707674 0.000000 -0.706539 0.870046 0.870046 0.870046
9246.707031 0.000000 7947.040527 0.000000 0.337117 0.000000 0.941463 0.658116 0.658116 0.658116
9247.338867 0.000000 7934.699219 0.000000 0.238423 0.000000 0.971161 0.729073 0.729073 0.729073
9261.450195 0.000000 7925.197754 0.000000 0.347563 0.000000 -0.937657 0.910730 0.910730 0.910730
9242.669922 0.000000 7919.693848 0.000000 0.449501 0.000000 0.893280 0.750362 0.750362 0.750362
9229.389648 0.000000 7958.048828 0.000000 0.992022 0.000000 0.126067 0.785761 0.785761 0.785761
9260.024414 0.000000 7904.379883 0.000000 0.944694 0.000000 0.327952 0.773573 0.773573 0.773573
9265.934570 0.000000 7907.040527 0.000000 0.110225 0.000000 -0.993907 0.900625 0.900625 0.900625
9256.114258 0.000000 7947.681152 0.000000 0.962625 0.000000 -0.270837 0.830401 0.830401 0.830401
9252.540039 0.000000 7931.089355 0.000000 0.962833 0.000000 0.270097 0.774109 0.774109 0.774109
9250.241211 0.000000 7952.420898 0.000000 0.432539 0.000000 0.901615 0.721913 0.721913 0.721913
9197.424805 0.000000 7958.212402 0.000000 0.104257 0.000000 -0.994550 0.923003 0.923003 0.923003
9208.652344 0.000000 7959.320801 0.000000 0.749845 0.000000 0.661614 0.735456 0.735456 0.735456
9249.998047 0.000000 7936.591309 0.000000 0.941799 0.000000 0.336175 0.766926 0.766926 0.766926
9212.135742 0.000000 7954.167480 0.000000 0.312395 0.000000 -0.949952 0.879586 0.879586 0.879586
9264.738281 0.000000 7926.287109 0.000000 0.627372 0.000000 0.778720 0.748656 0.748656 0.748656
9268.494141 0.000000 7961.958984 0.000000 0.756884 0.000000 0.653549 0.737692 0.737692 0.737692
9255.634766 0.000000 7928.849121 0.000000 0.999492 0.000000 0.031886 0.797975 0.797975 0.797975
9197.418945 0.000000 7961.281250 0.000000 0.649324 0.000000 -0.760512 0.868860 0.868860 0.868860
9189.702148 0.000000 7963.002441 0.000000 0.505131 0.000000 0.863043 0.706416 0.706416 0.706416
9261.522461 0.000000 7938.046875 0.000000 0.972080 0.000000 0.234651 0.784531 0.784531 0.784531
9251.791016 0.000000 7949.286621 0.000000 0.757236 0.000000 -0.653141 0.862261 0.862261 0.862261
9234.458008 0.000000 7964.621582 0.000000 0.649050 0.000000 -0.760746 0.865263 0.865263 0.865263
9237.699219 0.000000 7952.610840 0.000000 0.678837 0.000000 -0.734289 0.860773 0.860773 0.860773
9356.204102 0.000000 7928.311035 0.000000 0.652741 0.000000 0.757581 0.754676 0.754676 0.754676
9305.470703 0.000000 7899.865723 0.000000 0.124970 0.000000 0.992161 0.748900 0.748900 0.748900
9292.439453 0.000000 7917.309082 0.000000 0.866554 0.000000 0.499083 0.776518 0.776518 0.776518
9329.969727 0.000000 7904.984863 0.000000 0.648056 0.000000 0.761593 0.701439 0.701439 0.701439
9280.812500 0.000000 7910.795898 0.000000 0.160747 0.000000 0.986996 0.745111 0.745111 0.745111
9317.116211 0.000000 7907.065430 0.000000 0.697127 0.000000 0.716948 0.714261 0.714261 0.714261
9341.327148 0.000000 7898.392578 0.000000 0.267254 0.000000 0.963626 0.764942 0.764942 0.764942
9348.060547 0.000000 7918.718262 0.000000 0.515121 0.000000 0.857118 0.762984 0.762984 0.762984
9293.363281 0.000000 7904.129395 0.000000 0.059466 0.000000 -0.998230 0.856143 0.856143 0.856143
9332.508789 0.000000 7890.676270 0.000000 0.780112 0.000000 0.625640 0.736008 0.736008 0.736008
9338.962891 0.000000 7911.829102 0.000000 0.567598 0.000000 0.823306 0.778558 0.778558 0.778558
9313.764648 0.000000 7895.327148 0.000000 0.791493 0.000000 0.611178 0.787786 0.787786 0.787786
9323.692383 0.000000 7876.874023 0.000000 0.997261 0.000000 -0.073962 0.801907 0.801907 0.801907
9363.525391 0.000000 7932.356934 0.000000 0.405155 0.000000 0.914248 0.771659 0.771659 0.771659
9297.840820 0.000000 7896.951660 0.000000 0.011895 0.000000 -0.999929 0.835494 0.835494 0.835494
9335.298828 0.000000 7882.764160 0.000000 0.152559 0.000000 0.988294 0.736294 0.736294 0.736294
9311.969727 0.000000 7912.825684 0.000000 0.904923 0.000000 0.425575 0.761544 0.761544 0.761544
9288.328125 0.000000 7909.986816 0.000000 0.143180 0.000000 0.989697 0.781188 0.781188 0.781188
9343.303711 0.000000 7905.457031 0.000000 0.936449 0.000000 0.350804 0.790765 0.790765 0.790765
9300.486328 0.000000 7906.492676 0.000000 0.110794 0.000000 0.993843 0.755393 0.755393 0.755393
9309.586914 0.000000 7905.815430 0.000000 0.541490 0.000000 -0.840707 0.926247 0.926247 0.926247
9333.788086 0.000000 7898.327637 0.000000 0.128616 0.000000 -0.991694 0.961549 0.961549 0.961549
9318.796875 0.000000 7914.638184 0.000000 0.699947 0.000000 0.714195 0.769019 0.769019 0.769019
9331.639648 0.000000 7911.831055 0.000000 0.523597 0.000000 0.851966 0.767617 0.767617 0.767617
9323.862305 0.000000 7909.003418 0.000000 0.746553 0.000000 -0.665326 0.843179 0.843179 0.843179
9346.346680 0.000000 7911.968262 0.000000 0.451795 0.000000 0.892122 0.787454 0.787454 0.787454
9328.604492 0.000000 7881.623047 0.000000 0.949653 0.000000 -0.313303 0.809929 0.809929 0.809929
9283.285156 0.000000 7904.442383 0.000000 0.151385 0.000000 -0.988475 0.855258 0.855258 0.855258
9295.307617 0.000000 7910.645020 0.000000 0.958356 0.000000 -0.285575 0.810759 0.810759 0.810759
9296.043945 0.000000 7923.155273 0.000000 0.005753 0.000000 -0.999983 0.996923 0.996923 0.996923
9280.961914 0.000000 7931.226562 0.000000 0.840170 0.000000 -0.542324 0.816829 0.816829 0.816829
9336.684570 0.000000 7904.058594 0.000000 0.752272 0.000000 -0.658853 0.821980 0.821980 0.821980
9298.854492 0.000000 7917.104492 0.000000 0.772828 0.000000 -0.634615 0.882387 0.882387 0.882387
9373.646484 0.000000 7942.981934 0.000000 0.404524 0.000000 -0.914527 0.911355 0.911355 0.911355
9308.247070 0.000000 7918.230957 0.000000 0.533846 0.000000 0.845582 0.784302 0.784302 0.784302
9322.115234 0.000000 7903.006836 0.000000 0.877774 0.000000 -0.479076 0.856577 0.856577 0.856577
9314.207031 0.000000 7901.607422 0.000000 0.460242 0.000000 -0.887794 0.827494 0.827494 0.827494
9328.004883 0.000000 7899.361328 0.000000 0.934097 0.000000 -0.357018 0.818374 0.818374 0.818374
9350.925781 0.000000 7931.378906 0.000000 0.395317 0.000000 0.918545 0.663258 0.663258 0.663258
9328.922852 0.000000 7886.817383 0.000000 0.309824 0.000000 0.950794 0.751844 0.751844 0.751844
9288.422852 0.000000 7902.780762 0.000000 0.543662 0.000000 0.839304 0.762403 0.762403 0.762403
9338.211914 0.000000 7887.166016 0.000000 0.961478 0.000000 -0.274883 0.807008 0.807008 0.807008
9299.388672 0.000000 7901.598633 0.000000 0.059290 0.000000 0.998241 0.745662 0.745662 0.745662
9305.172852 0.000000 7908.434570 0.000000 0.084154 0.000000 0.996453 0.709149 0.709149 0.709149
9329.218750 0.000000 7894.371094 0.000000 0.100786 0.000000 0.994908 0.745398 0.745398 0.745398
9357.928711 0.000000 7923.355469 0.000000 0.383155 0.000000 -0.923684 0.831751 0.831751 0.831751
9344.753906 0.000000 7922.598145 0.000000 0.873158 0.000000 -0.487437 0.823795 0.823795 0.823795
9320.600586 0.000000 7892.401367 0.000000 0.119583 0.000000 0.992824 0.708718 0.708718 0.708718
9318.700195 0.000000 7899.552734 0.000000 0.217570 0.000000 -0.976045 0.846157 0.846157 0.846157
9358.777344 0.000000 7932.707031 0.000000 0.928322 0.000000 0.371776 0.757320 0.757320 0.757320
9336.382812 0.000000 7878.254883 0.000000 0.144409 0.000000 -0.989518 0.842717 0.842717 0.842717
9351.208984 0.000000 7926.547363 0.000000 0.779216 0.000000 -0.626755 0.817858 0.817858 0.817858
9294.105469 0.000000 7899.641113 0.000000 0.448563 0.000000 -0.893751 0.840411 0.840411 0.840411
9312.382812 0.000000 7890.956543 0.000000 0.190474 0.000000 -0.981692 0.830575 0.830575 0.830575
9327.747070 0.000000 7874.715332 0.000000 0.696099 0.000000 -0.717946 0.824952 0.824952 0.824952
9284.650391 0.000000 7913.014160 0.000000 0.728653 0.000000 -0.684884 0.817178 0.817178 0.817178
9344.553711 0.000000 7915.917969 0.000000 0.952100 0.000000 0.305787 0.790690 0.790690 0.790690
9304.560547 0.000000 7904.111328 0.000000 0.137834 0.000000 0.990455 0.712451 0.712451 0.712451
9319.808594 0.000000 7910.486816 0.000000 0.475563 0.000000 -0.879682 0.856692 0.856692 0.856692
9327.191406 0.000000 7911.665527 0.000000 0.385795 0.000000 0.922584 0.656412 0.656412 0.656412
9312.921875 0.000000 7908.553223 0.000000 0.807385 0.000000 0.590025 0.762943 0.762943 0.762943
9335.236328 0.000000 7894.283691 0.000000 0.985671 0.000000 -0.168680 0.817163 0.817163 0.817163
9333.168945 0.000000 7886.541504 0.000000 0.132195 0.000000 -0.991224 0.858598 0.858598 0.858598
9338.117188 0.000000 7874.469727 0.000000 0.860080 0.000000 0.510159 0.784282 0.784282 0.784282
9339.519531 0.000000 7907.269043 0.000000 0.114036 0.000000 0.993477 0.755492 0.755492 0.755492
9325.751953 0.000000 7904.890625 0.000000 0.897744 0.000000 -0.440517 0.849745 0.849745 0.849745
9342.677734 0.000000 7910.017578 0.000000 0.947197 0.000000 -0.320652 0.809779 0.809779 0.809779
9281.084961 0.000000 7920.413574 0.000000 0.963939 0.000000 -0.266123 0.809845 0.809845 0.809845
9321.812500 0.000000 7917.322754 0.000000 0.959494 0.000000 0.281730 0.778610 0.778610 0.778610
9291.957031 0.000000 7907.895508 0.000000 0.019084 0.000000 -0.999818 0.851136 0.851136 0.851136
9315.963867 0.000000 7911.814941 0.000000 0.719684 0.000000 0.694302 0.771030 0.771030 0.771030
9344.870117 0.000000 7896.573242 0.000000 0.312950 0.000000 0.949770 0.714447 0.714447 0.714447
9295.557617 0.000000 7914.579102 0.000000 0.194327 0.000000 0.980937 0.745616 0.745616 0.745616
9323.027344 0.000000 7912.954102 0.000000 0.759671 0.000000 -0.650308 0.875933 0.875933 0.875933
9291.954102 0.000000 7912.397461 0.000000 0.169996 0.000000 0.985445 0.698502 0.698502 0.698502
9308.627930 0.000000 7902.149902 0.000000 0.864102 0.000000 0.503317 0.770926 0.770926 0.770926
9299.664062 0.000000 7921.176758 0.000000 0.951667 0.000000 -0.307131 0.826000 0.826000 0.826000
9295.722656 0.000000 7919.193359 0.000000 0.517187 0.000000 -0.855873 0.896632 0.896632 0.896632
9287.803711 0.000000 7906.404297 0.000000 0.836453 0.000000 -0.548039 0.822242 0.822242 0.822242
9329.018555 0.000000 7890.322754 0.000000 0.911046 0.000000 -0.412305 0.816552 0.816552 0.816552
9310.513672 0.000000 7920.895996 0.000000 0.904013 0.000000 0.427504 0.776974 0.776974 0.776974
9280.629883 0.000000 7906.967285 0.000000 0.694457 0.000000 0.719534 0.768721 0.768721 0.768721
9370.328125 0.000000 7941.814941 0.000000 0.717884 0.000000 0.696163 0.736790 0.736790 0.736790
9372.934570 0.000000 7946.175293 0.000000 0.999956 0.000000 0.009364 0.799170 0.799170 0.799170
9336.412109 0.000000 7919.693848 0.000000 0.975547 0.000000 -0.219791 0.817526 0.817526 0.817526
9361.153320 0.000000 7935.008789 0.000000 0.257199 0.000000 -0.966358 0.915442 0.915442 0.915442
9330.649414 0.000000 7897.263672 0.000000 0.608122 0.000000 0.793843 0.712629 0.712629 0.712629
9327.919922 0.000000 7902.608398 0.000000 0.995650 0.000000 -0.093169 0.804808 0.804808 0.804808
9310.791016 0.000000 7894.086914 0.000000 0.372041 0.000000 -0.928216 0.879830 0.879830 0.879830
9337.669922 0.000000 7924.733398 0.000000 0.186853 0.000000 0.982388 0.706373 0.706373 0.706373
9323.886719 0.000000 7893.588379 0.000000 0.272066 0.000000 0.962279 0.691349 0.691349 0.691349
9310.069336 0.000000 7909.501953 0.000000 0.628486 0.000000 0.777821 0.716700 0.716700 0.716700
9302.078125 0.000000 7902.646973 0.000000 0.484342 0.000000 0.874879 0.715754 0.715754 0.715754
9297.983398 0.000000 7913.198730 0.000000 0.777185 0.000000 0.629272 0.746985 0.746985 0.746985
9337.617188 0.000000 7884.390137 0.000000 0.887239 0.000000 0.461310 0.764089 0.764089 0.764089
9306.642578 0.000000 7905.875977 0.000000 0.981297 0.000000 -0.192502 0.811491 0.811491 0.811491
9346.708984 0.000000 7924.691895 0.000000 0.998814 0.000000 -0.048687 0.803940 0.803940 0.803940
9352.523438 0.000000 7933.743164 0.000000 0.440969 0.000000 -0.897523 0.887449 0.887449 0.887449
9331.174805 0.000000 7888.348145 0.000000 0.219100 0.000000 -0.975702 0.916471 0.916471 0.916471
9357.142578 0.000000 7930.659668 0.000000 0.972481 0.000000 0.232984 0.781966 0.781966 0.781966
9283.508789 0.000000 7919.718750 0.000000 0.861483 0.000000 -0.507786 0.839891 0.839891 0.839891
9346.893555 0.000000 7921.211426 0.000000 0.639551 0.000000 0.768749 0.736952 0.736952 0.736952
9262.461914 0.000000 8022.053223 0.000000 0.992833 0.000000 -0.119509 0.810982 0.810982 0.810982
9245.796875 0.000000 8058.839355 0.000000 0.278209 0.000000 0.960520 0.764476 0.764476 0.764476
9253.599609 0.000000 8044.937500 0.000000 0.593289 0.000000 -0.804989 0.842046 0.842046 0.842046
9275.296875 0.000000 8032.271484 0.000000 0.494923 0.000000 -0.868937 0.902846 0.902846 0.902846
9260.505859 0.000000 8056.565430 0.000000 0.011489 0.000000 0.999934 0.717782 0.717782 0.717782
9263.892578 0.000000 8035.948730 0.000000 0.990486 0.000000 0.137613 0.796030 0.796030 0.796030
9190.122070 0.000000 7981.952637 0.000000 0.965779 0.000000 -0.259367 0.820122 0.820122 0.820122
9229.950195 0.000000 7970.616211 0.000000 0.944326 0.000000 0.329010 0.794375 0.794375 0.794375
9252.573242 0.000000 8053.385254 0.000000 0.974190 0.000000 -0.225732 0.809414 0.809414 0.809414
9256.966797 0.000000 8038.358398 0.000000 0.953286 0.000000 -0.302070 0.811400 0.811400 0.811400
9268.689453 0.000000 8019.515137 0.000000 0.434442 0.000000 0.900700 0.763718 0.763718 0.763718
9259.477539 0.000000 8016.170410 0.000000 0.259591 0.000000 -0.965719 0.965389 0.965389 0.965389
9263.056641 0.000000 8042.069336 0.000000 0.911251 0.000000 -0.411852 0.855192 0.855192 0.855192
9251.882812 0.000000 8059.917480 0.000000 0.273463 0.000000 -0.961882 0.890700 0.890700 0.890700
9268.156250 0.000000 8031.911621 0.000000 0.451780 0.000000 -0.892130 0.916875 0.916875 0.916875
9265.947266 0.000000 8059.528809 0.000000 0.992293 0.000000 -0.123915 0.805508 0.805508 0.805508
9256.701172 0.000000 8049.505859 0.000000 0.368883 0.000000 0.929476 0.752108 0.752108 0.752108
9226.328125 0.000000 7974.376465 0.000000 0.868274 0.000000 -0.496086 0.818972 0.818972 0.818972
9258.370117 0.000000 8043.627441 0.000000 0.986040 0.000000 0.166507 0.784664 0.784664 0.784664
9264.186523 0.000000 8017.097656 0.000000 0.900685 0.000000 0.434472 0.744794 0.744794 0.744794
9199.984375 0.000000 7987.887695 0.000000 0.582615 0.000000 -0.812749 0.881868 0.881868 0.881868
9265.035156 0.000000 8026.449219 0.000000 0.906040 0.000000 0.423191 0.754444 0.754444 0.754444
9213.884766 0.000000 7969.873047 0.000000 0.978077 0.000000 -0.208244 0.804902 0.804902 0.804902
9267.317383 0.000000 8040.508301 0.000000 0.710248 0.000000 -0.703952 0.878143 0.878143 0.878143
9190.908203 0.000000 8006.756348 0.000000 0.102403 0.000000 -0.994743 0.842226 0.842226 0.842226
9273.983398 0.000000 8024.838867 0.000000 0.906509 0.000000 0.422187 0.782242 0.782242 0.782242
9230.541992 0.000000 7975.460938 0.000000 0.306542 0.000000 0.951857 0.750957 0.750957 0.750957
9238.549805 0.000000 7973.149902 0.000000 0.992134 0.000000 0.125177 0.793834 0.793834 0.793834
9249.576172 0.000000 8056.645020 0.000000 0.362414 0.000000 0.932017 0.674899 0.674899 0.674899
9257.865234 0.000000 8053.492676 0.000000 0.779535 0.000000 -0.626359 0.837717 0.837717 0.837717
9192.733398 0.000000 7992.895996 0.000000 0.761875 0.000000 -0.647724 0.823642 0.823642 0.823642
9265.430664 0.000000 8055.756348 0.000000 0.595183 0.000000 -0.803590 0.834671 0.834671 0.834671
9265.752930 0.000000 8044.894531 0.000000 0.336466 0.000000 -0.941696 0.875028 0.875028 0.875028
9217.047852 0.000000 7972.088379 0.000000 0.532715 0.000000 -0.846294 0.914866 0.914866 0.914866
9187.888672 0.000000 7994.943848 0.000000 0.277099 0.000000 0.960841 0.704928 0.704928 0.704928
9267.842773 0.000000 8035.591309 0.000000 0.537478 0.000000 0.843278 0.711626 0.711626 0.711626
9248.130859 0.000000 8061.524902 0.000000 0.958410 0.000000 -0.285396 0.825665 0.825665 0.825665
9192.766602 0.000000 7979.757324 0.000000 0.005380 0.000000 0.999986 0.612409 0.612409 0.612409
9261.450195 0.000000 8018.939941 0.000000 0.833757 0.000000 -0.552131 0.856075 0.856075 0.856075
9256.114258 0.000000 8041.423340 0.000000 0.722653 0.000000 0.691211 0.741470 0.741470 0.741470
9214.085938 0.000000 7972.998047 0.000000 0.244183 0.000000 0.969729 0.673060 0.673060 0.673060
9191.185547 0.000000 7995.520508 0.000000 0.806270 0.000000 0.591548 0.748800 0.748800 0.748800
9193.963867 0.000000 7973.270508 0.000000 0.798982 0.000000 0.601355 0.758636 0.758636 0.758636
9189.366211 0.000000 7985.038086 0.000000 0.534954 0.000000 -0.844881 0.896476 0.896476 0.896476
9273.640625 0.000000 8021.696777 0.000000 0.930495 0.000000 -0.366305 0.824943 0.824943 0.824943
9252.908203 0.000000 8057.261230 0.000000 0.684833 0.000000 -0.728700 0.883160 0.883160 0.883160
9254.161133 0.000000 8050.899414 0.000000 0.435044 0.000000 0.900409 0.736879 0.736879 0.736879
9198.385742 0.000000 7985.258301 0.000000 0.999877 0.000000 0.015688 0.799004 0.799004 0.799004
9187.572266 0.000000 7980.844727 0.000000 0.817724 0.000000 -0.575611 0.836750 0.836750 0.836750
9254.986328 0.000000 8054.407715 0.000000 0.624046 0.000000 0.781387 0.732826 0.732826 0.732826
9265.761719 0.000000 8034.066895 0.000000 0.993990 0.000000 0.109470 0.791653 0.791653 0.791653
9199.674805 0.000000 7980.378906 0.000000 0.837571 0.000000 -0.546329 0.840864 0.840864 0.840864
9197.572266 0.000000 7988.854980 0.000000 0.860978 0.000000 -0.508642 0.843162 0.843162 0.843162
9314.130859 0.000000 8014.138672 0.000000 0.464195 0.000000 -0.885733 0.811735 0.811735 0.811735
9292.439453 0.000000 8011.051270 0.000000 0.359171 0.000000 0.933272 0.771879 0.771879 0.771879
9347.341797 0.000000 8044.937500 0.000000 0.581596 0.000000 -0.813478 0.850666 0.850666 0.850666
9297.134766 0.000000 8023.479492 0.000000 0.997447 0.000000 0.071411 0.797516 0.797516 0.797516
9293.363281 0.000000 7997.871582 0.000000 0.891621 0.000000 -0.452782 0.802815 0.802815 0.802815
9309.225586 0.000000 8024.082031 0.000000 0.504192 0.000000 0.863592 0.732549 0.732549 0.732549
9303.303711 0.000000 8016.360840 0.000000 0.598910 0.000000 0.800816 0.681482 0.681482 0.681482
9355.440430 0.000000 8048.029297 0.000000 0.177220 0.000000 -0.984171 0.981905 0.981905 0.981905
9350.708984 0.000000 8038.358398 0.000000 0.998858 0.000000 -0.047783 0.802950 0.802950 0.802950
9308.247070 0.000000 8011.973145 0.000000 0.995244 0.000000 0.097410 0.787782 0.787782 0.787782
9356.798828 0.000000 8042.069336 0.000000 0.063666 0.000000 -0.997971 0.867725 0.867725 0.867725
9309.673828 0.000000 8018.078613 0.000000 0.817323 0.000000 -0.576180 0.829066 0.829066 0.829066
9304.006836 0.000000 8021.843750 0.000000 0.996796 0.000000 0.079981 0.791557 0.791557 0.791557
9297.223633 0.000000 8028.794434 0.000000 0.739712 0.000000 0.672924 0.719505 0.719505 0.719505
9292.467773 0.000000 8021.012695 0.000000 0.479649 0.000000 0.877461 0.757665 0.757665 0.757665
9292.731445 0.000000 8026.149902 0.000000 0.985599 0.000000 -0.169101 0.816290 0.816290 0.816290
9352.112305 0.000000 8043.627441 0.000000 0.811265 0.000000 0.584679 0.782414 0.782414 0.782414
9337.199219 0.000000 8039.953125 0.000000 0.033318 0.000000 -0.999445 0.921600 0.921600 0.921600
9299.929688 0.000000 8019.524902 0.000000 0.994776 0.000000 -0.102083 0.809681 0.809681 0.809681
9299.959961 0.000000 8004.889648 0.000000 0.598629 0.000000 0.801027 0.732090 0.732090 0.732090
9312.939453 0.000000 8021.255371 0.000000 0.999963 0.000000 0.008568 0.798922 0.798922 0.798922
9346.772461 0.000000 8040.570312 0.000000 0.792892 0.000000 0.609362 0.756028 0.756028 0.756028
9318.033203 0.000000 8012.458984 0.000000 0.836219 0.000000 -0.548395 0.871296 0.871296 0.871296
9351.607422 0.000000 8053.492676 0.000000 0.950592 0.000000 -0.310443 0.819292 0.819292 0.819292
9295.557617 0.000000 8008.321289 0.000000 0.846480 0.000000 -0.532421 0.827922 0.827922 0.827922
9305.649414 0.000000 8025.533691 0.000000 0.921068 0.000000 0.389401 0.751829 0.751829 0.751829
9295.722656 0.000000 8012.935547 0.000000 0.986786 0.000000 0.162029 0.789859 0.789859 0.789859
9306.264648 0.000000 8019.041504 0.000000 0.972194 0.000000 0.234176 0.776207 0.776207 0.776207
9310.513672 0.000000 8014.638184 0.000000 0.590515 0.000000 -0.807027 0.904096 0.904096 0.904096
9294.079102 0.000000 8029.142090 0.000000 0.415608 0.000000 -0.909544 0.889652 0.889652 0.889652
9295.728516 0.000000 8026.275391 0.000000 0.078881 0.000000 -0.996884 0.909051 0.909051 0.909051
9299.174805 0.000000 8026.803711 0.000000 0.570387 0.000000 -0.821376 0.871609 0.871609 0.871609
9302.903320 0.000000 8019.144043 0.000000 0.466449 0.000000 -0.884548 0.863090 0.863090 0.863090
9298.830078 0.000000 8002.425781 0.000000 0.975989 0.000000 -0.217822 0.819209 0.819209 0.819209
9301.385742 0.000000 8021.872070 0.000000 0.234870 0.000000 0.972027 0.685726 0.685726 0.685726
9318.525391 0.000000 8015.084961 0.000000 0.782630 0.000000 -0.622487 0.844688 0.844688 0.844688
9345.533203 0.000000 8043.028809 0.000000 0.995513 0.000000 -0.094628 0.807495 0.807495 0.807495
9303.311523 0.000000 8024.403809 0.000000 0.902851 0.000000 -0.429955 0.839678 0.839678 0.839678
9290.565430 0.000000 8019.170898 0.000000 0.297024 0.000000 -0.954870 0.892018 0.892018 0.892018
9178.555664 0.000000 8081.642578 0.000000 0.738833 0.000000 0.673888 0.772530 0.772530 0.772530
9170.458984 0.000000 8072.532715 0.000000 0.961654 0.000000 0.274266 0.784019 0.784019 0.784019
9153.686523 0.000000 8064.867676 0.000000 0.868098 0.000000 0.496393 0.754560 0.754560 0.754560
9172.055664 0.000000 8079.732910 0.000000 0.935213 0.000000 0.354086 0.769422 0.769422 0.769422
9158.542969 0.000000 8068.029785 0.000000 0.054112 0.000000 0.998535 0.626431 0.626431 0.626431
9157.887695 0.000000 8061.932617 0.000000 0.408990 0.000000 -0.912539 0.943253 0.943253 0.943253
9150.632812 0.000000 8061.954102 0.000000 0.205248 0.000000 0.978710 0.652066 0.652066 0.652066
9164.371094 0.000000 8067.696289 0.000000 0.565925 0.000000 0.824457 0.759348 0.759348 0.759348
9175.747070 0.000000 8079.166504 0.000000 0.011342 0.000000 0.999936 0.659843 0.659843 0.659843
9173.993164 0.000000 8072.020996 0.000000 0.452745 0.000000 0.891640 0.708967 0.708967 0.708967
9165.824219 0.000000 8064.724609 0.000000 0.095189 0.000000 0.995459 0.723087 0.723087 0.723087
9186.707031 0.000000 8075.325684 0.000000 0.115030 0.000000 -0.993362 0.870640 0.870640 0.870640
9157.058594 0.000000 8065.156250 0.000000 0.907016 0.000000 -0.421097 0.821876 0.821876 0.821876
9154.959961 0.000000 8067.540527 0.000000 0.974470 0.000000 0.224518 0.779919 0.779919 0.779919
9155.279297 0.000000 8062.665039 0.000000 0.971269 0.000000 -0.237986 0.816269 0.816269 0.816269
9161.016602 0.000000 8069.592285 0.000000 0.999924 0.000000 0.012353 0.799067 0.799067 0.799067
9228.284180 0.000000 8073.062012 0.000000 0.238113 0.000000 0.971237 0.704345 0.704345 0.704345
9187.272461 0.000000 8066.657715 0.000000 0.533812 0.000000 0.845603 0.727546 0.727546 0.727546
9200.901367 0.000000 8076.842773 0.000000 0.440791 0.000000 0.897610 0.678485 0.678485 0.678485
9223.374023 0.000000 8094.549805 0.000000 0.889615 0.000000 -0.456711 0.811936 0.811936 0.811936
9228.877930 0.000000 8084.263672 0.000000 0.765489 0.000000 -0.643449 0.849839 0.849839 0.849839
9190.122070 0.000000 8075.694824 0.000000 0.136150 0.000000 -0.990688 0.812890 0.812890 0.812890
9220.022461 0.000000 8082.811523 0.000000 0.682831 0.000000 0.730577 0.781349 0.781349 0.781349
9229.950195 0.000000 8064.358398 0.000000 0.978883 0.000000 -0.204423 0.824177 0.824177 0.824177
9196.671875 0.000000 8068.700684 0.000000 0.285139 0.000000 -0.958486 0.815359 0.815359 0.815359
9211.035156 0.000000 8067.333984 0.000000 0.988603 0.000000 -0.150548 0.802626 0.802626 0.802626
9247.428711 0.000000 8064.867676 0.000000 0.884680 0.000000 0.466198 0.792154 0.792154 0.792154
9241.556641 0.000000 8070.248535 0.000000 0.128295 0.000000 -0.991736 0.908012 0.908012 0.908012
9215.844727 0.000000 8093.299805 0.000000 0.953674 0.000000 -0.300841 0.824168 0.824168 0.824168
9204.563477 0.000000 8070.511230 0.000000 0.570087 0.000000 -0.821584 0.902833 0.902833 0.902833
9234.862305 0.000000 8069.107422 0.000000 0.935341 0.000000 0.353747 0.773569 0.773569 0.773569
9228.373047 0.000000 8090.491211 0.000000 0.112766 0.000000 -0.993622 0.820963 0.820963 0.820963
9213.899414 0.000000 8081.436523 0.000000 0.526277 0.000000 0.850313 0.759190 0.759190 0.759190
9234.262695 0.000000 8086.845703 0.000000 0.808372 0.000000 0.588672 0.726837 0.726837 0.726837
9210.547852 0.000000 8072.750000 0.000000 0.796428 0.000000 -0.604734 0.836577 0.836577 0.836577
9226.328125 0.000000 8068.118652 0.000000 0.400091 0.000000 -0.916475 0.869455 0.869455 0.869455
9235.180664 0.000000 8074.301758 0.000000 0.153695 0.000000 -0.988118 0.949375 0.949375 0.949375
9196.316406 0.000000 8073.601562 0.000000 0.948922 0.000000 0.315511 0.788652 0.788652 0.788652
9242.640625 0.000000 8065.739258 0.000000 0.170323 0.000000 0.985388 0.598730 0.598730 0.598730
9213.884766 0.000000 8063.615234 0.000000 0.823094 0.000000 -0.567906 0.829312 0.829312 0.829312
9226.066406 0.000000 8097.971191 0.000000 0.396411 0.000000 0.918073 0.751213 0.751213 0.751213
9219.179688 0.000000 8096.037598 0.000000 0.743334 0.000000 0.668920 0.738973 0.738973 0.738973
9238.549805 0.000000 8066.892090 0.000000 0.854441 0.000000 0.519549 0.737150 0.737150 0.737150
9239.426758 0.000000 8074.025879 0.000000 0.274236 0.000000 0.961662 0.641180 0.641180 0.641180
9244.375000 0.000000 8061.954102 0.000000 0.237358 0.000000 -0.971422 0.934792 0.934792 0.934792
9232.009766 0.000000 8092.375000 0.000000 0.190106 0.000000 0.981764 0.733048 0.733048 0.733048
9222.221680 0.000000 8099.299316 0.000000 0.490401 0.000000 0.871497 0.708694 0.708694 0.708694
9231.591797 0.000000 8074.585449 0.000000 0.863318 0.000000 -0.504661 0.839936 0.839936 0.839936
9207.101562 0.000000 8072.434082 0.000000 0.140571 0.000000 0.990071 0.721186 0.721186 0.721186
9217.048828 0.000000 8081.571289 0.000000 0.164375 0.000000 0.986398 0.689667 0.689667 0.689667
9197.907227 0.000000 8076.168457 0.000000 0.555110 0.000000 -0.831777 0.910062 0.910062 0.910062
9194.498047 0.000000 8071.013672 0.000000 0.603042 0.000000 -0.797709 0.871933 0.871933 0.871933
9230.144531 0.000000 8081.072754 0.000000 0.978044 0.000000 -0.208400 0.810315 0.810315 0.810315
9189.877930 0.000000 8072.776855 0.000000 0.486106 0.000000 0.873900 0.688522 0.688522 0.688522
9248.702148 0.000000 8067.540527 0.000000 0.763797 0.000000 0.645457 0.734839 0.734839 0.734839
9245.462891 0.000000 8066.996582 0.000000 0.995425 0.000000 -0.095547 0.807568 0.807568 0.807568
9198.385742 0.000000 8079.000488 0.000000 0.564289 0.000000 0.825577 0.722603 0.722603 0.722603
9243.875000 0.000000 8071.874512 0.000000 0.071229 0.000000 0.997460 0.678708 0.678708 0.678708
9193.972656 0.000000 8075.960449 0.000000 0.281499 0.000000 -0.959561 0.925542 0.925542 0.925542
9221.751953 0.000000 8096.718750 0.000000 0.751756 0.000000 -0.659441 0.856520 0.856520 0.856520
9201.627930 0.000000 8079.418945 0.000000 0.392849 0.000000 0.919603 0.702801 0.702801 0.702801
9219.053711 0.000000 8085.356445 0.000000 0.992876 0.000000 -0.119153 0.809446 0.809446 0.809446
9407.873047 0.000000 7920.396484 0.000000 0.284181 0.000000 -0.958771 0.946020 0.946020 0.946020
9415.768555 0.000000 7885.577637 0.000000 0.908704 0.000000 -0.417442 0.850572 0.850572 0.850572
9428.721680 0.000000 7941.617676 0.000000 0.839101 0.000000 -0.543976 0.803791 0.803791 0.803791
9428.925781 0.000000 7922.884766 0.000000 0.603444 0.000000 0.797406 0.792811 0.792811 0.792811
9413.726562 0.000000 7935.593750 0.000000 0.807072 0.000000 0.590453 0.794702 0.794702 0.794702
9420.092773 0.000000 7956.291504 0.000000 0.103167 0.000000 -0.994664 0.807913 0.807913 0.807913
9386.758789 0.000000 7947.405273 0.000000 0.251257 0.000000 0.967920 0.779486 0.779486 0.779486
9410.858398 0.000000 7907.065430 0.000000 0.178844 0.000000 0.983877 0.780831 0.780831 0.780831
9419.528320 0.000000 7915.748535 0.000000 0.990730 0.000000 0.135845 0.798530 0.798530 0.798530
9416.362305 0.000000 7896.779297 0.000000 0.598525 0.000000 0.801104 0.738762 0.738762 0.738762
9419.214844 0.000000 7926.808594 0.000000 0.359285 0.000000 -0.933228 0.856236 0.856236 0.856236
9419.190430 0.000000 7945.645996 0.000000 0.980942 0.000000 -0.194303 0.801758 0.801758 0.801758
9407.506836 0.000000 7895.327148 0.000000 0.993098 0.000000 0.117289 0.798662 0.798662 0.798662
9417.434570 0.000000 7876.874023 0.000000 0.918659 0.000000 -0.395052 0.835771 0.835771 0.835771
9406.541992 0.000000 7939.720703 0.000000 0.830621 0.000000 -0.556837 0.866171 0.866171 0.866171
9429.041016 0.000000 7882.764160 0.000000 0.348956 0.000000 0.937139 0.763620 0.763620 0.763620
9408.611328 0.000000 7882.117676 0.000000 0.065796 0.000000 -0.997833 0.818034 0.818034 0.818034
9405.711914 0.000000 7912.825684 0.000000 0.471672 0.000000 -0.881774 0.867922 0.867922 0.867922
9411.437500 0.000000 7928.159180 0.000000 0.725390 0.000000 -0.688338 0.866414 0.866414 0.866414
9394.199219 0.000000 7947.465332 0.000000 0.998447 0.000000 0.055714 0.799132 0.799132 0.799132
9379.732422 0.000000 7943.941895 0.000000 0.378433 0.000000 0.925629 0.728428 0.728428 0.728428
9412.539062 0.000000 7914.638184 0.000000 0.272563 0.000000 -0.962138 0.816291 0.816291 0.816291
9414.867188 0.000000 7921.277344 0.000000 0.546037 0.000000 -0.837761 0.916041 0.916041 0.916041
9422.346680 0.000000 7881.623047 0.000000 0.678032 0.000000 0.735033 0.790600 0.790600 0.790600
9412.900391 0.000000 7942.501465 0.000000 0.991687 0.000000 0.128672 0.790182 0.790182 0.790182
9396.253906 0.000000 7934.054199 0.000000 0.885605 0.000000 0.464439 0.779453 0.779453 0.779453
9374.704102 0.000000 7931.226562 0.000000 0.109610 0.000000 -0.993975 0.928679 0.928679 0.928679
9403.284180 0.000000 7945.195801 0.000000 0.937534 0.000000 -0.347894 0.804897 0.804897 0.804897
9401.989258 0.000000 7918.230957 0.000000 0.972519 0.000000 0.232824 0.796339 0.796339 0.796339
9419.001953 0.000000 7938.942383 0.000000 0.982613 0.000000 0.185663 0.784223 0.784223 0.784223
9415.857422 0.000000 7903.006836 0.000000 0.803176 0.000000 0.595742 0.770939 0.770939 0.770939
9401.383789 0.000000 7893.952148 0.000000 0.212674 0.000000 0.977123 0.716285 0.716285 0.716285
9407.949219 0.000000 7901.607422 0.000000 0.392900 0.000000 -0.919581 0.816782 0.816782 0.816782
9421.747070 0.000000 7899.361328 0.000000 0.935840 0.000000 -0.352426 0.813595 0.813595 0.813595
9407.605469 0.000000 7933.883789 0.000000 0.920559 0.000000 -0.390604 0.840634 0.840634 0.840634
9403.416016 0.000000 7924.336426 0.000000 0.638335 0.000000 -0.769759 0.813159 0.813159 0.813159
9374.625977 0.000000 7942.049805 0.000000 0.079972 0.000000 -0.996797 0.886641 0.886641 0.886641
9384.961914 0.000000 7942.799316 0.000000 0.722961 0.000000 -0.690889 0.837474 0.837474 0.837474
9458.103516 0.000000 7964.260742 0.000000 0.043149 0.000000 0.999069 0.759726 0.759726 0.759726
9414.342773 0.000000 7892.401367 0.000000 0.950577 0.000000 0.310489 0.787137 0.787137 0.787137
9406.681641 0.000000 7927.513184 0.000000 0.436271 0.000000 -0.899815 0.880482 0.880482 0.880482
9410.982422 0.000000 7923.661621 0.000000 0.031523 0.000000 0.999503 0.719761 0.719761 0.719761
9390.086914 0.000000 7944.418457 0.000000 0.939725 0.000000 -0.341932 0.830319 0.830319 0.830319
9382.226562 0.000000 7947.744141 0.000000 0.172225 0.000000 0.985058 0.738865 0.738865 0.738865
9408.481445 0.000000 7943.780273 0.000000 0.575612 0.000000 0.817723 0.775332 0.775332 0.775332
9414.980469 0.000000 7925.606445 0.000000 0.997017 0.000000 -0.077187 0.809213 0.809213 0.809213
9418.761719 0.000000 7922.594238 0.000000 0.003431 0.000000 -0.999994 0.936172 0.936172 0.936172
9414.168945 0.000000 7931.347168 0.000000 0.027907 0.000000 0.999611 0.668728 0.668728 0.668728
9411.775391 0.000000 7918.716797 0.000000 0.988152 0.000000 -0.153476 0.804432 0.804432 0.804432
9411.573242 0.000000 7895.496582 0.000000 0.502114 0.000000 0.864801 0.738027 0.738027 0.738027
9409.706055 0.000000 7911.814941 0.000000 0.496311 0.000000 -0.868145 0.832130 0.832130 0.832130
9384.844727 0.000000 7950.741211 0.000000 0.982375 0.000000 -0.186923 0.810027 0.810027 0.810027
9376.379883 0.000000 7945.678223 0.000000 0.255616 0.000000 0.966778 0.693063 0.693063 0.693063
9410.277344 0.000000 7931.542480 0.000000 0.443472 0.000000 0.896288 0.712770 0.712770 0.712770
9413.779297 0.000000 7888.518066 0.000000 0.846060 0.000000 0.533087 0.754184 0.754184 0.754184
9419.763672 0.000000 7895.742188 0.000000 0.851013 0.000000 -0.525144 0.866255 0.866255 0.866255
9404.255859 0.000000 7920.895996 0.000000 0.124696 0.000000 -0.992195 0.932539 0.932539 0.932539
9435.615234 0.000000 7967.782715 0.000000 0.566843 0.000000 0.823826 0.718790 0.718790 0.718790
9414.107422 0.000000 7877.290527 0.000000 0.384993 0.000000 -0.922919 0.943694 0.943694 0.943694
9420.869141 0.000000 7936.259277 0.000000 0.440078 0.000000 -0.897959 0.846102 0.846102 0.846102
9409.410156 0.000000 7898.139648 0.000000 0.968386 0.000000 0.249458 0.784289 0.784289 0.784289
9398.317383 0.000000 7892.704590 0.000000 0.485445 0.000000 0.874267 0.751552 0.751552 0.751552
9406.236328 0.000000 7930.960449 0.000000 0.976291 0.000000 -0.216460 0.822617 0.822617 0.822617
9409.296875 0.000000 7926.208984 0.000000 0.820092 0.000000 0.572232 0.736850 0.736850 0.736850
9410.471680 0.000000 7945.911133 0.000000 0.844941 0.000000 -0.534859 0.850721 0.850721 0.850721
9414.173828 0.000000 7928.408203 0.000000 0.468396 0.000000 -0.883519 0.872699 0.872699 0.872699
9405.901367 0.000000 7918.452637 0.000000 0.736356 0.000000 -0.676595 0.847643 0.847643 0.847643
9412.004883 0.000000 7891.139648 0.000000 0.968714 0.000000 0.248182 0.781366 0.781366 0.781366
9379.923828 0.000000 7946.732422 0.000000 0.297533 0.000000 -0.954711 0.907943 0.907943 0.907943
9509.510742 0.000000 7885.577637 0.000000 0.930777 0.000000 0.365588 0.798654 0.798654 0.798654
9504.600586 0.000000 7907.065430 0.000000 0.945413 0.000000 0.325875 0.791448 0.791448 0.791448
9537.613281 0.000000 7876.441406 0.000000 0.955191 0.000000 0.295990 0.787037 0.787037 0.787037
9528.655273 0.000000 7877.383301 0.000000 0.079809 0.000000 0.996810 0.731215 0.731215 0.731215
9517.281250 0.000000 7934.221191 0.000000 0.661588 0.000000 -0.749867 0.821845 0.821845 0.821845
9530.375000 0.000000 7944.426758 0.000000 0.307622 0.000000 -0.951509 0.839199 0.839199 0.839199
9522.783203 0.000000 7882.764160 0.000000 0.596439 0.000000 -0.802658 0.835171 0.835171 0.835171
9527.735352 0.000000 7938.090332 0.000000 0.074082 0.000000 0.997252 0.704945 0.704945 0.704945
9559.233398 0.000000 7933.153320 0.000000 0.969348 0.000000 0.245692 0.794943 0.794943 0.794943
9522.458984 0.000000 7936.180664 0.000000 0.734482 0.000000 -0.678629 0.848714 0.848714 0.848714
9497.073242 0.000000 7881.833496 0.000000 0.970099 0.000000 -0.242711 0.815277 0.815277 0.815277
9524.683594 0.000000 7946.210938 0.000000 0.933971 0.000000 0.357348 0.791680 0.791680 0.791680
9516.703125 0.000000 7894.371094 0.000000 0.999976 0.000000 0.006866 0.799646 0.799646 0.799646
9511.768555 0.000000 7881.718750 0.000000 0.848330 0.000000 -0.529468 0.817719 0.817719 0.817719
9519.776367 0.000000 7879.407715 0.000000 0.772236 0.000000 0.635336 0.762463 0.762463 0.762463
9525.601562 0.000000 7874.469727 0.000000 0.390644 0.000000 0.920542 0.745345 0.745345 0.745345
9531.415039 0.000000 7939.690430 0.000000 0.905291 0.000000 -0.424792 0.821030 0.821030 0.821030
9538.541992 0.000000 7936.026855 0.000000 0.890181 0.000000 -0.455607 0.818991 0.818991 0.818991
9535.412109 0.000000 7933.949707 0.000000 0.963303 0.000000 0.268417 0.781112 0.781112 0.781112
9532.944336 0.000000 7889.519531 0.000000 0.171151 0.000000 -0.985245 0.890517 0.890517 0.890517
9522.757812 0.000000 7874.731445 0.000000 0.065907 0.000000 -0.997826 0.906396 0.906396 0.906396
9526.689453 0.000000 7879.512207 0.000000 0.440245 0.000000 0.897878 0.729189 0.729189 0.729189
9507.559570 0.000000 7883.378418 0.000000 0.596880 0.000000 -0.802331 0.857468 0.857468 0.857468
9529.238281 0.000000 7932.054688 0.000000 0.701218 0.000000 -0.712947 0.866578 0.866578 0.866578
9461.619141 0.000000 7977.428711 0.000000 0.273078 0.000000 -0.961992 0.879871 0.879871 0.879871
9451.685547 0.000000 7978.790527 0.000000 0.786096 0.000000 -0.618104 0.869070 0.869070 0.869070
9459.695312 0.000000 7970.573242 0.000000 0.287838 0.000000 -0.957679 0.882754 0.882754 0.882754
9458.406250 0.000000 7977.575195 0.000000 0.970061 0.000000 -0.242860 0.811465 0.811465 0.811465
9550.930664 0.000000 8044.789551 0.000000 0.255912 0.000000 -0.966700 0.895906 0.895906 0.895906
9522.463867 0.000000 8035.359863 0.000000 0.804175 0.000000 -0.594392 0.846910 0.846910 0.846910
9476.106445 0.000000 8053.875000 0.000000 0.312136 0.000000 0.950037 0.790237 0.790237 0.790237
9507.468750 0.000000 8029.335938 0.000000 0.710730 0.000000 0.703465 0.730808 0.730808 0.730808
9534.826172 0.000000 8044.937500 0.000000 0.566728 0.000000 -0.823905 0.866138 0.866138 0.866138
9541.732422 0.000000 8056.565430 0.000000 0.997151 0.000000 0.075436 0.795069 0.795069 0.795069
9502.636719 0.000000 8041.949707 0.000000 0.926239 0.000000 -0.376936 0.829873 0.829873 0.829873
9512.932617 0.000000 8039.388184 0.000000 0.992776 0.000000 -0.119981 0.805981 0.805981 0.805981
9494.448242 0.000000 8044.921387 0.000000 0.103981 0.000000 0.994579 0.662913 0.662913 0.662913
9559.027344 0.000000 8042.932129 0.000000 0.445218 0.000000 0.895422 0.780059 0.780059 0.780059
9483.138672 0.000000 8058.478027 0.000000 0.917876 0.000000 0.396867 0.760632 0.760632 0.760632
9551.009766 0.000000 8026.099121 0.000000 0.708514 0.000000 0.705697 0.752122 0.752122 0.752122
9533.799805 0.000000 8053.385254 0.000000 0.881897 0.000000 -0.471441 0.803824 0.803824 0.803824
9518.130859 0.000000 8057.685547 0.000000 0.405337 0.000000 -0.914167 0.898829 0.898829 0.898829
9491.939453 0.000000 8059.133301 0.000000 0.919420 0.000000 0.393278 0.780383 0.780383 0.780383
9530.375000 0.000000 8038.168945 0.000000 0.957859 0.000000 0.287238 0.788828 0.788828 0.788828
9522.295898 0.000000 8051.649414 0.000000 0.566047 0.000000 0.824373 0.773290 0.773290 0.773290
9542.290039 0.000000 8029.118652 0.000000 0.998205 0.000000 0.059889 0.798959 0.798959 0.798959
9556.911133 0.000000 8050.027344 0.000000 0.320892 0.000000 -0.947116 0.896162 0.896162 0.896162
9497.026367 0.000000 8038.937988 0.000000 0.148295 0.000000 -0.988943 0.876679 0.876679 0.876679
9561.130859 0.000000 8036.724121 0.000000 0.872791 0.000000 0.488094 0.779225 0.779225 0.779225
9504.674805 0.000000 8056.412109 0.000000 0.569153 0.000000 0.822231 0.781491 0.781491 0.781491
9544.283203 0.000000 8042.069336 0.000000 0.925488 0.000000 0.378776 0.787896 0.787896 0.787896
9527.735352 0.000000 8031.832520 0.000000 0.216295 0.000000 -0.976328 0.867275 0.867275 0.867275
9529.420898 0.000000 8048.990723 0.000000 0.269859 0.000000 -0.962900 0.841983 0.841983 0.841983
9531.709961 0.000000 8027.233398 0.000000 0.794578 0.000000 0.607163 0.744485 0.744485 0.744485
9537.927734 0.000000 8049.505859 0.000000 0.909139 0.000000 -0.416492 0.824195 0.824195 0.824195
9481.379883 0.000000 8053.386230 0.000000 0.357361 0.000000 0.933966 0.726334 0.726334 0.726334
9517.361328 0.000000 8036.540039 0.000000 0.500710 0.000000 0.865615 0.707837 0.707837 0.707837
9487.900391 0.000000 8055.864258 0.000000 0.999191 0.000000 -0.040222 0.801326 0.801326 0.801326
9539.596680 0.000000 8043.627441 0.000000 0.800846 0.000000 -0.598870 0.816543 0.816543 0.816543
9527.905273 0.000000 8053.850586 0.000000 0.690350 0.000000 -0.723475 0.868817 0.868817 0.868817
9545.413086 0.000000 8017.097656 0.000000 0.999864 0.000000 0.016519 0.799000 0.799000 0.799000
9514.727539 0.000000 8060.965820 0.000000 0.990924 0.000000 -0.134420 0.811875 0.811875 0.811875
9546.261719 0.000000 8026.449219 0.000000 0.864395 0.000000 -0.502813 0.842616 0.842616 0.842616
9517.277344 0.000000 8053.184570 0.000000 0.194139 0.000000 -0.980974 0.844502 0.844502 0.844502
9487.571289 0.000000 8060.303223 0.000000 0.300655 0.000000 0.953733 0.694610 0.694610 0.694610
9522.078125 0.000000 8060.065918 0.000000 0.867355 0.000000 0.497691 0.785954 0.785954 0.785954
9523.626953 0.000000 8055.897461 0.000000 0.778507 0.000000 -0.627636 0.844720 0.844720 0.844720
9490.133789 0.000000 8046.535645 0.000000 0.978755 0.000000 0.205032 0.780451 0.780451 0.780451
9534.256836 0.000000 8040.570312 0.000000 0.200672 0.000000 -0.979659 0.911536 0.911536 0.911536
9552.422852 0.000000 8049.008301 0.000000 0.956344 0.000000 -0.292243 0.823278 0.823278 0.823278
9518.699219 0.000000 8032.284180 0.000000 0.691978 0.000000 -0.721918 0.870558 0.870558 0.870558
9534.401367 0.000000 8036.154297 0.000000 0.362011 0.000000 0.932174 0.700027 0.700027 0.700027
9506.875977 0.000000 8040.540527 0.000000 0.997395 0.000000 0.072137 0.795544 0.795544 0.795544
9498.188477 0.000000 8042.981934 0.000000 0.585954 0.000000 -0.810344 0.887173 0.887173 0.887173
9530.218750 0.000000 8023.256836 0.000000 0.846961 0.000000 -0.531655 0.847357 0.847357 0.847357
9504.318359 0.000000 8045.907715 0.000000 0.628652 0.000000 0.777687 0.737006 0.737006 0.737006
9507.911133 0.000000 8025.089355 0.000000 0.690502 0.000000 0.723331 0.771415 0.771415 0.771415
9533.482422 0.000000 8048.798828 0.000000 0.930579 0.000000 -0.366091 0.822008 0.822008 0.822008
9514.851562 0.000000 8056.006836 0.000000 0.318891 0.000000 0.947791 0.690234 0.690234 0.690234
9491.329102 0.000000 8043.182617 0.000000 0.814601 0.000000 0.580021 0.768487 0.768487 0.768487
9537.384766 0.000000 8034.198242 0.000000 0.606474 0.000000 0.795104 0.731708 0.731708 0.731708
9491.068359 0.000000 8049.911133 0.000000 0.146198 0.000000 -0.989255 0.934816 0.934816 0.934816
9528.565430 0.000000 8028.441406 0.000000 0.466273 0.000000 -0.884641 0.857247 0.857247 0.857247
9560.418945 0.000000 8039.917480 0.000000 0.351282 0.000000 0.936270 0.739733 0.739733 0.739733
9514.005859 0.000000 8036.238770 0.000000 0.459715 0.000000 -0.888067 0.895625 0.895625 0.895625
9510.039062 0.000000 8041.283691 0.000000 0.988328 0.000000 0.152341 0.792669 0.792669 0.792669
9548.637695 0.000000 8028.750977 0.000000 0.907433 0.000000 0.420196 0.765182 0.765182 0.765182
9524.771484 0.000000 8033.124023 0.000000 0.976735 0.000000 -0.214449 0.811914 0.811914 0.811914
9530.601562 0.000000 8052.020508 0.000000 0.873412 0.000000 -0.486981 0.831085 0.831085 0.831085
9537.675781 0.000000 8046.341797 0.000000 0.816599 0.000000 -0.577205 0.850877 0.850877 0.850877
9495.084961 0.000000 8041.705078 0.000000 0.062573 0.000000 0.998040 0.659029 0.659029 0.659029
9533.766602 0.000000 8024.831543 0.000000 0.997613 0.000000 0.069050 0.794162 0.794162 0.794162
9500.847656 0.000000 8044.590820 0.000000 0.991728 0.000000 -0.128356 0.811799 0.811799 0.811799
9480.827148 0.000000 8060.560547 0.000000 0.119059 0.000000 -0.992887 0.906100 0.906100 0.906100
9517.736328 0.000000 8060.682129 0.000000 0.729201 0.000000 0.684299 0.734072 0.734072 0.734072
9493.362305 0.000000 8047.909668 0.000000 0.705237 0.000000 0.708971 0.725869 0.725869 0.725869
9505.984375 0.000000 8043.433105 0.000000 0.993076 0.000000 -0.117478 0.810724 0.810724 0.810724
9524.993164 0.000000 8053.158691 0.000000 0.538042 0.000000 -0.842918 0.883508 0.883508 0.883508
9554.716797 0.000000 8036.246094 0.000000 0.199092 0.000000 0.979981 0.699007 0.699007 0.699007
9481.191406 0.000000 8056.296875 0.000000 0.999532 0.000000 0.030591 0.797635 0.797635 0.797635
9521.507812 0.000000 8032.587891 0.000000 0.846035 0.000000 0.533127 0.751148 0.751148 0.751148
9527.193359 0.000000 8051.072266 0.000000 0.949213 0.000000 -0.314634 0.827232 0.827232 0.827232
9478.645508 0.000000 8055.023438 0.000000 0.025164 0.000000 0.999683 0.667568 0.667568 0.667568
9520.246094 0.000000 8037.142578 0.000000 0.992119 0.000000 -0.125297 0.810915 0.810915 0.810915
9545.880859 0.000000 8029.220215 0.000000 0.740845 0.000000 0.671676 0.739987 0.739987 0.739987
9509.515625 0.000000 8027.324219 0.000000 0.326095 0.000000 -0.945337 0.912065 0.912065 0.912065
9485.885742 0.000000 8057.795898 0.000000 0.017762 0.000000 -0.999842 0.946094 0.946094 0.946094
9554.262695 0.000000 8051.065918 0.000000 0.964221 0.000000 0.265100 0.779101 0.779101 0.779101
9489.284180 0.000000 8058.214355 0.000000 0.881495 0.000000 -0.472194 0.844199 0.844199 0.844199
9502.883789 0.000000 8058.965820 0.000000 0.763764 0.000000 0.645496 0.753333 0.753333 0.753333
9529.238281 0.000000 8025.796875 0.000000 0.495773 0.000000 0.868452 0.710487 0.710487 0.710487
9550.099609 0.000000 8047.539551 0.000000 0.435415 0.000000 -0.900230 0.888605 0.888605 0.888605
9521.113281 0.000000 8057.563477 0.000000 0.979486 0.000000 -0.201514 0.815318 0.815318 0.815318
9548.527344 0.000000 8025.245605 0.000000 0.867157 0.000000 -0.498034 0.841545 0.841545 0.841545
9535.622070 0.000000 8038.454102 0.000000 0.703749 0.000000 0.710449 0.741295 0.741295 0.741295
9532.981445 0.000000 8038.358398 0.000000 0.970049 0.000000 -0.242910 0.820582 0.820582 0.820582
9555.070312 0.000000 8048.388672 0.000000 0.160923 0.000000 -0.986967 0.909764 0.909764 0.909764
9620.765625 0.000000 7965.097168 0.000000 0.629417 0.000000 -0.777068 0.848527 0.848527 0.848527
9631.935547 0.000000 7944.616211 0.000000 0.115851 0.000000 -0.993267 0.830506 0.830506 0.830506
9654.126953 0.000000 7959.986816 0.000000 0.774031 0.000000 0.633148 0.766314 0.766314 0.766314
9623.099609 0.000000 7967.782715 0.000000 0.257786 0.000000 0.966202 0.716010 0.716010 0.716010
9667.985352 0.000000 7947.405273 0.000000 0.622255 0.000000 -0.782815 0.811853 0.811853 0.811853
9685.312500 0.000000 7898.715332 0.000000 0.129290 0.000000 0.991607 0.724013 0.724013 0.724013
9687.351562 0.000000 7890.956543 0.000000 0.595203 0.000000 0.803575 0.755265 0.755265 0.755265
9655.470703 0.000000 7959.957031 0.000000 0.500827 0.000000 -0.865547 0.851404 0.851404 0.851404
9668.675781 0.000000 7962.554688 0.000000 0.505508 0.000000 -0.862822 0.853632 0.853632 0.853632
9564.595703 0.000000 8031.102539 0.000000 0.892510 0.000000 0.451028 0.780094 0.780094 0.780094
9586.697266 0.000000 7993.607910 0.000000 0.250921 0.000000 0.968007 0.762907 0.762907 0.762907
9573.666016 0.000000 8011.051270 0.000000 0.710027 0.000000 0.704175 0.785957 0.785957 0.785957
9624.667969 0.000000 7979.732910 0.000000 0.952788 0.000000 -0.303635 0.802403 0.802403 0.802403
9611.196289 0.000000 7998.727051 0.000000 0.836473 0.000000 0.548009 0.777412 0.777412 0.777412
9648.524414 0.000000 8007.049805 0.000000 0.961604 0.000000 -0.274442 0.808995 0.808995 0.808995
9593.301758 0.000000 7968.609863 0.000000 0.963087 0.000000 -0.269189 0.805879 0.805879 0.805879
9596.378906 0.000000 8041.949707 0.000000 0.185539 0.000000 -0.982637 0.893718 0.893718 0.893718
9622.553711 0.000000 7992.134766 0.000000 0.900771 0.000000 -0.434295 0.802961 0.802961 0.802961
9581.372070 0.000000 8050.787109 0.000000 0.921316 0.000000 -0.388815 0.812442 0.812442 0.812442
9603.846680 0.000000 7990.521484 0.000000 0.857494 0.000000 0.514494 0.763086 0.763086 0.763086
9651.455078 0.000000 8021.053223 0.000000 0.727661 0.000000 0.685937 0.794112 0.794112 0.794112
9642.814453 0.000000 7998.156250 0.000000 0.594026 0.000000 -0.804446 0.845366 0.845366 0.845366
9606.699219 0.000000 8020.550781 0.000000 0.050777 0.000000 0.998710 0.708926 0.708926 0.708926
9573.797852 0.000000 8031.807129 0.000000 0.627245 0.000000 0.778822 0.743832 0.743832 0.743832
9588.190430 0.000000 8044.921387 0.000000 0.353016 0.000000 -0.935617 0.863075 0.863075 0.863075
9569.396484 0.000000 8023.808105 0.000000 0.458934 0.000000 -0.888470 0.872760 0.872760 0.872760
9598.921875 0.000000 8021.901367 0.000000 0.703520 0.000000 -0.710676 0.853519 0.853519 0.853519
9581.683594 0.000000 8041.207520 0.000000 0.789400 0.000000 0.613879 0.793267 0.793267 0.793267
9567.216797 0.000000 8037.684082 0.000000 0.763987 0.000000 0.645231 0.747893 0.747893 0.747893
9583.738281 0.000000 8027.796387 0.000000 0.889197 0.000000 -0.457524 0.828473 0.828473 0.828473
9568.283203 0.000000 8045.866211 0.000000 0.246114 0.000000 0.969241 0.715237 0.715237 0.715237
9579.589844 0.000000 8034.146484 0.000000 0.821065 0.000000 -0.570834 0.811284 0.811284 0.811284
9642.395508 0.000000 7991.786621 0.000000 0.887204 0.000000 0.461378 0.791667 0.791667 0.791667
9627.253906 0.000000 7974.287598 0.000000 0.740708 0.000000 0.671827 0.762482 0.762482 0.762482
9654.511719 0.000000 7978.185547 0.000000 0.960292 0.000000 0.278997 0.790174 0.790174 0.790174
9605.775391 0.000000 8026.269043 0.000000 0.820071 0.000000 -0.572263 0.816792 0.816792 0.816792
9578.450195 0.000000 8028.794434 0.000000 0.981412 0.000000 -0.191914 0.812496 0.812496 0.812496
9579.338867 0.000000 8046.079102 0.000000 0.970153 0.000000 -0.242495 0.817171 0.817171 0.817171
9573.694336 0.000000 8021.012695 0.000000 0.041762 0.000000 -0.999128 0.882453 0.882453 0.882453
9572.446289 0.000000 8036.541504 0.000000 0.911490 0.000000 0.411323 0.788824 0.788824 0.788824
9599.926758 0.000000 7993.294922 0.000000 0.620493 0.000000 0.784212 0.737888 0.737888 0.737888
9568.925781 0.000000 8033.550293 0.000000 0.387899 0.000000 0.921702 0.727643 0.727643 0.727643
9569.710938 0.000000 8041.486328 0.000000 0.992772 0.000000 0.120019 0.793008 0.793008 0.793008
9583.875977 0.000000 8046.535645 0.000000 0.539913 0.000000 0.841721 0.729265 0.729265 0.729265
9595.965820 0.000000 8037.522461 0.000000 0.919869 0.000000 -0.392227 0.813282 0.813282 0.813282
9611.777344 0.000000 8019.218750 0.000000 0.129948 0.000000 0.991521 0.706786 0.706786 0.706786
9566.184570 0.000000 8020.792969 0.000000 0.640475 0.000000 -0.767979 0.829382 0.829382 0.829382
9600.618164 0.000000 8040.540527 0.000000 0.595947 0.000000 -0.803024 0.826256 0.826256 0.826256
9609.805664 0.000000 8023.484375 0.000000 0.992953 0.000000 -0.118510 0.807758 0.807758 0.807758
9649.047852 0.000000 7981.844727 0.000000 0.863442 0.000000 0.504448 0.776873 0.776873 0.776873
9591.930664 0.000000 8042.981934 0.000000 0.590689 0.000000 -0.806900 0.850067 0.850067 0.850067
9590.072266 0.000000 8034.798828 0.000000 0.256524 0.000000 0.966538 0.751284 0.751284 0.751284
9565.946289 0.000000 8026.693359 0.000000 0.891213 0.000000 0.453585 0.770099 0.770099 0.770099
9650.017578 0.000000 8010.623047 0.000000 0.454406 0.000000 0.890795 0.748634 0.748634 0.748634
9577.842773 0.000000 8000.701660 0.000000 0.239006 0.000000 0.971018 0.741850 0.741850 0.741850
9586.875977 0.000000 8025.533691 0.000000 0.579120 0.000000 -0.815243 0.847401 0.847401 0.847401
9628.318359 0.000000 8001.883301 0.000000 0.179639 0.000000 0.983733 0.715039 0.715039 0.715039
9563.864258 0.000000 8039.420410 0.000000 0.019763 0.000000 0.999805 0.743311 0.743311 0.743311
9575.857422 0.000000 8034.950684 0.000000 0.997646 0.000000 0.068571 0.797204 0.797204 0.797204
9640.807617 0.000000 7995.116211 0.000000 0.907165 0.000000 -0.420776 0.825241 0.825241 0.825241
9605.642578 0.000000 7993.940918 0.000000 0.808647 0.000000 -0.588295 0.842207 0.842207 0.842207
9613.069336 0.000000 7977.055176 0.000000 0.825788 0.000000 0.563981 0.775227 0.775227 0.775227
9617.274414 0.000000 7984.047852 0.000000 0.844705 0.000000 -0.535233 0.831810 0.831810 0.831810
9569.422852 0.000000 8020.286621 0.000000 0.308425 0.000000 0.951249 0.726929 0.726929 0.726929
9577.095703 0.000000 8031.810547 0.000000 0.424300 0.000000 -0.905522 0.879399 0.879399 0.879399
9624.625000 0.000000 7976.497559 0.000000 0.136655 0.000000 -0.990619 0.883327 0.883327 0.883327
9593.767578 0.000000 8039.956055 0.000000 0.357856 0.000000 -0.933777 0.879409 0.879409 0.879409
9608.909180 0.000000 8018.103027 0.000000 0.128733 0.000000 -0.991679 0.894157 0.894157 0.894157
9575.305664 0.000000 8029.142090 0.000000 0.947861 0.000000 0.318684 0.778234 0.778234 0.778234
9611.478516 0.000000 8060.682129 0.000000 0.407986 0.000000 -0.912988 0.861355 0.861355 0.861355
9571.808594 0.000000 8039.383789 0.000000 0.976939 0.000000 -0.213517 0.815987 0.815987 0.815987
9581.561523 0.000000 8044.223633 0.000000 0.229698 0.000000 -0.973262 0.871405 0.871405 0.871405
9651.464844 0.000000 8013.140625 0.000000 0.325815 0.000000 0.945433 0.731706 0.731706 0.731706
9602.691406 0.000000 7993.927246 0.000000 0.997740 0.000000 -0.067196 0.804553 0.804553 0.804553
9621.573242 0.000000 7978.988770 0.000000 0.750155 0.000000 0.661262 0.757143 0.757143 0.757143
9597.956055 0.000000 8039.653320 0.000000 0.044070 0.000000 0.999028 0.696632 0.696632 0.696632
9580.401367 0.000000 8026.803711 0.000000 0.986872 0.000000 -0.161504 0.811663 0.811663 0.811663
9639.267578 0.000000 7992.638184 0.000000 0.470276 0.000000 -0.882519 0.864134 0.864134 0.864134
9607.057617 0.000000 8023.460449 0.000000 0.544144 0.000000 0.838992 0.734392 0.734392 0.734392
9567.428711 0.000000 8031.073730 0.000000 0.467474 0.000000 0.884007 0.736977 0.736977 0.736977
9581.418945 0.000000 8047.884766 0.000000 0.693853 0.000000 0.720117 0.742676 0.742676 0.742676
9569.645508 0.000000 8036.265625 0.000000 0.965771 0.000000 0.259397 0.780347 0.780347 0.780347
9571.639648 0.000000 8033.789551 0.000000 0.653799 0.000000 0.756669 0.741894 0.741894 0.741894
9689.099609 0.000000 8014.138672 0.000000 0.994202 0.000000 -0.107526 0.802324 0.802324 0.802324
9701.319336 0.000000 8050.033691 0.000000 0.969061 0.000000 -0.246822 0.800598 0.800598 0.800598
9663.138672 0.000000 8023.808105 0.000000 0.623563 0.000000 0.781773 0.766121 0.766121 0.766121
9677.480469 0.000000 8027.796387 0.000000 0.875592 0.000000 0.483052 0.783084 0.783084 0.783084
9655.930664 0.000000 8024.968750 0.000000 0.953457 0.000000 0.301530 0.794678 0.794678 0.794678
9696.353516 0.000000 8044.300781 0.000000 0.551348 0.000000 0.834275 0.781079 0.781079 0.781079
9663.391602 0.000000 7996.522949 0.000000 0.984278 0.000000 0.176624 0.790532 0.790532 0.790532
9667.700195 0.000000 8026.149902 0.000000 0.232255 0.000000 0.972655 0.758362 0.758362 0.758362
9655.465820 0.000000 7986.619629 0.000000 0.822423 0.000000 -0.568877 0.811603 0.811603 0.811603
9660.992188 0.000000 8057.835449 0.000000 0.857802 0.000000 0.513981 0.788033 0.788033 0.788033
9655.469727 0.000000 7978.143555 0.000000 0.018229 0.000000 0.999834 0.746045 0.746045 0.746045
9674.928711 0.000000 8004.889648 0.000000 0.682650 0.000000 -0.730745 0.840750 0.840750 0.840750
9736.028320 0.000000 8040.508301 0.000000 0.931101 0.000000 -0.364762 0.812752 0.812752 0.812752
9672.948242 0.000000 7986.303223 0.000000 0.841300 0.000000 -0.540568 0.819505 0.819505 0.819505
9697.198242 0.000000 8048.573242 0.000000 0.427837 0.000000 -0.903856 0.833138 0.833138 0.833138
9690.932617 0.000000 8005.557129 0.000000 0.260544 0.000000 -0.965462 0.859527 0.859527 0.859527
9697.996094 0.000000 8006.696289 0.000000 0.100643 0.000000 -0.994923 0.849323 0.849323 0.849323
9685.482422 0.000000 8014.638184 0.000000 0.841059 0.000000 0.540944 0.772946 0.772946 0.772946
9687.878906 0.000000 7998.756348 0.000000 0.341056 0.000000 -0.940043 0.852018 0.852018 0.852018
9670.837891 0.000000 8031.810547 0.000000 0.366990 0.000000 -0.930225 0.859430 0.859430 0.859430
9449.946289 0.000000 8115.795410 0.000000 0.738263 0.000000 0.674513 0.765402 0.765402 0.765402
9461.040039 0.000000 8100.791992 0.000000 0.270444 0.000000 -0.962736 0.895582 0.895582 0.895582
9455.330078 0.000000 8091.898438 0.000000 0.933290 0.000000 -0.359123 0.818488 0.818488 0.818488
9464.205078 0.000000 8092.339844 0.000000 0.807844 0.000000 -0.589397 0.832102 0.832102 0.832102
9457.267578 0.000000 8119.841309 0.000000 0.999865 0.000000 -0.016448 0.800187 0.800187 0.800187
9436.632812 0.000000 8131.911133 0.000000 0.982794 0.000000 -0.184707 0.806790 0.806790 0.806790
9428.553711 0.000000 8145.391602 0.000000 0.887075 0.000000 -0.461626 0.839100 0.839100 0.839100
9424.508789 0.000000 8137.500000 0.000000 0.351291 0.000000 0.936266 0.754255 0.754255 0.754255
9456.173828 0.000000 8113.257324 0.000000 0.733017 0.000000 0.680210 0.775797 0.775797 0.775797
9466.456055 0.000000 8104.978516 0.000000 0.988819 0.000000 0.149122 0.785650 0.785650 0.785650
9444.667969 0.000000 8118.863281 0.000000 0.980349 0.000000 0.197270 0.788221 0.788221 0.788221
9466.076172 0.000000 8097.671875 0.000000 0.481996 0.000000 -0.876173 0.905573 0.905573 0.905573
9428.716797 0.000000 8123.665039 0.000000 0.529518 0.000000 0.848299 0.702909 0.702909 0.702909
9455.615234 0.000000 8101.760742 0.000000 0.205109 0.000000 0.978739 0.692920 0.692920 0.692920
9451.670898 0.000000 8110.839844 0.000000 0.935140 0.000000 -0.354279 0.825387 0.825387 0.825387
9452.519531 0.000000 8120.191406 0.000000 0.598559 0.000000 0.801078 0.728744 0.728744 0.728744
9467.510742 0.000000 8089.003906 0.000000 0.868416 0.000000 -0.495837 0.825179 0.825179 0.825179
9433.065430 0.000000 8129.689453 0.000000 0.690958 0.000000 -0.722895 0.869713 0.869713 0.869713
9467.880859 0.000000 8093.584473 0.000000 0.995255 0.000000 0.097300 0.790249 0.790249 0.790249
9453.836914 0.000000 8116.320312 0.000000 0.515698 0.000000 0.856771 0.729099 0.729099 0.729099
9448.389648 0.000000 8119.254883 0.000000 0.944995 0.000000 -0.327086 0.833941 0.833941 0.833941
9458.086914 0.000000 8099.231445 0.000000 0.228707 0.000000 0.973495 0.726131 0.726131 0.726131
9448.934570 0.000000 8112.682129 0.000000 0.692247 0.000000 -0.721661 0.843958 0.843958 0.843958
9457.947266 0.000000 8110.958496 0.000000 0.939850 0.000000 -0.341587 0.828198 0.828198 0.828198
9458.460938 0.000000 8102.517578 0.000000 0.920323 0.000000 0.391159 0.764843 0.764843 0.764843
9446.265625 0.000000 8121.227539 0.000000 0.289030 0.000000 -0.957320 0.884970 0.884970 0.884970
9460.692383 0.000000 8098.024414 0.000000 0.182789 0.000000 0.983152 0.697783 0.697783 0.697783
9454.785156 0.000000 8118.987793 0.000000 0.955484 0.000000 -0.295044 0.822611 0.822611 0.822611
9467.849609 0.000000 8086.442871 0.000000 0.634440 0.000000 0.772972 0.737004 0.737004 0.737004
9439.239258 0.000000 8132.100586 0.000000 0.997418 0.000000 0.071817 0.794272 0.794272 0.794272
9454.151367 0.000000 8131.756836 0.000000 0.939570 0.000000 0.342356 0.772155 0.772155 0.772155
9470.159180 0.000000 8085.062988 0.000000 0.368421 0.000000 -0.929659 0.835040 0.835040 0.835040
9509.510742 0.000000 8073.062012 0.000000 0.850215 0.000000 -0.526436 0.805315 0.805315 0.805315
9484.626953 0.000000 8062.986328 0.000000 0.762924 0.000000 -0.646489 0.867392 0.867392 0.867392
9468.499023 0.000000 8066.657715 0.000000 0.874877 0.000000 0.484345 0.782429 0.782429 0.782429
9519.954102 0.000000 8062.657227 0.000000 0.600697 0.000000 0.799477 0.723398 0.723398 0.723398
9482.127930 0.000000 8076.842773 0.000000 0.486674 0.000000 0.873584 0.697502 0.697502 0.697502
9468.296875 0.000000 8098.280273 0.000000 0.945188 0.000000 -0.326526 0.814549 0.814549 0.814549
9501.249023 0.000000 8082.811523 0.000000 0.965535 0.000000 -0.260274 0.804417 0.804417 0.804417
9511.176758 0.000000 8064.358398 0.000000 0.999295 0.000000 0.037546 0.798065 0.798065 0.798065
9477.898438 0.000000 8068.700684 0.000000 0.989945 0.000000 0.141452 0.787584 0.787584 0.787584
9528.655273 0.000000 8064.867676 0.000000 0.767043 0.000000 -0.641595 0.818782 0.818782 0.818782
9522.783203 0.000000 8070.248535 0.000000 0.980503 0.000000 -0.196504 0.816473 0.816473 0.816473
9475.812500 0.000000 8097.471191 0.000000 0.519967 0.000000 0.854187 0.776072 0.776072 0.776072
9487.970703 0.000000 8093.977051 0.000000 0.635124 0.000000 0.772410 0.762452 0.762452 0.762452
9477.608398 0.000000 8084.909668 0.000000 0.476668 0.000000 -0.879083 0.836034 0.836034 0.836034
9470.769531 0.000000 8091.926758 0.000000 0.862720 0.000000 -0.505682 0.831449 0.831449 0.831449
9513.038086 0.000000 8078.427246 0.000000 0.561704 0.000000 0.827338 0.714181 0.714181 0.714181
9495.125977 0.000000 8081.436523 0.000000 0.290769 0.000000 0.956793 0.681518 0.681518 0.681518
9515.489258 0.000000 8086.845703 0.000000 0.614730 0.000000 0.788737 0.769508 0.769508 0.769508
9490.524414 0.000000 8061.976074 0.000000 0.572125 0.000000 -0.820167 0.830540 0.830540 0.830540
9516.407227 0.000000 8074.301758 0.000000 0.017440 0.000000 0.999848 0.752533 0.752533 0.752533
9497.073242 0.000000 8069.317871 0.000000 0.164677 0.000000 -0.986347 0.890100 0.890100 0.890100
9490.170898 0.000000 8083.294922 0.000000 0.165246 0.000000 0.986252 0.762965 0.762965 0.762965
9486.873047 0.000000 8089.083008 0.000000 0.637062 0.000000 0.770812 0.776270 0.776270 0.776270
9508.084961 0.000000 8079.885742 0.000000 0.923752 0.000000 0.382992 0.771976 0.771976 0.771976
9477.542969 0.000000 8073.601562 0.000000 0.073601 0.000000 -0.997288 0.946217 0.946217 0.946217
9481.210938 0.000000 8081.629883 0.000000 0.404690 0.000000 0.914454 0.747443 0.747443 0.747443
9467.996094 0.000000 8103.326660 0.000000 0.631141 0.000000 -0.775668 0.837767 0.837767 0.837767
9472.562500 0.000000 8080.996094 0.000000 0.322009 0.000000 -0.946737 0.835747 0.835747 0.835747
9523.867188 0.000000 8065.739258 0.000000 0.214693 0.000000 -0.976682 0.834896 0.834896 0.834896
9482.427734 0.000000 8067.345703 0.000000 0.727386 0.000000 -0.686229 0.841690 0.841690 0.841690
9486.324219 0.000000 8075.020020 0.000000 0.895099 0.000000 -0.445868 0.841536 0.841536 0.841536
9515.231445 0.000000 8062.199707 0.000000 0.421388 0.000000 0.906880 0.699959 0.699959 0.699959
9472.134766 0.000000 8100.498535 0.000000 0.960907 0.000000 -0.276873 0.822692 0.822692 0.822692
9490.670898 0.000000 8105.545410 0.000000 0.937337 0.000000 -0.348424 0.824309 0.824309 0.824309
9481.554688 0.000000 8071.616211 0.000000 0.790224 0.000000 -0.612818 0.824899 0.824899 0.824899
9485.463867 0.000000 8080.045410 0.000000 0.579101 0.000000 -0.815256 0.864536 0.864536 0.864536
9535.034180 0.000000 8091.694336 0.000000 0.630721 0.000000 0.776010 0.774452 0.774452 0.774452
9511.768555 0.000000 8069.203125 0.000000 0.869763 0.000000 -0.493470 0.820718 0.820718 0.820718
9520.653320 0.000000 8074.025879 0.000000 0.545689 0.000000 0.837988 0.714868 0.714868 0.714868
9505.351562 0.000000 8072.663086 0.000000 0.848288 0.000000 0.529535 0.764557 0.764557 0.764557
9536.900391 0.000000 8082.694336 0.000000 0.235213 0.000000 0.971944 0.702533 0.702533 0.702533
9471.810547 0.000000 8095.994141 0.000000 0.578091 0.000000 0.815972 0.711934 0.711934 0.711934
9505.315430 0.000000 8082.980957 0.000000 0.715932 0.000000 0.698170 0.756935 0.756935 0.756935
9479.441406 0.000000 8095.379883 0.000000 0.922642 0.000000 -0.385658 0.818029 0.818029 0.818029
9479.438477 0.000000 8099.881836 0.000000 0.997252 0.000000 0.074089 0.796845 0.796845 0.796845
9514.523438 0.000000 8065.839844 0.000000 0.289929 0.000000 -0.957048 0.855840 0.855840 0.855840
9469.115234 0.000000 8088.686035 0.000000 0.840100 0.000000 0.542432 0.772862 0.772862 0.772862
9512.818359 0.000000 8074.585449 0.000000 0.972514 0.000000 -0.232846 0.813940 0.813940 0.813940
9519.327148 0.000000 8070.797363 0.000000 0.980253 0.000000 0.197748 0.792247 0.792247 0.792247
9468.114258 0.000000 8094.451660 0.000000 0.572483 0.000000 -0.819916 0.895610 0.895610 0.895610
9484.150391 0.000000 8091.015625 0.000000 0.824109 0.000000 0.566431 0.765363 0.765363 0.765363
9492.059570 0.000000 8080.188965 0.000000 0.822967 0.000000 0.568089 0.743527 0.743527 0.743527
9496.603516 0.000000 8078.308105 0.000000 0.969749 0.000000 0.244106 0.781974 0.781974 0.781974
9481.679688 0.000000 8064.094238 0.000000 0.822971 0.000000 0.568083 0.761628 0.761628 0.761628
9498.275391 0.000000 8081.571289 0.000000 0.283499 0.000000 -0.958973 0.876126 0.876126 0.876126
9510.089844 0.000000 8077.586426 0.000000 0.999539 0.000000 -0.030345 0.802528 0.802528 0.802528
9475.724609 0.000000 8071.013672 0.000000 0.989764 0.000000 -0.142715 0.811240 0.811240 0.811240
9511.371094 0.000000 8081.072754 0.000000 0.986775 0.000000 -0.162093 0.814438 0.814438 0.814438
9487.596680 0.000000 8062.870117 0.000000 0.515913 0.000000 -0.856641 0.860405 0.860405 0.860405
9483.490234 0.000000 8074.049805 0.000000 0.533201 0.000000 0.845989 0.703326 0.703326 0.703326
9489.562500 0.000000 8090.131348 0.000000 0.093431 0.000000 0.995626 0.711489 0.711489 0.711489
9470.097656 0.000000 8081.961426 0.000000 0.980619 0.000000 0.195925 0.785821 0.785821 0.785821
9478.889648 0.000000 8071.186035 0.000000 0.135021 0.000000 0.990843 0.670996 0.670996 0.670996
9483.783203 0.000000 8082.197754 0.000000 0.646812 0.000000 -0.762649 0.867044 0.867044 0.867044
9482.854492 0.000000 8079.418945 0.000000 0.655703 0.000000 0.755019 0.724633 0.724633 0.724633
9492.770508 0.000000 8082.661133 0.000000 0.524239 0.000000 0.851571 0.718188 0.718188 0.718188
9474.668945 0.000000 8099.884277 0.000000 0.797971 0.000000 0.602696 0.754652 0.754652 0.754652
9476.534180 0.000000 8087.253906 0.000000 0.329999 0.000000 0.943981 0.706801 0.706801 0.706801
9470.929688 0.000000 8102.889160 0.000000 0.995602 0.000000 0.093685 0.792017 0.792017 0.792017
9564.595703 0.000000 8124.844727 0.000000 0.691475 0.000000 -0.722400 0.813543 0.813543 0.813543
9616.410156 0.000000 8110.369141 0.000000 0.716632 0.000000 -0.697451 0.847171 0.847171 0.847171
9650.402344 0.000000 8150.788574 0.000000 0.965130 0.000000 0.261772 0.786987 0.786987 0.786987
9574.243164 0.000000 8134.889648 0.000000 0.577279 0.000000 -0.816547 0.820608 0.820608 0.820608
9628.922852 0.000000 8125.268555 0.000000 0.992677 0.000000 0.120797 0.792890 0.792890 0.792890
9634.591797 0.000000 8081.583984 0.000000 0.824295 0.000000 0.566160 0.795673 0.795673 0.795673
9639.169922 0.000000 8072.532715 0.000000 0.971203 0.000000 -0.238255 0.812396 0.812396 0.812396
9620.077148 0.000000 8119.611328 0.000000 0.637224 0.000000 -0.770678 0.852194 0.852194 0.852194
9588.190430 0.000000 8138.663574 0.000000 0.901079 0.000000 -0.433654 0.830638 0.830638 0.830638
9581.683594 0.000000 8134.949707 0.000000 0.425509 0.000000 -0.904954 0.873205 0.873205 0.873205
9610.217773 0.000000 8108.877441 0.000000 0.942018 0.000000 0.335563 0.786057 0.786057 0.786057
9640.766602 0.000000 8079.732910 0.000000 0.945303 0.000000 0.326193 0.781485 0.781485 0.781485
9654.873047 0.000000 8130.466309 0.000000 0.964171 0.000000 -0.265282 0.810296 0.810296 0.810296
9638.025391 0.000000 8135.811523 0.000000 0.605726 0.000000 0.795674 0.757549 0.757549 0.757549
9642.395508 0.000000 8085.528809 0.000000 0.592705 0.000000 0.805419 0.755116 0.755116 0.755116
9568.925781 0.000000 8127.292480 0.000000 0.467083 0.000000 0.884214 0.720052 0.720052 0.720052
9577.571289 0.000000 8131.902832 0.000000 0.611981 0.000000 -0.790872 0.826783 0.826783 0.826783
9589.837891 0.000000 8142.998047 0.000000 0.577179 0.000000 -0.816618 0.865840 0.865840 0.865840
9638.536133 0.000000 8083.660156 0.000000 0.766405 0.000000 0.642358 0.760711 0.760711 0.760711
9630.642578 0.000000 8082.694336 0.000000 0.126202 0.000000 0.992005 0.755867 0.755867 0.755867
9633.082031 0.000000 8067.696289 0.000000 0.946596 0.000000 0.322422 0.780920 0.780920 0.780920
9655.365234 0.000000 8093.584473 0.000000 0.752854 0.000000 -0.658188 0.837449 0.837449 0.837449
9635.638672 0.000000 8070.900879 0.000000 0.971713 0.000000 0.236166 0.786286 0.786286 0.786286
9613.788086 0.000000 8107.458984 0.000000 0.346419 0.000000 -0.938080 0.863442 0.863442 0.863442
9616.228516 0.000000 8119.859375 0.000000 0.754254 0.000000 -0.656583 0.823605 0.823605 0.823605
9651.419922 0.000000 8088.447266 0.000000 0.239129 0.000000 0.970988 0.729112 0.729112 0.729112
9643.747070 0.000000 8082.443359 0.000000 0.646890 0.000000 -0.762584 0.847809 0.847809 0.847809
9587.104492 0.000000 8141.651855 0.000000 0.962221 0.000000 -0.272271 0.819001 0.819001 0.819001
9596.228516 0.000000 8155.569336 0.000000 0.981882 0.000000 0.189493 0.788691 0.788691 0.788691
9612.949219 0.000000 8110.314453 0.000000 0.829138 0.000000 0.559044 0.768721 0.768721 0.768721
9689.099609 0.000000 8107.880859 0.000000 0.984760 0.000000 0.173917 0.798324 0.798324 0.798324
9697.588867 0.000000 8084.263672 0.000000 0.987559 0.000000 -0.157249 0.806717 0.806717 0.806717
9681.932617 0.000000 8138.663574 0.000000 0.007050 0.000000 -0.999975 0.846848 0.846848 0.846848
9687.768555 0.000000 8127.205078 0.000000 0.865799 0.000000 0.500392 0.778648 0.778648 0.778648
9693.765625 0.000000 8102.122559 0.000000 0.701451 0.000000 -0.712717 0.819490 0.819490 0.819490
9697.083984 0.000000 8090.491211 0.000000 0.922734 0.000000 0.385437 0.783167 0.783167 0.783167
9687.485352 0.000000 8141.325195 0.000000 0.989128 0.000000 -0.147056 0.804422 0.804422 0.804422
9660.156250 0.000000 8070.279297 0.000000 0.018900 0.000000 -0.999821 0.879967 0.879967 0.879967
9659.619141 0.000000 8100.498535 0.000000 0.773477 0.000000 -0.633824 0.822623 0.822623 0.822623
9689.708008 0.000000 8131.264648 0.000000 0.384912 0.000000 -0.922953 0.840153 0.840153 0.840153
9691.903320 0.000000 8126.224121 0.000000 0.974324 0.000000 0.225151 0.790067 0.790067 0.790067
9659.294922 0.000000 8095.994141 0.000000 0.999190 0.000000 0.040237 0.797926 0.797926 0.797926
9704.273438 0.000000 8096.099609 0.000000 0.615501 0.000000 -0.788136 0.836442 0.836442 0.836442
9655.598633 0.000000 8094.451660 0.000000 0.857947 0.000000 0.513738 0.771875 0.771875 0.771875
9682.868164 0.000000 8148.998047 0.000000 0.394589 0.000000 -0.918858 0.852361 0.852361 0.852361
9599.208984 0.000000 8155.769531 0.000000 0.830823 0.000000 -0.556537 0.832535 0.832535 0.832535
9594.573242 0.000000 8167.459473 0.000000 0.712612 0.000000 0.701558 0.759466 0.759466 0.759466
9686.158203 0.000000 8242.078125 0.000000 0.951658 0.000000 0.307158 0.791582 0.791582 0.791582
9689.099609 0.000000 8201.623047 0.000000 0.961223 0.000000 -0.275771 0.801339 0.801339 0.801339
9655.983398 0.000000 8160.399902 0.000000 0.997094 0.000000 -0.076177 0.800366 0.800366 0.800366
9690.121094 0.000000 8229.433594 0.000000 0.385331 0.000000 0.922778 0.747188 0.747188 0.747188
9668.332031 0.000000 8185.355957 0.000000 0.755909 0.000000 0.654676 0.792730 0.792730 0.792730
9697.588867 0.000000 8178.005859 0.000000 0.062877 0.000000 0.998021 0.736757 0.736757 0.736757
9705.615234 0.000000 8245.169922 0.000000 0.037764 0.000000 0.999287 0.778874 0.778874 0.778874
9687.768555 0.000000 8220.947266 0.000000 0.942287 0.000000 -0.334806 0.805728 0.805728 0.805728
9692.664062 0.000000 8209.385742 0.000000 0.999703 0.000000 -0.024362 0.800248 0.800248 0.800248
9705.735352 0.000000 8231.242188 0.000000 0.530832 0.000000 0.847477 0.782429 0.782429 0.782429
9682.610352 0.000000 8175.178711 0.000000 0.794837 0.000000 0.606823 0.769917 0.769917 0.769917
9688.832031 0.000000 8215.110352 0.000000 0.277211 0.000000 0.960809 0.742034 0.742034 0.742034
9698.755859 0.000000 8242.481445 0.000000 0.098961 0.000000 0.995091 0.777955 0.777955 0.777955
9695.039062 0.000000 8161.860840 0.000000 0.696088 0.000000 0.717956 0.765930 0.765930 0.765930
9668.864258 0.000000 8240.870117 0.000000 0.668660 0.000000 0.743569 0.784930 0.784930 0.784930
9695.569336 0.000000 8173.627930 0.000000 0.536821 0.000000 -0.843696 0.840912 0.840912 0.840912
9674.898438 0.000000 8207.008789 0.000000 0.720086 0.000000 -0.693885 0.826191 0.826191 0.826191
9682.595703 0.000000 8157.357422 0.000000 0.965359 0.000000 0.260924 0.787979 0.787979 0.787979
9689.708008 0.000000 8225.006836 0.000000 0.736019 0.000000 -0.676961 0.833862 0.833862 0.833862
9707.260742 0.000000 8160.634277 0.000000 0.906239 0.000000 0.422766 0.782477 0.782477 0.782477
9691.802734 0.000000 8233.391602 0.000000 0.136114 0.000000 0.990693 0.735547 0.735547 0.735547
9693.001953 0.000000 8199.943359 0.000000 0.966818 0.000000 0.255466 0.788856 0.788856 0.788856
9692.799805 0.000000 8176.723145 0.000000 0.995754 0.000000 0.092056 0.796023 0.796023 0.796023
9680.868164 0.000000 8170.867188 0.000000 0.154145 0.000000 -0.988048 0.865330 0.865330 0.865330
9702.335938 0.000000 8243.491211 0.000000 0.968645 0.000000 0.248451 0.789469 0.789469 0.789469
9691.503906 0.000000 8212.768555 0.000000 0.971396 0.000000 -0.237466 0.810631 0.810631 0.810631
9695.333984 0.000000 8158.517090 0.000000 0.691024 0.000000 -0.722832 0.834369 0.834369 0.834369
9687.509766 0.000000 8227.440430 0.000000 0.959542 0.000000 -0.281566 0.812997 0.812997 0.812997
9687.462891 0.000000 8212.187500 0.000000 0.234883 0.000000 0.972024 0.739267 0.739267 0.739267
9815.026367 0.000000 7772.158691 0.000000 0.978411 0.000000 -0.206666 0.803991 0.803991 0.803991
9770.773438 0.000000 7796.963379 0.000000 0.662085 0.000000 0.749428 0.775634 0.775634 0.775634
9774.459961 0.000000 7865.071289 0.000000 0.999972 0.000000 -0.007438 0.800147 0.800147 0.800147
9773.000977 0.000000 7791.523438 0.000000 0.452800 0.000000 0.891612 0.768998 0.768998 0.768998
9765.853516 0.000000 7875.501953 0.000000 0.993364 0.000000 0.115017 0.799033 0.799033 0.799033
9773.488281 0.000000 7879.849609 0.000000 0.974500 0.000000 -0.224388 0.807594 0.807594 0.807594
9792.573242 0.000000 8002.745605 0.000000 0.507270 0.000000 -0.861787 0.809959 0.809959 0.809959
9773.000977 0.000000 7979.007812 0.000000 0.991296 0.000000 -0.131654 0.803164 0.803164 0.803164
10932.467773 0.000000 7838.384766 0.000000 0.444542 0.000000 -0.895758 0.821285 0.821285 0.821285
10987.775391 0.000000 7868.379883 0.000000 0.997744 0.000000 0.067128 0.798229 0.798229 0.798229
10951.560547 0.000000 7885.048340 0.000000 0.443689 0.000000 -0.896181 0.817975 0.817975 0.817975
10991.919922 0.000000 7940.798340 0.000000 0.591394 0.000000 0.806382 0.796066 0.796066 0.796066
11030.250000 0.000000 7944.426758 0.000000 0.147363 0.000000 0.989082 0.762487 0.762487 0.762487
11051.873047 0.000000 7943.801758 0.000000 0.068453 0.000000 0.997654 0.779297 0.779297 0.779297
11028.530273 0.000000 8064.867676 0.000000 0.307702 0.000000 0.951483 0.781910 0.781910 0.781910
11069.524414 0.000000 8090.265137 0.000000 0.322278 0.000000 -0.946645 0.828294 0.828294 0.828294
11095.840820 0.000000 8131.264648 0.000000 0.976355 0.000000 0.216173 0.793864 0.793864 0.793864
11163.484375 0.000000 8155.507324 0.000000 0.867271 0.000000 -0.497836 0.809055 0.809055 0.809055
11101.171875 0.000000 8161.860840 0.000000 0.678127 0.000000 -0.734944 0.823744 0.823744 0.823744
11133.988281 0.000000 8168.054199 0.000000 0.994176 0.000000 -0.107766 0.804076 0.804076 0.804076
11222.904297 0.000000 8199.945312 0.000000 0.937465 0.000000 -0.348080 0.802556 0.802556 0.802556
11202.848633 0.000000 8180.587891 0.000000 0.696492 0.000000 0.717564 0.768831 0.768831 0.768831
11184.432617 0.000000 8163.060059 0.000000 0.395573 0.000000 0.918434 0.756755 0.756755 0.756755
11214.363281 0.000000 8188.495605 0.000000 0.387381 0.000000 0.921920 0.729717 0.729717 0.729717
11247.858398 0.000000 8205.994141 0.000000 0.610922 0.000000 0.791691 0.736503 0.736503 0.736503
11244.232422 0.000000 8205.781250 0.000000 0.502964 0.000000 -0.864308 0.871295 0.871295 0.871295
11332.111328 0.000000 8026.099121 0.000000 0.281753 0.000000 -0.959487 0.845432 0.845432 0.845432
11339.805664 0.000000 8015.981445 0.000000 0.862807 0.000000 -0.505533 0.824770 0.824770 0.824770
11334.521484 0.000000 8029.456543 0.000000 0.170961 0.000000 -0.985278 0.882985 0.882985 0.882985
11328.680664 0.000000 8022.578125 0.000000 0.983393 0.000000 -0.181487 0.807436 0.807436 0.807436
11337.290039 0.000000 8015.869629 0.000000 0.848609 0.000000 -0.529020 0.844089 0.844089 0.844089
11359.462891 0.000000 8023.479492 0.000000 0.807001 0.000000 0.590550 0.763662 0.763662 0.763662
11343.848633 0.000000 8018.143555 0.000000 0.833970 0.000000 0.551810 0.756921 0.756921 0.756921
11371.553711 0.000000 8024.082031 0.000000 0.988705 0.000000 -0.149877 0.804778 0.804778 0.804778
11350.498047 0.000000 8023.808105 0.000000 0.898929 0.000000 0.438093 0.790490 0.790490 0.790490
11375.127930 0.000000 8033.462891 0.000000 0.523914 0.000000 0.851771 0.786563 0.786563 0.786563
11364.839844 0.000000 8027.796387 0.000000 0.420496 0.000000 0.907295 0.678076 0.678076 0.678076
11351.397461 0.000000 8017.089844 0.000000 0.927690 0.000000 -0.373351 0.840119 0.840119 0.840119
11370.211914 0.000000 8029.895020 0.000000 0.354949 0.000000 0.934886 0.667552 0.667552 0.667552
11354.795898 0.000000 8021.012695 0.000000 0.930345 0.000000 0.366684 0.773680 0.773680 0.773680
11347.286133 0.000000 8020.792969 0.000000 0.275711 0.000000 -0.961240 0.841012 0.841012 0.841012
11347.490234 0.000000 8015.521484 0.000000 0.227866 0.000000 0.973693 0.660202 0.660202 0.660202
11363.043945 0.000000 8024.414551 0.000000 0.888140 0.000000 0.459573 0.751361 0.751361 0.751361
11373.794922 0.000000 8030.231934 0.000000 0.511641 0.000000 -0.859200 0.878040 0.878040 0.878040
11346.541992 0.000000 8023.724609 0.000000 0.165142 0.000000 -0.986270 0.909430 0.909430 0.909430
11361.502930 0.000000 8026.803711 0.000000 0.131872 0.000000 0.991267 0.695706 0.695706 0.695706
11528.825195 0.000000 8060.276367 0.000000 0.570254 0.000000 -0.821469 0.849673 0.849673 0.849673
11561.001953 0.000000 8054.593262 0.000000 0.972889 0.000000 0.231274 0.797902 0.797902 0.797902
11538.434570 0.000000 8053.875000 0.000000 0.646168 0.000000 0.763196 0.768266 0.768266 0.768266
11549.958008 0.000000 8050.787109 0.000000 0.987690 0.000000 0.156424 0.791624 0.791624 0.791624
11530.436523 0.000000 8057.560547 0.000000 0.954847 0.000000 0.297099 0.794578 0.794578 0.794578
11545.466797 0.000000 8058.478027 0.000000 0.495911 0.000000 -0.868373 0.818278 0.818278 0.818278
11554.267578 0.000000 8059.133301 0.000000 0.780745 0.000000 -0.624850 0.828713 0.828713 0.828713
11536.869141 0.000000 8045.866211 0.000000 0.031313 0.000000 -0.999510 0.876560 0.876560 0.876560
11555.561523 0.000000 8052.555664 0.000000 0.541253 0.000000 -0.840860 0.835910 0.835910 0.835910
11543.708008 0.000000 8053.386230 0.000000 0.531536 0.000000 0.847036 0.737039 0.737039 0.737039
11550.228516 0.000000 8055.864258 0.000000 0.449795 0.000000 0.893132 0.759640 0.759640 0.759640
11549.899414 0.000000 8060.303223 0.000000 0.795372 0.000000 -0.606122 0.867889 0.867889 0.867889
11552.461914 0.000000 8046.535645 0.000000 0.294549 0.000000 0.955636 0.767995 0.767995 0.767995
11535.392578 0.000000 8050.722168 0.000000 0.965512 0.000000 -0.260357 0.818465 0.818465 0.818465
11547.410156 0.000000 8053.478516 0.000000 0.535921 0.000000 0.844268 0.696407 0.696407 0.696407
11533.008789 0.000000 8060.603516 0.000000 0.979938 0.000000 -0.199305 0.812623 0.812623 0.812623
11557.711914 0.000000 8055.255859 0.000000 0.250251 0.000000 0.968181 0.734461 0.734461 0.734461
11558.731445 0.000000 8052.374512 0.000000 0.645108 0.000000 0.764091 0.702562 0.702562 0.702562
11543.519531 0.000000 8056.296875 0.000000 0.716518 0.000000 -0.697568 0.846718 0.846718 0.846718
11551.612305 0.000000 8058.214355 0.000000 0.720731 0.000000 -0.693215 0.873888 0.873888 0.873888
11535.262695 0.000000 8048.057129 0.000000 0.911498 0.000000 -0.411306 0.829208 0.829208 0.829208
11546.098633 0.000000 8055.980957 0.000000 0.957728 0.000000 0.287675 0.776047 0.776047 0.776047
11425.774414 0.000000 8138.531738 0.000000 0.947889 0.000000 0.318600 0.786206 0.786206 0.786206
11413.037109 0.000000 8132.100586 0.000000 0.992628 0.000000 0.121199 0.798034 0.798034 0.798034
11417.133789 0.000000 8122.860840 0.000000 0.948264 0.000000 -0.317482 0.818196 0.818196 0.818196
11419.126953 0.000000 8135.811523 0.000000 0.981844 0.000000 -0.189689 0.822870 0.822870 0.822870
11431.466797 0.000000 8132.460449 0.000000 0.085845 0.000000 -0.996309 0.888078 0.888078 0.888078
11423.387695 0.000000 8134.250488 0.000000 0.164847 0.000000 0.986319 0.629926 0.629926 0.629926
11427.266602 0.000000 8142.750488 0.000000 0.982356 0.000000 -0.187020 0.808229 0.808229 0.808229
11428.521484 0.000000 8135.335449 0.000000 0.726045 0.000000 0.687647 0.755477 0.755477 0.755477
11416.953125 0.000000 8132.305664 0.000000 0.715291 0.000000 0.698827 0.729994 0.729994 0.729994
11421.823242 0.000000 8138.636719 0.000000 0.662154 0.000000 0.749368 0.769039 0.769039 0.769039
11425.749023 0.000000 8135.694336 0.000000 0.719235 0.000000 -0.694767 0.855227 0.855227 0.855227
11282.716797 0.000000 8201.623047 0.000000 0.561945 0.000000 -0.827175 0.833267 0.833267 0.833267
11251.955078 0.000000 8218.586914 0.000000 0.963930 0.000000 0.266157 0.799031 0.799031 0.799031
11249.793945 0.000000 8230.460938 0.000000 0.439803 0.000000 -0.898094 0.806015 0.806015 0.806015
11311.476562 0.000000 8225.653320 0.000000 0.741705 0.000000 -0.670727 0.817620 0.817620 0.817620
11335.169922 0.000000 8201.879883 0.000000 0.763590 0.000000 0.645701 0.786541 0.786541 0.786541
11289.970703 0.000000 8231.785156 0.000000 0.957603 0.000000 0.288090 0.794747 0.794747 0.794747
11290.701172 0.000000 8184.233398 0.000000 0.773005 0.000000 0.634400 0.787235 0.787235 0.787235
11330.484375 0.000000 8219.395508 0.000000 0.985810 0.000000 -0.167867 0.809196 0.809196 0.809196
11321.872070 0.000000 8221.406250 0.000000 0.702634 0.000000 -0.711551 0.871629 0.871629 0.871629
11281.525391 0.000000 8208.740234 0.000000 0.661812 0.000000 0.749670 0.774608 0.774608 0.774608
11288.394531 0.000000 8191.713379 0.000000 0.220134 0.000000 -0.975470 0.849300 0.849300 0.849300
11334.051758 0.000000 8221.302734 0.000000 0.956249 0.000000 0.292554 0.777230 0.777230 0.777230
11326.512695 0.000000 8219.506836 0.000000 0.979121 0.000000 -0.203279 0.814351 0.814351 0.814351
11289.777344 0.000000 8220.413086 0.000000 0.998322 0.000000 -0.057913 0.803229 0.803229 0.803229
11338.914062 0.000000 8223.041992 0.000000 0.507189 0.000000 -0.861835 0.869094 0.869094 0.869094
11281.080078 0.000000 8212.187500 0.000000 0.746190 0.000000 0.665733 0.764645 0.764645 0.764645
11323.850586 0.000000 8219.273438 0.000000 0.999928 0.000000 0.011997 0.799166 0.799166 0.799166
11354.899414 0.000000 8219.291992 0.000000 0.600143 0.000000 0.799893 0.707231 0.707231 0.707231
11348.318359 0.000000 8225.167969 0.000000 0.896214 0.000000 0.443621 0.770532 0.770532 0.770532
11359.551758 0.000000 8216.278320 0.000000 0.263503 0.000000 0.964659 0.757023 0.757023 0.757023
11355.059570 0.000000 8213.634766 0.000000 0.428779 0.000000 0.903409 0.773649 0.773649 0.773649
11347.490234 0.000000 8203.005859 0.000000 0.925561 0.000000 0.378599 0.786506 0.786506 0.786506
11356.407227 0.000000 8216.625977 0.000000 0.579440 0.000000 0.815015 0.704095 0.704095 0.704095
11444.692383 0.000000 8147.617188 0.000000 0.429343 0.000000 -0.903142 0.817557 0.817557 0.817557
11436.694336 0.000000 8151.302734 0.000000 0.645547 0.000000 -0.763721 0.851551 0.851551 0.851551
11451.724609 0.000000 8152.220215 0.000000 0.039054 0.000000 0.999237 0.652239 0.652239 0.652239
11449.965820 0.000000 8147.128418 0.000000 0.999481 0.000000 -0.032214 0.800888 0.800888 0.800888
11447.317383 0.000000 8151.824707 0.000000 0.475603 0.000000 0.879660 0.742666 0.742666 0.742666
11456.157227 0.000000 8154.045410 0.000000 0.982120 0.000000 0.188257 0.794667 0.794667 0.794667
11440.145508 0.000000 8147.870117 0.000000 0.373631 0.000000 -0.927577 0.870462 0.870462 0.870462
11441.650391 0.000000 8144.464355 0.000000 0.840531 0.000000 0.541764 0.769812 0.769812 0.769812
11467.934570 0.000000 8144.824707 0.000000 0.588136 0.000000 -0.808762 0.845720 0.845720 0.845720
11449.413086 0.000000 8154.302734 0.000000 0.693422 0.000000 0.720531 0.759988 0.759988 0.759988
11444.750000 0.000000 8150.493652 0.000000 0.455444 0.000000 -0.890265 0.864469 0.864469 0.864469
11454.471680 0.000000 8151.538086 0.000000 0.866476 0.000000 0.499218 0.764610 0.764610 0.764610
11450.328125 0.000000 8144.405762 0.000000 0.989499 0.000000 0.144540 0.788180 0.788180 0.788180
11546.955078 0.000000 8062.986328 0.000000 0.308403 0.000000 0.951256 0.772880 0.772880 0.772880
11555.283203 0.000000 8087.350098 0.000000 0.999988 0.000000 0.004942 0.799831 0.799831 0.799831
11542.251953 0.000000 8104.793457 0.000000 0.027924 0.000000 0.999610 0.796302 0.796302 0.796302
11530.827148 0.000000 8066.657715 0.000000 0.171876 0.000000 -0.985119 0.832670 0.832670 0.832670
11544.456055 0.000000 8076.842773 0.000000 0.964939 0.000000 -0.262475 0.808752 0.808752 0.808752
11559.051758 0.000000 8075.052734 0.000000 0.989942 0.000000 -0.141477 0.802807 0.802807 0.802807
11543.175781 0.000000 8091.613770 0.000000 0.141605 0.000000 -0.989923 0.827393 0.827393 0.827393
11533.676758 0.000000 8075.694824 0.000000 0.753182 0.000000 0.657812 0.777632 0.777632 0.777632
11540.226562 0.000000 8068.700684 0.000000 0.587798 0.000000 -0.809007 0.820894 0.820894 0.820894
11554.589844 0.000000 8067.333984 0.000000 0.597204 0.000000 -0.802089 0.832347 0.832347 0.832347
11547.653320 0.000000 8084.436035 0.000000 0.352948 0.000000 -0.935643 0.839877 0.839877 0.839877
11538.140625 0.000000 8097.471191 0.000000 0.275533 0.000000 0.961292 0.776008 0.776008 0.776008
11551.875000 0.000000 8078.189941 0.000000 0.365031 0.000000 0.930995 0.706035 0.706035 0.706035
11550.298828 0.000000 8093.977051 0.000000 0.343389 0.000000 -0.939193 0.856299 0.856299 0.856299
11539.936523 0.000000 8084.909668 0.000000 0.086334 0.000000 0.996266 0.752863 0.752863 0.752863
11559.399414 0.000000 8093.299805 0.000000 0.716538 0.000000 -0.697548 0.812489 0.812489 0.812489
11548.118164 0.000000 8070.511230 0.000000 0.343629 0.000000 0.939106 0.745175 0.745175 0.745175
11545.120117 0.000000 8098.129395 0.000000 0.892138 0.000000 -0.451764 0.811515 0.811515 0.811515
11548.666992 0.000000 8104.588867 0.000000 0.766180 0.000000 -0.642626 0.831363 0.831363 0.831363
11557.454102 0.000000 8081.436523 0.000000 0.990794 0.000000 -0.135382 0.803987 0.803987 0.803987
11538.879883 0.000000 8078.411621 0.000000 0.966978 0.000000 0.254862 0.791816 0.791816 0.791816
11552.852539 0.000000 8061.976074 0.000000 0.999159 0.000000 0.041001 0.796879 0.796879 0.796879
11535.000000 0.000000 8070.279297 0.000000 0.700795 0.000000 0.713362 0.774777 0.774777 0.774777
11554.102539 0.000000 8072.750000 0.000000 0.203346 0.000000 -0.979107 0.844198 0.844198 0.844198
11552.499023 0.000000 8083.294922 0.000000 0.972485 0.000000 -0.232964 0.816060 0.816060 0.816060
11549.201172 0.000000 8089.083008 0.000000 0.602733 0.000000 0.797943 0.775643 0.775643 0.775643
11554.985352 0.000000 8095.918945 0.000000 0.783968 0.000000 -0.620802 0.822473 0.822473 0.822473
11539.871094 0.000000 8073.601562 0.000000 0.805918 0.000000 -0.592027 0.820499 0.820499 0.820499
11543.539062 0.000000 8081.629883 0.000000 0.314709 0.000000 0.949188 0.764780 0.764780 0.764780
11534.890625 0.000000 8080.996094 0.000000 0.231767 0.000000 0.972771 0.760749 0.760749 0.760749
11531.416016 0.000000 8061.916504 0.000000 0.828297 0.000000 0.560289 0.734076 0.734076 0.734076
11549.772461 0.000000 8098.631836 0.000000 0.991615 0.000000 -0.129224 0.808386 0.808386 0.808386
11544.755859 0.000000 8067.345703 0.000000 0.967713 0.000000 0.252055 0.791450 0.791450 0.791450
11543.917969 0.000000 8087.125488 0.000000 0.968556 0.000000 0.248796 0.792769 0.792769 0.792769
11548.652344 0.000000 8075.020020 0.000000 0.935918 0.000000 -0.352218 0.812293 0.812293 0.812293
11550.298828 0.000000 8065.951172 0.000000 0.679549 0.000000 0.733631 0.700312 0.700312 0.700312
11543.882812 0.000000 8071.616211 0.000000 0.302117 0.000000 -0.953271 0.840893 0.840893 0.840893
11547.791992 0.000000 8080.045410 0.000000 0.591469 0.000000 0.806328 0.769091 0.769091 0.769091
11554.373047 0.000000 8091.595703 0.000000 0.964656 0.000000 0.263512 0.791053 0.791053 0.791053
11534.138672 0.000000 8095.994141 0.000000 0.953026 0.000000 0.302888 0.790597 0.790597 0.790597
11545.535156 0.000000 8106.677734 0.000000 0.983099 0.000000 -0.183076 0.806950 0.806950 0.806950
11551.600586 0.000000 8069.386719 0.000000 0.560933 0.000000 0.827861 0.718774 0.718774 0.718774
11537.616211 0.000000 8093.888672 0.000000 0.676358 0.000000 0.736573 0.746916 0.746916 0.746916
11551.829102 0.000000 8086.833496 0.000000 0.224286 0.000000 -0.974523 0.905538 0.905538 0.905538
11550.735352 0.000000 8101.845703 0.000000 0.888733 0.000000 0.458425 0.763191 0.763191 0.763191
11550.656250 0.000000 8072.434082 0.000000 0.228197 0.000000 0.973615 0.693973 0.693973 0.693973
11552.086914 0.000000 8075.152832 0.000000 0.994947 0.000000 0.100400 0.793191 0.793191 0.793191
11551.974609 0.000000 8096.581543 0.000000 0.802104 0.000000 0.597184 0.756285 0.756285 0.756285
11549.924805 0.000000 8062.870117 0.000000 0.837309 0.000000 -0.546730 0.841245 0.841245 0.841245
11550.606445 0.000000 8080.991699 0.000000 0.769521 0.000000 0.638621 0.746459 0.746459 0.746459
11533.240234 0.000000 8064.221680 0.000000 0.730711 0.000000 0.682686 0.741919 0.741919 0.741919
11548.642578 0.000000 8096.167969 0.000000 0.880897 0.000000 -0.473308 0.830428 0.830428 0.830428
11553.110352 0.000000 8093.952637 0.000000 0.758389 0.000000 0.651802 0.753633 0.753633 0.753633
11550.165039 0.000000 8084.322266 0.000000 0.268800 0.000000 0.963196 0.698067 0.698067 0.698067
11467.259766 0.000000 8242.078125 0.000000 0.718661 0.000000 0.695361 0.735960 0.735960 0.735960
11491.049805 0.000000 8222.844727 0.000000 0.323741 0.000000 -0.946146 0.877339 0.877339 0.877339
11453.212891 0.000000 8156.728516 0.000000 0.549272 0.000000 0.835644 0.747244 0.747244 0.747244
11512.274414 0.000000 8209.538086 0.000000 0.884536 0.000000 -0.466471 0.809596 0.809596 0.809596
11461.541016 0.000000 8181.092285 0.000000 0.961902 0.000000 0.273393 0.798009 0.798009 0.798009
11491.253906 0.000000 8204.111328 0.000000 0.030787 0.000000 -0.999526 0.968859 0.968859 0.968859
11453.205078 0.000000 8210.963867 0.000000 0.655243 0.000000 0.755418 0.747154 0.747154 0.747154
11473.186523 0.000000 8188.291992 0.000000 0.916503 0.000000 0.400027 0.779780 0.779780 0.779780
11465.309570 0.000000 8168.794922 0.000000 0.438555 0.000000 0.898704 0.792639 0.792639 0.792639
11497.397461 0.000000 8179.619141 0.000000 0.162894 0.000000 -0.986644 0.813490 0.813490 0.813490
11456.215820 0.000000 8238.271484 0.000000 0.658043 0.000000 -0.752981 0.881224 0.881224 0.881224
11481.856445 0.000000 8196.975586 0.000000 0.628370 0.000000 -0.777915 0.856611 0.856611 0.856611
11478.690430 0.000000 8178.005859 0.000000 0.556071 0.000000 -0.831134 0.818812 0.818812 0.818812
11493.609375 0.000000 8232.324219 0.000000 0.376492 0.000000 0.926420 0.672929 0.672929 0.672929
11459.374023 0.000000 8203.845703 0.000000 0.988909 0.000000 -0.148526 0.812327 0.812327 0.812327
11486.716797 0.000000 8245.169922 0.000000 0.874876 0.000000 0.484347 0.790911 0.790911 0.790911
11453.911133 0.000000 8178.178223 0.000000 0.999842 0.000000 0.017794 0.799339 0.799339 0.799339
11470.939453 0.000000 8163.344238 0.000000 0.099394 0.000000 -0.995048 0.841432 0.841432 0.841432
11456.556641 0.000000 8187.719238 0.000000 0.199235 0.000000 0.979952 0.774549 0.774549 0.774549
11465.657227 0.000000 8187.041992 0.000000 0.558181 0.000000 -0.829719 0.809382 0.809382 0.809382
11506.779297 0.000000 8225.842773 0.000000 0.991150 0.000000 -0.132749 0.806621 0.806621 0.806621
11489.858398 0.000000 8179.554199 0.000000 0.822182 0.000000 -0.569225 0.835195 0.835195 0.835195
11487.709961 0.000000 8193.057617 0.000000 0.914356 0.000000 -0.404911 0.808243 0.808243 0.808243
11479.932617 0.000000 8190.229980 0.000000 0.941524 0.000000 -0.336945 0.815856 0.815856 0.815856
11497.049805 0.000000 8199.772461 0.000000 0.999915 0.000000 0.013058 0.799726 0.799726 0.799726
11458.582031 0.000000 8215.281250 0.000000 0.778620 0.000000 0.627496 0.766266 0.766266 0.766266
11486.836914 0.000000 8231.242188 0.000000 0.641919 0.000000 0.766773 0.706284 0.706284 0.706284
11472.580078 0.000000 8170.363770 0.000000 0.385038 0.000000 -0.922901 0.904949 0.904949 0.904949
11495.049805 0.000000 8173.438965 0.000000 0.231363 0.000000 0.972867 0.771154 0.771154 0.771154
11481.624023 0.000000 8172.169434 0.000000 0.566530 0.000000 -0.824041 0.813927 0.813927 0.813927
11465.612305 0.000000 8226.422852 0.000000 0.928072 0.000000 0.372402 0.787196 0.787196 0.787196
11454.924805 0.000000 8198.331055 0.000000 0.026551 0.000000 -0.999647 0.894377 0.894377 0.894377
11478.185547 0.000000 8184.233398 0.000000 0.851225 0.000000 -0.524801 0.809600 0.809600 0.809600
11463.711914 0.000000 8175.178711 0.000000 0.607823 0.000000 -0.794072 0.834083 0.834083 0.834083
11490.920898 0.000000 8198.045898 0.000000 0.522921 0.000000 0.852381 0.779822 0.779822 0.779822
11515.759766 0.000000 8247.012695 0.000000 0.985702 0.000000 -0.168499 0.803652 0.803652 0.803652
11484.075195 0.000000 8180.587891 0.000000 0.004717 0.000000 0.999989 0.769034 0.769034 0.769034
11463.954102 0.000000 8217.378906 0.000000 0.713671 0.000000 0.700481 0.748850 0.748850 0.748850
11480.619141 0.000000 8213.753906 0.000000 0.769877 0.000000 -0.638192 0.824468 0.824468 0.824468
11491.044922 0.000000 8217.407227 0.000000 0.621825 0.000000 0.783156 0.759568 0.759568 0.759568
11465.659180 0.000000 8163.060059 0.000000 0.899985 0.000000 -0.435920 0.808648 0.808648 0.808648
11456.486328 0.000000 8243.348633 0.000000 0.544039 0.000000 -0.839060 0.862633 0.862633 0.862633
11493.269531 0.000000 8227.437500 0.000000 0.677978 0.000000 -0.735083 0.855416 0.855416 0.855416
11496.491211 0.000000 8241.334961 0.000000 0.900370 0.000000 -0.435126 0.822388 0.822388 0.822388
11461.243164 0.000000 8189.661133 0.000000 0.637525 0.000000 -0.770430 0.820552 0.820552 0.820552
11476.670898 0.000000 8173.627930 0.000000 0.965871 0.000000 -0.259025 0.824804 0.824804 0.824804
11487.183594 0.000000 8236.294922 0.000000 0.954806 0.000000 -0.297230 0.818987 0.818987 0.818987
11450.175781 0.000000 8180.867676 0.000000 0.296733 0.000000 0.954960 0.723934 0.723934 0.723934
11452.415039 0.000000 8225.644531 0.000000 0.079003 0.000000 -0.996874 0.842902 0.842902 0.842902
11468.453125 0.000000 8172.183105 0.000000 0.241356 0.000000 -0.970437 0.872356 0.872356 0.872356
11456.556641 0.000000 8159.693359 0.000000 0.889842 0.000000 0.456269 0.776154 0.776154 0.776154
11492.212891 0.000000 8243.381836 0.000000 0.814577 0.000000 0.580056 0.783686 0.783686 0.783686
11470.809570 0.000000 8225.006836 0.000000 0.983469 0.000000 0.181075 0.795418 0.795418 0.795418
11469.416992 0.000000 8167.459473 0.000000 0.233913 0.000000 0.972258 0.758415 0.758415 0.758415
11475.878906 0.000000 8191.713379 0.000000 0.475253 0.000000 -0.879849 0.867021 0.867021 0.867021
11483.261719 0.000000 8192.892578 0.000000 0.260581 0.000000 0.965452 0.766322 0.766322 0.766322
11491.306641 0.000000 8175.510254 0.000000 0.677406 0.000000 0.735609 0.778704 0.778704 0.778704
11493.469727 0.000000 8209.052734 0.000000 0.624286 0.000000 -0.781196 0.858018 0.858018 0.858018
11488.961914 0.000000 8227.516602 0.000000 0.509962 0.000000 -0.860197 0.873844 0.873844 0.873844
11476.497070 0.000000 8212.574219 0.000000 0.430223 0.000000 -0.902723 0.870169 0.870169 0.870169
11507.677734 0.000000 8240.977539 0.000000 0.419799 0.000000 -0.907617 0.874976 0.874976 0.874976
11442.545898 0.000000 8180.380371 0.000000 0.704601 0.000000 0.709604 0.766910 0.766910 0.766910
11479.097656 0.000000 8194.180664 0.000000 0.998838 0.000000 0.048188 0.797169 0.797169 0.797169
11455.734375 0.000000 8202.403320 0.000000 0.302867 0.000000 -0.953033 0.842381 0.842381 0.842381
11491.072266 0.000000 8213.601562 0.000000 0.979378 0.000000 -0.202039 0.810970 0.810970 0.810970
11489.982422 0.000000 8233.312500 0.000000 0.490157 0.000000 0.871634 0.709938 0.709938 0.709938
11450.701172 0.000000 8222.434570 0.000000 0.636216 0.000000 -0.771511 0.851216 0.851216 0.851216
11497.543945 0.000000 8175.995605 0.000000 0.450764 0.000000 -0.892643 0.842964 0.842964 0.842964
11476.107422 0.000000 8169.744629 0.000000 0.049449 0.000000 0.998777 0.708846 0.708846 0.708846
11466.583984 0.000000 8202.122070 0.000000 0.296258 0.000000 0.955108 0.642481 0.642481 0.642481
11474.248047 0.000000 8247.333008 0.000000 0.607455 0.000000 0.794354 0.743899 0.743899 0.743899
11488.917969 0.000000 8242.468750 0.000000 0.831410 0.000000 -0.555659 0.833182 0.833182 0.833182
11479.213867 0.000000 8210.437500 0.000000 0.186005 0.000000 0.982549 0.744452 0.744452 0.744452
11471.830078 0.000000 8173.804199 0.000000 0.874876 0.000000 -0.484347 0.832719 0.832719 0.832719
11491.074219 0.000000 8230.139648 0.000000 0.585235 0.000000 -0.810864 0.897454 0.897454 0.897454
11452.736328 0.000000 8184.757812 0.000000 0.998001 0.000000 -0.063197 0.802766 0.802766 0.802766
11463.267578 0.000000 8178.392578 0.000000 0.610875 0.000000 0.791727 0.743616 0.743616 0.743616
11450.265625 0.000000 8157.836426 0.000000 1.000000 0.000000 -0.000240 0.800011 0.800011 0.800011
11505.926758 0.000000 8228.908203 0.000000 0.957091 0.000000 -0.289787 0.822196 0.822196 0.822196
11493.740234 0.000000 8205.959961 0.000000 0.612085 0.000000 -0.790792 0.885801 0.885801 0.885801
11458.464844 0.000000 8240.546875 0.000000 0.979618 0.000000 -0.200871 0.810058 0.810058 0.810058
11499.810547 0.000000 8217.817383 0.000000 0.355161 0.000000 -0.934805 0.933147 0.933147 0.933147
11453.152344 0.000000 8181.000000 0.000000 0.013005 0.000000 0.999915 0.716929 0.716929 0.716929
11468.371094 0.000000 8162.032227 0.000000 0.985605 0.000000 0.169064 0.789312 0.789312 0.789312
11495.779297 0.000000 8238.556641 0.000000 0.421248 0.000000 0.906945 0.698584 0.698584 0.698584
11488.832031 0.000000 8224.626953 0.000000 0.950801 0.000000 -0.309803 0.822459 0.822459 0.822459
11156.447266 0.000000 8249.401367 0.000000 0.083247 0.000000 0.996529 0.761677 0.761677 0.761677
11178.030273 0.000000 8293.030273 0.000000 0.478514 0.000000 -0.878080 0.834680 0.834680 0.834680
11183.497070 0.000000 8339.664062 0.000000 0.250596 0.000000 -0.968092 0.837102 0.837102 0.837102
11182.743164 0.000000 8336.482422 0.000000 0.903664 0.000000 0.428242 0.778257 0.778257 0.778257
10975.843750 0.000000 8603.939453 0.000000 0.804352 0.000000 0.594153 0.783990 0.783990 0.783990
11231.047852 0.000000 8490.764648 0.000000 0.999059 0.000000 0.043375 0.799714 0.799714 0.799714
11184.385742 0.000000 8507.649414 0.000000 0.916486 0.000000 -0.400067 0.805179 0.805179 0.805179
11219.069336 0.000000 8495.944336 0.000000 0.962798 0.000000 -0.270222 0.810985 0.810985 0.810985
11199.392578 0.000000 8494.980469 0.000000 0.625145 0.000000 0.780509 0.776929 0.776929 0.776929
11175.559570 0.000000 8493.125977 0.000000 0.872210 0.000000 0.489132 0.767846 0.767846 0.767846
11170.712891 0.000000 8500.521484 0.000000 0.504964 0.000000 0.863140 0.753199 0.753199 0.753199
11186.553711 0.000000 8505.193359 0.000000 0.823250 0.000000 -0.567679 0.840873 0.840873 0.840873
11203.528320 0.000000 8515.207031 0.000000 0.914591 0.000000 -0.404380 0.817959 0.817959 0.817959
11217.960938 0.000000 8520.731445 0.000000 0.992684 0.000000 -0.120741 0.808485 0.808485 0.808485
11214.552734 0.000000 8519.783203 0.000000 0.483250 0.000000 0.875483 0.718211 0.718211 0.718211
11174.989258 0.000000 8613.240234 0.000000 0.999555 0.000000 -0.029839 0.801055 0.801055 0.801055
11198.536133 0.000000 8533.069336 0.000000 0.333009 0.000000 0.942924 0.772703 0.772703 0.772703
11170.498047 0.000000 8620.930664 0.000000 0.983576 0.000000 -0.180493 0.809243 0.809243 0.809243
11172.441406 0.000000 8615.931641 0.000000 0.690819 0.000000 -0.723028 0.833897 0.833897 0.833897
10793.132812 0.000000 8704.413086 0.000000 0.331737 0.000000 0.943372 0.782274 0.782274 0.782274
10839.414062 0.000000 8996.261719 0.000000 0.828141 0.000000 0.560519 0.751871 0.751871 0.751871
10847.571289 0.000000 8968.948242 0.000000 0.162613 0.000000 0.986690 0.690370 0.690370 0.690370
10854.680664 0.000000 8966.541016 0.000000 0.731335 0.000000 0.682018 0.741091 0.741091 0.741091
10853.094727 0.000000 8953.591797 0.000000 0.539744 0.000000 0.841829 0.723255 0.723255 0.723255
10841.811523 0.000000 8986.412109 0.000000 0.212490 0.000000 -0.977163 0.855276 0.855276 0.855276
10850.800781 0.000000 8962.542969 0.000000 0.551916 0.000000 -0.833900 0.876222 0.876222 0.876222
10842.421875 0.000000 8980.846680 0.000000 0.866928 0.000000 0.498434 0.758731 0.758731 0.758731
10840.295898 0.000000 8991.272461 0.000000 0.762353 0.000000 0.647161 0.766683 0.766683 0.766683
10853.161133 0.000000 8971.343750 0.000000 0.730567 0.000000 0.682841 0.741002 0.741002 0.741002
10851.253906 0.000000 8942.768555 0.000000 0.395051 0.000000 0.918659 0.772784 0.772784 0.772784
10851.083984 0.000000 8957.710938 0.000000 0.625231 0.000000 -0.780439 0.868669 0.868669 0.868669
10836.017578 0.000000 8993.319336 0.000000 0.176196 0.000000 0.984355 0.749062 0.749062 0.749062
10846.647461 0.000000 8977.992188 0.000000 0.783428 0.000000 0.621482 0.777900 0.777900 0.777900
10846.791992 0.000000 8973.576172 0.000000 0.841901 0.000000 -0.539632 0.844740 0.844740 0.844740
10848.724609 0.000000 8953.997070 0.000000 0.096450 0.000000 0.995338 0.687821 0.687821 0.687821
10843.193359 0.000000 8994.067383 0.000000 0.107496 0.000000 -0.994206 0.918347 0.918347 0.918347
10850.932617 0.000000 8967.190430 0.000000 0.745418 0.000000 -0.666597 0.856833 0.856833 0.856833
10851.388672 0.000000 8950.519531 0.000000 0.277830 0.000000 0.960630 0.701894 0.701894 0.701894
10854.522461 0.000000 8962.934570 0.000000 0.253344 0.000000 -0.967376 0.902402 0.902402 0.902402
10841.748047 0.000000 8998.946289 0.000000 0.652544 0.000000 -0.757751 0.870068 0.870068 0.870068
10849.775391 0.000000 8971.620117 0.000000 0.681488 0.000000 0.731829 0.735558 0.735558 0.735558
10842.992188 0.000000 8989.442383 0.000000 0.157622 0.000000 -0.987500 0.882095 0.882095 0.882095
10840.784180 0.000000 8983.476562 0.000000 0.813607 0.000000 0.581415 0.755016 0.755016 0.755016
10843.858398 0.000000 8983.584961 0.000000 0.995837 0.000000 -0.091154 0.807274 0.807274 0.807274
10852.913086 0.000000 8960.205078 0.000000 0.964444 0.000000 -0.264286 0.820673 0.820673 0.820673
10837.383789 0.000000 8990.581055 0.000000 0.883666 0.000000 -0.468117 0.834151 0.834151 0.834151
10849.251953 0.000000 8960.013672 0.000000 0.324683 0.000000 -0.945823 0.895853 0.895853 0.895853
10839.583984 0.000000 8988.494141 0.000000 0.993465 0.000000 -0.114135 0.809115 0.809115 0.809115
10843.825195 0.000000 8978.433594 0.000000 0.303372 0.000000 0.952872 0.700143 0.700143 0.700143
10852.581055 0.000000 8973.986328 0.000000 0.905737 0.000000 0.423839 0.768531 0.768531 0.768531
10852.398438 0.000000 8964.907227 0.000000 0.974284 0.000000 0.225325 0.782297 0.782297 0.782297
10838.738281 0.000000 8993.552734 0.000000 0.404710 0.000000 0.914445 0.707336 0.707336 0.707336
10851.097656 0.000000 8947.917969 0.000000 0.911500 0.000000 0.411301 0.772062 0.772062 0.772062
10845.372070 0.000000 8975.780273 0.000000 0.932659 0.000000 0.360758 0.771030 0.771030 0.771030
10850.943359 0.000000 8955.157227 0.000000 0.566808 0.000000 -0.823850 0.874253 0.874253 0.874253
10844.205078 0.000000 8973.405273 0.000000 0.945370 0.000000 0.325999 0.773935 0.773935 0.773935
10846.377930 0.000000 8971.128906 0.000000 0.991919 0.000000 0.126873 0.790015 0.790015 0.790015
10848.660156 0.000000 8957.436523 0.000000 0.977084 0.000000 0.212852 0.783550 0.783550 0.783550
11084.405273 0.000000 8672.556641 0.000000 0.423138 0.000000 0.906065 0.778939 0.778939 0.778939
11171.986328 0.000000 8625.439453 0.000000 0.902229 0.000000 0.431258 0.795191 0.795191 0.795191
11168.207031 0.000000 8654.067383 0.000000 0.789262 0.000000 -0.614057 0.806339 0.806339 0.806339
11163.913086 0.000000 8673.285156 0.000000 0.384652 0.000000 0.923062 0.723903 0.723903 0.723903
11170.151367 0.000000 8660.583008 0.000000 0.999976 0.000000 -0.006958 0.800129 0.800129 0.800129
11166.090820 0.000000 8714.277344 0.000000 0.393523 0.000000 -0.919315 0.829351 0.829351 0.829351
11160.005859 0.000000 8671.716797 0.000000 0.990377 0.000000 0.138398 0.792180 0.792180 0.792180
11166.800781 0.000000 8657.833008 0.000000 0.969343 0.000000 0.245712 0.782448 0.782448 0.782448
11160.423828 0.000000 8706.917969 0.000000 0.929329 0.000000 0.369252 0.780965 0.780965 0.780965
11162.647461 0.000000 8656.341797 0.000000 0.564052 0.000000 -0.825739 0.865195 0.865195 0.865195
11165.301758 0.000000 8654.986328 0.000000 0.266210 0.000000 -0.963915 0.878752 0.878752 0.878752
11416.576172 0.000000 8337.791992 0.000000 0.778367 0.000000 -0.627809 0.822367 0.822367 0.822367
11355.691406 0.000000 8279.098633 0.000000 0.839820 0.000000 0.542866 0.779714 0.779714 0.779714
11409.038086 0.000000 8302.627930 0.000000 0.423529 0.000000 0.905882 0.742273 0.742273 0.742273
11425.853516 0.000000 8307.326172 0.000000 0.504703 0.000000 0.863293 0.702626 0.702626 0.702626
11424.330078 0.000000 8333.921875 0.000000 0.206936 0.000000 0.978355 0.770614 0.770614 0.770614
11362.814453 0.000000 8281.461914 0.000000 0.981474 0.000000 0.191596 0.797574 0.797574 0.797574
11417.133789 0.000000 8310.345703 0.000000 0.325027 0.000000 -0.945705 0.865369 0.865369 0.865369
11431.754883 0.000000 8331.253906 0.000000 0.950163 0.000000 -0.311753 0.812727 0.812727 0.812727
11419.126953 0.000000 8323.295898 0.000000 0.780610 0.000000 -0.625018 0.832767 0.832767 0.832767
11413.253906 0.000000 8306.347656 0.000000 0.439323 0.000000 -0.898329 0.871545 0.871545 0.871545
11417.297852 0.000000 8342.875977 0.000000 0.969997 0.000000 -0.243118 0.805003 0.805003 0.805003
11415.614258 0.000000 8315.148438 0.000000 0.191499 0.000000 0.981493 0.751282 0.751282 0.751282
11411.912109 0.000000 8338.199219 0.000000 0.281879 0.000000 0.959450 0.765352 0.765352 0.765352
11419.513672 0.000000 8333.767578 0.000000 0.779799 0.000000 -0.626030 0.814997 0.814997 0.814997
11422.422852 0.000000 8329.759766 0.000000 0.896485 0.000000 0.443074 0.776347 0.776347 0.776347
11428.521484 0.000000 8322.819336 0.000000 0.965889 0.000000 -0.258956 0.823385 0.823385 0.823385
11411.177734 0.000000 8297.801758 0.000000 0.499473 0.000000 -0.866329 0.836413 0.836413 0.836413
11416.953125 0.000000 8319.790039 0.000000 0.839559 0.000000 0.543269 0.771094 0.771094 0.771094
11413.646484 0.000000 8341.573242 0.000000 0.990178 0.000000 -0.139809 0.806387 0.806387 0.806387
11413.385742 0.000000 8310.995117 0.000000 0.922819 0.000000 0.385233 0.782466 0.782466 0.782466
11421.823242 0.000000 8326.121094 0.000000 0.789545 0.000000 0.613693 0.741408 0.741408 0.741408
11416.314453 0.000000 8332.347656 0.000000 0.140793 0.000000 -0.990039 0.871092 0.871092 0.871092
11419.109375 0.000000 8339.609375 0.000000 0.785372 0.000000 0.619024 0.766405 0.766405 0.766405
11409.037109 0.000000 8299.660156 0.000000 0.720206 0.000000 -0.693760 0.855585 0.855585 0.855585
11414.851562 0.000000 8308.711914 0.000000 0.381207 0.000000 -0.924490 0.912388 0.912388 0.912388
11420.073242 0.000000 8331.062500 0.000000 0.795782 0.000000 -0.605583 0.845212 0.845212 0.845212
11420.231445 0.000000 8328.249023 0.000000 1.000000 0.000000 -0.000061 0.800006 0.800006 0.800006
11428.105469 0.000000 8325.253906 0.000000 0.899547 0.000000 -0.436825 0.835754 0.835754 0.835754
11319.782227 0.000000 8375.207031 0.000000 0.042800 0.000000 0.999084 0.779859 0.779859 0.779859
11316.912109 0.000000 8368.036133 0.000000 0.999965 0.000000 -0.008366 0.800356 0.800356 0.800356
11307.565430 0.000000 8360.922852 0.000000 0.994653 0.000000 0.103278 0.797272 0.797272 0.797272
11330.458984 0.000000 8382.987305 0.000000 0.054770 0.000000 0.998499 0.758216 0.758216 0.758216
11297.804688 0.000000 8363.082031 0.000000 0.577878 0.000000 -0.816123 0.822880 0.822880 0.822880
11326.514648 0.000000 8392.066406 0.000000 0.510094 0.000000 -0.860118 0.883760 0.883760 0.883760
11304.053711 0.000000 8377.244141 0.000000 0.275560 0.000000 -0.961284 0.831730 0.831730 0.831730
11316.135742 0.000000 8372.920898 0.000000 0.420751 0.000000 0.907176 0.694449 0.694449 0.694449
11330.662109 0.000000 8390.178711 0.000000 0.569702 0.000000 0.821851 0.760697 0.760697 0.760697
11313.013672 0.000000 8370.026367 0.000000 0.709065 0.000000 -0.705143 0.870808 0.870808 0.870808
11310.059570 0.000000 8363.479492 0.000000 0.554283 0.000000 -0.832328 0.837117 0.837117 0.837117
11335.968750 0.000000 8396.666016 0.000000 0.375253 0.000000 0.926922 0.703346 0.703346 0.703346
11423.449219 0.000000 8344.156250 0.000000 0.203979 0.000000 -0.978975 0.856448 0.856448 0.856448
11354.767578 0.000000 8386.019531 0.000000 0.881724 0.000000 0.471766 0.749074 0.749074 0.749074
11428.368164 0.000000 8362.869141 0.000000 0.998556 0.000000 -0.053722 0.800386 0.800386 0.800386
11379.444336 0.000000 8375.776367 0.000000 0.050978 0.000000 0.998700 0.779056 0.779056 0.779056
11415.693359 0.000000 8362.810547 0.000000 0.930709 0.000000 0.365759 0.798654 0.798654 0.798654
11366.543945 0.000000 8382.010742 0.000000 0.946334 0.000000 0.323191 0.795070 0.795070 0.795070
11388.114258 0.000000 8384.459961 0.000000 0.524644 0.000000 -0.851322 0.846379 0.846379 0.846379
11420.271484 0.000000 8353.758789 0.000000 0.849625 0.000000 -0.527388 0.803329 0.803329 0.803329
11365.631836 0.000000 8391.330078 0.000000 0.890599 0.000000 -0.454789 0.819802 0.819802 0.819802
11354.899414 0.000000 8406.776367 0.000000 0.973954 0.000000 -0.226746 0.803700 0.803700 0.803700
11376.092773 0.000000 8364.038086 0.000000 0.236320 0.000000 -0.971675 0.807982 0.807982 0.807982
11350.498047 0.000000 8398.776367 0.000000 0.055401 0.000000 -0.998464 0.920759 0.920759 0.920759
11347.236328 0.000000 8386.245117 0.000000 0.976949 0.000000 0.213472 0.791493 0.791493 0.791493
11361.182617 0.000000 8385.815430 0.000000 0.840131 0.000000 0.542384 0.791069 0.791069 0.791069
11370.575195 0.000000 8386.941406 0.000000 0.999563 0.000000 -0.029568 0.803136 0.803136 0.803136
11418.393555 0.000000 8347.866211 0.000000 0.776703 0.000000 0.629866 0.770197 0.770197 0.770197
11372.001953 0.000000 8393.046875 0.000000 0.677405 0.000000 -0.735611 0.812381 0.812381 0.812381
11417.750977 0.000000 8357.922852 0.000000 0.200707 0.000000 0.979651 0.735212 0.735212 0.735212
11347.406250 0.000000 8362.222656 0.000000 0.514193 0.000000 -0.857675 0.822851 0.822851 0.822851
11375.267578 0.000000 8396.224609 0.000000 0.455984 0.000000 0.889988 0.743457 0.743457 0.743457
11358.672852 0.000000 8413.128906 0.000000 0.990188 0.000000 -0.139741 0.812097 0.812097 0.812097
11351.404297 0.000000 8424.619141 0.000000 0.885782 0.000000 -0.464101 0.819375 0.819375 0.819375
11414.007812 0.000000 8370.745117 0.000000 0.998233 0.000000 0.059425 0.797292 0.797292 0.797292
11370.232422 0.000000 8380.237305 0.000000 0.090889 0.000000 0.995861 0.735275 0.735275 0.735275
11347.047852 0.000000 8401.662109 0.000000 0.814727 0.000000 -0.579844 0.826684 0.826684 0.826684
11354.765625 0.000000 8389.947266 0.000000 0.997842 0.000000 0.065667 0.796456 0.796456 0.796456
11369.356445 0.000000 8390.454102 0.000000 0.729426 0.000000 0.684060 0.751253 0.751253 0.751253
11422.072266 0.000000 8347.588867 0.000000 0.005072 0.000000 -0.999987 0.871298 0.871298 0.871298
11372.841797 0.000000 8389.606445 0.000000 0.993336 0.000000 0.115252 0.787750 0.787750 0.787750
11369.622070 0.000000 8383.605469 0.000000 0.235121 0.000000 0.971966 0.743273 0.743273 0.743273
11373.234375 0.000000 8384.772461 0.000000 0.873055 0.000000 -0.487622 0.823805 0.823805 0.823805
11363.250977 0.000000 8383.072266 0.000000 0.987803 0.000000 0.155707 0.789883 0.789883 0.789883
11374.822266 0.000000 8399.671875 0.000000 0.028152 0.000000 0.999604 0.663203 0.663203 0.663203
11425.160156 0.000000 8346.801758 0.000000 0.647093 0.000000 -0.762411 0.847274 0.847274 0.847274
11353.546875 0.000000 8398.609375 0.000000 0.216430 0.000000 0.976298 0.712470 0.712470 0.712470
11365.231445 0.000000 8394.112305 0.000000 0.289100 0.000000 0.957299 0.725752 0.725752 0.725752
11377.205078 0.000000 8398.109375 0.000000 0.999521 0.000000 0.030940 0.797979 0.797979 0.797979
11479.762695 0.000000 8251.842773 0.000000 0.968388 0.000000 -0.249450 0.806949 0.806949 0.806949
11497.241211 0.000000 8252.352539 0.000000 0.943123 0.000000 0.332443 0.796548 0.796548 0.796548
11471.312500 0.000000 8252.834961 0.000000 0.916527 0.000000 -0.399972 0.819231 0.819231 0.819231
11257.208008 0.000000 8522.585938 0.000000 0.999808 0.000000 -0.019603 0.800482 0.800482 0.800482
11283.738281 0.000000 8510.660156 0.000000 0.679431 0.000000 -0.733740 0.830603 0.830603 0.830603
11330.173828 0.000000 8466.867188 0.000000 0.515018 0.000000 -0.857180 0.827148 0.827148 0.827148
11307.436523 0.000000 8494.580078 0.000000 0.130310 0.000000 0.991473 0.790508 0.790508 0.790508
11298.382812 0.000000 8496.673828 0.000000 0.592965 0.000000 0.805228 0.743914 0.743914 0.743914
11273.041016 0.000000 8527.844727 0.000000 0.120265 0.000000 -0.992742 0.882549 0.882549 0.882549
11287.744141 0.000000 8504.955078 0.000000 0.941786 0.000000 -0.336214 0.832256 0.832256 0.832256
11331.017578 0.000000 8488.225586 0.000000 0.455497 0.000000 0.890237 0.786844 0.786844 0.786844
11329.754883 0.000000 8460.498047 0.000000 0.225489 0.000000 -0.974246 0.893368 0.893368 0.893368
11332.096680 0.000000 8450.071289 0.000000 0.423315 0.000000 0.905983 0.770112 0.770112 0.770112
11319.511719 0.000000 8493.832031 0.000000 0.647508 0.000000 -0.762059 0.866454 0.866454 0.866454
11339.805664 0.000000 8484.692383 0.000000 0.723834 0.000000 0.689974 0.785400 0.785400 0.785400
11283.325195 0.000000 8506.233398 0.000000 0.132133 0.000000 -0.991232 0.845674 0.845674 0.845674
11336.311523 0.000000 8493.549805 0.000000 0.122632 0.000000 0.992452 0.746214 0.746214 0.746214
11311.320312 0.000000 8491.967773 0.000000 0.598628 0.000000 -0.801027 0.837851 0.837851 0.837851
11337.376953 0.000000 8479.333984 0.000000 0.643339 0.000000 -0.765582 0.874710 0.874710 0.874710
11333.049805 0.000000 8491.230469 0.000000 0.367649 0.000000 -0.929965 0.875854 0.875854 0.875854
11328.166992 0.000000 8463.827148 0.000000 0.737221 0.000000 0.675651 0.758218 0.758218 0.758218
11266.183594 0.000000 8522.189453 0.000000 0.971546 0.000000 0.236850 0.784813 0.784813 0.784813
11272.551758 0.000000 8524.447266 0.000000 0.958496 0.000000 0.285107 0.786142 0.786142 0.786142
11341.529297 0.000000 8457.206055 0.000000 0.775512 0.000000 0.631333 0.743094 0.743094 0.743094
11335.968750 0.000000 8490.408203 0.000000 0.230926 0.000000 -0.972971 0.911416 0.911416 0.911416
11274.871094 0.000000 8525.988281 0.000000 0.569005 0.000000 0.822334 0.730001 0.730001 0.730001
11342.825195 0.000000 8455.331055 0.000000 0.928796 0.000000 0.370592 0.792038 0.792038 0.792038
11347.094727 0.000000 8441.769531 0.000000 0.994009 0.000000 0.109295 0.791076 0.791076 0.791076
11276.212891 0.000000 8532.326172 0.000000 0.915157 0.000000 -0.403097 0.811684 0.811684 0.811684
10843.316406 0.000000 9010.897461 0.000000 0.994299 0.000000 -0.106630 0.806785 0.806785 0.806785
10841.045898 0.000000 9002.290039 0.000000 0.718031 0.000000 -0.696011 0.863192 0.863192 0.863192
10845.449219 0.000000 9017.615234 0.000000 0.045099 0.000000 -0.998982 0.846621 0.846621 0.846621
10855.591797 0.000000 9025.496094 0.000000 0.165024 0.000000 0.986290 0.706555 0.706555 0.706555
10845.902344 0.000000 9005.452148 0.000000 0.483117 0.000000 0.875556 0.784023 0.784023 0.784023
10866.060547 0.000000 9026.239258 0.000000 0.485178 0.000000 0.874415 0.774494 0.774494 0.774494
10840.041016 0.000000 9007.139648 0.000000 0.159773 0.000000 0.987154 0.693526 0.693526 0.693526
10820.475586 0.000000 9017.307617 0.000000 0.785422 0.000000 0.618960 0.777606 0.777606 0.777606
10869.013672 0.000000 9069.882812 0.000000 0.911221 0.000000 -0.411917 0.808395 0.808395 0.808395
10861.508789 0.000000 9034.608398 0.000000 0.323975 0.000000 -0.946066 0.862453 0.862453 0.862453
10849.291016 0.000000 9020.116211 0.000000 0.979788 0.000000 0.200039 0.791432 0.791432 0.791432
10852.286133 0.000000 9022.896484 0.000000 0.584859 0.000000 0.811135 0.760886 0.760886 0.760886
10857.300781 0.000000 9039.882812 0.000000 0.843654 0.000000 0.536888 0.781663 0.781663 0.781663
10866.896484 0.000000 9029.633789 0.000000 0.572549 0.000000 -0.819871 0.862199 0.862199 0.862199
10843.273438 0.000000 9007.662109 0.000000 0.269293 0.000000 -0.963058 0.887114 0.887114 0.887114
10848.768555 0.000000 9017.199219 0.000000 0.868547 0.000000 -0.495607 0.826098 0.826098 0.826098
10842.319336 0.000000 9004.962891 0.000000 0.266660 0.000000 0.963791 0.693216 0.693216 0.693216
10840.221680 0.000000 9010.152344 0.000000 0.908322 0.000000 0.418272 0.773885 0.773885 0.773885
10842.638672 0.000000 9000.086914 0.000000 0.446696 0.000000 -0.894686 0.872345 0.872345 0.872345
"}
