object={
	name="tree_pine_impassable_01_a_generator_1_0"
	render_pass=Map
	clamp_to_water_level=no
	generated_content=yes
	layer="tree_high_layer"
	pdxmesh="tree_pine_impassable_01_a_mesh"
	count=1423
	transform="5145.047852 0.000000 10575.828125 0.000000 0.857896 0.000000 -0.513823 0.400000 0.400000 0.400000
5150.640137 0.000000 10563.310547 0.000000 0.573469 0.000000 0.819227 0.400000 0.400000 0.400000
5137.042480 0.000000 10579.068359 0.000000 0.579907 0.000000 0.814683 0.400000 0.400000 0.400000
5146.115234 0.000000 10568.583008 0.000000 0.359443 0.000000 0.933167 0.400000 0.400000 0.400000
5214.193848 0.000000 10556.908203 0.000000 0.953786 0.000000 0.300485 0.400000 0.400000 0.400000
5172.567383 0.000000 10559.833008 0.000000 0.844564 0.000000 0.535454 0.400000 0.400000 0.400000
5229.991699 0.000000 10556.551758 0.000000 0.996909 0.000000 -0.078560 0.400000 0.400000 0.400000
5132.797363 0.000000 10625.019531 0.000000 0.910523 0.000000 -0.413460 0.400000 0.400000 0.400000
5125.043457 0.000000 10604.514648 0.000000 0.365177 0.000000 -0.930938 0.400000 0.400000 0.400000
5122.928711 0.000000 10616.916016 0.000000 0.149657 0.000000 -0.988738 0.400000 0.400000 0.400000
5139.236816 0.000000 10660.729492 0.000000 0.602271 0.000000 -0.798292 0.400000 0.400000 0.400000
5124.905273 0.000000 10623.980469 0.000000 0.704661 0.000000 0.709544 0.400000 0.400000 0.400000
5127.948242 0.000000 10630.492188 0.000000 0.780440 0.000000 0.625231 0.400000 0.400000 0.400000
5118.286133 0.000000 10622.582031 0.000000 0.999929 0.000000 0.011901 0.400000 0.400000 0.400000
5126.973633 0.000000 10592.971680 0.000000 0.971135 0.000000 0.238532 0.400000 0.400000 0.400000
5154.613770 0.000000 10655.666992 0.000000 0.812466 0.000000 -0.583009 0.400000 0.400000 0.400000
5153.171875 0.000000 10632.421875 0.000000 0.353624 0.000000 0.935388 0.400000 0.400000 0.400000
5151.839844 0.000000 10637.921875 0.000000 0.947910 0.000000 -0.318538 0.400000 0.400000 0.400000
5180.814941 0.000000 10618.388672 0.000000 0.949839 0.000000 -0.312741 0.400000 0.400000 0.400000
5218.785645 0.000000 10604.514648 0.000000 0.888245 0.000000 0.459370 0.400000 0.400000 0.400000
5205.313477 0.000000 10623.507812 0.000000 0.540070 0.000000 0.841620 0.400000 0.400000 0.400000
5210.526855 0.000000 10641.408203 0.000000 0.991419 0.000000 -0.130723 0.400000 0.400000 0.400000
5184.583496 0.000000 10606.091797 0.000000 0.300838 0.000000 -0.953675 0.400000 0.400000 0.400000
5216.670898 0.000000 10616.916016 0.000000 0.505007 0.000000 0.863115 0.400000 0.400000 0.400000
5214.306641 0.000000 10630.352539 0.000000 0.986775 0.000000 -0.162097 0.400000 0.400000 0.400000
5197.963867 0.000000 10615.302734 0.000000 0.819452 0.000000 -0.573148 0.400000 0.400000 0.400000
5234.218262 0.000000 10637.148438 0.000000 0.998857 0.000000 0.047798 0.400000 0.400000 0.400000
5189.108398 0.000000 10613.850586 0.000000 0.961300 0.000000 -0.275502 0.400000 0.400000 0.400000
5205.140625 0.000000 10652.744141 0.000000 0.960914 0.000000 0.276848 0.400000 0.400000 0.400000
5238.868652 0.000000 10650.880859 0.000000 0.474662 0.000000 -0.880168 0.400000 0.400000 0.400000
5218.647461 0.000000 10623.980469 0.000000 0.189860 0.000000 0.981811 0.400000 0.400000 0.400000
5241.927734 0.000000 10639.176758 0.000000 0.493580 0.000000 -0.869700 0.400000 0.400000 0.400000
5209.131836 0.000000 10616.851562 0.000000 0.905992 0.000000 0.423295 0.400000 0.400000 0.400000
5223.669922 0.000000 10617.848633 0.000000 0.344665 0.000000 0.938726 0.400000 0.400000 0.400000
5206.983398 0.000000 10630.354492 0.000000 0.935521 0.000000 0.353271 0.400000 0.400000 0.400000
5164.412598 0.000000 10641.871094 0.000000 0.535985 0.000000 0.844227 0.400000 0.400000 0.400000
5247.041016 0.000000 10616.190430 0.000000 0.196531 0.000000 -0.980498 0.400000 0.400000 0.400000
5214.323242 0.000000 10610.735352 0.000000 0.396541 0.000000 -0.918017 0.400000 0.400000 0.400000
5212.028320 0.000000 10622.582031 0.000000 0.472708 0.000000 0.881219 0.400000 0.400000 0.400000
5237.774902 0.000000 10644.295898 0.000000 0.215655 0.000000 -0.976470 0.400000 0.400000 0.400000
5204.334473 0.000000 10639.916992 0.000000 0.760861 0.000000 0.648915 0.400000 0.400000 0.400000
5234.883789 0.000000 10610.771484 0.000000 0.651482 0.000000 0.758664 0.400000 0.400000 0.400000
5183.590820 0.000000 10636.753906 0.000000 0.831192 0.000000 0.555985 0.400000 0.400000 0.400000
5228.562988 0.000000 10640.951172 0.000000 0.931153 0.000000 0.364630 0.400000 0.400000 0.400000
5215.594727 0.000000 10656.614258 0.000000 0.999220 0.000000 -0.039500 0.400000 0.400000 0.400000
5247.092773 0.000000 10651.676758 0.000000 0.212028 0.000000 0.977264 0.400000 0.400000 0.400000
5229.015137 0.000000 10634.269531 0.000000 0.024660 0.000000 0.999696 0.400000 0.400000 0.400000
5210.194336 0.000000 10635.342773 0.000000 0.930392 0.000000 0.366567 0.400000 0.400000 0.400000
5203.348633 0.000000 10617.884766 0.000000 0.201190 0.000000 0.979552 0.400000 0.400000 0.400000
5185.018066 0.000000 10642.859375 0.000000 0.095375 0.000000 0.995441 0.400000 0.400000 0.400000
5226.269531 0.000000 10649.902344 0.000000 0.638441 0.000000 0.769671 0.400000 0.400000 0.400000
5241.529785 0.000000 10619.856445 0.000000 0.479647 0.000000 0.877461 0.400000 0.400000 0.400000
5219.569824 0.000000 10652.014648 0.000000 0.213401 0.000000 0.976965 0.400000 0.400000 0.400000
5199.893066 0.000000 10651.050781 0.000000 0.763243 0.000000 -0.646111 0.400000 0.400000 0.400000
5210.318359 0.000000 10654.704102 0.000000 0.288928 0.000000 0.957351 0.400000 0.400000 0.400000
5237.216797 0.000000 10632.799805 0.000000 0.935377 0.000000 -0.353652 0.400000 0.400000 0.400000
5246.562988 0.000000 10640.762695 0.000000 0.994891 0.000000 0.100954 0.400000 0.400000 0.400000
5180.516113 0.000000 10626.958008 0.000000 0.349351 0.000000 0.936992 0.400000 0.400000 0.400000
5233.271973 0.000000 10641.878906 0.000000 0.089618 0.000000 0.995976 0.400000 0.400000 0.400000
5228.629883 0.000000 10658.703125 0.000000 0.113637 0.000000 0.993522 0.400000 0.400000 0.400000
5194.043457 0.000000 10618.076172 0.000000 0.836644 0.000000 -0.547747 0.400000 0.400000 0.400000
5234.120605 0.000000 10651.230469 0.000000 0.929008 0.000000 -0.370059 0.400000 0.400000 0.400000
5226.722168 0.000000 10630.127930 0.000000 0.923179 0.000000 0.384371 0.400000 0.400000 0.400000
5188.283203 0.000000 10646.037109 0.000000 0.522928 0.000000 -0.852377 0.400000 0.400000 0.400000
5192.583984 0.000000 10642.184570 0.000000 0.073619 0.000000 0.997286 0.400000 0.400000 0.400000
5187.726562 0.000000 10609.479492 0.000000 0.998282 0.000000 0.058596 0.400000 0.400000 0.400000
5164.241699 0.000000 10633.175781 0.000000 0.024510 0.000000 -0.999700 0.400000 0.400000 0.400000
5178.530273 0.000000 10636.584961 0.000000 0.637173 0.000000 -0.770721 0.400000 0.400000 0.400000
5243.069336 0.000000 10649.620117 0.000000 0.076219 0.000000 0.997091 0.400000 0.400000 0.400000
5205.894043 0.000000 10644.000000 0.000000 0.583133 0.000000 0.812377 0.400000 0.400000 0.400000
5249.112305 0.000000 10620.042969 0.000000 0.983673 0.000000 -0.179965 0.400000 0.400000 0.400000
5203.922852 0.000000 10648.265625 0.000000 0.965717 0.000000 0.259597 0.400000 0.400000 0.400000
5222.894043 0.000000 10622.733398 0.000000 0.483982 0.000000 -0.875078 0.400000 0.400000 0.400000
5227.023438 0.000000 10620.557617 0.000000 0.949598 0.000000 -0.313470 0.400000 0.400000 0.400000
5202.535156 0.000000 10630.189453 0.000000 0.326554 0.000000 0.945178 0.400000 0.400000 0.400000
5188.265625 0.000000 10627.076172 0.000000 0.814653 0.000000 0.579949 0.400000 0.400000 0.400000
5237.419922 0.000000 10639.991211 0.000000 0.078527 0.000000 -0.996912 0.400000 0.400000 0.400000
5196.582520 0.000000 10644.129883 0.000000 0.669468 0.000000 0.742841 0.400000 0.400000 0.400000
5212.742676 0.000000 10646.349609 0.000000 0.319373 0.000000 -0.947629 0.400000 0.400000 0.400000
5218.078613 0.000000 10648.038086 0.000000 0.312552 0.000000 0.949901 0.400000 0.400000 0.400000
5224.759277 0.000000 10613.733398 0.000000 0.610853 0.000000 -0.791744 0.400000 0.400000 0.400000
5200.363281 0.000000 10641.118164 0.000000 0.870877 0.000000 -0.491502 0.400000 0.400000 0.400000
5219.770996 0.000000 10619.838867 0.000000 0.973437 0.000000 0.228955 0.400000 0.400000 0.400000
5248.355957 0.000000 10655.666992 0.000000 0.252513 0.000000 0.967594 0.400000 0.400000 0.400000
5241.907227 0.000000 10643.601562 0.000000 0.253390 0.000000 0.967364 0.400000 0.400000 0.400000
5241.279785 0.000000 10654.238281 0.000000 0.147987 0.000000 0.988989 0.400000 0.400000 0.400000
5214.862793 0.000000 10625.792969 0.000000 0.814685 0.000000 -0.579903 0.400000 0.400000 0.400000
5224.193848 0.000000 10641.356445 0.000000 0.542297 0.000000 0.840187 0.400000 0.400000 0.400000
5201.095703 0.000000 10623.414062 0.000000 0.972764 0.000000 0.231797 0.400000 0.400000 0.400000
5195.770508 0.000000 10649.871094 0.000000 0.974139 0.000000 -0.225948 0.400000 0.400000 0.400000
5189.732422 0.000000 10634.682617 0.000000 0.959102 0.000000 0.283059 0.400000 0.400000 0.400000
5218.021484 0.000000 10628.541016 0.000000 0.505762 0.000000 0.862673 0.400000 0.400000 0.400000
5193.376465 0.000000 10637.240234 0.000000 0.607704 0.000000 -0.794164 0.400000 0.400000 0.400000
5227.754395 0.000000 10616.513672 0.000000 0.258015 0.000000 -0.966141 0.400000 0.400000 0.400000
5245.412109 0.000000 10612.220703 0.000000 0.694972 0.000000 0.719037 0.400000 0.400000 0.400000
5197.156738 0.000000 10635.846680 0.000000 0.992231 0.000000 0.124408 0.400000 0.400000 0.400000
5167.301270 0.000000 10626.418945 0.000000 0.775934 0.000000 0.630815 0.400000 0.400000 0.400000
5191.307617 0.000000 10630.338867 0.000000 0.734523 0.000000 0.678584 0.400000 0.400000 0.400000
5239.077637 0.000000 10636.251953 0.000000 0.588707 0.000000 0.808347 0.400000 0.400000 0.400000
5170.900879 0.000000 10633.102539 0.000000 0.999882 0.000000 0.015388 0.400000 0.400000 0.400000
5240.809570 0.000000 10658.599609 0.000000 0.295180 0.000000 0.955442 0.400000 0.400000 0.400000
5244.134766 0.000000 10635.404297 0.000000 0.913542 0.000000 -0.406744 0.400000 0.400000 0.400000
5198.371094 0.000000 10631.477539 0.000000 0.957622 0.000000 -0.288028 0.400000 0.400000 0.400000
5167.781250 0.000000 10639.759766 0.000000 0.816069 0.000000 0.577955 0.400000 0.400000 0.400000
5214.284180 0.000000 10640.346680 0.000000 0.963663 0.000000 0.267122 0.400000 0.400000 0.400000
5224.550293 0.000000 10633.406250 0.000000 0.999981 0.000000 -0.006162 0.400000 0.400000 0.400000
5233.270996 0.000000 10656.803711 0.000000 0.694986 0.000000 0.719024 0.400000 0.400000 0.400000
5183.971680 0.000000 10620.673828 0.000000 0.788859 0.000000 -0.614574 0.400000 0.400000 0.400000
5175.007812 0.000000 10639.700195 0.000000 0.417276 0.000000 0.908780 0.400000 0.400000 0.400000
5229.533691 0.000000 10627.515625 0.000000 0.175779 0.000000 0.984430 0.400000 0.400000 0.400000
5193.363770 0.000000 10621.917969 0.000000 0.968343 0.000000 -0.249623 0.400000 0.400000 0.400000
5246.914062 0.000000 10632.421875 0.000000 0.944339 0.000000 0.328975 0.400000 0.400000 0.400000
5226.400879 0.000000 10654.549805 0.000000 0.445532 0.000000 0.895266 0.400000 0.400000 0.400000
5223.271484 0.000000 10652.472656 0.000000 0.457336 0.000000 -0.889294 0.400000 0.400000 0.400000
5213.749512 0.000000 10634.301758 0.000000 0.995045 0.000000 0.099424 0.400000 0.400000 0.400000
5196.155273 0.000000 10625.148438 0.000000 0.993037 0.000000 0.117805 0.400000 0.400000 0.400000
5230.385742 0.000000 10637.766602 0.000000 0.903496 0.000000 -0.428596 0.400000 0.400000 0.400000
5210.829590 0.000000 10631.356445 0.000000 0.707823 0.000000 -0.706389 0.400000 0.400000 0.400000
5245.536621 0.000000 10619.486328 0.000000 0.150913 0.000000 -0.988547 0.400000 0.400000 0.400000
5201.509766 0.000000 10637.750000 0.000000 0.252237 0.000000 0.967665 0.400000 0.400000 0.400000
5226.857910 0.000000 10637.878906 0.000000 0.999984 0.000000 -0.005594 0.400000 0.400000 0.400000
5229.991699 0.000000 10650.293945 0.000000 0.999721 0.000000 -0.023631 0.400000 0.400000 0.400000
5177.360352 0.000000 10617.872070 0.000000 0.773368 0.000000 0.633957 0.400000 0.400000 0.400000
5242.364746 0.000000 10623.250977 0.000000 0.506194 0.000000 -0.862420 0.400000 0.400000 0.400000
5186.250488 0.000000 10634.584961 0.000000 0.527018 0.000000 -0.849854 0.400000 0.400000 0.400000
5216.739746 0.000000 10632.673828 0.000000 0.998142 0.000000 0.060929 0.400000 0.400000 0.400000
5237.864258 0.000000 10613.482422 0.000000 0.692880 0.000000 0.721053 0.400000 0.400000 0.400000
5172.009766 0.000000 10622.054688 0.000000 0.383949 0.000000 0.923354 0.400000 0.400000 0.400000
5236.497070 0.000000 10653.532227 0.000000 0.962752 0.000000 -0.270386 0.400000 0.400000 0.400000
5229.110352 0.000000 10622.903320 0.000000 0.995838 0.000000 -0.091137 0.400000 0.400000 0.400000
5219.438477 0.000000 10637.989258 0.000000 0.183221 0.000000 0.983072 0.400000 0.400000 0.400000
5235.020508 0.000000 10625.564453 0.000000 0.978335 0.000000 -0.207030 0.400000 0.400000 0.400000
5221.625977 0.000000 10649.612305 0.000000 0.570705 0.000000 0.821155 0.400000 0.400000 0.400000
5219.466797 0.000000 10644.268555 0.000000 0.788835 0.000000 -0.614606 0.400000 0.400000 0.400000
5183.995605 0.000000 10645.800781 0.000000 0.703157 0.000000 -0.711035 0.400000 0.400000 0.400000
5228.381836 0.000000 10647.564453 0.000000 0.061388 0.000000 0.998114 0.400000 0.400000 0.400000
5207.611328 0.000000 10627.057617 0.000000 0.134280 0.000000 0.990943 0.400000 0.400000 0.400000
5232.584473 0.000000 10621.751953 0.000000 0.752607 0.000000 -0.658471 0.400000 0.400000 0.400000
5186.825684 0.000000 10621.071289 0.000000 0.972900 0.000000 -0.231225 0.400000 0.400000 0.400000
5244.872559 0.000000 10629.867188 0.000000 0.971436 0.000000 0.237300 0.400000 0.400000 0.400000
5238.246094 0.000000 10625.583984 0.000000 0.562241 0.000000 0.826973 0.400000 0.400000 0.400000
5239.549316 0.000000 10641.998047 0.000000 0.980469 0.000000 0.196671 0.400000 0.400000 0.400000
5201.846680 0.000000 10626.149414 0.000000 0.960850 0.000000 0.277069 0.400000 0.400000 0.400000
5224.720703 0.000000 10647.373047 0.000000 0.955181 0.000000 -0.296024 0.400000 0.400000 0.400000
5233.739746 0.000000 10654.001953 0.000000 0.920676 0.000000 0.390328 0.400000 0.400000 0.400000
5201.174805 0.000000 10648.242188 0.000000 0.046213 0.000000 0.998932 0.400000 0.400000 0.400000
5181.056152 0.000000 10637.691406 0.000000 0.824101 0.000000 -0.566443 0.400000 0.400000 0.400000
5227.867188 0.000000 10652.266602 0.000000 0.999953 0.000000 -0.009700 0.400000 0.400000 0.400000
5219.050293 0.000000 10631.175781 0.000000 0.966541 0.000000 -0.256513 0.400000 0.400000 0.400000
5180.187012 0.000000 10634.500000 0.000000 0.999003 0.000000 -0.044654 0.400000 0.400000 0.400000
5198.561523 0.000000 10624.150391 0.000000 0.114744 0.000000 -0.993395 0.400000 0.400000 0.400000
5176.047363 0.000000 10637.387695 0.000000 0.266908 0.000000 -0.963722 0.400000 0.400000 0.400000
5209.332520 0.000000 10629.139648 0.000000 0.975116 0.000000 -0.221693 0.400000 0.400000 0.400000
5158.789062 0.000000 10633.927734 0.000000 0.322237 0.000000 -0.946659 0.400000 0.400000 0.400000
5168.292969 0.000000 10633.219727 0.000000 0.999979 0.000000 -0.006446 0.400000 0.400000 0.400000
5224.128418 0.000000 10644.795898 0.000000 0.928620 0.000000 -0.371031 0.400000 0.400000 0.400000
5154.886230 0.000000 10696.708984 0.000000 0.490665 0.000000 0.871348 0.400000 0.400000 0.400000
5228.708496 0.000000 10706.365234 0.000000 0.881179 0.000000 -0.472783 0.400000 0.400000 0.400000
5197.963867 0.000000 10709.044922 0.000000 0.979005 0.000000 -0.203838 0.400000 0.400000 0.400000
5189.108398 0.000000 10707.592773 0.000000 0.790569 0.000000 0.612373 0.400000 0.400000 0.400000
5245.806641 0.000000 10717.121094 0.000000 0.022125 0.000000 -0.999755 0.400000 0.400000 0.400000
5173.184082 0.000000 10709.217773 0.000000 0.084556 0.000000 -0.996419 0.400000 0.400000 0.400000
5164.411133 0.000000 10703.192383 0.000000 0.992758 0.000000 0.120129 0.400000 0.400000 0.400000
5169.070801 0.000000 10706.411133 0.000000 0.873598 0.000000 0.486649 0.400000 0.400000 0.400000
5184.922852 0.000000 10708.566406 0.000000 0.996673 0.000000 -0.081499 0.400000 0.400000 0.400000
5306.624512 0.000000 10575.878906 0.000000 0.468189 0.000000 0.883629 0.400000 0.400000 0.400000
5257.255859 0.000000 10554.846680 0.000000 0.987224 0.000000 -0.159337 0.400000 0.400000 0.400000
5251.761230 0.000000 10616.101562 0.000000 0.978400 0.000000 0.206721 0.400000 0.400000 0.400000
5325.290039 0.000000 10646.834961 0.000000 0.999988 0.000000 0.004860 0.400000 0.400000 0.400000
5261.524902 0.000000 10635.832031 0.000000 0.977592 0.000000 0.210508 0.400000 0.400000 0.400000
5273.646484 0.000000 10659.321289 0.000000 0.592065 0.000000 0.805890 0.400000 0.400000 0.400000
5304.269043 0.000000 10641.408203 0.000000 0.999360 0.000000 0.035774 0.400000 0.400000 0.400000
5289.070801 0.000000 10654.117188 0.000000 0.206247 0.000000 0.978500 0.400000 0.400000 0.400000
5323.334473 0.000000 10681.346680 0.000000 0.995459 0.000000 -0.095194 0.400000 0.400000 0.400000
5249.898438 0.000000 10629.319336 0.000000 0.982412 0.000000 -0.186725 0.400000 0.400000 0.400000
5250.606445 0.000000 10642.924805 0.000000 0.236534 0.000000 0.971623 0.400000 0.400000 0.400000
5286.202148 0.000000 10625.588867 0.000000 0.999835 0.000000 0.018177 0.400000 0.400000 0.400000
5317.145996 0.000000 10637.242188 0.000000 0.979980 0.000000 -0.199095 0.400000 0.400000 0.400000
5273.301758 0.000000 10631.823242 0.000000 0.385863 0.000000 -0.922556 0.400000 0.400000 0.400000
5262.448730 0.000000 10622.653320 0.000000 0.879546 0.000000 -0.475813 0.400000 0.400000 0.400000
5294.872559 0.000000 10634.272461 0.000000 0.911925 0.000000 0.410357 0.400000 0.400000 0.400000
5278.311523 0.000000 10648.863281 0.000000 0.705309 0.000000 -0.708900 0.400000 0.400000 0.400000
5307.936035 0.000000 10650.650391 0.000000 0.817695 0.000000 0.575651 0.400000 0.400000 0.400000
5252.949707 0.000000 10606.734375 0.000000 0.322396 0.000000 0.946605 0.400000 0.400000 0.400000
5315.795410 0.000000 10646.182617 0.000000 0.401211 0.000000 0.915985 0.400000 0.400000 0.400000
5324.526855 0.000000 10672.810547 0.000000 0.229234 0.000000 -0.973371 0.400000 0.400000 0.400000
5298.882812 0.000000 10652.744141 0.000000 0.910589 0.000000 0.413314 0.400000 0.400000 0.400000
5332.610840 0.000000 10650.880859 0.000000 0.761833 0.000000 -0.647773 0.400000 0.400000 0.400000
5281.885254 0.000000 10658.244141 0.000000 0.996469 0.000000 -0.083965 0.400000 0.400000 0.400000
5281.055664 0.000000 10631.349609 0.000000 0.987754 0.000000 0.156018 0.400000 0.400000 0.400000
5257.414551 0.000000 10628.510742 0.000000 0.504819 0.000000 0.863225 0.400000 0.400000 0.400000
5335.669922 0.000000 10639.176758 0.000000 0.630751 0.000000 0.775985 0.400000 0.400000 0.400000
5287.883301 0.000000 10633.161133 0.000000 0.794561 0.000000 0.607184 0.400000 0.400000 0.400000
5271.597656 0.000000 10652.578125 0.000000 0.346018 0.000000 0.938228 0.400000 0.400000 0.400000
5258.154785 0.000000 10641.871094 0.000000 0.890236 0.000000 -0.455500 0.400000 0.400000 0.400000
5265.129883 0.000000 10641.678711 0.000000 0.260739 0.000000 0.965409 0.400000 0.400000 0.400000
5340.783203 0.000000 10616.190430 0.000000 0.765348 0.000000 -0.643617 0.400000 0.400000 0.400000
5267.939941 0.000000 10635.627930 0.000000 0.689634 0.000000 0.724158 0.400000 0.400000 0.400000
5291.201172 0.000000 10621.530273 0.000000 0.062552 0.000000 0.998042 0.400000 0.400000 0.400000
5302.267090 0.000000 10647.506836 0.000000 0.770460 0.000000 0.637488 0.400000 0.400000 0.400000
5283.292480 0.000000 10620.130859 0.000000 0.434652 0.000000 0.900598 0.400000 0.400000 0.400000
5309.924316 0.000000 10643.993164 0.000000 0.496104 0.000000 -0.868263 0.400000 0.400000 0.400000
5325.885254 0.000000 10666.850586 0.000000 0.448719 0.000000 -0.893673 0.400000 0.400000 0.400000
5282.949707 0.000000 10652.407227 0.000000 0.075917 0.000000 -0.997114 0.400000 0.400000 0.400000
5273.092773 0.000000 10646.625000 0.000000 0.802429 0.000000 0.596748 0.400000 0.400000 0.400000
5293.635254 0.000000 10651.050781 0.000000 0.858839 0.000000 0.512245 0.400000 0.400000 0.400000
5257.508301 0.000000 10621.304688 0.000000 0.487882 0.000000 0.872910 0.400000 0.400000 0.400000
5261.553711 0.000000 10645.793945 0.000000 0.707891 0.000000 0.706321 0.400000 0.400000 0.400000
5261.817383 0.000000 10650.931641 0.000000 0.978234 0.000000 -0.207505 0.400000 0.400000 0.400000
5249.582520 0.000000 10611.401367 0.000000 0.004024 0.000000 -0.999992 0.400000 0.400000 0.400000
5257.250488 0.000000 10653.911133 0.000000 0.920680 0.000000 0.390317 0.400000 0.400000 0.400000
5260.305664 0.000000 10661.322266 0.000000 0.682288 0.000000 0.731083 0.400000 0.400000 0.400000
5279.430176 0.000000 10617.239258 0.000000 0.999704 0.000000 0.024314 0.400000 0.400000 0.400000
5249.597168 0.000000 10634.366211 0.000000 0.869418 0.000000 -0.494077 0.400000 0.400000 0.400000
5269.015137 0.000000 10644.305664 0.000000 0.995391 0.000000 0.095904 0.400000 0.400000 0.400000
5269.045898 0.000000 10629.670898 0.000000 0.025648 0.000000 0.999671 0.400000 0.400000 0.400000
5263.190918 0.000000 10618.165039 0.000000 0.822668 0.000000 -0.568522 0.400000 0.400000 0.400000
5256.784668 0.000000 10658.331055 0.000000 0.999928 0.000000 -0.011959 0.400000 0.400000 0.400000
5257.983887 0.000000 10633.175781 0.000000 0.119954 0.000000 0.992779 0.400000 0.400000 0.400000
5254.043945 0.000000 10645.574219 0.000000 0.659787 0.000000 -0.751453 0.400000 0.400000 0.400000
5273.646484 0.000000 10622.634766 0.000000 0.919003 0.000000 0.394251 0.400000 0.400000 0.400000
5290.324707 0.000000 10644.129883 0.000000 0.910899 0.000000 0.412629 0.400000 0.400000 0.400000
5250.170410 0.000000 10638.936523 0.000000 0.524468 0.000000 -0.851430 0.400000 0.400000 0.400000
5290.898926 0.000000 10635.846680 0.000000 0.964558 0.000000 0.263871 0.400000 0.400000 0.400000
5255.561523 0.000000 10617.677734 0.000000 0.783515 0.000000 -0.621373 0.400000 0.400000 0.400000
5261.523438 0.000000 10639.759766 0.000000 0.854515 0.000000 0.519427 0.400000 0.400000 0.400000
5261.039551 0.000000 10630.920898 0.000000 0.254410 0.000000 0.967096 0.400000 0.400000 0.400000
5277.713867 0.000000 10620.673828 0.000000 0.997151 0.000000 0.075431 0.400000 0.400000 0.400000
5269.801270 0.000000 10649.196289 0.000000 0.796249 0.000000 0.604969 0.400000 0.400000 0.400000
5276.114746 0.000000 10640.266602 0.000000 0.537783 0.000000 0.843083 0.400000 0.400000 0.400000
5282.793457 0.000000 10642.448242 0.000000 0.971566 0.000000 0.236768 0.400000 0.400000 0.400000
5256.889648 0.000000 10624.927734 0.000000 0.623442 0.000000 -0.781870 0.400000 0.400000 0.400000
5275.350586 0.000000 10643.823242 0.000000 0.999085 0.000000 0.042771 0.400000 0.400000 0.400000
5285.621094 0.000000 10650.065430 0.000000 0.193023 0.000000 -0.981194 0.400000 0.400000 0.400000
5279.600098 0.000000 10639.418945 0.000000 0.399308 0.000000 -0.916817 0.400000 0.400000 0.400000
5279.992676 0.000000 10634.584961 0.000000 0.468597 0.000000 0.883412 0.400000 0.400000 0.400000
5292.229492 0.000000 10647.734375 0.000000 0.988991 0.000000 0.147975 0.400000 0.400000 0.400000
5281.995605 0.000000 10623.537109 0.000000 0.772466 0.000000 0.635056 0.400000 0.400000 0.400000
5257.282227 0.000000 10645.068359 0.000000 0.574831 0.000000 0.818272 0.400000 0.400000 0.400000
5260.371094 0.000000 10619.736328 0.000000 0.999963 0.000000 -0.008573 0.400000 0.400000 0.400000
5277.737793 0.000000 10645.800781 0.000000 0.827267 0.000000 -0.561808 0.400000 0.400000 0.400000
5296.768066 0.000000 10642.884766 0.000000 0.410760 0.000000 0.911743 0.400000 0.400000 0.400000
5300.808594 0.000000 10641.353516 0.000000 0.889377 0.000000 0.457174 0.400000 0.400000 0.400000
5271.164062 0.000000 10621.169922 0.000000 0.995733 0.000000 0.092280 0.400000 0.400000 0.400000
5268.260742 0.000000 10651.584961 0.000000 0.834073 0.000000 -0.551654 0.400000 0.400000 0.400000
5255.288086 0.000000 10655.854492 0.000000 0.649769 0.000000 -0.760132 0.400000 0.400000 0.400000
5281.244629 0.000000 10636.975586 0.000000 0.904072 0.000000 -0.427381 0.400000 0.400000 0.400000
5272.383301 0.000000 10624.991211 0.000000 0.762598 0.000000 0.646873 0.400000 0.400000 0.400000
5273.929199 0.000000 10634.500000 0.000000 0.957827 0.000000 0.287344 0.400000 0.400000 0.400000
5268.186523 0.000000 10622.790039 0.000000 0.506932 0.000000 0.861986 0.400000 0.400000 0.400000
5350.998047 0.000000 10648.588867 0.000000 0.140888 0.000000 0.990026 0.400000 0.400000 0.400000
5257.508301 0.000000 10715.046875 0.000000 0.471579 0.000000 0.881824 0.400000 0.400000 0.400000
9362.558594 0.000000 7112.761230 0.000000 0.416350 0.000000 0.909204 0.400000 0.400000 0.400000
9439.367188 0.000000 7122.495605 0.000000 0.138459 0.000000 -0.990368 0.400000 0.400000 0.400000
9442.108398 0.000000 7123.789551 0.000000 0.784622 0.000000 -0.619975 0.400000 0.400000 0.400000
9062.214844 0.000000 7136.053223 0.000000 0.020833 0.000000 -0.999783 0.400000 0.400000 0.400000
9051.282227 0.000000 7140.738770 0.000000 0.475879 0.000000 0.879511 0.400000 0.400000 0.400000
9082.298828 0.000000 7182.419434 0.000000 0.945376 0.000000 -0.325983 0.400000 0.400000 0.400000
9052.561523 0.000000 7148.390137 0.000000 0.246395 0.000000 -0.969169 0.400000 0.400000 0.400000
9037.570312 0.000000 7164.700684 0.000000 0.467001 0.000000 0.884257 0.400000 0.400000 0.400000
9042.635742 0.000000 7159.065918 0.000000 0.610349 0.000000 0.792132 0.400000 0.400000 0.400000
9058.939453 0.000000 7132.295410 0.000000 0.990230 0.000000 -0.139444 0.400000 0.400000 0.400000
9086.594727 0.000000 7138.165039 0.000000 0.729229 0.000000 -0.684270 0.400000 0.400000 0.400000
9044.525391 0.000000 7154.953125 0.000000 0.934627 0.000000 0.355629 0.400000 0.400000 0.400000
9089.210938 0.000000 7136.194824 0.000000 0.215826 0.000000 0.976432 0.400000 0.400000 0.400000
9049.422852 0.000000 7147.326172 0.000000 0.187167 0.000000 -0.982328 0.400000 0.400000 0.400000
9170.458984 0.000000 7228.853027 0.000000 0.229070 0.000000 0.973410 0.400000 0.400000 0.400000
9173.993164 0.000000 7228.341309 0.000000 0.948024 0.000000 -0.318199 0.400000 0.400000 0.400000
9219.057617 0.000000 7189.783203 0.000000 0.401607 0.000000 0.915812 0.400000 0.400000 0.400000
9214.141602 0.000000 7186.215332 0.000000 0.955409 0.000000 -0.295284 0.400000 0.400000 0.400000
9280.029297 0.000000 7177.810547 0.000000 0.065459 0.000000 -0.997855 0.400000 0.400000 0.400000
9348.060547 0.000000 7168.780762 0.000000 0.984042 0.000000 -0.177936 0.400000 0.400000 0.400000
9328.991211 0.000000 7171.455566 0.000000 0.734665 0.000000 0.678430 0.400000 0.400000 0.400000
9353.286133 0.000000 7190.242188 0.000000 0.176723 0.000000 -0.984261 0.400000 0.400000 0.400000
9200.901367 0.000000 7233.163086 0.000000 0.995491 0.000000 0.094860 0.400000 0.400000 0.400000
9210.473633 0.000000 7257.104492 0.000000 0.858282 0.000000 -0.513178 0.400000 0.400000 0.400000
9204.098633 0.000000 7240.756348 0.000000 0.883118 0.000000 0.469151 0.400000 0.400000 0.400000
9206.744141 0.000000 7250.297363 0.000000 0.702381 0.000000 0.711802 0.400000 0.400000 0.400000
9205.646484 0.000000 7245.403320 0.000000 0.990825 0.000000 0.135152 0.400000 0.400000 0.400000
9207.180664 0.000000 7258.166016 0.000000 0.805026 0.000000 0.593239 0.400000 0.400000 0.400000
9358.874023 0.000000 7262.430176 0.000000 0.649574 0.000000 -0.760298 0.400000 0.400000 0.400000
9348.500977 0.000000 7319.654785 0.000000 0.684110 0.000000 -0.729379 0.400000 0.400000 0.400000
9429.041016 0.000000 7132.826660 0.000000 0.979825 0.000000 0.199856 0.400000 0.400000 0.400000
9411.437500 0.000000 7178.221680 0.000000 0.052276 0.000000 0.998633 0.400000 0.400000 0.400000
9431.954102 0.000000 7137.228516 0.000000 0.836711 0.000000 0.547644 0.400000 0.400000 0.400000
9408.984375 0.000000 7127.929199 0.000000 0.958562 0.000000 -0.284882 0.400000 0.400000 0.400000
9447.050781 0.000000 7127.302734 0.000000 0.629167 0.000000 0.777270 0.400000 0.400000 0.400000
9411.631836 0.000000 7127.821289 0.000000 0.856289 0.000000 0.516497 0.400000 0.400000 0.400000
9426.211914 0.000000 7218.977539 0.000000 0.681652 0.000000 -0.731677 0.400000 0.400000 0.400000
9527.023438 0.000000 7965.097168 0.000000 0.589054 0.000000 -0.808093 0.400000 0.400000 0.400000
9498.673828 0.000000 8054.593262 0.000000 0.852533 0.000000 0.522673 0.400000 0.400000 0.400000
9522.667969 0.000000 8016.626953 0.000000 0.317045 0.000000 0.948411 0.400000 0.400000 0.400000
9556.660156 0.000000 8057.046387 0.000000 0.931269 0.000000 0.364332 0.400000 0.400000 0.400000
9541.732422 0.000000 8056.565430 0.000000 0.997151 0.000000 0.075436 0.400000 0.400000 0.400000
9542.924805 0.000000 8048.029297 0.000000 0.087136 0.000000 0.996196 0.400000 0.400000 0.400000
9494.448242 0.000000 8044.921387 0.000000 0.103981 0.000000 0.994579 0.400000 0.400000 0.400000
9528.655273 0.000000 7971.125488 0.000000 0.278532 0.000000 -0.960427 0.400000 0.400000 0.400000
9505.616211 0.000000 8049.825684 0.000000 0.993635 0.000000 0.112651 0.400000 0.400000 0.400000
9511.271484 0.000000 8054.997070 0.000000 0.997110 0.000000 0.075965 0.400000 0.400000 0.400000
9512.033203 0.000000 8026.269043 0.000000 0.308653 0.000000 0.951175 0.400000 0.400000 0.400000
9542.454102 0.000000 8061.649902 0.000000 0.232593 0.000000 -0.972574 0.400000 0.400000 0.400000
9513.597656 0.000000 8044.551758 0.000000 0.926650 0.000000 -0.375926 0.400000 0.400000 0.400000
9518.699219 0.000000 8032.284180 0.000000 0.691978 0.000000 -0.721918 0.400000 0.400000 0.400000
9498.188477 0.000000 8042.981934 0.000000 0.585954 0.000000 -0.810344 0.400000 0.400000 0.400000
9504.318359 0.000000 8045.907715 0.000000 0.628652 0.000000 0.777687 0.400000 0.400000 0.400000
9533.482422 0.000000 8048.798828 0.000000 0.930579 0.000000 -0.366091 0.400000 0.400000 0.400000
9520.045898 0.000000 8013.716797 0.000000 0.054295 0.000000 -0.998525 0.400000 0.400000 0.400000
9525.661133 0.000000 7990.142578 0.000000 0.307154 0.000000 0.951660 0.400000 0.400000 0.400000
9499.348633 0.000000 8051.082520 0.000000 0.981471 0.000000 -0.191609 0.400000 0.400000 0.400000
9530.882812 0.000000 7976.497559 0.000000 0.997497 0.000000 0.070715 0.400000 0.400000 0.400000
9531.467773 0.000000 8046.163086 0.000000 0.883274 0.000000 -0.468858 0.400000 0.400000 0.400000
9502.521484 0.000000 8049.389648 0.000000 0.999732 0.000000 -0.023130 0.400000 0.400000 0.400000
9487.819336 0.000000 8044.223633 0.000000 0.936760 0.000000 -0.349973 0.400000 0.400000 0.400000
9561.850586 0.000000 8057.560547 0.000000 0.999558 0.000000 -0.029715 0.400000 0.400000 0.400000
9567.250000 0.000000 8057.835449 0.000000 0.649324 0.000000 0.760512 0.400000 0.400000 0.400000
9567.773438 0.000000 8055.330566 0.000000 0.576457 0.000000 0.817127 0.400000 0.400000 0.400000
9530.925781 0.000000 8073.475098 0.000000 0.062733 0.000000 0.998030 0.400000 0.400000 0.400000
9519.954102 0.000000 8062.657227 0.000000 0.600697 0.000000 0.799477 0.400000 0.400000 0.400000
9510.104492 0.000000 8084.263672 0.000000 0.818817 0.000000 -0.574054 0.400000 0.400000 0.400000
9509.711914 0.000000 8154.094238 0.000000 0.492044 0.000000 0.870570 0.400000 0.400000 0.400000
9501.249023 0.000000 8082.811523 0.000000 0.965535 0.000000 -0.260274 0.400000 0.400000 0.400000
9557.947266 0.000000 8092.339844 0.000000 0.519968 0.000000 -0.854186 0.400000 0.400000 0.400000
9551.009766 0.000000 8119.841309 0.000000 0.982211 0.000000 0.187780 0.400000 0.400000 0.400000
9522.783203 0.000000 8070.248535 0.000000 0.980503 0.000000 -0.196504 0.400000 0.400000 0.400000
9544.793945 0.000000 8098.608398 0.000000 0.999811 0.000000 0.019430 0.400000 0.400000 0.400000
9549.916016 0.000000 8113.257324 0.000000 0.953668 0.000000 0.300861 0.400000 0.400000 0.400000
9547.024414 0.000000 8079.732910 0.000000 0.149645 0.000000 -0.988740 0.400000 0.400000 0.400000
9543.549805 0.000000 8066.639648 0.000000 0.829844 0.000000 0.557996 0.400000 0.400000 0.400000
9550.031250 0.000000 8068.695801 0.000000 0.020900 0.000000 -0.999782 0.400000 0.400000 0.400000
9500.036133 0.000000 8153.703125 0.000000 0.712085 0.000000 0.702094 0.400000 0.400000 0.400000
9559.818359 0.000000 8097.671875 0.000000 0.473481 0.000000 -0.880804 0.400000 0.400000 0.400000
9553.669922 0.000000 8088.816895 0.000000 0.660533 0.000000 0.750797 0.400000 0.400000 0.400000
9537.812500 0.000000 8076.993652 0.000000 0.087639 0.000000 -0.996152 0.400000 0.400000 0.400000
9558.704102 0.000000 8109.723633 0.000000 0.724364 0.000000 -0.689418 0.400000 0.400000 0.400000
9508.084961 0.000000 8079.885742 0.000000 0.923752 0.000000 0.382992 0.400000 0.400000 0.400000
9506.184570 0.000000 8087.037109 0.000000 0.576933 0.000000 -0.816792 0.400000 0.400000 0.400000
9497.828125 0.000000 8086.199707 0.000000 0.239881 0.000000 -0.970802 0.400000 0.400000 0.400000
9518.597656 0.000000 8142.552734 0.000000 0.493596 0.000000 -0.869692 0.400000 0.400000 0.400000
9554.047852 0.000000 8112.562012 0.000000 0.984524 0.000000 0.175251 0.400000 0.400000 0.400000
9505.315430 0.000000 8082.980957 0.000000 0.715932 0.000000 0.698170 0.400000 0.400000 0.400000
9556.275391 0.000000 8104.365234 0.000000 0.964978 0.000000 -0.262329 0.400000 0.400000 0.400000
9496.112305 0.000000 8089.634277 0.000000 0.875224 0.000000 -0.483718 0.400000 0.400000 0.400000
9559.054688 0.000000 8101.382812 0.000000 0.467911 0.000000 -0.883776 0.400000 0.400000 0.400000
9511.900391 0.000000 8087.683105 0.000000 0.285783 0.000000 -0.958294 0.400000 0.400000 0.400000
9548.961914 0.000000 8072.020996 0.000000 0.936369 0.000000 -0.351018 0.400000 0.400000 0.400000
9523.532227 0.000000 8077.790039 0.000000 0.374249 0.000000 -0.927328 0.400000 0.400000 0.400000
9551.829102 0.000000 8099.231445 0.000000 0.545772 0.000000 -0.837934 0.400000 0.400000 0.400000
9503.152344 0.000000 8085.624023 0.000000 0.109793 0.000000 -0.993955 0.400000 0.400000 0.400000
9541.250977 0.000000 8091.864258 0.000000 0.735925 0.000000 -0.677063 0.400000 0.400000 0.400000
9510.089844 0.000000 8077.586426 0.000000 0.999539 0.000000 -0.030345 0.400000 0.400000 0.400000
9545.525391 0.000000 8086.380371 0.000000 0.579109 0.000000 0.815250 0.400000 0.400000 0.400000
9509.510742 0.000000 8166.804199 0.000000 0.996135 0.000000 0.087832 0.400000 0.400000 0.400000
9553.524414 0.000000 8175.384766 0.000000 0.878682 0.000000 -0.477407 0.400000 0.400000 0.400000
9504.600586 0.000000 8188.291992 0.000000 0.727429 0.000000 0.686183 0.400000 0.400000 0.400000
9559.027344 0.000000 8230.416016 0.000000 0.974012 0.000000 0.226495 0.400000 0.400000 0.400000
9543.201172 0.000000 8181.816406 0.000000 0.988251 0.000000 -0.152840 0.400000 0.400000 0.400000
9559.162109 0.000000 8171.243652 0.000000 0.728630 0.000000 0.684908 0.400000 0.400000 0.400000
9513.038086 0.000000 8172.169434 0.000000 0.481091 0.000000 0.876671 0.400000 0.400000 0.400000
9509.599609 0.000000 8184.233398 0.000000 0.117048 0.000000 0.993126 0.400000 0.400000 0.400000
9544.283203 0.000000 8229.553711 0.000000 0.988689 0.000000 0.149978 0.400000 0.400000 0.400000
9559.233398 0.000000 8214.379883 0.000000 0.030397 0.000000 -0.999538 0.400000 0.400000 0.400000
9560.769531 0.000000 8165.669922 0.000000 0.493628 0.000000 0.869673 0.400000 0.400000 0.400000
9507.554688 0.000000 8161.860840 0.000000 0.297066 0.000000 -0.954857 0.400000 0.400000 0.400000
9560.384766 0.000000 8241.212891 0.000000 0.998090 0.000000 -0.061775 0.400000 0.400000 0.400000
9553.677734 0.000000 8229.077148 0.000000 0.533391 0.000000 -0.845869 0.400000 0.400000 0.400000
9557.552734 0.000000 8174.923828 0.000000 0.944555 0.000000 0.328352 0.400000 0.400000 0.400000
9561.623047 0.000000 8187.326660 0.000000 0.468440 0.000000 0.883495 0.400000 0.400000 0.400000
9510.511719 0.000000 8194.180664 0.000000 0.039021 0.000000 0.999238 0.400000 0.400000 0.400000
9535.412109 0.000000 8215.175781 0.000000 0.998031 0.000000 0.062724 0.400000 0.400000 0.400000
9508.295898 0.000000 8187.851562 0.000000 0.838438 0.000000 -0.544997 0.400000 0.400000 0.400000
9547.065430 0.000000 8182.600586 0.000000 0.381586 0.000000 -0.924333 0.400000 0.400000 0.400000
9509.167969 0.000000 8155.663086 0.000000 0.672138 0.000000 -0.740426 0.400000 0.400000 0.400000
9513.987305 0.000000 8188.853027 0.000000 0.428360 0.000000 0.903608 0.400000 0.400000 0.400000
9521.472656 0.000000 8191.843262 0.000000 0.514971 0.000000 0.857208 0.400000 0.400000 0.400000
9650.402344 0.000000 8150.788574 0.000000 0.965130 0.000000 0.261772 0.400000 0.400000 0.400000
9578.361328 0.000000 8117.221680 0.000000 0.277123 0.000000 -0.960835 0.400000 0.400000 0.400000
9562.747070 0.000000 8111.885742 0.000000 0.140854 0.000000 0.990030 0.400000 0.400000 0.400000
9624.117188 0.000000 8131.911133 0.000000 0.556758 0.000000 -0.830675 0.400000 0.400000 0.400000
9598.921875 0.000000 8115.643555 0.000000 0.133277 0.000000 -0.991079 0.400000 0.400000 0.400000
9602.351562 0.000000 8108.761719 0.000000 0.623310 0.000000 0.781975 0.400000 0.400000 0.400000
9583.738281 0.000000 8121.538574 0.000000 0.983276 0.000000 0.182121 0.400000 0.400000 0.400000
9606.486328 0.000000 8126.426758 0.000000 0.341383 0.000000 0.939924 0.400000 0.400000 0.400000
9640.916016 0.000000 8153.270996 0.000000 0.791398 0.000000 -0.611301 0.400000 0.400000 0.400000
9618.425781 0.000000 8133.695312 0.000000 0.498659 0.000000 0.866798 0.400000 0.400000 0.400000
9561.738281 0.000000 8103.326660 0.000000 0.571354 0.000000 0.820704 0.400000 0.400000 0.400000
9627.999023 0.000000 8134.312500 0.000000 0.973558 0.000000 0.228442 0.400000 0.400000 0.400000
9611.777344 0.000000 8112.960938 0.000000 0.999995 0.000000 0.003290 0.400000 0.400000 0.400000
9602.464844 0.000000 8113.090820 0.000000 0.642837 0.000000 -0.766003 0.400000 0.400000 0.400000
9614.118164 0.000000 8133.774414 0.000000 0.630088 0.000000 0.776524 0.400000 0.400000 0.400000
9598.161133 0.000000 8126.224121 0.000000 0.702451 0.000000 0.711732 0.400000 0.400000 0.400000
9615.138672 0.000000 8139.570312 0.000000 0.039376 0.000000 -0.999224 0.400000 0.400000 0.400000
9609.951172 0.000000 8134.512695 0.000000 0.298243 0.000000 0.954490 0.400000 0.400000 0.400000
9651.414062 0.000000 8153.284668 0.000000 0.286294 0.000000 0.958142 0.400000 0.400000 0.400000
9626.723633 0.000000 8132.100586 0.000000 0.917589 0.000000 -0.397530 0.400000 0.400000 0.400000
9738.415039 0.000000 8138.531738 0.000000 0.348914 0.000000 -0.937155 0.400000 0.400000 0.400000
9709.948242 0.000000 8129.102051 0.000000 0.847068 0.000000 -0.531484 0.400000 0.400000 0.400000
9667.985352 0.000000 8134.889648 0.000000 0.304873 0.000000 -0.952393 0.400000 0.400000 0.400000
9690.121094 0.000000 8135.691895 0.000000 0.792131 0.000000 -0.610351 0.400000 0.400000 0.400000
9697.196289 0.000000 8154.094238 0.000000 0.563983 0.000000 -0.825786 0.400000 0.400000 0.400000
9655.592773 0.000000 8151.302734 0.000000 0.385677 0.000000 0.922634 0.400000 0.400000 0.400000
9709.780273 0.000000 8145.391602 0.000000 0.823717 0.000000 0.567001 0.400000 0.400000 0.400000
9675.425781 0.000000 8134.949707 0.000000 0.524910 0.000000 -0.851158 0.400000 0.400000 0.400000
9668.226562 0.000000 8141.960449 0.000000 0.030507 0.000000 -0.999535 0.400000 0.400000 0.400000
9662.025391 0.000000 8139.608398 0.000000 0.932795 0.000000 -0.360407 0.400000 0.400000 0.400000
9716.905273 0.000000 8142.732910 0.000000 0.756648 0.000000 0.653823 0.400000 0.400000 0.400000
9712.167969 0.000000 8133.695312 0.000000 0.970680 0.000000 0.240374 0.400000 0.400000 0.400000
9711.111328 0.000000 8149.639648 0.000000 0.990925 0.000000 0.134419 0.400000 0.400000 0.400000
9683.580078 0.000000 8142.998047 0.000000 0.482039 0.000000 -0.876150 0.400000 0.400000 0.400000
9685.672852 0.000000 8136.724121 0.000000 0.899516 0.000000 0.436889 0.400000 0.400000 0.400000
9678.552734 0.000000 8143.653320 0.000000 0.281446 0.000000 -0.959577 0.400000 0.400000 0.400000
9715.417969 0.000000 8134.524902 0.000000 0.948859 0.000000 -0.315701 0.400000 0.400000 0.400000
9669.299805 0.000000 8138.802734 0.000000 0.996991 0.000000 -0.077517 0.400000 0.400000 0.400000
9701.490234 0.000000 8129.980957 0.000000 0.890745 0.000000 0.454504 0.400000 0.400000 0.400000
9714.859375 0.000000 8137.310547 0.000000 0.959978 0.000000 0.280077 0.400000 0.400000 0.400000
9563.901367 0.000000 8178.805176 0.000000 0.402735 0.000000 -0.915317 0.400000 0.400000 0.400000
9564.595703 0.000000 8218.586914 0.000000 0.734420 0.000000 -0.678696 0.400000 0.400000 0.400000
9616.206055 0.000000 8222.844727 0.000000 0.893837 0.000000 -0.448392 0.400000 0.400000 0.400000
9574.243164 0.000000 8228.631836 0.000000 0.483036 0.000000 -0.875601 0.400000 0.400000 0.400000
9562.039062 0.000000 8192.022461 0.000000 0.709023 0.000000 0.705185 0.400000 0.400000 0.400000
9562.434570 0.000000 8230.460938 0.000000 0.405869 0.000000 -0.913931 0.400000 0.400000 0.400000
9649.103516 0.000000 8164.913086 0.000000 0.435564 0.000000 0.900158 0.400000 0.400000 0.400000
9561.850586 0.000000 8245.044922 0.000000 0.991158 0.000000 0.132684 0.400000 0.400000 0.400000
9622.397461 0.000000 8158.609863 0.000000 0.535198 0.000000 -0.844726 0.400000 0.400000 0.400000
9569.867188 0.000000 8249.249023 0.000000 0.518672 0.000000 0.854973 0.400000 0.400000 0.400000
9598.921875 0.000000 8209.385742 0.000000 0.993060 0.000000 0.117612 0.400000 0.400000 0.400000
9563.072266 0.000000 8237.808594 0.000000 0.973706 0.000000 -0.227808 0.400000 0.400000 0.400000
9568.283203 0.000000 8233.350586 0.000000 0.658965 0.000000 0.752174 0.400000 0.400000 0.400000
9606.486328 0.000000 8220.168945 0.000000 0.887982 0.000000 0.459878 0.400000 0.400000 0.400000
9637.291992 0.000000 8160.381836 0.000000 0.150553 0.000000 0.988602 0.400000 0.400000 0.400000
9643.773438 0.000000 8162.437988 0.000000 0.995743 0.000000 -0.092169 0.400000 0.400000 0.400000
9561.727539 0.000000 8165.627930 0.000000 0.995115 0.000000 -0.098718 0.400000 0.400000 0.400000
9652.478516 0.000000 8161.456543 0.000000 0.974392 0.000000 -0.224856 0.400000 0.400000 0.400000
9568.925781 0.000000 8221.034180 0.000000 0.328681 0.000000 0.944441 0.400000 0.400000 0.400000
9565.552734 0.000000 8189.736328 0.000000 0.265299 0.000000 0.964166 0.400000 0.400000 0.400000
9567.702148 0.000000 8180.380371 0.000000 0.031800 0.000000 -0.999494 0.400000 0.400000 0.400000
9577.864258 0.000000 8229.990234 0.000000 0.757615 0.000000 -0.652702 0.400000 0.400000 0.400000
9573.180664 0.000000 8193.624023 0.000000 0.957436 0.000000 0.288645 0.400000 0.400000 0.400000
9648.595703 0.000000 8161.377441 0.000000 0.143980 0.000000 0.989581 0.400000 0.400000 0.400000
9561.728516 0.000000 8241.183594 0.000000 0.018683 0.000000 -0.999825 0.400000 0.400000 0.400000
9642.704102 0.000000 8165.763184 0.000000 0.950037 0.000000 -0.312138 0.400000 0.400000 0.400000
9604.681641 0.000000 8217.153320 0.000000 0.429780 0.000000 -0.902934 0.400000 0.400000 0.400000
9591.024414 0.000000 8233.672852 0.000000 0.999830 0.000000 0.018428 0.400000 0.400000 0.400000
9571.287109 0.000000 8234.484375 0.000000 0.650043 0.000000 0.759897 0.400000 0.400000 0.400000
9569.645508 0.000000 8223.750000 0.000000 0.997753 0.000000 -0.067004 0.400000 0.400000 0.400000
9613.297852 0.000000 8222.203125 0.000000 0.695485 0.000000 -0.718540 0.400000 0.400000 0.400000
9689.099609 0.000000 8201.623047 0.000000 0.961223 0.000000 -0.275771 0.400000 0.400000 0.400000
9725.097656 0.000000 8157.667969 0.000000 0.390412 0.000000 0.920640 0.400000 0.400000 0.400000
9663.296875 0.000000 8191.213379 0.000000 0.672902 0.000000 -0.739731 0.400000 0.400000 0.400000
9684.555664 0.000000 8187.041992 0.000000 0.839336 0.000000 0.543613 0.400000 0.400000 0.400000
9689.175781 0.000000 8182.833984 0.000000 0.820483 0.000000 0.571670 0.400000 0.400000 0.400000
9684.642578 0.000000 8205.562500 0.000000 0.657152 0.000000 0.753758 0.400000 0.400000 0.400000
9720.340820 0.000000 8155.674805 0.000000 0.990448 0.000000 0.137890 0.400000 0.400000 0.400000
9685.312500 0.000000 8179.941895 0.000000 0.210006 0.000000 0.977700 0.400000 0.400000 0.400000
9660.046875 0.000000 8174.738281 0.000000 0.998963 0.000000 -0.045526 0.400000 0.400000 0.400000
9687.908203 0.000000 8208.740234 0.000000 0.681096 0.000000 -0.732194 0.400000 0.400000 0.400000
9694.777344 0.000000 8191.713379 0.000000 0.279465 0.000000 0.960156 0.400000 0.400000 0.400000
9670.526367 0.000000 8195.805664 0.000000 0.636928 0.000000 0.770923 0.400000 0.400000 0.400000
9704.941406 0.000000 8158.252930 0.000000 0.587945 0.000000 -0.808901 0.400000 0.400000 0.400000
9658.077148 0.000000 8172.522461 0.000000 0.981310 0.000000 -0.192432 0.400000 0.400000 0.400000
9722.326172 0.000000 8157.983887 0.000000 0.683576 0.000000 0.729879 0.400000 0.400000 0.400000
9749.334961 0.000000 8151.302734 0.000000 0.425856 0.000000 -0.904791 0.400000 0.400000 0.400000
10063.702148 0.000000 8082.811523 0.000000 0.232447 0.000000 0.972609 0.400000 0.400000 0.400000
10115.701172 0.000000 8095.584961 0.000000 0.911237 0.000000 -0.411882 0.400000 0.400000 0.400000
10070.538086 0.000000 8079.885742 0.000000 0.443455 0.000000 0.896297 0.400000 0.400000 0.400000
10034.263672 0.000000 8095.994141 0.000000 0.772932 0.000000 -0.634489 0.400000 0.400000 0.400000
10093.868164 0.000000 8127.174805 0.000000 0.622483 0.000000 -0.782633 0.400000 0.400000 0.400000
10087.224609 0.000000 8126.866211 0.000000 0.838181 0.000000 -0.545392 0.400000 0.400000 0.400000
10113.448242 0.000000 8168.844727 0.000000 0.829706 0.000000 -0.558200 0.400000 0.400000 0.400000
10123.222656 0.000000 8165.669922 0.000000 0.177086 0.000000 0.984195 0.400000 0.400000 0.400000
10117.758789 0.000000 8169.329102 0.000000 0.877750 0.000000 -0.479118 0.400000 0.400000 0.400000
10117.568359 0.000000 8172.567871 0.000000 0.658770 0.000000 0.752345 0.400000 0.400000 0.400000
10119.126953 0.000000 8159.083008 0.000000 0.061936 0.000000 -0.998080 0.400000 0.400000 0.400000
10191.021484 0.000000 8138.679688 0.000000 0.888190 0.000000 -0.459476 0.400000 0.400000 0.400000
10213.106445 0.000000 8143.769531 0.000000 0.666560 0.000000 0.745451 0.400000 0.400000 0.400000
10165.064453 0.000000 8138.042969 0.000000 0.448564 0.000000 -0.893751 0.400000 0.400000 0.400000
10124.191406 0.000000 8103.326660 0.000000 0.330131 0.000000 -0.943935 0.400000 0.400000 0.400000
10216.434570 0.000000 8154.018555 0.000000 0.648704 0.000000 0.761041 0.400000 0.400000 0.400000
10141.659180 0.000000 8080.045410 0.000000 0.526519 0.000000 0.850163 0.400000 0.400000 0.400000
10211.093750 0.000000 8154.310547 0.000000 0.855405 0.000000 0.517960 0.400000 0.400000 0.400000
10274.960938 0.000000 8138.582031 0.000000 0.806352 0.000000 -0.591436 0.400000 0.400000 0.400000
10222.872070 0.000000 8141.799316 0.000000 0.828517 0.000000 0.559964 0.400000 0.400000 0.400000
10169.465820 0.000000 8196.975586 0.000000 0.999900 0.000000 -0.014108 0.400000 0.400000 0.400000
10172.670898 0.000000 8202.620117 0.000000 0.953733 0.000000 -0.300655 0.400000 0.400000 0.400000
10178.530273 0.000000 8198.045898 0.000000 0.094550 0.000000 -0.995520 0.400000 0.400000 0.400000
10128.757812 0.000000 8174.738281 0.000000 0.929873 0.000000 -0.367881 0.400000 0.400000 0.400000
10181.079102 0.000000 8209.052734 0.000000 0.568732 0.000000 -0.822523 0.400000 0.400000 0.400000
10182.620117 0.000000 8203.049805 0.000000 0.514156 0.000000 0.857697 0.400000 0.400000 0.400000
10180.091797 0.000000 8200.920898 0.000000 0.576582 0.000000 0.817039 0.400000 0.400000 0.400000
10285.118164 0.000000 8219.010742 0.000000 0.899420 0.000000 -0.437086 0.400000 0.400000 0.400000
10280.312500 0.000000 8225.653320 0.000000 0.021532 0.000000 -0.999768 0.400000 0.400000 0.400000
10288.130859 0.000000 8225.842773 0.000000 0.581190 0.000000 0.813768 0.400000 0.400000 0.400000
10222.379883 0.000000 8208.277344 0.000000 0.279921 0.000000 0.960023 0.400000 0.400000 0.400000
10392.223633 0.000000 8134.250488 0.000000 0.027831 0.000000 0.999613 0.400000 0.400000 0.400000
10364.055664 0.000000 8133.774414 0.000000 0.767914 0.000000 0.640554 0.400000 0.400000 0.400000
10394.584961 0.000000 8135.694336 0.000000 0.995435 0.000000 -0.095438 0.400000 0.400000 0.400000
10437.458008 0.000000 8153.703125 0.000000 0.042048 0.000000 0.999116 0.400000 0.400000 0.400000
10427.592773 0.000000 8083.294922 0.000000 0.533223 0.000000 -0.845975 0.400000 0.400000 0.400000
10422.889648 0.000000 8100.683105 0.000000 0.049252 0.000000 0.998786 0.400000 0.400000 0.400000
10343.963867 0.000000 8220.947266 0.000000 0.954136 0.000000 -0.299372 0.400000 0.400000 0.400000
10340.706055 0.000000 8226.422852 0.000000 1.000000 0.000000 -0.000378 0.400000 0.400000 0.400000
10339.047852 0.000000 8217.378906 0.000000 0.997812 0.000000 -0.066122 0.400000 0.400000 0.400000
10329.143555 0.000000 8173.787598 0.000000 0.661237 0.000000 -0.750177 0.400000 0.400000 0.400000
10351.590820 0.000000 8212.574219 0.000000 0.317569 0.000000 0.948235 0.400000 0.400000 0.400000
10338.500000 0.000000 8165.400879 0.000000 0.480653 0.000000 0.876911 0.400000 0.400000 0.400000
10436.095703 0.000000 8242.078125 0.000000 0.543192 0.000000 0.839609 0.400000 0.400000 0.400000
10439.775391 0.000000 8163.344238 0.000000 0.767543 0.000000 -0.640997 0.400000 0.400000 0.400000
10465.157227 0.000000 8219.317383 0.000000 0.527007 0.000000 0.849861 0.400000 0.400000 0.400000
10437.458008 0.000000 8247.445312 0.000000 0.631740 0.000000 0.775180 0.400000 0.400000 0.400000
10438.252930 0.000000 8167.459473 0.000000 0.991924 0.000000 -0.126835 0.400000 0.400000 0.400000
10433.559570 0.000000 8245.921875 0.000000 0.982802 0.000000 -0.184664 0.400000 0.400000 0.400000
10432.734375 0.000000 8160.482422 0.000000 0.852973 0.000000 0.521955 0.400000 0.400000 0.400000
9534.826172 0.000000 8326.164062 0.000000 0.321535 0.000000 0.946898 0.400000 0.400000 0.400000
9504.600586 0.000000 8282.034180 0.000000 0.355099 0.000000 -0.934829 0.400000 0.400000 0.400000
9487.629883 0.000000 8332.013672 0.000000 0.942527 0.000000 0.334130 0.400000 0.400000 0.400000
9526.334961 0.000000 8307.095703 0.000000 0.461931 0.000000 -0.886916 0.400000 0.400000 0.400000
9505.616211 0.000000 8331.052734 0.000000 0.901372 0.000000 0.433045 0.400000 0.400000 0.400000
9508.869141 0.000000 8325.527344 0.000000 0.419070 0.000000 -0.907954 0.400000 0.400000 0.400000
9527.735352 0.000000 8313.059570 0.000000 0.070796 0.000000 -0.997491 0.400000 0.400000 0.400000
9537.927734 0.000000 8330.732422 0.000000 0.315401 0.000000 -0.948958 0.400000 0.400000 0.400000
9530.031250 0.000000 8324.651367 0.000000 0.605411 0.000000 -0.795913 0.400000 0.400000 0.400000
9478.704102 0.000000 8317.767578 0.000000 0.164258 0.000000 -0.986417 0.400000 0.400000 0.400000
9483.829102 0.000000 8319.386719 0.000000 0.998263 0.000000 -0.058908 0.400000 0.400000 0.400000
9507.292969 0.000000 8285.455078 0.000000 0.956227 0.000000 -0.292625 0.400000 0.400000 0.400000
9508.722656 0.000000 8300.575195 0.000000 0.712186 0.000000 0.701991 0.400000 0.400000 0.400000
9484.122070 0.000000 8323.732422 0.000000 0.511664 0.000000 0.859185 0.400000 0.400000 0.400000
9482.115234 0.000000 8316.176758 0.000000 0.137629 0.000000 -0.990484 0.400000 0.400000 0.400000
9514.851562 0.000000 8337.233398 0.000000 0.714565 0.000000 0.699569 0.400000 0.400000 0.400000
9508.170898 0.000000 8332.028320 0.000000 0.695271 0.000000 0.718747 0.400000 0.400000 0.400000
9530.925781 0.000000 8354.702148 0.000000 0.884399 0.000000 -0.466732 0.400000 0.400000 0.400000
9519.993164 0.000000 8359.386719 0.000000 0.717911 0.000000 -0.696135 0.400000 0.400000 0.400000
9527.650391 0.000000 8350.944336 0.000000 0.819306 0.000000 -0.573356 0.400000 0.400000 0.400000
9516.703125 0.000000 8363.082031 0.000000 0.975003 0.000000 0.222192 0.400000 0.400000 0.400000
9534.774414 0.000000 8355.478516 0.000000 0.978103 0.000000 -0.208122 0.400000 0.400000 0.400000
9526.689453 0.000000 8348.222656 0.000000 0.999852 0.000000 -0.017217 0.400000 0.400000 0.400000
9578.369141 0.000000 8250.470703 0.000000 0.054957 0.000000 0.998489 0.400000 0.400000 0.400000
9567.739258 0.000000 8251.150391 0.000000 0.064996 0.000000 0.997886 0.400000 0.400000 0.400000
9565.993164 0.000000 8254.285156 0.000000 0.999658 0.000000 0.026148 0.400000 0.400000 0.400000
9563.544922 0.000000 8256.892578 0.000000 0.982979 0.000000 -0.183716 0.400000 0.400000 0.400000
9578.369141 0.000000 8344.212891 0.000000 0.845644 0.000000 0.533748 0.400000 0.400000 0.400000
9586.003906 0.000000 8348.560547 0.000000 0.325539 0.000000 0.945529 0.400000 0.400000 0.400000
9596.095703 0.000000 8350.829102 0.000000 0.677851 0.000000 -0.735199 0.400000 0.400000 0.400000
9597.736328 0.000000 8357.848633 0.000000 0.780096 0.000000 -0.625660 0.400000 0.400000 0.400000
9588.853516 0.000000 8344.841797 0.000000 0.624598 0.000000 0.780947 0.400000 0.400000 0.400000
9592.016602 0.000000 8347.056641 0.000000 0.861633 0.000000 -0.507532 0.400000 0.400000 0.400000
9575.421875 0.000000 8345.320312 0.000000 0.303652 0.000000 -0.952783 0.400000 0.400000 0.400000
9581.338867 0.000000 8344.096680 0.000000 0.401736 0.000000 0.915756 0.400000 0.400000 0.400000
9596.677734 0.000000 8353.350586 0.000000 0.970392 0.000000 0.241535 0.400000 0.400000 0.400000
9848.443359 0.000000 8600.136719 0.000000 0.317794 0.000000 0.948160 0.400000 0.400000 0.400000
9854.920898 0.000000 8583.465820 0.000000 0.139526 0.000000 -0.990218 0.400000 0.400000 0.400000
10427.946289 0.000000 8249.460938 0.000000 0.357586 0.000000 -0.933880 0.400000 0.400000 0.400000
10435.696289 0.000000 8253.314453 0.000000 0.539412 0.000000 0.842042 0.400000 0.400000 0.400000
10523.208984 0.000000 8128.282715 0.000000 0.763145 0.000000 -0.646228 0.400000 0.400000 0.400000
10526.532227 0.000000 8123.637207 0.000000 0.975862 0.000000 -0.218387 0.400000 0.400000 0.400000
10547.227539 0.000000 8117.226562 0.000000 0.961985 0.000000 0.273102 0.400000 0.400000 0.400000
10530.358398 0.000000 8130.225098 0.000000 0.093273 0.000000 -0.995641 0.400000 0.400000 0.400000
10516.760742 0.000000 8233.563477 0.000000 0.581496 0.000000 0.813550 0.400000 0.400000 0.400000
10523.652344 0.000000 8227.368164 0.000000 0.248871 0.000000 -0.968537 0.400000 0.400000 0.400000
10530.618164 0.000000 8287.794922 0.000000 0.990051 0.000000 0.140706 0.400000 0.400000 0.400000
10555.333008 0.000000 8279.027344 0.000000 0.970448 0.000000 -0.241310 0.400000 0.400000 0.400000
10518.608398 0.000000 8286.116211 0.000000 0.855497 0.000000 -0.517807 0.400000 0.400000 0.400000
6734.391113 0.000000 10493.052734 0.000000 0.767143 0.000000 -0.641476 0.400000 0.400000 0.400000
7003.787109 0.000000 10107.265625 0.000000 0.699606 0.000000 -0.714529 0.400000 0.400000 0.400000
7025.872559 0.000000 10112.355469 0.000000 0.527080 0.000000 0.849816 0.400000 0.400000 0.400000
6998.381836 0.000000 10111.318359 0.000000 0.051196 0.000000 0.998689 0.400000 0.400000 0.400000
7021.383789 0.000000 10111.335938 0.000000 0.870504 0.000000 -0.492162 0.400000 0.400000 0.400000
7052.249512 0.000000 10046.776367 0.000000 0.945879 0.000000 -0.324521 0.400000 0.400000 0.400000
7213.105469 0.000000 10119.375000 0.000000 0.963690 0.000000 -0.267025 0.400000 0.400000 0.400000
7216.684570 0.000000 10122.604492 0.000000 0.118193 0.000000 -0.992991 0.400000 0.400000 0.400000
7237.817871 0.000000 10113.115234 0.000000 0.720699 0.000000 0.693248 0.400000 0.400000 0.400000
7243.420410 0.000000 10114.883789 0.000000 0.995566 0.000000 0.094071 0.400000 0.400000 0.400000
6932.130371 0.000000 10206.097656 0.000000 0.905382 0.000000 0.424599 0.400000 0.400000 0.400000
6916.067871 0.000000 10237.654297 0.000000 0.725057 0.000000 0.688688 0.400000 0.400000 0.400000
6913.135254 0.000000 10227.559570 0.000000 0.871748 0.000000 0.489954 0.400000 0.400000 0.400000
6918.125488 0.000000 10232.766602 0.000000 0.880726 0.000000 0.473625 0.400000 0.400000 0.400000
6945.067383 0.000000 10209.945312 0.000000 0.360751 0.000000 -0.932662 0.400000 0.400000 0.400000
6944.615234 0.000000 10179.877930 0.000000 0.521689 0.000000 -0.853136 0.400000 0.400000 0.400000
6938.290527 0.000000 10206.394531 0.000000 0.375324 0.000000 0.926894 0.400000 0.400000 0.400000
6949.703125 0.000000 10204.288086 0.000000 0.984414 0.000000 0.175868 0.400000 0.400000 0.400000
6955.299316 0.000000 10166.916992 0.000000 0.208707 0.000000 0.977978 0.400000 0.400000 0.400000
6948.913086 0.000000 10177.083008 0.000000 0.855932 0.000000 0.517088 0.400000 0.400000 0.400000
6944.609863 0.000000 10185.200195 0.000000 0.988169 0.000000 -0.153371 0.400000 0.400000 0.400000
6952.789551 0.000000 10194.230469 0.000000 0.811229 0.000000 -0.584729 0.400000 0.400000 0.400000
7119.226074 0.000000 10188.341797 0.000000 0.300243 0.000000 0.953863 0.400000 0.400000 0.400000
7104.436035 0.000000 10212.635742 0.000000 0.343463 0.000000 -0.939166 0.400000 0.400000 0.400000
7121.730957 0.000000 10199.001953 0.000000 0.772784 0.000000 -0.634669 0.400000 0.400000 0.400000
7112.189453 0.000000 10208.765625 0.000000 0.898804 0.000000 0.438350 0.400000 0.400000 0.400000
7119.614746 0.000000 10206.097656 0.000000 0.521964 0.000000 -0.852967 0.400000 0.400000 0.400000
7121.936523 0.000000 10182.965820 0.000000 0.130746 0.000000 -0.991416 0.400000 0.400000 0.400000
7019.891602 0.000000 10294.601562 0.000000 0.988758 0.000000 0.149527 0.400000 0.400000 0.400000
7023.743652 0.000000 10256.862305 0.000000 0.497733 0.000000 0.867330 0.400000 0.400000 0.400000
7003.787109 0.000000 10294.750000 0.000000 0.904598 0.000000 0.426266 0.400000 0.400000 0.400000
7014.080566 0.000000 10285.760742 0.000000 0.916038 0.000000 0.401092 0.400000 0.400000 0.400000
7011.886230 0.000000 10297.841797 0.000000 0.595930 0.000000 0.803037 0.400000 0.400000 0.400000
6961.222656 0.000000 10223.404297 0.000000 0.633200 0.000000 0.773988 0.400000 0.400000 0.400000
7019.970215 0.000000 10275.912109 0.000000 0.417577 0.000000 -0.908641 0.400000 0.400000 0.400000
7018.447266 0.000000 10302.507812 0.000000 0.900669 0.000000 0.434507 0.400000 0.400000 0.400000
6954.750488 0.000000 10226.581055 0.000000 0.357754 0.000000 -0.933816 0.400000 0.400000 0.400000
7013.244629 0.000000 10291.881836 0.000000 0.328650 0.000000 0.944452 0.400000 0.400000 0.400000
7016.134277 0.000000 10309.340820 0.000000 0.441666 0.000000 -0.897179 0.400000 0.400000 0.400000
6998.991699 0.000000 10293.237305 0.000000 0.828575 0.000000 0.559878 0.400000 0.400000 0.400000
7008.557617 0.000000 10293.440430 0.000000 0.004512 0.000000 0.999990 0.400000 0.400000 0.400000
6946.503906 0.000000 10229.671875 0.000000 0.923112 0.000000 -0.384532 0.400000 0.400000 0.400000
6938.049316 0.000000 10217.987305 0.000000 0.643850 0.000000 -0.765152 0.400000 0.400000 0.400000
7101.383301 0.000000 10250.050781 0.000000 0.812501 0.000000 -0.582960 0.400000 0.400000 0.400000
7064.317871 0.000000 10263.951172 0.000000 0.999985 0.000000 -0.005454 0.400000 0.400000 0.400000
7070.172363 0.000000 10279.148438 0.000000 0.317102 0.000000 0.948391 0.400000 0.400000 0.400000
7103.552246 0.000000 10237.654297 0.000000 0.994917 0.000000 0.100700 0.400000 0.400000 0.400000
7091.514648 0.000000 10241.947266 0.000000 0.459241 0.000000 -0.888312 0.400000 0.400000 0.400000
7054.403320 0.000000 10256.854492 0.000000 0.086430 0.000000 -0.996258 0.400000 0.400000 0.400000
7075.635742 0.000000 10289.200195 0.000000 0.821664 0.000000 0.569972 0.400000 0.400000 0.400000
7062.157227 0.000000 10256.380859 0.000000 0.826034 0.000000 0.563620 0.400000 0.400000 0.400000
7067.883301 0.000000 10271.713867 0.000000 0.348364 0.000000 -0.937359 0.400000 0.400000 0.400000
7038.516113 0.000000 10253.541992 0.000000 0.740659 0.000000 0.671881 0.400000 0.400000 0.400000
7098.513672 0.000000 10242.879883 0.000000 0.504987 0.000000 -0.863127 0.400000 0.400000 0.400000
7068.984863 0.000000 10258.192383 0.000000 0.179044 0.000000 -0.983841 0.400000 0.400000 0.400000
7080.953613 0.000000 10293.570312 0.000000 0.228761 0.000000 0.973483 0.400000 0.400000 0.400000
7059.729980 0.000000 10288.750977 0.000000 0.406983 0.000000 0.913436 0.400000 0.400000 0.400000
7103.406738 0.000000 10265.982422 0.000000 0.982722 0.000000 -0.185088 0.400000 0.400000 0.400000
7075.447266 0.000000 10282.497070 0.000000 0.470071 0.000000 -0.882629 0.400000 0.400000 0.400000
7103.858887 0.000000 10259.300781 0.000000 0.858666 0.000000 0.512536 0.400000 0.400000 0.400000
7085.162109 0.000000 10279.735352 0.000000 0.992687 0.000000 0.120714 0.400000 0.400000 0.400000
7112.060547 0.000000 10257.831055 0.000000 0.967162 0.000000 -0.254159 0.400000 0.400000 0.400000
7106.838379 0.000000 10249.681641 0.000000 0.302433 0.000000 0.953171 0.400000 0.400000 0.400000
7105.609863 0.000000 10232.766602 0.000000 0.887498 0.000000 0.460812 0.400000 0.400000 0.400000
7055.191406 0.000000 10289.696289 0.000000 0.614675 0.000000 0.788781 0.400000 0.400000 0.400000
7064.926758 0.000000 10287.334961 0.000000 0.974644 0.000000 -0.223762 0.400000 0.400000 0.400000
7069.995605 0.000000 10254.041016 0.000000 0.998213 0.000000 0.059756 0.400000 0.400000 0.400000
7064.576172 0.000000 10259.713867 0.000000 0.972496 0.000000 0.232919 0.400000 0.400000 0.400000
7105.229492 0.000000 10262.797852 0.000000 0.884010 0.000000 -0.467468 0.400000 0.400000 0.400000
7061.896973 0.000000 10286.294922 0.000000 0.467626 0.000000 -0.883927 0.400000 0.400000 0.400000
6970.575684 0.000000 10357.693359 0.000000 0.722734 0.000000 -0.691127 0.400000 0.400000 0.400000
7017.566406 0.000000 10312.742188 0.000000 0.786474 0.000000 -0.617623 0.400000 0.400000 0.400000
6961.916504 0.000000 10337.162109 0.000000 0.835850 0.000000 -0.548958 0.400000 0.400000 0.400000
6961.005859 0.000000 10378.094727 0.000000 0.098233 0.000000 0.995164 0.400000 0.400000 0.400000
7009.810059 0.000000 10331.396484 0.000000 0.294119 0.000000 -0.955769 0.400000 0.400000 0.400000
6960.661133 0.000000 10350.596680 0.000000 0.999989 0.000000 -0.004606 0.400000 0.400000 0.400000
6982.231934 0.000000 10353.045898 0.000000 0.885606 0.000000 -0.464437 0.400000 0.400000 0.400000
6956.932129 0.000000 10343.790039 0.000000 0.648032 0.000000 -0.761613 0.400000 0.400000 0.400000
6990.233398 0.000000 10335.625000 0.000000 0.504134 0.000000 -0.863626 0.400000 0.400000 0.400000
7002.019531 0.000000 10330.005859 0.000000 0.255054 0.000000 0.966927 0.400000 0.400000 0.400000
6975.242676 0.000000 10351.934570 0.000000 0.587563 0.000000 0.809178 0.400000 0.400000 0.400000
6993.129883 0.000000 10341.355469 0.000000 0.382615 0.000000 -0.923908 0.400000 0.400000 0.400000
6964.692383 0.000000 10355.527344 0.000000 0.733158 0.000000 0.680058 0.400000 0.400000 0.400000
6964.086914 0.000000 10331.249023 0.000000 0.927784 0.000000 0.373118 0.400000 0.400000 0.400000
6970.309082 0.000000 10371.180664 0.000000 0.989501 0.000000 -0.144526 0.400000 0.400000 0.400000
6964.329102 0.000000 10373.449219 0.000000 0.162286 0.000000 0.986744 0.400000 0.400000 0.400000
7022.397949 0.000000 10314.127930 0.000000 0.191261 0.000000 -0.981539 0.400000 0.400000 0.400000
6991.912598 0.000000 10345.830078 0.000000 0.526051 0.000000 0.850453 0.400000 0.400000 0.400000
6956.405273 0.000000 10348.444336 0.000000 0.923071 0.000000 0.384629 0.400000 0.400000 0.400000
6961.449219 0.000000 10383.438477 0.000000 0.581926 0.000000 -0.813241 0.400000 0.400000 0.400000
6973.685547 0.000000 10360.958008 0.000000 0.770688 0.000000 0.637212 0.400000 0.400000 0.400000
7085.166504 0.000000 10378.915039 0.000000 0.011818 0.000000 -0.999930 0.400000 0.400000 0.400000
7038.809570 0.000000 10397.429688 0.000000 0.118380 0.000000 -0.992968 0.400000 0.400000 0.400000
7089.727051 0.000000 10402.394531 0.000000 0.999178 0.000000 0.040530 0.400000 0.400000 0.400000
7042.626465 0.000000 10354.605469 0.000000 0.999389 0.000000 -0.034948 0.400000 0.400000 0.400000
7047.322754 0.000000 10367.034180 0.000000 0.811070 0.000000 -0.584949 0.400000 0.400000 0.400000
7031.395996 0.000000 10386.531250 0.000000 0.190774 0.000000 -0.981634 0.400000 0.400000 0.400000
7072.414551 0.000000 10403.907227 0.000000 0.874309 0.000000 -0.485371 0.400000 0.400000 0.400000
7038.357422 0.000000 10367.362305 0.000000 0.058860 0.000000 0.998266 0.400000 0.400000 0.400000
7054.642090 0.000000 10402.688477 0.000000 0.799967 0.000000 0.600044 0.400000 0.400000 0.400000
7035.096191 0.000000 10354.831055 0.000000 0.466172 0.000000 0.884694 0.400000 0.400000 0.400000
7032.032715 0.000000 10393.878906 0.000000 0.184414 0.000000 0.982849 0.400000 0.400000 0.400000
7039.256348 0.000000 10360.644531 0.000000 0.242146 0.000000 -0.970240 0.400000 0.400000 0.400000
7067.378418 0.000000 10399.966797 0.000000 0.984634 0.000000 -0.174632 0.400000 0.400000 0.400000
7092.124023 0.000000 10392.544922 0.000000 0.961547 0.000000 0.274640 0.400000 0.400000 0.400000
7058.071289 0.000000 10373.449219 0.000000 0.996667 0.000000 -0.081575 0.400000 0.400000 0.400000
7054.194336 0.000000 10365.398438 0.000000 0.955088 0.000000 0.296322 0.400000 0.400000 0.400000
7085.162109 0.000000 10373.477539 0.000000 0.575615 0.000000 0.817721 0.400000 0.400000 0.400000
7044.083496 0.000000 10396.940430 0.000000 0.706625 0.000000 0.707588 0.400000 0.400000 0.400000
7092.733887 0.000000 10386.979492 0.000000 0.689609 0.000000 0.724182 0.400000 0.400000 0.400000
7087.386719 0.000000 10383.507812 0.000000 0.064843 0.000000 -0.997895 0.400000 0.400000 0.400000
7090.608887 0.000000 10397.405273 0.000000 0.421387 0.000000 0.906881 0.400000 0.400000 0.400000
7089.510254 0.000000 10379.501953 0.000000 0.712486 0.000000 -0.701686 0.400000 0.400000 0.400000
7039.168945 0.000000 10356.594727 0.000000 0.314614 0.000000 0.949220 0.400000 0.400000 0.400000
7090.636719 0.000000 10384.336914 0.000000 0.228642 0.000000 0.973511 0.400000 0.400000 0.400000
6991.628418 0.000000 10453.923828 0.000000 0.446824 0.000000 0.894622 0.400000 0.400000 0.400000
7010.693848 0.000000 10493.862305 0.000000 0.330235 0.000000 -0.943899 0.400000 0.400000 0.400000
6973.561523 0.000000 10438.104492 0.000000 0.341567 0.000000 -0.939858 0.400000 0.400000 0.400000
6982.231934 0.000000 10446.788086 0.000000 0.234719 0.000000 0.972063 0.400000 0.400000 0.400000
7011.886230 0.000000 10485.326172 0.000000 0.069508 0.000000 0.997581 0.400000 0.400000 0.400000
7002.760742 0.000000 10490.682617 0.000000 0.418765 0.000000 0.908094 0.400000 0.400000 0.400000
6968.415039 0.000000 10443.865234 0.000000 0.313987 0.000000 -0.949427 0.400000 0.400000 0.400000
6999.749023 0.000000 10436.496094 0.000000 0.998869 0.000000 0.047547 0.400000 0.400000 0.400000
6980.308105 0.000000 10440.041992 0.000000 0.745764 0.000000 0.666211 0.400000 0.400000 0.400000
6991.295898 0.000000 10447.858398 0.000000 0.652615 0.000000 0.757689 0.400000 0.400000 0.400000
7028.779785 0.000000 10441.226562 0.000000 0.999766 0.000000 0.021628 0.400000 0.400000 0.400000
6998.991699 0.000000 10480.721680 0.000000 0.900264 0.000000 -0.435344 0.400000 0.400000 0.400000
7008.557617 0.000000 10480.924805 0.000000 0.960113 0.000000 -0.279612 0.400000 0.400000 0.400000
6986.623047 0.000000 10447.962891 0.000000 0.163984 0.000000 0.986463 0.400000 0.400000 0.400000
7003.218262 0.000000 10477.867188 0.000000 0.535799 0.000000 -0.844346 0.400000 0.400000 0.400000
7032.862793 0.000000 10428.617188 0.000000 0.984248 0.000000 0.176795 0.400000 0.400000 0.400000
7054.748047 0.000000 10471.836914 0.000000 0.878930 0.000000 0.476951 0.400000 0.400000 0.400000
7082.657227 0.000000 10406.211914 0.000000 0.671103 0.000000 -0.741364 0.400000 0.400000 0.400000
7062.262695 0.000000 10405.906250 0.000000 0.728577 0.000000 -0.684964 0.400000 0.400000 0.400000
7031.000000 0.000000 10441.834961 0.000000 0.502160 0.000000 0.864775 0.400000 0.400000 0.400000
7098.247559 0.000000 10449.757812 0.000000 0.923696 0.000000 0.383126 0.400000 0.400000 0.400000
7043.550293 0.000000 10435.168945 0.000000 0.158169 0.000000 0.987412 0.400000 0.400000 0.400000
7082.696777 0.000000 10421.714844 0.000000 0.729586 0.000000 -0.683889 0.400000 0.400000 0.400000
7089.150391 0.000000 10442.868164 0.000000 0.368370 0.000000 -0.929679 0.400000 0.400000 0.400000
7089.037598 0.000000 10463.166016 0.000000 0.990880 0.000000 -0.134750 0.400000 0.400000 0.400000
7096.896973 0.000000 10458.698242 0.000000 0.381343 0.000000 -0.924433 0.400000 0.400000 0.400000
7073.880371 0.000000 10407.913086 0.000000 0.454614 0.000000 0.890688 0.400000 0.400000 0.400000
7067.883301 0.000000 10459.198242 0.000000 0.487483 0.000000 0.873133 0.400000 0.400000 0.400000
7083.975586 0.000000 10429.367188 0.000000 0.825312 0.000000 -0.564677 0.400000 0.400000 0.400000
7096.534180 0.000000 10443.007812 0.000000 0.027270 0.000000 -0.999628 0.400000 0.400000 0.400000
7078.791504 0.000000 10412.662109 0.000000 0.738563 0.000000 -0.674185 0.400000 0.400000 0.400000
7052.699219 0.000000 10465.093750 0.000000 0.806818 0.000000 0.590800 0.400000 0.400000 0.400000
7121.884766 0.000000 10428.706055 0.000000 0.154102 0.000000 -0.988055 0.400000 0.400000 0.400000
7103.406738 0.000000 10453.466797 0.000000 0.579113 0.000000 -0.815247 0.400000 0.400000 0.400000
7058.071289 0.000000 10467.191406 0.000000 0.488651 0.000000 0.872479 0.400000 0.400000 0.400000
7101.113281 0.000000 10462.417969 0.000000 0.517158 0.000000 -0.855890 0.400000 0.400000 0.400000
7053.227539 0.000000 10405.531250 0.000000 0.794803 0.000000 0.606868 0.400000 0.400000 0.400000
7079.110352 0.000000 10417.856445 0.000000 0.520317 0.000000 -0.853973 0.400000 0.400000 0.400000
7038.609863 0.000000 10433.820312 0.000000 0.575151 0.000000 -0.818047 0.400000 0.400000 0.400000
7079.406250 0.000000 10425.410156 0.000000 0.678443 0.000000 0.734653 0.400000 0.400000 0.400000
7094.941406 0.000000 10453.636719 0.000000 0.833823 0.000000 -0.552032 0.400000 0.400000 0.400000
7101.395996 0.000000 10457.585938 0.000000 0.403777 0.000000 0.914857 0.400000 0.400000 0.400000
7063.126953 0.000000 10458.552734 0.000000 0.499378 0.000000 -0.866384 0.400000 0.400000 0.400000
7077.226562 0.000000 10409.394531 0.000000 0.741699 0.000000 -0.670733 0.400000 0.400000 0.400000
7195.125488 0.000000 10156.308594 0.000000 0.398232 0.000000 0.917285 0.400000 0.400000 0.400000
7149.400879 0.000000 10149.677734 0.000000 0.863556 0.000000 0.504253 0.400000 0.400000 0.400000
7179.112793 0.000000 10172.697266 0.000000 0.617736 0.000000 -0.786385 0.400000 0.400000 0.400000
7191.625977 0.000000 10187.596680 0.000000 0.415261 0.000000 -0.909702 0.400000 0.400000 0.400000
7153.169434 0.000000 10137.380859 0.000000 0.995665 0.000000 -0.093013 0.400000 0.400000 0.400000
7125.138184 0.000000 10199.046875 0.000000 0.997189 0.000000 0.074927 0.400000 0.400000 0.400000
7166.549805 0.000000 10146.591797 0.000000 0.916999 0.000000 0.398889 0.400000 0.400000 0.400000
7190.639160 0.000000 10177.471680 0.000000 0.577543 0.000000 0.816360 0.400000 0.400000 0.400000
7124.553711 0.000000 10213.630859 0.000000 0.224567 0.000000 -0.974459 0.400000 0.400000 0.400000
7173.726562 0.000000 10184.033203 0.000000 0.489869 0.000000 0.871796 0.400000 0.400000 0.400000
7214.711426 0.000000 10125.336914 0.000000 0.424543 0.000000 -0.905408 0.400000 0.400000 0.400000
7132.569824 0.000000 10217.834961 0.000000 0.803422 0.000000 -0.595410 0.400000 0.400000 0.400000
7145.991699 0.000000 10140.518555 0.000000 0.955819 0.000000 -0.293956 0.400000 0.400000 0.400000
7215.607910 0.000000 10139.830078 0.000000 0.207092 0.000000 0.978321 0.400000 0.400000 0.400000
7215.626953 0.000000 10147.479492 0.000000 0.879728 0.000000 0.475478 0.400000 0.400000 0.400000
7130.986328 0.000000 10201.936523 0.000000 0.992660 0.000000 0.120941 0.400000 0.400000 0.400000
7151.571289 0.000000 10143.764648 0.000000 0.203647 0.000000 0.979044 0.400000 0.400000 0.400000
7177.110840 0.000000 10178.795898 0.000000 0.481001 0.000000 -0.876720 0.400000 0.400000 0.400000
7158.136230 0.000000 10151.419922 0.000000 0.103249 0.000000 -0.994655 0.400000 0.400000 0.400000
7184.768066 0.000000 10175.282227 0.000000 0.957807 0.000000 -0.287413 0.400000 0.400000 0.400000
7184.180664 0.000000 10187.903320 0.000000 0.564189 0.000000 -0.825646 0.400000 0.400000 0.400000
7210.115723 0.000000 10151.145508 0.000000 0.279996 0.000000 0.960001 0.400000 0.400000 0.400000
7217.214355 0.000000 10134.255859 0.000000 0.998608 0.000000 0.052753 0.400000 0.400000 0.400000
7188.155762 0.000000 10183.303711 0.000000 0.906832 0.000000 0.421492 0.400000 0.400000 0.400000
7178.904297 0.000000 10185.993164 0.000000 0.677956 0.000000 0.735102 0.400000 0.400000 0.400000
7146.615723 0.000000 10145.623047 0.000000 0.159091 0.000000 -0.987264 0.400000 0.400000 0.400000
7208.291504 0.000000 10214.073242 0.000000 0.580073 0.000000 -0.814564 0.400000 0.400000 0.400000
7198.899414 0.000000 10217.719727 0.000000 0.561185 0.000000 0.827690 0.400000 0.400000 0.400000
7188.683594 0.000000 10172.410156 0.000000 0.816875 0.000000 -0.576814 0.400000 0.400000 0.400000
7164.530273 0.000000 10142.213867 0.000000 0.828410 0.000000 -0.560122 0.400000 0.400000 0.400000
7137.656738 0.000000 10143.958008 0.000000 0.947089 0.000000 -0.320970 0.400000 0.400000 0.400000
7154.273926 0.000000 10148.528320 0.000000 0.895961 0.000000 -0.444133 0.400000 0.400000 0.400000
7215.181152 0.000000 10130.041992 0.000000 0.587355 0.000000 -0.809329 0.400000 0.400000 0.400000
7195.609375 0.000000 10151.846680 0.000000 0.985569 0.000000 0.169275 0.400000 0.400000 0.400000
7156.851562 0.000000 10158.365234 0.000000 0.779013 0.000000 0.627008 0.400000 0.400000 0.400000
7159.893555 0.000000 10161.627930 0.000000 0.266615 0.000000 -0.963803 0.400000 0.400000 0.400000
7156.839355 0.000000 10154.826172 0.000000 0.620243 0.000000 0.784410 0.400000 0.400000 0.400000
7148.504395 0.000000 10142.517578 0.000000 0.995626 0.000000 0.093429 0.400000 0.400000 0.400000
7151.126465 0.000000 10146.978516 0.000000 0.895359 0.000000 0.445346 0.400000 0.400000 0.400000
7220.347168 0.000000 10147.390625 0.000000 0.772686 0.000000 0.634789 0.400000 0.400000 0.400000
7234.807129 0.000000 10179.549805 0.000000 0.998671 0.000000 0.051543 0.400000 0.400000 0.400000
7227.795898 0.000000 10147.238281 0.000000 0.810524 0.000000 0.585706 0.400000 0.400000 0.400000
7240.183594 0.000000 10183.867188 0.000000 0.998496 0.000000 -0.054828 0.400000 0.400000 0.400000
7233.715820 0.000000 10172.967773 0.000000 0.961718 0.000000 0.274039 0.400000 0.400000 0.400000
7236.525879 0.000000 10166.916992 0.000000 0.865557 0.000000 -0.500811 0.400000 0.400000 0.400000
7226.739258 0.000000 10140.739258 0.000000 0.954229 0.000000 -0.299076 0.400000 0.400000 0.400000
7245.555664 0.000000 10185.964844 0.000000 0.979405 0.000000 -0.201905 0.400000 0.400000 0.400000
7227.730469 0.000000 10135.929688 0.000000 0.522416 0.000000 0.852691 0.400000 0.400000 0.400000
7218.172852 0.000000 10134.213867 0.000000 0.128219 0.000000 0.991746 0.400000 0.400000 0.400000
7155.119141 0.000000 10304.406250 0.000000 0.529340 0.000000 0.848410 0.400000 0.400000 0.400000
7205.050781 0.000000 10219.000000 0.000000 0.997797 0.000000 -0.066335 0.400000 0.400000 0.400000
7209.969727 0.000000 10237.712891 0.000000 0.884761 0.000000 0.466045 0.400000 0.400000 0.400000
7211.228027 0.000000 10256.862305 0.000000 0.225441 0.000000 0.974257 0.400000 0.400000 0.400000
7191.625977 0.000000 10281.338867 0.000000 0.738602 0.000000 -0.674142 0.400000 0.400000 0.400000
7137.292480 0.000000 10247.684570 0.000000 0.734018 0.000000 -0.679130 0.400000 0.400000 0.400000
7201.564941 0.000000 10285.760742 0.000000 0.932612 0.000000 0.360881 0.400000 0.400000 0.400000
7211.806152 0.000000 10227.241211 0.000000 0.978748 0.000000 -0.205068 0.400000 0.400000 0.400000
7136.500488 0.000000 10281.620117 0.000000 0.745336 0.000000 0.666688 0.400000 0.400000 0.400000
7157.694336 0.000000 10238.881836 0.000000 0.606068 0.000000 -0.795413 0.400000 0.400000 0.400000
7174.575684 0.000000 10307.498047 0.000000 0.811275 0.000000 0.584664 0.400000 0.400000 0.400000
7156.729004 0.000000 10283.275391 0.000000 0.748482 0.000000 0.663155 0.400000 0.400000 0.400000
7179.229004 0.000000 10226.318359 0.000000 0.109356 0.000000 -0.994003 0.400000 0.400000 0.400000
7201.239746 0.000000 10254.678711 0.000000 0.585751 0.000000 0.810491 0.400000 0.400000 0.400000
7144.416504 0.000000 10250.047852 0.000000 0.454556 0.000000 0.890718 0.400000 0.400000 0.400000
7134.053711 0.000000 10240.980469 0.000000 0.758630 0.000000 0.651522 0.400000 0.400000 0.400000
7198.735352 0.000000 10278.931641 0.000000 0.844438 0.000000 -0.535653 0.400000 0.400000 0.400000
7172.533691 0.000000 10225.177734 0.000000 0.972611 0.000000 0.232439 0.400000 0.400000 0.400000
7142.292969 0.000000 10283.958984 0.000000 0.610713 0.000000 -0.791852 0.400000 0.400000 0.400000
7130.442383 0.000000 10219.736328 0.000000 0.519355 0.000000 -0.854558 0.400000 0.400000 0.400000
7197.601074 0.000000 10259.300781 0.000000 0.083504 0.000000 0.996507 0.400000 0.400000 0.400000
7157.793457 0.000000 10277.438477 0.000000 0.999385 0.000000 -0.035052 0.400000 0.400000 0.400000
7151.813477 0.000000 10279.707031 0.000000 0.618400 0.000000 0.785863 0.400000 0.400000 0.400000
7167.717285 0.000000 10304.809570 0.000000 0.632924 0.000000 -0.774214 0.400000 0.400000 0.400000
7216.264160 0.000000 10253.742188 0.000000 0.092456 0.000000 0.995717 0.400000 0.400000 0.400000
7135.798340 0.000000 10217.915039 0.000000 0.257873 0.000000 0.966179 0.400000 0.400000 0.400000
7164.000000 0.000000 10224.189453 0.000000 0.806288 0.000000 -0.591523 0.400000 0.400000 0.400000
7205.802734 0.000000 10257.831055 0.000000 0.538941 0.000000 0.842344 0.400000 0.400000 0.400000
7141.153320 0.000000 10278.606445 0.000000 0.990555 0.000000 -0.137118 0.400000 0.400000 0.400000
7172.852539 0.000000 10230.372070 0.000000 0.989305 0.000000 0.145858 0.400000 0.400000 0.400000
7124.426270 0.000000 10236.432617 0.000000 0.970390 0.000000 0.241543 0.400000 0.400000 0.400000
7209.882324 0.000000 10220.385742 0.000000 0.989693 0.000000 -0.143208 0.400000 0.400000 0.400000
7149.102051 0.000000 10251.989258 0.000000 0.653966 0.000000 -0.756524 0.400000 0.400000 0.400000
7164.530273 0.000000 10235.956055 0.000000 0.239832 0.000000 -0.970815 0.400000 0.400000 0.400000
7197.215820 0.000000 10283.734375 0.000000 0.944757 0.000000 -0.327771 0.400000 0.400000 0.400000
7171.172852 0.000000 10310.778320 0.000000 0.159906 0.000000 -0.987132 0.400000 0.400000 0.400000
7178.522949 0.000000 10309.878906 0.000000 0.741073 0.000000 -0.671424 0.400000 0.400000 0.400000
7148.490234 0.000000 10247.666016 0.000000 0.479951 0.000000 -0.877295 0.400000 0.400000 0.400000
7158.941406 0.000000 10302.483398 0.000000 0.999593 0.000000 0.028538 0.400000 0.400000 0.400000
7145.548340 0.000000 10281.693359 0.000000 0.845973 0.000000 -0.533225 0.400000 0.400000 0.400000
7171.296875 0.000000 10305.819336 0.000000 0.217478 0.000000 -0.976065 0.400000 0.400000 0.400000
7154.071289 0.000000 10277.052734 0.000000 0.231258 0.000000 -0.972893 0.400000 0.400000 0.400000
7218.484375 0.000000 10254.350586 0.000000 0.954965 0.000000 0.296719 0.400000 0.400000 0.400000
7222.580566 0.000000 10261.088867 0.000000 0.635304 0.000000 -0.772262 0.400000 0.400000 0.400000
7226.740723 0.000000 10266.902344 0.000000 0.480291 0.000000 -0.877109 0.400000 0.400000 0.400000
7233.715820 0.000000 10266.709961 0.000000 0.331949 0.000000 -0.943297 0.400000 0.400000 0.400000
7382.609863 0.000000 10156.308594 0.000000 0.178990 0.000000 0.983851 0.400000 0.400000 0.400000
7345.544434 0.000000 10170.208984 0.000000 0.761956 0.000000 0.647629 0.400000 0.400000 0.400000
7387.618164 0.000000 10178.124023 0.000000 0.888232 0.000000 -0.459395 0.400000 0.400000 0.400000
7361.383789 0.000000 10154.796875 0.000000 0.642467 0.000000 0.766313 0.400000 0.400000 0.400000
7363.883789 0.000000 10124.985352 0.000000 0.408239 0.000000 -0.912875 0.400000 0.400000 0.400000
7400.452637 0.000000 10188.341797 0.000000 0.911687 0.000000 -0.410885 0.400000 0.400000 0.400000
7379.110352 0.000000 10187.596680 0.000000 0.221482 0.000000 0.975164 0.400000 0.400000 0.400000
7357.200684 0.000000 10165.561523 0.000000 0.879076 0.000000 -0.476681 0.400000 0.400000 0.400000
7363.923340 0.000000 10140.488281 0.000000 0.976783 0.000000 0.214229 0.400000 0.400000 0.400000
7370.376953 0.000000 10161.641602 0.000000 0.569854 0.000000 0.821746 0.400000 0.400000 0.400000
7354.034180 0.000000 10146.591797 0.000000 0.507757 0.000000 -0.861500 0.400000 0.400000 0.400000
7353.641113 0.000000 10216.422852 0.000000 0.607855 0.000000 0.794048 0.400000 0.400000 0.400000
7386.854980 0.000000 10204.099609 0.000000 0.890470 0.000000 0.455042 0.400000 0.400000 0.400000
7361.210938 0.000000 10184.033203 0.000000 0.974940 0.000000 0.222470 0.400000 0.400000 0.400000
7362.060059 0.000000 10213.755859 0.000000 0.946246 0.000000 -0.323447 0.400000 0.400000 0.400000
7374.304199 0.000000 10194.239258 0.000000 0.426616 0.000000 -0.904433 0.400000 0.400000 0.400000
7350.211426 0.000000 10164.450195 0.000000 0.772117 0.000000 0.635480 0.400000 0.400000 0.400000
7363.053711 0.000000 10161.643555 0.000000 0.981619 0.000000 0.190850 0.400000 0.400000 0.400000
7355.276855 0.000000 10158.815430 0.000000 0.035613 0.000000 0.999366 0.400000 0.400000 0.400000
7387.131348 0.000000 10150.402344 0.000000 0.999787 0.000000 0.020637 0.400000 0.400000 0.400000
7377.760742 0.000000 10161.781250 0.000000 0.988182 0.000000 0.153285 0.400000 0.400000 0.400000
7360.018066 0.000000 10131.435547 0.000000 0.969573 0.000000 0.244801 0.400000 0.400000 0.400000
7371.665039 0.000000 10187.903320 0.000000 0.996867 0.000000 -0.079093 0.400000 0.400000 0.400000
7393.312988 0.000000 10187.981445 0.000000 0.066507 0.000000 0.997786 0.400000 0.400000 0.400000
7366.264648 0.000000 10166.631836 0.000000 0.972359 0.000000 0.233491 0.400000 0.400000 0.400000
7359.418945 0.000000 10149.173828 0.000000 0.996897 0.000000 -0.078713 0.400000 0.400000 0.400000
7382.339844 0.000000 10181.191406 0.000000 0.982267 0.000000 -0.187489 0.400000 0.400000 0.400000
7335.420898 0.000000 10177.914062 0.000000 0.917166 0.000000 0.398506 0.400000 0.400000 0.400000
7366.388672 0.000000 10185.993164 0.000000 0.970127 0.000000 0.242598 0.400000 0.400000 0.400000
7386.383789 0.000000 10217.719727 0.000000 0.842250 0.000000 0.539088 0.400000 0.400000 0.400000
7352.014648 0.000000 10142.213867 0.000000 0.365382 0.000000 -0.930858 0.400000 0.400000 0.400000
7384.700195 0.000000 10189.992188 0.000000 0.677905 0.000000 -0.735149 0.400000 0.400000 0.400000
7350.113770 0.000000 10149.365234 0.000000 0.987481 0.000000 -0.157736 0.400000 0.400000 0.400000
7382.792480 0.000000 10161.416992 0.000000 0.913357 0.000000 -0.407160 0.400000 0.400000 0.400000
7366.007324 0.000000 10216.136719 0.000000 0.997269 0.000000 -0.073849 0.400000 0.400000 0.400000
7358.605469 0.000000 10161.478516 0.000000 0.713783 0.000000 -0.700367 0.400000 0.400000 0.400000
7369.819824 0.000000 10165.590820 0.000000 0.999619 0.000000 0.027606 0.400000 0.400000 0.400000
7366.899902 0.000000 10162.645508 0.000000 0.965626 0.000000 0.259936 0.400000 0.400000 0.400000
7386.062012 0.000000 10181.583008 0.000000 0.999851 0.000000 -0.017255 0.400000 0.400000 0.400000
7372.810059 0.000000 10163.962891 0.000000 0.882638 0.000000 -0.470053 0.400000 0.400000 0.400000
7360.554199 0.000000 10163.803711 0.000000 0.946459 0.000000 -0.322823 0.400000 0.400000 0.400000
7364.010742 0.000000 10164.568359 0.000000 0.123911 0.000000 -0.992293 0.400000 0.400000 0.400000
7408.525391 0.000000 10187.172852 0.000000 0.451145 0.000000 -0.892451 0.400000 0.400000 0.400000
7422.291504 0.000000 10179.549805 0.000000 0.881830 0.000000 0.471568 0.400000 0.400000 0.400000
7406.676758 0.000000 10174.213867 0.000000 0.801155 0.000000 0.598457 0.400000 0.400000 0.400000
7440.308594 0.000000 10198.019531 0.000000 0.848013 0.000000 0.529975 0.400000 0.400000 0.400000
7425.302246 0.000000 10206.857422 0.000000 0.297811 0.000000 -0.954625 0.400000 0.400000 0.400000
7417.727051 0.000000 10187.877930 0.000000 0.954241 0.000000 0.299038 0.400000 0.400000 0.400000
7444.314453 0.000000 10192.314453 0.000000 0.924464 0.000000 0.381269 0.400000 0.400000 0.400000
7421.200195 0.000000 10172.967773 0.000000 0.628693 0.000000 0.777653 0.400000 0.400000 0.400000
7406.118164 0.000000 10181.039062 0.000000 0.577186 0.000000 -0.816613 0.400000 0.400000 0.400000
7437.673340 0.000000 10203.653320 0.000000 0.114176 0.000000 0.993461 0.400000 0.400000 0.400000
7439.020020 0.000000 10183.696289 0.000000 0.572245 0.000000 0.820083 0.400000 0.400000 0.400000
7433.040039 0.000000 10185.964844 0.000000 0.719991 0.000000 0.693983 0.400000 0.400000 0.400000
7422.379883 0.000000 10184.864258 0.000000 0.636945 0.000000 0.770909 0.400000 0.400000 0.400000
7425.572754 0.000000 10211.934570 0.000000 0.718226 0.000000 -0.695810 0.400000 0.400000 0.400000
7412.854980 0.000000 10189.620117 0.000000 0.908418 0.000000 0.418063 0.400000 0.400000 0.400000
7342.603516 0.000000 10304.406250 0.000000 0.119665 0.000000 0.992814 0.400000 0.400000 0.400000
7378.755859 0.000000 10294.750000 0.000000 0.201995 0.000000 0.979387 0.400000 0.400000 0.400000
7400.452637 0.000000 10282.083984 0.000000 0.432713 0.000000 -0.901532 0.400000 0.400000 0.400000
7385.662598 0.000000 10306.377930 0.000000 0.328001 0.000000 -0.944677 0.400000 0.400000 0.400000
7324.430664 0.000000 10290.959961 0.000000 0.996302 0.000000 -0.085926 0.400000 0.400000 0.400000
7331.560059 0.000000 10300.599609 0.000000 0.995715 0.000000 -0.092470 0.400000 0.400000 0.400000
7340.639648 0.000000 10273.894531 0.000000 0.560913 0.000000 0.827875 0.400000 0.400000 0.400000
7381.542969 0.000000 10219.996094 0.000000 0.022589 0.000000 0.999745 0.400000 0.400000 0.400000
7353.641113 0.000000 10310.165039 0.000000 0.958858 0.000000 0.283885 0.400000 0.400000 0.400000
7399.290527 0.000000 10227.241211 0.000000 0.709607 0.000000 -0.704597 0.400000 0.400000 0.400000
7389.357910 0.000000 10228.602539 0.000000 0.038372 0.000000 0.999264 0.400000 0.400000 0.400000
7372.584473 0.000000 10220.938477 0.000000 0.221369 0.000000 0.975190 0.400000 0.400000 0.400000
7402.957520 0.000000 10292.744141 0.000000 0.712982 0.000000 0.701182 0.400000 0.400000 0.400000
7377.729492 0.000000 10303.198242 0.000000 0.723150 0.000000 -0.690691 0.400000 0.400000 0.400000
7335.868652 0.000000 10308.946289 0.000000 0.608364 0.000000 -0.793658 0.400000 0.400000 0.400000
7349.545410 0.000000 10299.638672 0.000000 0.434612 0.000000 0.900618 0.400000 0.400000 0.400000
7350.572266 0.000000 10286.056641 0.000000 0.234268 0.000000 0.972172 0.400000 0.400000 0.400000
7390.954102 0.000000 10235.802734 0.000000 0.983989 0.000000 0.178230 0.400000 0.400000 0.400000
7352.798828 0.000000 10294.113281 0.000000 0.733068 0.000000 0.680155 0.400000 0.400000 0.400000
7387.479980 0.000000 10222.709961 0.000000 0.672455 0.000000 0.740138 0.400000 0.400000 0.400000
7377.039062 0.000000 10309.729492 0.000000 0.622438 0.000000 -0.782669 0.400000 0.400000 0.400000
7403.163086 0.000000 10276.708008 0.000000 0.834884 0.000000 -0.550425 0.400000 0.400000 0.400000
7393.960938 0.000000 10224.765625 0.000000 0.722613 0.000000 0.691253 0.400000 0.400000 0.400000
7345.277832 0.000000 10277.438477 0.000000 0.827072 0.000000 -0.562097 0.400000 0.400000 0.400000
7377.441895 0.000000 10224.100586 0.000000 0.473316 0.000000 -0.880893 0.400000 0.400000 0.400000
7329.525879 0.000000 10295.891602 0.000000 0.387945 0.000000 0.921682 0.400000 0.400000 0.400000
7352.014648 0.000000 10235.956055 0.000000 0.852627 0.000000 -0.522520 0.400000 0.400000 0.400000
7400.552246 0.000000 10288.531250 0.000000 0.996328 0.000000 -0.085622 0.400000 0.400000 0.400000
7402.665527 0.000000 10223.784180 0.000000 0.788027 0.000000 -0.615640 0.400000 0.400000 0.400000
7350.805664 0.000000 10290.353516 0.000000 0.998660 0.000000 0.051742 0.400000 0.400000 0.400000
7346.425781 0.000000 10302.483398 0.000000 0.535849 0.000000 -0.844314 0.400000 0.400000 0.400000
7374.732910 0.000000 10306.458008 0.000000 0.577287 0.000000 -0.816541 0.400000 0.400000 0.400000
7351.573242 0.000000 10303.178711 0.000000 0.002818 0.000000 0.999996 0.400000 0.400000 0.400000
7347.949219 0.000000 10275.096680 0.000000 0.983121 0.000000 -0.182958 0.400000 0.400000 0.400000
7460.135254 0.000000 10285.172852 0.000000 0.466989 0.000000 0.884263 0.400000 0.400000 0.400000
7451.506348 0.000000 10299.845703 0.000000 0.880082 0.000000 0.474823 0.400000 0.400000 0.400000
7437.231445 0.000000 10218.421875 0.000000 0.174898 0.000000 -0.984587 0.400000 0.400000 0.400000
7434.395996 0.000000 10231.123047 0.000000 0.329415 0.000000 0.944185 0.400000 0.400000 0.400000
7406.364746 0.000000 10292.789062 0.000000 0.998192 0.000000 0.060110 0.400000 0.400000 0.400000
7447.383301 0.000000 10310.165039 0.000000 0.960270 0.000000 -0.279074 0.400000 0.400000 0.400000
7462.694824 0.000000 10294.652344 0.000000 0.611390 0.000000 0.791329 0.400000 0.400000 0.400000
7455.802246 0.000000 10307.498047 0.000000 0.994711 0.000000 -0.102714 0.400000 0.400000 0.400000
7468.046387 0.000000 10287.981445 0.000000 0.993299 0.000000 -0.115569 0.400000 0.400000 0.400000
7459.967285 0.000000 10301.461914 0.000000 0.905709 0.000000 0.423900 0.400000 0.400000 0.400000
7442.347168 0.000000 10306.224609 0.000000 0.533706 0.000000 -0.845670 0.400000 0.400000 0.400000
7467.092773 0.000000 10298.802734 0.000000 0.814532 0.000000 0.580118 0.400000 0.400000 0.400000
7448.943848 0.000000 10304.809570 0.000000 0.965485 0.000000 0.260459 0.400000 0.400000 0.400000
7434.744629 0.000000 10225.387695 0.000000 0.596802 0.000000 0.802389 0.400000 0.400000 0.400000
7452.399414 0.000000 10310.778320 0.000000 0.934722 0.000000 0.355380 0.400000 0.400000 0.400000
7460.160156 0.000000 10292.467773 0.000000 0.999089 0.000000 0.042674 0.400000 0.400000 0.400000
7132.551758 0.000000 10397.429688 0.000000 0.956262 0.000000 0.292510 0.400000 0.400000 0.400000
7163.914551 0.000000 10372.890625 0.000000 0.999946 0.000000 0.010431 0.400000 0.400000 0.400000
7170.279785 0.000000 10393.587891 0.000000 0.679857 0.000000 0.733345 0.400000 0.400000 0.400000
7191.625977 0.000000 10375.081055 0.000000 0.346780 0.000000 0.937946 0.400000 0.400000 0.400000
7201.564941 0.000000 10379.502930 0.000000 0.259840 0.000000 0.965652 0.400000 0.400000 0.400000
7169.402344 0.000000 10364.105469 0.000000 0.874481 0.000000 -0.485060 0.400000 0.400000 0.400000
7169.377930 0.000000 10382.942383 0.000000 0.996144 0.000000 0.087735 0.400000 0.400000 0.400000
7150.893066 0.000000 10388.476562 0.000000 0.282512 0.000000 0.959264 0.400000 0.400000 0.400000
7161.625488 0.000000 10365.456055 0.000000 0.782310 0.000000 0.622889 0.400000 0.400000 0.400000
7163.087891 0.000000 10379.798828 0.000000 0.998247 0.000000 0.059185 0.400000 0.400000 0.400000
7165.314453 0.000000 10387.855469 0.000000 0.878025 0.000000 0.478615 0.400000 0.400000 0.400000
7152.176758 0.000000 10355.527344 0.000000 0.101152 0.000000 0.994871 0.400000 0.400000 0.400000
7184.180664 0.000000 10375.387695 0.000000 0.980535 0.000000 0.196345 0.400000 0.400000 0.400000
7198.899414 0.000000 10405.204102 0.000000 0.587413 0.000000 0.809288 0.400000 0.400000 0.400000
7204.989746 0.000000 10384.062500 0.000000 0.998553 0.000000 -0.053775 0.400000 0.400000 0.400000
7161.169922 0.000000 10360.958008 0.000000 0.407229 0.000000 0.913326 0.400000 0.400000 0.400000
7135.176758 0.000000 10401.636719 0.000000 0.734575 0.000000 -0.678527 0.400000 0.400000 0.400000
7218.295898 0.000000 10401.115234 0.000000 0.999806 0.000000 -0.019691 0.400000 0.400000 0.400000
7126.604980 0.000000 10428.617188 0.000000 0.904187 0.000000 -0.427136 0.400000 0.400000 0.400000
7209.969727 0.000000 10425.197266 0.000000 0.451385 0.000000 -0.892329 0.400000 0.400000 0.400000
7179.112793 0.000000 10453.923828 0.000000 0.492293 0.000000 0.870430 0.400000 0.400000 0.400000
7197.294434 0.000000 10425.138672 0.000000 0.308591 0.000000 0.951195 0.400000 0.400000 0.400000
7176.438965 0.000000 10421.714844 0.000000 0.832628 0.000000 0.553833 0.400000 0.400000 0.400000
7182.892578 0.000000 10442.868164 0.000000 0.045082 0.000000 -0.998983 0.400000 0.400000 0.400000
7194.058594 0.000000 10407.480469 0.000000 0.723961 0.000000 -0.689841 0.400000 0.400000 0.400000
7127.793457 0.000000 10419.250000 0.000000 0.803378 0.000000 -0.595470 0.400000 0.400000 0.400000
7179.229004 0.000000 10413.802734 0.000000 0.689461 0.000000 0.724323 0.400000 0.400000 0.400000
7132.258301 0.000000 10441.026367 0.000000 0.304598 0.000000 -0.952481 0.400000 0.400000 0.400000
7177.717773 0.000000 10429.367188 0.000000 0.010499 0.000000 0.999945 0.400000 0.400000 0.400000
7175.569336 0.000000 10442.870117 0.000000 0.905672 0.000000 -0.423979 0.400000 0.400000 0.400000
7172.533691 0.000000 10412.662109 0.000000 0.114395 0.000000 -0.993435 0.400000 0.400000 0.400000
7203.469727 0.000000 10423.287109 0.000000 0.999989 0.000000 0.004690 0.400000 0.400000 0.400000
7130.442383 0.000000 10407.220703 0.000000 0.039136 0.000000 0.999234 0.400000 0.400000 0.400000
7207.440430 0.000000 10418.657227 0.000000 0.528143 0.000000 0.849156 0.400000 0.400000 0.400000
7178.780273 0.000000 10447.858398 0.000000 0.942414 0.000000 -0.334449 0.400000 0.400000 0.400000
7129.117188 0.000000 10413.833984 0.000000 0.965532 0.000000 -0.260282 0.400000 0.400000 0.400000
7124.426270 0.000000 10423.916992 0.000000 0.419544 0.000000 -0.907735 0.400000 0.400000 0.400000
7189.301758 0.000000 10405.487305 0.000000 0.879977 0.000000 -0.475017 0.400000 0.400000 0.400000
7199.236816 0.000000 10405.685547 0.000000 0.197475 0.000000 -0.980308 0.400000 0.400000 0.400000
7179.165527 0.000000 10425.322266 0.000000 0.983488 0.000000 0.180973 0.400000 0.400000 0.400000
7177.098633 0.000000 10417.580078 0.000000 0.553997 0.000000 0.832519 0.400000 0.400000 0.400000
7182.870117 0.000000 10452.862305 0.000000 0.745135 0.000000 -0.666914 0.400000 0.400000 0.400000
7207.161133 0.000000 10422.721680 0.000000 0.550653 0.000000 0.834734 0.400000 0.400000 0.400000
7180.341309 0.000000 10450.733398 0.000000 0.169509 0.000000 0.985529 0.400000 0.400000 0.400000
7218.686523 0.000000 10410.212891 0.000000 0.974835 0.000000 0.222926 0.400000 0.400000 0.400000
7280.562012 0.000000 10475.465820 0.000000 0.499909 0.000000 0.866078 0.400000 0.400000 0.400000
7285.599609 0.000000 10464.988281 0.000000 0.530684 0.000000 -0.847570 0.400000 0.400000 0.400000
7342.603516 0.000000 10398.148438 0.000000 0.002267 0.000000 -0.999997 0.400000 0.400000 0.400000
7328.556641 0.000000 10312.798828 0.000000 0.947520 0.000000 -0.319697 0.400000 0.400000 0.400000
7397.454102 0.000000 10331.455078 0.000000 0.541629 0.000000 0.840618 0.400000 0.400000 0.400000
7400.452637 0.000000 10375.826172 0.000000 0.846800 0.000000 -0.531911 0.400000 0.400000 0.400000
7328.549316 0.000000 10367.034180 0.000000 0.983612 0.000000 -0.180297 0.400000 0.400000 0.400000
7312.226562 0.000000 10348.092773 0.000000 0.142722 0.000000 0.989763 0.400000 0.400000 0.400000
7335.629883 0.000000 10350.596680 0.000000 0.309139 0.000000 -0.951017 0.400000 0.400000 0.400000
7324.776855 0.000000 10341.426758 0.000000 0.952546 0.000000 -0.304395 0.400000 0.400000 0.400000
7401.642578 0.000000 10364.608398 0.000000 0.417230 0.000000 0.908801 0.400000 0.400000 0.400000
7355.106934 0.000000 10314.170898 0.000000 0.146398 0.000000 -0.989226 0.400000 0.400000 0.400000
7338.377441 0.000000 10388.476562 0.000000 0.885997 0.000000 0.463690 0.400000 0.400000 0.400000
7319.583984 0.000000 10367.362305 0.000000 0.634730 0.000000 0.772734 0.400000 0.400000 0.400000
7331.900879 0.000000 10343.790039 0.000000 0.733312 0.000000 0.679892 0.400000 0.400000 0.400000
7314.699219 0.000000 10341.739258 0.000000 0.832520 0.000000 -0.553995 0.400000 0.400000 0.400000
7403.111328 0.000000 10334.963867 0.000000 0.473781 0.000000 -0.880643 0.400000 0.400000 0.400000
7390.954102 0.000000 10329.544922 0.000000 0.578750 0.000000 0.815505 0.400000 0.400000 0.400000
7343.965332 0.000000 10403.515625 0.000000 0.098590 0.000000 0.995128 0.400000 0.400000 0.400000
7335.420898 0.000000 10365.398438 0.000000 0.741699 0.000000 -0.670733 0.400000 0.400000 0.400000
7319.836426 0.000000 10340.078125 0.000000 0.211519 0.000000 -0.977374 0.400000 0.400000 0.400000
7324.145508 0.000000 10369.705078 0.000000 0.115286 0.000000 -0.993332 0.400000 0.400000 0.400000
7331.830566 0.000000 10399.418945 0.000000 0.002197 0.000000 -0.999998 0.400000 0.400000 0.400000
7325.141113 0.000000 10331.442383 0.000000 0.892549 0.000000 0.450950 0.400000 0.400000 0.400000
7331.900391 0.000000 10315.763672 0.000000 0.161812 0.000000 0.986822 0.400000 0.400000 0.400000
7401.482422 0.000000 10330.994141 0.000000 0.960550 0.000000 -0.278107 0.400000 0.400000 0.400000
7406.676758 0.000000 10361.698242 0.000000 0.972964 0.000000 0.230958 0.400000 0.400000 0.400000
7406.364746 0.000000 10386.531250 0.000000 0.999313 0.000000 0.037056 0.400000 0.400000 0.400000
7409.020020 0.000000 10325.507812 0.000000 0.368236 0.000000 -0.929732 0.400000 0.400000 0.400000
7427.218262 0.000000 10328.002930 0.000000 0.746981 0.000000 -0.664845 0.400000 0.400000 0.400000
7423.461426 0.000000 10320.323242 0.000000 0.815133 0.000000 0.579274 0.400000 0.400000 0.400000
7405.652832 0.000000 10330.174805 0.000000 0.871610 0.000000 0.490200 0.400000 0.400000 0.400000
7427.842285 0.000000 10333.107422 0.000000 0.989854 0.000000 0.142087 0.400000 0.400000 0.400000
7415.214844 0.000000 10323.414062 0.000000 0.839870 0.000000 -0.542787 0.400000 0.400000 0.400000
7452.903809 0.000000 10312.011719 0.000000 0.377539 0.000000 0.925994 0.400000 0.400000 0.400000
7410.120605 0.000000 10386.319336 0.000000 0.842974 0.000000 -0.537955 0.400000 0.400000 0.400000
7326.057129 0.000000 10420.397461 0.000000 0.864618 0.000000 -0.502431 0.400000 0.400000 0.400000
7343.489258 0.000000 10405.906250 0.000000 0.467020 0.000000 -0.884247 0.400000 0.400000 0.400000
7400.589844 0.000000 10494.343750 0.000000 0.352609 0.000000 -0.935771 0.400000 0.400000 0.400000
7328.549316 0.000000 10460.776367 0.000000 0.999998 0.000000 -0.002179 0.400000 0.400000 0.400000
7331.560059 0.000000 10488.083984 0.000000 0.681154 0.000000 -0.732141 0.400000 0.400000 0.400000
7357.200684 0.000000 10446.788086 0.000000 0.999931 0.000000 0.011779 0.400000 0.400000 0.400000
7370.376953 0.000000 10442.868164 0.000000 0.113333 0.000000 0.993557 0.400000 0.400000 0.400000
7340.639648 0.000000 10461.378906 0.000000 0.784024 0.000000 -0.620731 0.400000 0.400000 0.400000
7356.886719 0.000000 10457.847656 0.000000 0.948390 0.000000 -0.317108 0.400000 0.400000 0.400000
7399.290527 0.000000 10414.725586 0.000000 0.760901 0.000000 -0.648868 0.400000 0.400000 0.400000
7334.717773 0.000000 10453.658203 0.000000 0.114367 0.000000 -0.993439 0.400000 0.400000 0.400000
7338.377441 0.000000 10482.218750 0.000000 0.934101 0.000000 -0.357008 0.400000 0.400000 0.400000
7329.254395 0.000000 10427.991211 0.000000 0.896709 0.000000 -0.442620 0.400000 0.400000 0.400000
7335.868652 0.000000 10496.430664 0.000000 0.630006 0.000000 -0.776590 0.400000 0.400000 0.400000
7393.416016 0.000000 10489.992188 0.000000 0.622139 0.000000 0.782907 0.400000 0.400000 0.400000
7349.109863 0.000000 10459.198242 0.000000 0.432070 0.000000 0.901840 0.400000 0.400000 0.400000
7363.053711 0.000000 10442.870117 0.000000 0.906910 0.000000 -0.421324 0.400000 0.400000 0.400000
7339.661133 0.000000 10449.269531 0.000000 0.994876 0.000000 0.101107 0.400000 0.400000 0.400000
7356.673828 0.000000 10469.981445 0.000000 0.185086 0.000000 0.982722 0.400000 0.400000 0.400000
7377.039062 0.000000 10497.213867 0.000000 0.960140 0.000000 -0.279521 0.400000 0.400000 0.400000
7394.924805 0.000000 10418.657227 0.000000 0.233364 0.000000 0.972389 0.400000 0.400000 0.400000
7349.396973 0.000000 10405.582031 0.000000 0.431627 0.000000 -0.902052 0.400000 0.400000 0.400000
7337.162598 0.000000 10489.852539 0.000000 0.651146 0.000000 0.758952 0.400000 0.400000 0.400000
7404.698730 0.000000 10415.482422 0.000000 0.182527 0.000000 0.983201 0.400000 0.400000 0.400000
7355.963379 0.000000 10463.566406 0.000000 0.123347 0.000000 -0.992364 0.400000 0.400000 0.400000
7351.484375 0.000000 10411.673828 0.000000 0.349625 0.000000 0.936890 0.400000 0.400000 0.400000
7330.802734 0.000000 10432.637695 0.000000 0.389666 0.000000 0.920956 0.400000 0.400000 0.400000
7331.343262 0.000000 10456.821289 0.000000 0.643669 0.000000 -0.765304 0.400000 0.400000 0.400000
7388.599121 0.000000 10489.837891 0.000000 0.701849 0.000000 -0.712326 0.400000 0.400000 0.400000
7329.394043 0.000000 10423.600586 0.000000 0.529300 0.000000 -0.848435 0.400000 0.400000 0.400000
7368.812988 0.000000 10458.865234 0.000000 0.551813 0.000000 0.833968 0.400000 0.400000 0.400000
7370.354492 0.000000 10452.862305 0.000000 0.480926 0.000000 -0.876761 0.400000 0.400000 0.400000
7334.998535 0.000000 10487.208008 0.000000 0.988814 0.000000 0.149153 0.400000 0.400000 0.400000
7406.170898 0.000000 10410.212891 0.000000 0.964541 0.000000 -0.263934 0.400000 0.400000 0.400000
7419.799316 0.000000 10420.397461 0.000000 0.942514 0.000000 0.334167 0.400000 0.400000 0.400000
7409.020020 0.000000 10419.250000 0.000000 0.610487 0.000000 -0.792026 0.400000 0.400000 0.400000
7415.280273 0.000000 10428.464844 0.000000 0.577810 0.000000 -0.816172 0.400000 0.400000 0.400000
7414.223633 0.000000 10421.965820 0.000000 0.749130 0.000000 -0.662423 0.400000 0.400000 0.400000
7415.214844 0.000000 10417.156250 0.000000 0.240375 0.000000 0.970680 0.400000 0.400000 0.400000
6725.347656 0.000000 10501.222656 0.000000 0.996935 0.000000 0.078230 0.400000 0.400000 0.400000
6747.932617 0.000000 10542.275391 0.000000 0.940425 0.000000 0.340001 0.400000 0.400000 0.400000
6733.995605 0.000000 10557.488281 0.000000 0.994705 0.000000 0.102771 0.400000 0.400000 0.400000
6749.357422 0.000000 10530.881836 0.000000 0.218593 0.000000 -0.975816 0.400000 0.400000 0.400000
6727.336914 0.000000 10499.209961 0.000000 0.200872 0.000000 -0.979617 0.400000 0.400000 0.400000
6734.758789 0.000000 10610.771484 0.000000 0.559971 0.000000 0.828512 0.400000 0.400000 0.400000
6731.284668 0.000000 10597.678711 0.000000 0.305477 0.000000 -0.952199 0.400000 0.400000 0.400000
6736.387695 0.000000 10616.568359 0.000000 0.626243 0.000000 -0.779628 0.400000 0.400000 0.400000
6734.692871 0.000000 10607.040039 0.000000 0.100127 0.000000 -0.994975 0.400000 0.400000 0.400000
6739.882812 0.000000 10602.356445 0.000000 0.821407 0.000000 -0.570343 0.400000 0.400000 0.400000
6735.019043 0.000000 10613.430664 0.000000 0.740652 0.000000 -0.671889 0.400000 0.400000 0.400000
6746.762207 0.000000 10761.455078 0.000000 0.489789 0.000000 0.871841 0.400000 0.400000 0.400000
6788.945801 0.000000 10560.375000 0.000000 0.281601 0.000000 0.959532 0.400000 0.400000 0.400000
6749.773438 0.000000 10535.577148 0.000000 0.896808 0.000000 0.442420 0.400000 0.400000 0.400000
6769.106934 0.000000 10581.826172 0.000000 0.656758 0.000000 0.754101 0.400000 0.400000 0.400000
6788.119141 0.000000 10567.283203 0.000000 0.987615 0.000000 -0.156896 0.400000 0.400000 0.400000
6783.700195 0.000000 10568.561523 0.000000 0.999688 0.000000 -0.024979 0.400000 0.400000 0.400000
6793.980469 0.000000 10547.375977 0.000000 0.897608 0.000000 -0.440795 0.400000 0.400000 0.400000
6789.387695 0.000000 10556.128906 0.000000 0.986623 0.000000 -0.163019 0.400000 0.400000 0.400000
6790.773926 0.000000 10542.104492 0.000000 0.990417 0.000000 0.138109 0.400000 0.400000 0.400000
6789.120117 0.000000 10584.405273 0.000000 0.867176 0.000000 0.498002 0.400000 0.400000 0.400000
6789.655762 0.000000 10588.198242 0.000000 0.903849 0.000000 -0.427852 0.400000 0.400000 0.400000
6749.590820 0.000000 10531.749023 0.000000 0.716603 0.000000 0.697481 0.400000 0.400000 0.400000
6772.926758 0.000000 10586.775391 0.000000 0.043123 0.000000 0.999070 0.400000 0.400000 0.400000
6781.501465 0.000000 10570.995117 0.000000 0.529372 0.000000 -0.848390 0.400000 0.400000 0.400000
6771.355957 0.000000 10584.101562 0.000000 0.572500 0.000000 0.819905 0.400000 0.400000 0.400000
6783.962891 0.000000 10592.866211 0.000000 0.416693 0.000000 -0.909047 0.400000 0.400000 0.400000
6792.433594 0.000000 10544.520508 0.000000 0.596770 0.000000 -0.802413 0.400000 0.400000 0.400000
6781.036133 0.000000 10593.390625 0.000000 0.978869 0.000000 0.204490 0.400000 0.400000 0.400000
6822.325684 0.000000 10612.623047 0.000000 0.484575 0.000000 0.874750 0.400000 0.400000 0.400000
6810.288086 0.000000 10616.916016 0.000000 0.161052 0.000000 0.986946 0.400000 0.400000 0.400000
6826.904785 0.000000 10603.571289 0.000000 0.814147 0.000000 -0.580658 0.400000 0.400000 0.400000
6828.500977 0.000000 10610.771484 0.000000 0.993583 0.000000 -0.113106 0.400000 0.400000 0.400000
6825.611816 0.000000 10624.650391 0.000000 0.268071 0.000000 0.963399 0.400000 0.400000 0.400000
6784.203125 0.000000 10596.389648 0.000000 0.879084 0.000000 0.476668 0.400000 0.400000 0.400000
6826.270508 0.000000 10614.699219 0.000000 0.570026 0.000000 0.821627 0.400000 0.400000 0.400000
6813.388184 0.000000 10619.838867 0.000000 0.055693 0.000000 0.998448 0.400000 0.400000 0.400000
6821.848145 0.000000 10605.350586 0.000000 0.972039 0.000000 0.234820 0.400000 0.400000 0.400000
6826.201660 0.000000 10621.751953 0.000000 0.953281 0.000000 0.302084 0.400000 0.400000 0.400000
6913.898926 0.000000 10625.019531 0.000000 0.187245 0.000000 0.982313 0.400000 0.400000 0.400000
6920.013184 0.000000 10629.647461 0.000000 0.921649 0.000000 0.388024 0.400000 0.400000 0.400000
6915.113770 0.000000 10616.513672 0.000000 0.361825 0.000000 0.932246 0.400000 0.400000 0.400000
6916.893066 0.000000 10627.515625 0.000000 0.370564 0.000000 -0.928807 0.400000 0.400000 0.400000
6911.674316 0.000000 10620.464844 0.000000 0.999997 0.000000 -0.002522 0.400000 0.400000 0.400000
7072.414551 0.000000 10591.391602 0.000000 0.885658 0.000000 -0.464339 0.400000 0.400000 0.400000
7054.642090 0.000000 10590.172852 0.000000 0.711538 0.000000 -0.702647 0.400000 0.400000 0.400000
7084.998535 0.000000 10582.688477 0.000000 0.481696 0.000000 -0.876338 0.400000 0.400000 0.400000
7062.704590 0.000000 10578.622070 0.000000 0.979068 0.000000 0.203535 0.400000 0.400000 0.400000
7055.936035 0.000000 10583.594727 0.000000 0.768731 0.000000 0.639572 0.400000 0.400000 0.400000
7079.980957 0.000000 10584.223633 0.000000 0.986033 0.000000 -0.166550 0.400000 0.400000 0.400000
7123.087891 0.000000 10584.767578 0.000000 0.918107 0.000000 0.396332 0.400000 0.400000 0.400000
7054.153320 0.000000 10586.775391 0.000000 0.999998 0.000000 0.001939 0.400000 0.400000 0.400000
7072.213867 0.000000 10604.101562 0.000000 0.980078 0.000000 0.198614 0.400000 0.400000 0.400000
7093.629395 0.000000 10604.514648 0.000000 0.767985 0.000000 0.640467 0.400000 0.400000 0.400000
7117.485840 0.000000 10631.831055 0.000000 0.124323 0.000000 0.992242 0.400000 0.400000 0.400000
7062.262695 0.000000 10593.390625 0.000000 0.150993 0.000000 0.988535 0.400000 0.400000 0.400000
7082.696777 0.000000 10609.199219 0.000000 0.408640 0.000000 0.912696 0.400000 0.400000 0.400000
7100.316406 0.000000 10594.964844 0.000000 0.468213 0.000000 -0.883615 0.400000 0.400000 0.400000
7107.822754 0.000000 10660.729492 0.000000 0.468342 0.000000 -0.883547 0.400000 0.400000 0.400000
7108.131348 0.000000 10603.571289 0.000000 0.513336 0.000000 -0.858188 0.400000 0.400000 0.400000
7105.628418 0.000000 10672.810547 0.000000 0.055821 0.000000 -0.998441 0.400000 0.400000 0.400000
7080.833496 0.000000 10682.466797 0.000000 0.663535 0.000000 0.748145 0.400000 0.400000 0.400000
7065.056641 0.000000 10600.641602 0.000000 0.999754 0.000000 0.022201 0.400000 0.400000 0.400000
7086.872070 0.000000 10622.582031 0.000000 0.246196 0.000000 -0.969220 0.400000 0.400000 0.400000
7122.901367 0.000000 10636.017578 0.000000 0.710540 0.000000 0.703657 0.400000 0.400000 0.400000
7102.299805 0.000000 10668.409180 0.000000 0.510182 0.000000 -0.860066 0.400000 0.400000 0.400000
7105.609863 0.000000 10607.735352 0.000000 0.964629 0.000000 0.263611 0.400000 0.400000 0.400000
7081.300781 0.000000 10673.591797 0.000000 0.910992 0.000000 0.412424 0.400000 0.400000 0.400000
7107.372559 0.000000 10677.322266 0.000000 0.930287 0.000000 -0.366831 0.400000 0.400000 0.400000
7110.281738 0.000000 10673.314453 0.000000 0.866623 0.000000 0.498964 0.400000 0.400000 0.400000
7065.429688 0.000000 10596.389648 0.000000 0.999523 0.000000 0.030887 0.400000 0.400000 0.400000
7085.423340 0.000000 10612.806641 0.000000 0.590451 0.000000 0.807074 0.400000 0.400000 0.400000
7087.823242 0.000000 10618.537109 0.000000 0.141033 0.000000 -0.990005 0.400000 0.400000 0.400000
6750.169434 0.000000 10761.500000 0.000000 0.423077 0.000000 0.906094 0.400000 0.400000 0.400000
6769.417480 0.000000 10759.731445 0.000000 0.993154 0.000000 -0.116809 0.400000 0.400000 0.400000
6771.610840 0.000000 10765.058594 0.000000 0.954812 0.000000 0.297210 0.400000 0.400000 0.400000
6785.895508 0.000000 10751.004883 0.000000 0.997792 0.000000 -0.066411 0.400000 0.400000 0.400000
6780.670410 0.000000 10755.005859 0.000000 0.924084 0.000000 0.382190 0.400000 0.400000 0.400000
6769.295410 0.000000 10762.747070 0.000000 0.358117 0.000000 -0.933677 0.400000 0.400000 0.400000
6785.690430 0.000000 10758.176758 0.000000 0.751940 0.000000 -0.659232 0.400000 0.400000 0.400000
6763.604004 0.000000 10795.366211 0.000000 0.567264 0.000000 -0.823536 0.400000 0.400000 0.400000
6839.189453 0.000000 10833.319336 0.000000 0.289828 0.000000 0.957079 0.400000 0.400000 0.400000
6827.835449 0.000000 10824.632812 0.000000 0.141142 0.000000 -0.989989 0.400000 0.400000 0.400000
6766.801270 0.000000 10802.959961 0.000000 0.416025 0.000000 0.909353 0.400000 0.400000 0.400000
6758.028320 0.000000 10796.934570 0.000000 0.997782 0.000000 0.066564 0.400000 0.400000 0.400000
6754.038574 0.000000 10799.519531 0.000000 0.156161 0.000000 0.987732 0.400000 0.400000 0.400000
6831.037109 0.000000 10827.475586 0.000000 0.025357 0.000000 0.999678 0.400000 0.400000 0.400000
6835.524414 0.000000 10831.085938 0.000000 0.533632 0.000000 -0.845717 0.400000 0.400000 0.400000
6769.754883 0.000000 10799.514648 0.000000 0.376561 0.000000 -0.926392 0.400000 0.400000 0.400000
6833.166504 0.000000 10829.482422 0.000000 0.910002 0.000000 0.414604 0.400000 0.400000 0.400000
6828.300781 0.000000 10827.217773 0.000000 0.848110 0.000000 -0.529820 0.400000 0.400000 0.400000
6888.489746 0.000000 10821.756836 0.000000 0.787446 0.000000 0.616383 0.400000 0.400000 0.400000
6911.029297 0.000000 10805.333008 0.000000 0.834330 0.000000 -0.551265 0.400000 0.400000 0.400000
6908.277344 0.000000 10798.716797 0.000000 0.726096 0.000000 -0.687594 0.400000 0.400000 0.400000
6859.047363 0.000000 10850.425781 0.000000 0.603285 0.000000 0.797526 0.400000 0.400000 0.400000
6893.253418 0.000000 10831.484375 0.000000 0.708465 0.000000 -0.705746 0.400000 0.400000 0.400000
6887.722656 0.000000 10828.602539 0.000000 0.811688 0.000000 -0.584091 0.400000 0.400000 0.400000
6864.321777 0.000000 10844.146484 0.000000 0.932112 0.000000 -0.362170 0.400000 0.400000 0.400000
6843.304199 0.000000 10840.833984 0.000000 0.691896 0.000000 -0.721997 0.400000 0.400000 0.400000
7003.787109 0.000000 10763.460938 0.000000 0.314847 0.000000 -0.949143 0.400000 0.400000 0.400000
6999.764160 0.000000 10775.168945 0.000000 0.952306 0.000000 0.305146 0.400000 0.400000 0.400000
7000.428223 0.000000 10764.686523 0.000000 0.968557 0.000000 -0.248794 0.400000 0.400000 0.400000
7061.376953 0.000000 10773.117188 0.000000 0.344608 0.000000 -0.938747 0.400000 0.400000 0.400000
7101.383301 0.000000 10718.761719 0.000000 0.952736 0.000000 -0.303799 0.400000 0.400000 0.400000
7111.308594 0.000000 10687.710938 0.000000 0.930547 0.000000 0.366173 0.400000 0.400000 0.400000
7082.657227 0.000000 10687.438477 0.000000 0.947204 0.000000 0.320632 0.400000 0.400000 0.400000
7050.333496 0.000000 10769.310547 0.000000 0.273364 0.000000 -0.961911 0.400000 0.400000 0.400000
7082.696777 0.000000 10702.941406 0.000000 0.970489 0.000000 0.241144 0.400000 0.400000 0.400000
7118.063965 0.000000 10695.952148 0.000000 0.473851 0.000000 0.880605 0.400000 0.400000 0.400000
7091.357910 0.000000 10689.649414 0.000000 0.694890 0.000000 0.719116 0.400000 0.400000 0.400000
7054.642090 0.000000 10777.657227 0.000000 0.995522 0.000000 0.094533 0.400000 0.400000 0.400000
7085.486816 0.000000 10695.029297 0.000000 0.021474 0.000000 0.999769 0.400000 0.400000 0.400000
7062.157227 0.000000 10725.091797 0.000000 0.862941 0.000000 -0.505304 0.400000 0.400000 0.400000
7116.771484 0.000000 10732.918945 0.000000 0.789343 0.000000 0.613953 0.400000 0.400000 0.400000
7083.975586 0.000000 10710.593750 0.000000 0.517154 0.000000 0.855892 0.400000 0.400000 0.400000
7071.312500 0.000000 10733.542969 0.000000 0.768908 0.000000 -0.639360 0.400000 0.400000 0.400000
7086.872070 0.000000 10716.324219 0.000000 0.748291 0.000000 0.663370 0.400000 0.400000 0.400000
7059.729980 0.000000 10757.461914 0.000000 0.896915 0.000000 -0.442202 0.400000 0.400000 0.400000
7122.901367 0.000000 10729.759766 0.000000 0.744728 0.000000 -0.667368 0.400000 0.400000 0.400000
7109.876465 0.000000 10778.051758 0.000000 0.973686 0.000000 0.227893 0.400000 0.400000 0.400000
7116.140137 0.000000 10689.096680 0.000000 0.742501 0.000000 0.669845 0.400000 0.400000 0.400000
7086.570312 0.000000 10690.520508 0.000000 0.459201 0.000000 -0.888332 0.400000 0.400000 0.400000
7071.426270 0.000000 10737.872070 0.000000 0.748901 0.000000 0.662682 0.400000 0.400000 0.400000
7058.091309 0.000000 10723.791992 0.000000 0.997431 0.000000 0.071632 0.400000 0.400000 0.400000
7064.576172 0.000000 10728.424805 0.000000 0.361533 0.000000 0.932359 0.400000 0.400000 0.400000
7118.978516 0.000000 10729.146484 0.000000 0.826036 0.000000 0.563617 0.400000 0.400000 0.400000
7106.968750 0.000000 10776.906250 0.000000 0.785259 0.000000 -0.619167 0.400000 0.400000 0.400000
7070.014648 0.000000 10735.717773 0.000000 0.429625 0.000000 -0.903008 0.400000 0.400000 0.400000
6984.450195 0.000000 10805.369141 0.000000 0.656118 0.000000 -0.754658 0.400000 0.400000 0.400000
6982.466309 0.000000 10801.750000 0.000000 0.434999 0.000000 0.900431 0.400000 0.400000 0.400000
7111.308594 0.000000 10781.453125 0.000000 0.743789 0.000000 -0.668414 0.400000 0.400000 0.400000
7117.485840 0.000000 10819.315430 0.000000 0.666802 0.000000 0.745235 0.400000 0.400000 0.400000
7103.552246 0.000000 10800.107422 0.000000 0.282594 0.000000 0.959239 0.400000 0.400000 0.400000
7100.619629 0.000000 10790.012695 0.000000 0.182914 0.000000 0.983129 0.400000 0.400000 0.400000
7098.513672 0.000000 10805.333008 0.000000 0.939225 0.000000 -0.343301 0.400000 0.400000 0.400000
7089.166992 0.000000 10798.219727 0.000000 0.948895 0.000000 -0.315592 0.400000 0.400000 0.400000
7109.727539 0.000000 10798.255859 0.000000 0.686888 0.000000 0.726764 0.400000 0.400000 0.400000
7111.356445 0.000000 10804.052734 0.000000 0.903125 0.000000 0.429377 0.400000 0.400000 0.400000
7113.698242 0.000000 10793.625977 0.000000 0.792204 0.000000 -0.610256 0.400000 0.400000 0.400000
7096.215332 0.000000 10786.553711 0.000000 0.903554 0.000000 0.428475 0.400000 0.400000 0.400000
7053.227539 0.000000 10780.500000 0.000000 0.810176 0.000000 -0.586187 0.400000 0.400000 0.400000
7100.516113 0.000000 10795.516602 0.000000 0.638161 0.000000 -0.769903 0.400000 0.400000 0.400000
7115.951172 0.000000 10814.108398 0.000000 0.742803 0.000000 0.669510 0.400000 0.400000 0.400000
7102.598145 0.000000 10803.998047 0.000000 0.988921 0.000000 -0.148444 0.400000 0.400000 0.400000
7095.057617 0.000000 10802.581055 0.000000 0.660825 0.000000 -0.750540 0.400000 0.400000 0.400000
7091.661133 0.000000 10800.776367 0.000000 0.322777 0.000000 -0.946475 0.400000 0.400000 0.400000
7114.532227 0.000000 10817.754883 0.000000 0.128221 0.000000 -0.991746 0.400000 0.400000 0.400000
7113.259766 0.000000 10807.686523 0.000000 0.661970 0.000000 0.749531 0.400000 0.400000 0.400000
7096.715820 0.000000 10789.769531 0.000000 0.892525 0.000000 -0.450998 0.400000 0.400000 0.400000
7119.716309 0.000000 10817.351562 0.000000 0.196081 0.000000 -0.980588 0.400000 0.400000 0.400000
7155.119141 0.000000 10585.632812 0.000000 0.511464 0.000000 -0.859305 0.400000 0.400000 0.400000
7200.133789 0.000000 10553.092773 0.000000 0.291259 0.000000 0.956644 0.400000 0.400000 0.400000
7159.082031 0.000000 10572.988281 0.000000 0.959850 0.000000 0.280513 0.400000 0.400000 0.400000
7125.138184 0.000000 10574.015625 0.000000 0.828238 0.000000 0.560377 0.400000 0.400000 0.400000
7124.553711 0.000000 10588.599609 0.000000 0.359639 0.000000 -0.933091 0.400000 0.400000 0.400000
7150.893066 0.000000 10575.960938 0.000000 0.188580 0.000000 0.982058 0.400000 0.400000 0.400000
7173.726562 0.000000 10559.001953 0.000000 0.998427 0.000000 -0.056067 0.400000 0.400000 0.400000
7186.819824 0.000000 10569.208008 0.000000 0.791237 0.000000 0.611509 0.400000 0.400000 0.400000
7132.569824 0.000000 10592.803711 0.000000 0.999039 0.000000 -0.043832 0.400000 0.400000 0.400000
7125.774902 0.000000 10581.363281 0.000000 0.999097 0.000000 -0.042482 0.400000 0.400000 0.400000
7197.148926 0.000000 10547.208984 0.000000 0.989958 0.000000 -0.141362 0.400000 0.400000 0.400000
7161.120605 0.000000 10587.451172 0.000000 0.998837 0.000000 -0.048209 0.400000 0.400000 0.400000
7189.554688 0.000000 10590.956055 0.000000 0.610793 0.000000 -0.791790 0.400000 0.400000 0.400000
7216.264160 0.000000 10534.968750 0.000000 0.950224 0.000000 0.311568 0.400000 0.400000 0.400000
7178.904297 0.000000 10560.961914 0.000000 0.989512 0.000000 -0.144450 0.400000 0.400000 0.400000
7201.857910 0.000000 10548.136719 0.000000 0.251912 0.000000 -0.967750 0.400000 0.400000 0.400000
7152.541016 0.000000 10580.294922 0.000000 0.536685 0.000000 0.843782 0.400000 0.400000 0.400000
7251.802246 0.000000 10545.177734 0.000000 0.948535 0.000000 -0.316673 0.400000 0.400000 0.400000
7277.211426 0.000000 10589.878906 0.000000 0.879324 0.000000 -0.476223 0.400000 0.400000 0.400000
7242.232422 0.000000 10565.579102 0.000000 0.796252 0.000000 -0.604965 0.400000 0.400000 0.400000
7304.970215 0.000000 10538.088867 0.000000 0.992822 0.000000 -0.119599 0.400000 0.400000 0.400000
7257.656738 0.000000 10560.375000 0.000000 0.690322 0.000000 -0.723502 0.400000 0.400000 0.400000
7264.021973 0.000000 10581.072266 0.000000 0.365222 0.000000 -0.930921 0.400000 0.400000 0.400000
7285.013672 0.000000 10575.976562 0.000000 0.785268 0.000000 0.619156 0.400000 0.400000 0.400000
7230.688477 0.000000 10572.186523 0.000000 0.541227 0.000000 0.840876 0.400000 0.400000 0.400000
7218.484375 0.000000 10535.577148 0.000000 0.588615 0.000000 0.808414 0.400000 0.400000 0.400000
7231.034668 0.000000 10528.911133 0.000000 0.912997 0.000000 0.407967 0.400000 0.400000 0.400000
7276.634766 0.000000 10536.610352 0.000000 0.543948 0.000000 -0.839119 0.400000 0.400000 0.400000
7295.307129 0.000000 10566.987305 0.000000 0.698190 0.000000 -0.715912 0.400000 0.400000 0.400000
7263.144531 0.000000 10551.589844 0.000000 0.989049 0.000000 -0.147590 0.400000 0.400000 0.400000
7276.521973 0.000000 10556.908203 0.000000 0.849521 0.000000 -0.527554 0.400000 0.400000 0.400000
7275.210449 0.000000 10575.878906 0.000000 0.588630 0.000000 -0.808402 0.400000 0.400000 0.400000
7284.381348 0.000000 10552.440430 0.000000 0.820495 0.000000 -0.571654 0.400000 0.400000 0.400000
7308.134766 0.000000 10529.636719 0.000000 0.333332 0.000000 -0.942810 0.400000 0.400000 0.400000
7267.468750 0.000000 10559.001953 0.000000 0.627093 0.000000 0.778944 0.400000 0.400000 0.400000
7242.126465 0.000000 10590.172852 0.000000 0.543590 0.000000 0.839351 0.400000 0.400000 0.400000
7294.981934 0.000000 10535.905273 0.000000 0.676462 0.000000 0.736477 0.400000 0.400000 0.400000
7272.482910 0.000000 10582.688477 0.000000 0.992567 0.000000 -0.121697 0.400000 0.400000 0.400000
7222.580566 0.000000 10542.315430 0.000000 0.891753 0.000000 0.452523 0.400000 0.400000 0.400000
7280.975586 0.000000 10530.238281 0.000000 0.887822 0.000000 -0.460187 0.400000 0.400000 0.400000
7219.517090 0.000000 10581.363281 0.000000 0.680611 0.000000 0.732645 0.400000 0.400000 0.400000
7292.477539 0.000000 10560.158203 0.000000 0.278566 0.000000 0.960417 0.400000 0.400000 0.400000
7238.128418 0.000000 10572.247070 0.000000 0.958955 0.000000 0.283559 0.400000 0.400000 0.400000
7278.650879 0.000000 10543.327148 0.000000 0.790991 0.000000 0.611828 0.400000 0.400000 0.400000
7268.437988 0.000000 10574.796875 0.000000 0.999418 0.000000 -0.034100 0.400000 0.400000 0.400000
7232.979004 0.000000 10535.426758 0.000000 0.672233 0.000000 0.740339 0.400000 0.400000 0.400000
7274.356445 0.000000 10528.839844 0.000000 0.124379 0.000000 -0.992235 0.400000 0.400000 0.400000
7266.662598 0.000000 10546.174805 0.000000 0.319521 0.000000 -0.947579 0.400000 0.400000 0.400000
7245.918945 0.000000 10543.011719 0.000000 0.439733 0.000000 -0.898129 0.400000 0.400000 0.400000
7290.891113 0.000000 10547.208984 0.000000 0.528704 0.000000 0.848806 0.400000 0.400000 0.400000
7262.931641 0.000000 10563.723633 0.000000 0.862289 0.000000 -0.506416 0.400000 0.400000 0.400000
7283.296875 0.000000 10590.956055 0.000000 0.999074 0.000000 -0.043035 0.400000 0.400000 0.400000
7291.343262 0.000000 10540.527344 0.000000 0.390120 0.000000 0.920764 0.400000 0.400000 0.400000
7251.535645 0.000000 10558.665039 0.000000 0.338817 0.000000 -0.940852 0.400000 0.400000 0.400000
7243.420410 0.000000 10583.594727 0.000000 0.221739 0.000000 -0.975106 0.400000 0.400000 0.400000
7288.597656 0.000000 10556.160156 0.000000 0.002991 0.000000 0.999996 0.400000 0.400000 0.400000
7310.006348 0.000000 10534.968750 0.000000 0.114158 0.000000 0.993463 0.400000 0.400000 0.400000
7262.221191 0.000000 10557.308594 0.000000 0.470625 0.000000 0.882333 0.400000 0.400000 0.400000
7288.115234 0.000000 10580.544922 0.000000 0.922857 0.000000 -0.385142 0.400000 0.400000 0.400000
7299.544922 0.000000 10539.057617 0.000000 0.973822 0.000000 -0.227311 0.400000 0.400000 0.400000
7235.783691 0.000000 10577.118164 0.000000 0.249651 0.000000 -0.968336 0.400000 0.400000 0.400000
7294.322754 0.000000 10530.908203 0.000000 0.655266 0.000000 -0.755398 0.400000 0.400000 0.400000
7280.218262 0.000000 10574.463867 0.000000 0.884267 0.000000 -0.466981 0.400000 0.400000 0.400000
7237.631836 0.000000 10535.928711 0.000000 0.528136 0.000000 0.849160 0.400000 0.400000 0.400000
7254.912109 0.000000 10548.442383 0.000000 0.897782 0.000000 -0.440439 0.400000 0.400000 0.400000
7234.016113 0.000000 10569.199219 0.000000 0.671886 0.000000 -0.740655 0.400000 0.400000 0.400000
7239.099609 0.000000 10568.215820 0.000000 0.995847 0.000000 0.091041 0.400000 0.400000 0.400000
7234.309570 0.000000 10573.544922 0.000000 0.014934 0.000000 0.999888 0.400000 0.400000 0.400000
7272.673828 0.000000 10557.156250 0.000000 0.911807 0.000000 0.410618 0.400000 0.400000 0.400000
7261.126953 0.000000 10560.708008 0.000000 0.037453 0.000000 0.999298 0.400000 0.400000 0.400000
7289.186035 0.000000 10544.136719 0.000000 0.774330 0.000000 0.632782 0.400000 0.400000 0.400000
7264.798828 0.000000 10561.040039 0.000000 0.230396 0.000000 0.973097 0.400000 0.400000 0.400000
7165.956055 0.000000 10604.101562 0.000000 0.392039 0.000000 -0.919949 0.400000 0.400000 0.400000
7136.368652 0.000000 10635.832031 0.000000 0.964612 0.000000 -0.263674 0.400000 0.400000 0.400000
7211.228027 0.000000 10631.831055 0.000000 0.982122 0.000000 0.188244 0.400000 0.400000 0.400000
7176.399414 0.000000 10593.696289 0.000000 0.928781 0.000000 0.370629 0.400000 0.400000 0.400000
7141.064941 0.000000 10648.260742 0.000000 0.355861 0.000000 0.934539 0.400000 0.400000 0.400000
7136.946289 0.000000 10665.928711 0.000000 0.641581 0.000000 -0.767055 0.400000 0.400000 0.400000
7125.450195 0.000000 10642.924805 0.000000 0.077286 0.000000 -0.997009 0.400000 0.400000 0.400000
7169.716309 0.000000 10634.272461 0.000000 0.284337 0.000000 -0.958724 0.400000 0.400000 0.400000
7166.549805 0.000000 10615.302734 0.000000 0.815650 0.000000 -0.578545 0.400000 0.400000 0.400000
7136.500488 0.000000 10656.588867 0.000000 0.738080 0.000000 -0.674713 0.400000 0.400000 0.400000
7157.694336 0.000000 10613.850586 0.000000 0.822522 0.000000 0.568733 0.400000 0.400000 0.400000
7185.100098 0.000000 10595.907227 0.000000 0.916246 0.000000 0.400616 0.400000 0.400000 0.400000
7145.991699 0.000000 10609.229492 0.000000 0.034638 0.000000 -0.999400 0.400000 0.400000 0.400000
7137.187500 0.000000 10672.999023 0.000000 0.715610 0.000000 0.698500 0.400000 0.400000 0.400000
7175.569336 0.000000 10630.354492 0.000000 0.996209 0.000000 0.086988 0.400000 0.400000 0.400000
7172.533691 0.000000 10600.146484 0.000000 0.724246 0.000000 0.689541 0.400000 0.400000 0.400000
7139.236816 0.000000 10629.168945 0.000000 0.636810 0.000000 0.771021 0.400000 0.400000 0.400000
7215.607910 0.000000 10608.541016 0.000000 0.888543 0.000000 0.458793 0.400000 0.400000 0.400000
7160.438965 0.000000 10607.661133 0.000000 0.412016 0.000000 0.911177 0.400000 0.400000 0.400000
7182.909180 0.000000 10610.735352 0.000000 0.996561 0.000000 -0.082864 0.400000 0.400000 0.400000
7169.483887 0.000000 10609.466797 0.000000 0.985271 0.000000 -0.170998 0.400000 0.400000 0.400000
7151.571289 0.000000 10612.475586 0.000000 0.137534 0.000000 -0.990497 0.400000 0.400000 0.400000
7210.115723 0.000000 10619.856445 0.000000 0.885704 0.000000 -0.464251 0.400000 0.400000 0.400000
7205.802734 0.000000 10632.799805 0.000000 0.972253 0.000000 -0.233932 0.400000 0.400000 0.400000
7141.153320 0.000000 10653.575195 0.000000 0.979906 0.000000 0.199458 0.400000 0.400000 0.400000
7172.852539 0.000000 10605.340820 0.000000 0.159309 0.000000 -0.987229 0.400000 0.400000 0.400000
7135.149414 0.000000 10661.322266 0.000000 0.233818 0.000000 -0.972280 0.400000 0.400000 0.400000
7173.148438 0.000000 10612.894531 0.000000 0.507330 0.000000 0.861752 0.400000 0.400000 0.400000
7179.396973 0.000000 10627.056641 0.000000 0.620271 0.000000 -0.784388 0.400000 0.400000 0.400000
7232.314941 0.000000 10607.881836 0.000000 0.949097 0.000000 0.314983 0.400000 0.400000 0.400000
7249.747070 0.000000 10593.390625 0.000000 0.288348 0.000000 0.957526 0.400000 0.400000 0.400000
7261.364746 0.000000 10595.397461 0.000000 0.988734 0.000000 -0.149684 0.400000 0.400000 0.400000
7242.449219 0.000000 10598.373047 0.000000 0.923624 0.000000 -0.383300 0.400000 0.400000 0.400000
7252.541016 0.000000 10600.641602 0.000000 0.207756 0.000000 0.978181 0.400000 0.400000 0.400000
7235.977051 0.000000 10601.549805 0.000000 0.647197 0.000000 -0.762323 0.400000 0.400000 0.400000
7294.471191 0.000000 10666.850586 0.000000 0.723587 0.000000 0.690233 0.400000 0.400000 0.400000
7226.739258 0.000000 10609.450195 0.000000 0.996013 0.000000 -0.089212 0.400000 0.400000 0.400000
7240.711914 0.000000 10593.015625 0.000000 0.114142 0.000000 -0.993464 0.400000 0.400000 0.400000
7257.742188 0.000000 10599.158203 0.000000 0.962414 0.000000 0.271588 0.400000 0.400000 0.400000
7218.168457 0.000000 10611.401367 0.000000 0.366254 0.000000 -0.930515 0.400000 0.400000 0.400000
7289.784180 0.000000 10668.409180 0.000000 0.950523 0.000000 0.310653 0.400000 0.400000 0.400000
7232.614746 0.000000 10598.384766 0.000000 0.999978 0.000000 -0.006693 0.400000 0.400000 0.400000
7287.528809 0.000000 10666.205078 0.000000 0.703463 0.000000 0.710732 0.400000 0.400000 0.400000
7306.571777 0.000000 10666.975586 0.000000 0.869935 0.000000 -0.493167 0.400000 0.400000 0.400000
7382.609863 0.000000 10531.277344 0.000000 0.625966 0.000000 0.779850 0.400000 0.400000 0.400000
7353.440430 0.000000 10510.359375 0.000000 0.900005 0.000000 -0.435879 0.400000 0.400000 0.400000
7336.885254 0.000000 10524.646484 0.000000 0.248890 0.000000 0.968532 0.400000 0.400000 0.400000
7361.383789 0.000000 10529.765625 0.000000 0.864017 0.000000 0.503463 0.400000 0.400000 0.400000
7397.454102 0.000000 10518.939453 0.000000 0.278867 0.000000 -0.960330 0.400000 0.400000 0.400000
7348.530273 0.000000 10531.846680 0.000000 0.226716 0.000000 0.973961 0.400000 0.400000 0.400000
7340.653809 0.000000 10512.349609 0.000000 0.923064 0.000000 -0.384646 0.400000 0.400000 0.400000
7335.629883 0.000000 10538.081055 0.000000 0.762236 0.000000 -0.647299 0.400000 0.400000 0.400000
7324.776855 0.000000 10528.911133 0.000000 0.854229 0.000000 0.519897 0.400000 0.400000 0.400000
7363.923340 0.000000 10515.457031 0.000000 0.735478 0.000000 0.677548 0.400000 0.400000 0.400000
7340.639648 0.000000 10555.121094 0.000000 0.679536 0.000000 -0.733642 0.400000 0.400000 0.400000
7315.277832 0.000000 10512.992188 0.000000 0.529539 0.000000 -0.848286 0.400000 0.400000 0.400000
7334.717773 0.000000 10547.400391 0.000000 0.660080 0.000000 -0.751195 0.400000 0.400000 0.400000
7345.178711 0.000000 10520.108398 0.000000 0.115245 0.000000 -0.993337 0.400000 0.400000 0.400000
7372.584473 0.000000 10502.165039 0.000000 0.451129 0.000000 0.892459 0.400000 0.400000 0.400000
7319.583984 0.000000 10554.846680 0.000000 0.037375 0.000000 -0.999301 0.400000 0.400000 0.400000
7329.254395 0.000000 10521.733398 0.000000 0.418762 0.000000 0.908096 0.400000 0.400000 0.400000
7388.724121 0.000000 10535.905273 0.000000 0.297308 0.000000 0.954782 0.400000 0.400000 0.400000
7333.476074 0.000000 10515.487305 0.000000 0.453578 0.000000 -0.891216 0.400000 0.400000 0.400000
7374.717773 0.000000 10530.238281 0.000000 0.417844 0.000000 -0.908519 0.400000 0.400000 0.400000
7341.000977 0.000000 10530.596680 0.000000 0.306950 0.000000 0.951726 0.400000 0.400000 0.400000
7329.719238 0.000000 10507.807617 0.000000 0.179319 0.000000 0.983791 0.400000 0.400000 0.400000
7387.131348 0.000000 10525.371094 0.000000 0.917708 0.000000 -0.397256 0.400000 0.400000 0.400000
7326.721191 0.000000 10535.426758 0.000000 0.637090 0.000000 0.770790 0.400000 0.400000 0.400000
7403.092285 0.000000 10514.798828 0.000000 0.699541 0.000000 -0.714593 0.400000 0.400000 0.400000
7356.968262 0.000000 10515.724609 0.000000 0.967949 0.000000 -0.251146 0.400000 0.400000 0.400000
7353.529297 0.000000 10527.788086 0.000000 0.879876 0.000000 -0.475204 0.400000 0.400000 0.400000
7392.583008 0.000000 10522.826172 0.000000 0.992341 0.000000 0.123528 0.400000 0.400000 0.400000
7345.277832 0.000000 10558.665039 0.000000 0.416253 0.000000 -0.909249 0.400000 0.400000 0.400000
7334.454102 0.000000 10499.273438 0.000000 0.981784 0.000000 -0.190002 0.400000 0.400000 0.400000
7316.601562 0.000000 10507.576172 0.000000 0.841721 0.000000 0.539913 0.400000 0.400000 0.400000
7328.637695 0.000000 10559.833008 0.000000 0.996080 0.000000 0.088453 0.400000 0.400000 0.400000
7324.145508 0.000000 10557.189453 0.000000 0.998294 0.000000 0.058383 0.400000 0.400000 0.400000
7334.100098 0.000000 10520.591797 0.000000 0.695333 0.000000 -0.718688 0.400000 0.400000 0.400000
7360.632812 0.000000 10519.152344 0.000000 0.796530 0.000000 0.604600 0.400000 0.400000 0.400000
7376.786133 0.000000 10499.229492 0.000000 0.988025 0.000000 0.154292 0.400000 0.400000 0.400000
7366.881348 0.000000 10533.314453 0.000000 0.545970 0.000000 -0.837805 0.400000 0.400000 0.400000
7349.281250 0.000000 10509.959961 0.000000 0.134128 0.000000 0.990964 0.400000 0.400000 0.400000
7388.840332 0.000000 10539.757812 0.000000 0.542642 0.000000 0.839964 0.400000 0.400000 0.400000
7385.604004 0.000000 10533.773438 0.000000 0.931749 0.000000 0.363103 0.400000 0.400000 0.400000
7338.442871 0.000000 10546.524414 0.000000 0.993271 0.000000 -0.115813 0.400000 0.400000 0.400000
7356.748047 0.000000 10511.881836 0.000000 0.834697 0.000000 0.550709 0.400000 0.400000 0.400000
7360.433105 0.000000 10515.103516 0.000000 0.615923 0.000000 -0.787806 0.400000 0.400000 0.400000
7409.020020 0.000000 10512.992188 0.000000 0.565657 0.000000 -0.824640 0.400000 0.400000 0.400000
7405.652832 0.000000 10517.659180 0.000000 0.650751 0.000000 -0.759292 0.400000 0.400000 0.400000
7320.482910 0.000000 10641.871094 0.000000 0.825246 0.000000 -0.564774 0.400000 0.400000 0.400000
7320.395508 0.000000 10637.821289 0.000000 0.973983 0.000000 -0.226622 0.400000 0.400000 0.400000
7127.298828 0.000000 10749.625977 0.000000 0.080847 0.000000 0.996727 0.400000 0.400000 0.400000
7141.072266 0.000000 10687.767578 0.000000 0.816236 0.000000 0.577719 0.400000 0.400000 0.400000
7124.742188 0.000000 10723.061523 0.000000 0.551142 0.000000 -0.834412 0.400000 0.400000 0.400000
7128.838379 0.000000 10729.799805 0.000000 0.787436 0.000000 -0.616396 0.400000 0.400000 0.400000
7124.440918 0.000000 10728.108398 0.000000 0.154936 0.000000 0.987925 0.400000 0.400000 0.400000
7128.580078 0.000000 10725.280273 0.000000 0.081023 0.000000 -0.996712 0.400000 0.400000 0.400000
7132.827637 0.000000 10726.917969 0.000000 0.764846 0.000000 -0.644214 0.400000 0.400000 0.400000
7128.887695 0.000000 10739.316406 0.000000 0.950466 0.000000 0.310828 0.400000 0.400000 0.400000
7129.091309 0.000000 10734.044922 0.000000 0.892561 0.000000 0.450927 0.400000 0.400000 0.400000
7124.530762 0.000000 10747.091797 0.000000 0.745902 0.000000 -0.666056 0.400000 0.400000 0.400000
7251.802246 0.000000 10732.662109 0.000000 0.838255 0.000000 -0.545278 0.400000 0.400000 0.400000
7226.293945 0.000000 10772.398438 0.000000 0.789508 0.000000 0.613741 0.400000 0.400000 0.400000
7249.641602 0.000000 10725.091797 0.000000 0.720473 0.000000 -0.693483 0.400000 0.400000 0.400000
7271.459961 0.000000 10710.593750 0.000000 0.999947 0.000000 -0.010251 0.400000 0.400000 0.400000
7256.830078 0.000000 10754.767578 0.000000 0.188721 0.000000 -0.982031 0.400000 0.400000 0.400000
7261.459473 0.000000 10773.520508 0.000000 0.998113 0.000000 0.061404 0.400000 0.400000 0.400000
7258.272461 0.000000 10704.666992 0.000000 0.235347 0.000000 -0.971911 0.400000 0.400000 0.400000
7228.918945 0.000000 10776.605469 0.000000 0.799548 0.000000 -0.600602 0.400000 0.400000 0.400000
7237.758789 0.000000 10778.827148 0.000000 0.766092 0.000000 0.642731 0.400000 0.400000 0.400000
7250.593750 0.000000 10720.818359 0.000000 0.320171 0.000000 0.947360 0.400000 0.400000 0.400000
7253.340332 0.000000 10710.405273 0.000000 0.278282 0.000000 0.960499 0.400000 0.400000 0.400000
7226.351562 0.000000 10775.275391 0.000000 0.727980 0.000000 -0.685598 0.400000 0.400000 0.400000
7268.303223 0.000000 10712.353516 0.000000 0.758821 0.000000 0.651299 0.400000 0.400000 0.400000
7207.375977 0.000000 10857.054688 0.000000 0.328555 0.000000 -0.944485 0.400000 0.400000 0.400000
7211.228027 0.000000 10819.315430 0.000000 0.873050 0.000000 -0.487631 0.400000 0.400000 0.400000
7159.082031 0.000000 10854.214844 0.000000 0.835643 0.000000 -0.549273 0.400000 0.400000 0.400000
7166.156738 0.000000 10872.618164 0.000000 0.989212 0.000000 0.146493 0.400000 0.400000 0.400000
7148.384277 0.000000 10871.399414 0.000000 0.103934 0.000000 0.994584 0.400000 0.400000 0.400000
7162.061035 0.000000 10862.091797 0.000000 0.265896 0.000000 0.964002 0.400000 0.400000 0.400000
7200.729004 0.000000 10854.334961 0.000000 0.528635 0.000000 0.848849 0.400000 0.400000 0.400000
7209.693359 0.000000 10814.108398 0.000000 0.128041 0.000000 0.991769 0.400000 0.400000 0.400000
7144.346191 0.000000 10868.129883 0.000000 0.366740 0.000000 -0.930323 0.400000 0.400000 0.400000
7175.042969 0.000000 10861.076172 0.000000 0.057174 0.000000 0.998364 0.400000 0.400000 0.400000
7148.933594 0.000000 10852.149414 0.000000 0.565987 0.000000 -0.824414 0.400000 0.400000 0.400000
7216.684570 0.000000 10872.541992 0.000000 0.057668 0.000000 0.998336 0.400000 0.400000 0.400000
7163.321289 0.000000 10852.806641 0.000000 0.691987 0.000000 0.721910 0.400000 0.400000 0.400000
7160.763184 0.000000 10858.172852 0.000000 0.989159 0.000000 0.146848 0.400000 0.400000 0.400000
7164.088867 0.000000 10865.631836 0.000000 0.411301 0.000000 -0.911500 0.400000 0.400000 0.400000
7203.425293 0.000000 10857.160156 0.000000 0.765856 0.000000 -0.643012 0.400000 0.400000 0.400000
7164.624512 0.000000 10869.424805 0.000000 0.807275 0.000000 -0.590176 0.400000 0.400000 0.400000
7147.895508 0.000000 10868.001953 0.000000 0.986955 0.000000 0.160995 0.400000 0.400000 0.400000
7151.530273 0.000000 10853.970703 0.000000 0.327805 0.000000 -0.944746 0.400000 0.400000 0.400000
7208.310547 0.000000 10810.229492 0.000000 0.968925 0.000000 -0.247356 0.400000 0.400000 0.400000
7263.458496 0.000000 10821.756836 0.000000 0.595762 0.000000 0.803161 0.400000 0.400000 0.400000
7260.291992 0.000000 10802.787109 0.000000 0.924758 0.000000 0.380555 0.400000 0.400000 0.400000
7246.897461 0.000000 10836.347656 0.000000 0.788736 0.000000 0.614732 0.400000 0.400000 0.400000
7261.364746 0.000000 10782.881836 0.000000 0.449702 0.000000 0.893178 0.400000 0.400000 0.400000
7255.367676 0.000000 10834.166992 0.000000 0.307091 0.000000 0.951680 0.400000 0.400000 0.400000
7261.534668 0.000000 10815.010742 0.000000 0.983981 0.000000 -0.178272 0.400000 0.400000 0.400000
7245.918945 0.000000 10824.238281 0.000000 0.846486 0.000000 0.532411 0.400000 0.400000 0.400000
7232.614746 0.000000 10785.869141 0.000000 0.835129 0.000000 -0.550054 0.400000 0.400000 0.400000
7250.611328 0.000000 10833.521484 0.000000 0.546650 0.000000 -0.837361 0.400000 0.400000 0.400000
7222.322266 0.000000 10819.022461 0.000000 0.920825 0.000000 -0.389976 0.400000 0.400000 0.400000
7250.593750 0.000000 10814.560547 0.000000 0.018932 0.000000 -0.999821 0.400000 0.400000 0.400000
7252.060547 0.000000 10822.166992 0.000000 0.875119 0.000000 -0.483907 0.400000 0.400000 0.400000
7253.635742 0.000000 10817.823242 0.000000 0.255671 0.000000 -0.966764 0.400000 0.400000 0.400000
7226.653320 0.000000 10825.305664 0.000000 0.447176 0.000000 0.894446 0.400000 0.400000 0.400000
7260.699219 0.000000 10818.961914 0.000000 0.908579 0.000000 -0.417714 0.400000 0.400000 0.400000
7223.251465 0.000000 10862.988281 0.000000 0.366499 0.000000 -0.930419 0.400000 0.400000 0.400000
7244.700684 0.000000 10827.750977 0.000000 0.718972 0.000000 -0.695039 0.400000 0.400000 0.400000
7263.692871 0.000000 10801.750000 0.000000 0.798470 0.000000 -0.602035 0.400000 0.400000 0.400000
7253.227051 0.000000 10832.216797 0.000000 0.925559 0.000000 0.378604 0.400000 0.400000 0.400000
7252.548828 0.000000 10835.406250 0.000000 0.652635 0.000000 -0.757672 0.400000 0.400000 0.400000
7195.125488 0.000000 10906.246094 0.000000 0.687376 0.000000 -0.726302 0.400000 0.400000 0.400000
7214.711426 0.000000 10875.274414 0.000000 0.560740 0.000000 0.827992 0.400000 0.400000 0.400000
7158.798828 0.000000 10881.868164 0.000000 0.783353 0.000000 0.621577 0.400000 0.400000 0.400000
7195.308105 0.000000 10911.354492 0.000000 0.999539 0.000000 0.030370 0.400000 0.400000 0.400000
7195.609375 0.000000 10901.784180 0.000000 0.939359 0.000000 -0.342936 0.400000 0.400000 0.400000
7213.119141 0.000000 10877.606445 0.000000 0.718797 0.000000 -0.695220 0.400000 0.400000 0.400000
"}
