object={
	name="tree_jungle_01_d_generator_1_0"
	render_pass=Map
	clamp_to_water_level=no
	generated_content=yes
	layer="tree_high_layer"
	pdxmesh="tree_jungle_01_d_mesh"
	count=3251
	transform="9709.948242 0.000000 5598.062988 0.000000 0.509949 0.000000 0.860205 0.480451 0.480451 0.480451
9710.152344 0.000000 5579.330078 0.000000 0.911462 0.000000 0.411385 0.705544 0.705544 0.705544
9694.953125 0.000000 5592.039062 0.000000 0.904902 0.000000 0.425620 0.724481 0.724481 0.724481
9716.295898 0.000000 5554.837891 0.000000 0.765789 0.000000 0.643092 0.613975 0.613975 0.613975
9697.588867 0.000000 5553.224609 0.000000 0.397647 0.000000 -0.917539 0.804386 0.804386 0.804386
9684.194336 0.000000 5586.785156 0.000000 0.981430 0.000000 -0.191821 0.788309 0.788309 0.788309
9700.441406 0.000000 5583.253906 0.000000 0.909047 0.000000 -0.416694 0.774143 0.774143 0.774143
9713.819336 0.000000 5588.572266 0.000000 0.989189 0.000000 0.146647 0.748347 0.748347 0.748347
9705.615234 0.000000 5620.388672 0.000000 0.365862 0.000000 0.930669 0.680565 0.680565 0.680565
9717.859375 0.000000 5600.872070 0.000000 0.751485 0.000000 0.659750 0.651520 0.651520 0.651520
9665.092773 0.000000 5553.870605 0.000000 0.831076 0.000000 0.556159 0.732332 0.732332 0.732332
9741.552734 0.000000 5577.098633 0.000000 0.200898 0.000000 -0.979612 0.829435 0.829435 0.829435
9696.093750 0.000000 5577.722656 0.000000 0.925251 0.000000 0.379356 0.708472 0.708472 0.708472
9658.253906 0.000000 5560.887695 0.000000 0.166241 0.000000 0.986085 0.713202 0.713202 0.713202
9713.948242 0.000000 5548.657715 0.000000 0.248401 0.000000 0.968657 0.646212 0.646212 0.646212
9719.194336 0.000000 5589.936523 0.000000 0.274054 0.000000 -0.961714 0.776635 0.776635 0.776635
9699.517578 0.000000 5588.972168 0.000000 0.918378 0.000000 0.395705 0.737050 0.737050 0.737050
9709.943359 0.000000 5592.625977 0.000000 0.733997 0.000000 0.679153 0.643755 0.643755 0.643755
9677.655273 0.000000 5552.255859 0.000000 0.868167 0.000000 -0.496271 0.783060 0.783060 0.783060
9733.746094 0.000000 5589.152344 0.000000 0.712220 0.000000 0.701957 0.665494 0.665494 0.665494
9705.146484 0.000000 5573.369629 0.000000 0.996983 0.000000 -0.077624 0.757856 0.757856 0.757856
9669.074219 0.000000 5556.086426 0.000000 0.796710 0.000000 0.604362 0.661296 0.661296 0.661296
9692.208984 0.000000 5580.106934 0.000000 0.695214 0.000000 -0.718803 0.781538 0.781538 0.781538
9688.315430 0.000000 5542.678223 0.000000 0.997687 0.000000 0.067971 0.746561 0.746561 0.746561
9694.360352 0.000000 5603.243652 0.000000 0.961241 0.000000 0.275709 0.713912 0.713912 0.713912
9697.198242 0.000000 5611.276367 0.000000 0.972267 0.000000 0.233874 0.720828 0.720828 0.720828
9687.890625 0.000000 5564.998535 0.000000 0.982186 0.000000 -0.187912 0.764512 0.764512 0.764512
9680.868164 0.000000 5546.085938 0.000000 0.690944 0.000000 0.722908 0.690996 0.690996 0.690996
9676.985352 0.000000 5555.794434 0.000000 0.454933 0.000000 0.890526 0.698579 0.698579 0.698579
9698.112305 0.000000 5585.656250 0.000000 0.638594 0.000000 -0.769544 0.789461 0.789461 0.789461
9711.380859 0.000000 5576.139160 0.000000 0.816513 0.000000 0.577328 0.710819 0.710819 0.710819
9679.543945 0.000000 5549.149902 0.000000 0.285512 0.000000 0.958375 0.697221 0.697221 0.697221
9666.253906 0.000000 5557.658203 0.000000 0.804799 0.000000 -0.593548 0.789265 0.789265 0.789265
9685.759766 0.000000 5550.532227 0.000000 0.994091 0.000000 0.108547 0.739410 0.739410 0.739410
9675.762695 0.000000 5549.952637 0.000000 0.930968 0.000000 -0.365100 0.763996 0.763996 0.763996
9669.797852 0.000000 5553.279785 0.000000 0.473141 0.000000 -0.880987 0.836789 0.836789 0.836789
9733.365234 0.000000 5591.923340 0.000000 0.606168 0.000000 -0.795336 0.805098 0.805098 0.805098
9681.611328 0.000000 5562.321289 0.000000 0.901928 0.000000 0.431886 0.719897 0.719897 0.719897
9716.913086 0.000000 5598.096191 0.000000 0.840517 0.000000 -0.541785 0.785378 0.785378 0.785378
9687.764648 0.000000 5554.317383 0.000000 0.824728 0.000000 -0.565529 0.780387 0.780387 0.780387
9734.472656 0.000000 5596.770020 0.000000 0.995538 0.000000 -0.094366 0.757609 0.757609 0.757609
9666.283203 0.000000 5551.558105 0.000000 0.995966 0.000000 0.089733 0.744448 0.744448 0.744448
9693.231445 0.000000 5547.584961 0.000000 0.955520 0.000000 0.294926 0.716927 0.716927 0.716927
9701.844727 0.000000 5549.651367 0.000000 0.953060 0.000000 -0.302782 0.800110 0.800110 0.800110
9697.552734 0.000000 5579.840332 0.000000 0.799828 0.000000 -0.600229 0.805450 0.805450 0.805450
9691.934570 0.000000 5572.848633 0.000000 0.950910 0.000000 0.309467 0.707583 0.707583 0.707583
9693.623047 0.000000 5582.267578 0.000000 0.105824 0.000000 -0.994385 0.892618 0.892618 0.892618
9703.168945 0.000000 5621.066895 0.000000 0.791582 0.000000 0.611063 0.684761 0.684761 0.684761
9679.461914 0.000000 5554.036133 0.000000 0.930791 0.000000 0.365553 0.684134 0.684134 0.684134
9687.163086 0.000000 5556.711914 0.000000 0.999120 0.000000 0.041942 0.746701 0.746701 0.746701
9696.474609 0.000000 5565.336426 0.000000 0.499610 0.000000 -0.866251 0.938316 0.938316 0.938316
9736.082031 0.000000 5575.721191 0.000000 0.920272 0.000000 0.391279 0.705588 0.705588 0.705588
9741.511719 0.000000 5579.342285 0.000000 0.962426 0.000000 0.271543 0.724770 0.724770 0.724770
9715.498047 0.000000 5579.783691 0.000000 0.752012 0.000000 0.659149 0.635458 0.635458 0.635458
9696.576172 0.000000 5593.527832 0.000000 0.329143 0.000000 -0.944280 0.909609 0.909609 0.909609
9715.961914 0.000000 5548.235352 0.000000 0.074982 0.000000 -0.997185 0.912438 0.912438 0.912438
9711.874023 0.000000 5578.254883 0.000000 0.500501 0.000000 0.865736 0.640257 0.640257 0.640257
9737.605469 0.000000 5596.480957 0.000000 0.686447 0.000000 0.727180 0.653955 0.653955 0.653955
9697.907227 0.000000 5555.194824 0.000000 0.838733 0.000000 -0.544543 0.815771 0.815771 0.815771
9733.487305 0.000000 5573.027832 0.000000 0.129202 0.000000 -0.991618 0.938900 0.938900 0.938900
9721.192383 0.000000 5589.450195 0.000000 0.048512 0.000000 0.998823 0.482071 0.482071 0.482071
9680.000977 0.000000 5586.379883 0.000000 0.421640 0.000000 0.906763 0.560768 0.560768 0.560768
9678.800781 0.000000 5555.686035 0.000000 0.986354 0.000000 -0.164637 0.779110 0.779110 0.779110
9683.216797 0.000000 5590.751465 0.000000 0.536165 0.000000 -0.844113 0.917463 0.917463 0.917463
9701.010742 0.000000 5588.110352 0.000000 0.973136 0.000000 0.230229 0.709546 0.709546 0.709546
9675.427734 0.000000 5551.597168 0.000000 0.976200 0.000000 -0.216870 0.781927 0.781927 0.781927
9700.211914 0.000000 5549.072754 0.000000 0.868354 0.000000 -0.495946 0.834532 0.834532 0.834532
9709.409180 0.000000 5599.596191 0.000000 0.995198 0.000000 0.097886 0.724483 0.724483 0.724483
9716.169922 0.000000 5601.528809 0.000000 0.268017 0.000000 -0.963414 0.927618 0.927618 0.927618
9696.915039 0.000000 5605.525391 0.000000 0.835703 0.000000 0.549182 0.669444 0.669444 0.669444
9687.282227 0.000000 5550.987793 0.000000 0.059745 0.000000 -0.998214 1.075363 1.075363 1.075363
9666.388672 0.000000 5553.062500 0.000000 0.972313 0.000000 0.233683 0.694354 0.694354 0.694354
9701.242188 0.000000 5589.634277 0.000000 0.724424 0.000000 -0.689355 0.882446 0.882446 0.882446
9692.933594 0.000000 5603.221191 0.000000 0.836867 0.000000 0.547406 0.626354 0.626354 0.626354
9708.177734 0.000000 5598.450684 0.000000 0.479324 0.000000 0.877638 0.471279 0.471279 0.471279
9720.054688 0.000000 5588.714355 0.000000 0.685778 0.000000 0.727811 0.606533 0.606533 0.606533
9711.110352 0.000000 5598.745605 0.000000 0.226997 0.000000 -0.973895 1.051489 1.051489 1.051489
9717.267578 0.000000 5555.733398 0.000000 0.645768 0.000000 -0.763534 0.919176 0.919176 0.919176
9560.140625 0.000000 5797.266602 0.000000 0.985970 0.000000 0.166923 0.745918 0.745918 0.745918
9559.943359 0.000000 5800.955566 0.000000 0.961664 0.000000 0.274231 0.739077 0.739077 0.739077
9650.265625 0.000000 5688.716797 0.000000 0.930539 0.000000 0.366194 0.682608 0.682608 0.682608
9643.228516 0.000000 5709.140625 0.000000 0.972947 0.000000 0.231027 0.720317 0.720317 0.720317
9654.239258 0.000000 5687.330566 0.000000 0.067371 0.000000 0.997728 0.702146 0.702146 0.702146
9654.161133 0.000000 5696.362793 0.000000 0.899139 0.000000 0.437664 0.690626 0.690626 0.690626
9631.417969 0.000000 5702.787109 0.000000 0.366131 0.000000 -0.930563 0.973931 0.973931 0.973931
9643.785156 0.000000 5706.628418 0.000000 0.999787 0.000000 0.020618 0.747490 0.747490 0.747490
9641.128906 0.000000 5707.570801 0.000000 0.057332 0.000000 -0.998355 0.886021 0.886021 0.886021
9645.594727 0.000000 5708.385254 0.000000 0.675098 0.000000 -0.737728 0.813695 0.813695 0.813695
9649.238281 0.000000 5696.879395 0.000000 0.781722 0.000000 -0.623627 0.826911 0.826911 0.826911
9634.295898 0.000000 5701.897949 0.000000 0.096238 0.000000 0.995358 0.493255 0.493255 0.493255
9648.995117 0.000000 5700.302246 0.000000 0.922639 0.000000 -0.385665 0.785584 0.785584 0.785584
9651.319336 0.000000 5690.260742 0.000000 0.193938 0.000000 0.981014 0.585153 0.585153 0.585153
9634.793945 0.000000 5700.489746 0.000000 0.933025 0.000000 -0.359812 0.814093 0.814093 0.814093
9651.768555 0.000000 5688.678711 0.000000 0.661159 0.000000 0.750246 0.597493 0.597493 0.597493
9731.172852 0.000000 5678.498535 0.000000 0.662905 0.000000 -0.748703 0.773764 0.773764 0.773764
9714.507812 0.000000 5715.284668 0.000000 0.131334 0.000000 -0.991338 0.876644 0.876644 0.876644
9744.007812 0.000000 5688.716797 0.000000 0.734425 0.000000 -0.678689 0.804474 0.804474 0.804474
9745.197266 0.000000 5677.498535 0.000000 0.861433 0.000000 -0.507871 0.758977 0.758977 0.758977
9736.556641 0.000000 5654.601562 0.000000 0.407519 0.000000 0.913197 0.672411 0.672411 0.672411
9721.678711 0.000000 5677.846680 0.000000 0.985917 0.000000 -0.167233 0.751573 0.751573 0.751573
9679.746094 0.000000 5630.037109 0.000000 0.184146 0.000000 -0.982899 0.871937 0.871937 0.871937
9746.511719 0.000000 5699.377441 0.000000 0.015363 0.000000 -0.999882 0.854847 0.854847 0.854847
9738.494141 0.000000 5682.544434 0.000000 0.987727 0.000000 -0.156190 0.755286 0.755286 0.755286
9710.267578 0.000000 5632.951660 0.000000 0.266010 0.000000 0.963970 0.537979 0.537979 0.537979
9718.272461 0.000000 5655.644531 0.000000 0.938196 0.000000 -0.346104 0.773823 0.773823 0.773823
9708.756836 0.000000 5648.515137 0.000000 0.634621 0.000000 0.772824 0.700384 0.700384 0.700384
9720.542969 0.000000 5642.896484 0.000000 0.942271 0.000000 -0.334851 0.785802 0.785802 0.785802
9730.685547 0.000000 5650.777344 0.000000 0.545038 0.000000 -0.838411 0.757447 0.757447 0.757447
9744.395508 0.000000 5706.472656 0.000000 0.911103 0.000000 -0.412178 0.771478 0.771478 0.771478
9737.400391 0.000000 5675.960449 0.000000 0.173270 0.000000 0.984874 0.603554 0.603554 0.603554
9692.159180 0.000000 5712.857422 0.000000 0.873456 0.000000 0.486903 0.739526 0.739526 0.739526
9717.515625 0.000000 5699.870117 0.000000 0.408821 0.000000 -0.912615 0.808120 0.808120 0.808120
9746.188477 0.000000 5672.426758 0.000000 0.749635 0.000000 -0.661851 0.786566 0.786566 0.786566
9712.167969 0.000000 5696.398438 0.000000 0.848438 0.000000 0.529295 0.733290 0.733290 0.733290
9732.897461 0.000000 5673.542969 0.000000 0.693713 0.000000 -0.720252 0.765057 0.765057 0.765057
9719.722656 0.000000 5672.785645 0.000000 0.246319 0.000000 0.969189 0.663369 0.663369 0.663369
9732.154297 0.000000 5708.985840 0.000000 0.131106 0.000000 0.991368 0.663761 0.663761 0.663761
9677.618164 0.000000 5702.980957 0.000000 0.956179 0.000000 0.292781 0.736091 0.736091 0.736091
9739.907227 0.000000 5705.453613 0.000000 0.333447 0.000000 0.942769 0.713126 0.713126 0.713126
9714.291992 0.000000 5692.392578 0.000000 0.987958 0.000000 0.154721 0.744764 0.744764 0.744764
9712.811523 0.000000 5705.393555 0.000000 0.910080 0.000000 0.414434 0.734798 0.734798 0.734798
9727.379883 0.000000 5648.177734 0.000000 0.657364 0.000000 -0.753573 0.775569 0.775569 0.775569
9720.966797 0.000000 5705.244141 0.000000 0.981592 0.000000 -0.190987 0.762234 0.762234 0.762234
9726.576172 0.000000 5709.937988 0.000000 0.665950 0.000000 -0.745996 0.830408 0.830408 0.830408
9738.702148 0.000000 5667.915527 0.000000 0.676017 0.000000 -0.736886 0.779473 0.779473 0.779473
9722.060547 0.000000 5658.328613 0.000000 0.948284 0.000000 -0.317424 0.761491 0.761491 0.761491
9724.175781 0.000000 5665.070312 0.000000 0.546873 0.000000 -0.837216 0.816879 0.816879 0.816879
9732.895508 0.000000 5688.467285 0.000000 0.415055 0.000000 0.909796 0.660129 0.660129 0.660129
9734.463867 0.000000 5701.339844 0.000000 0.715317 0.000000 -0.698800 0.861551 0.861551 0.861551
9722.896484 0.000000 5684.137207 0.000000 0.694587 0.000000 -0.719409 0.772552 0.772552 0.772552
9703.987305 0.000000 5640.510254 0.000000 0.476393 0.000000 -0.879233 0.822412 0.822412 0.822412
9736.553711 0.000000 5692.036621 0.000000 0.751233 0.000000 -0.660038 0.844483 0.844483 0.844483
9716.364258 0.000000 5664.337402 0.000000 0.053252 0.000000 -0.998581 1.071080 1.071080 1.071080
9724.869141 0.000000 5690.643555 0.000000 0.616008 0.000000 0.787740 0.716030 0.716030 0.716030
9747.903320 0.000000 5696.362793 0.000000 0.985164 0.000000 0.171617 0.739343 0.739343 0.739343
9730.161133 0.000000 5675.385254 0.000000 0.943675 0.000000 -0.330873 0.785360 0.785360 0.785360
9711.380859 0.000000 5669.881348 0.000000 0.936951 0.000000 -0.349460 0.763369 0.763369 0.763369
9701.679688 0.000000 5634.449707 0.000000 0.951966 0.000000 -0.306205 0.779718 0.779718 0.779718
9725.160156 0.000000 5702.787109 0.000000 0.996206 0.000000 -0.087024 0.755547 0.755547 0.755547
9721.250977 0.000000 5681.276855 0.000000 0.274324 0.000000 -0.961637 0.803259 0.803259 0.803259
9712.638672 0.000000 5674.920898 0.000000 0.878688 0.000000 0.477396 0.687564 0.687564 0.687564
9715.877930 0.000000 5702.500000 0.000000 0.982485 0.000000 -0.186340 0.762634 0.762634 0.762634
9733.110352 0.000000 5695.661133 0.000000 0.867949 0.000000 -0.496654 0.774329 0.774329 0.774329
9712.832031 0.000000 5685.257324 0.000000 0.758731 0.000000 0.651405 0.688896 0.688896 0.688896
9728.006836 0.000000 5679.228516 0.000000 0.832273 0.000000 0.554366 0.719194 0.719194 0.719194
9747.983398 0.000000 5674.955566 0.000000 0.367028 0.000000 -0.930210 0.830550 0.830550 0.830550
9746.663086 0.000000 5680.332520 0.000000 0.737037 0.000000 -0.675852 0.825036 0.825036 0.825036
9732.208984 0.000000 5653.415527 0.000000 0.765040 0.000000 -0.643983 0.844328 0.844328 0.844328
9744.980469 0.000000 5709.658691 0.000000 0.872532 0.000000 0.488558 0.685965 0.685965 0.685965
9717.413086 0.000000 5630.243652 0.000000 0.772981 0.000000 0.634429 0.681797 0.681797 0.681797
9724.762695 0.000000 5659.399414 0.000000 0.890643 0.000000 0.454703 0.732323 0.732323 0.732323
9737.871094 0.000000 5657.248047 0.000000 0.639044 0.000000 0.769170 0.697420 0.697420 0.697420
9744.357422 0.000000 5674.741699 0.000000 0.300804 0.000000 0.953686 0.686035 0.686035 0.686035
9733.365234 0.000000 5685.665527 0.000000 0.214167 0.000000 -0.976797 0.805815 0.805815 0.805815
9727.729492 0.000000 5703.857910 0.000000 0.957550 0.000000 0.288266 0.734669 0.734669 0.734669
9668.222656 0.000000 5694.876465 0.000000 0.425259 0.000000 -0.905071 0.930092 0.930092 0.930092
9690.368164 0.000000 5715.411133 0.000000 0.749360 0.000000 0.662163 0.705283 0.705283 0.705283
9716.722656 0.000000 5682.242188 0.000000 0.956233 0.000000 -0.292607 0.769461 0.769461 0.769461
9730.233398 0.000000 5688.234375 0.000000 0.105293 0.000000 0.994441 0.640254 0.640254 0.640254
9723.939453 0.000000 5652.129395 0.000000 0.700935 0.000000 0.713225 0.700934 0.700934 0.700934
9714.659180 0.000000 5639.552246 0.000000 0.424082 0.000000 -0.905624 0.849694 0.849694 0.849694
9735.468750 0.000000 5674.047852 0.000000 0.642550 0.000000 0.766244 0.686252 0.686252 0.686252
9734.871094 0.000000 5707.570801 0.000000 0.988452 0.000000 0.151536 0.735473 0.735473 0.735473
9714.132812 0.000000 5654.888184 0.000000 0.994285 0.000000 -0.106761 0.758412 0.758412 0.758412
9674.444336 0.000000 5649.334473 0.000000 0.479999 0.000000 -0.877269 0.888258 0.888258 0.888258
9699.240234 0.000000 5634.618164 0.000000 0.306549 0.000000 0.951855 0.653330 0.653330 0.653330
9730.204102 0.000000 5692.038086 0.000000 0.222085 0.000000 0.975027 0.543209 0.543209 0.543209
9731.324219 0.000000 5683.676270 0.000000 0.774368 0.000000 0.632736 0.626856 0.626856 0.626856
9714.567383 0.000000 5694.939453 0.000000 0.980429 0.000000 0.196875 0.723655 0.723655 0.723655
9711.177734 0.000000 5648.228516 0.000000 0.791638 0.000000 0.610990 0.652770 0.652770 0.652770
9732.151367 0.000000 5637.712402 0.000000 0.474732 0.000000 0.880130 0.667386 0.667386 0.667386
9716.835938 0.000000 5657.779297 0.000000 0.415898 0.000000 -0.909411 0.820555 0.820555 0.820555
9726.010742 0.000000 5643.503906 0.000000 0.533819 0.000000 -0.845599 0.859434 0.859434 0.859434
9712.753906 0.000000 5698.922852 0.000000 0.783013 0.000000 -0.622005 0.864383 0.864383 0.864383
9727.715820 0.000000 5687.879883 0.000000 0.707479 0.000000 -0.706734 0.799966 0.799966 0.799966
9655.464844 0.000000 5697.030762 0.000000 0.990283 0.000000 0.139067 0.731713 0.731713 0.731713
9717.615234 0.000000 5674.040527 0.000000 0.998541 0.000000 -0.053998 0.754046 0.754046 0.754046
9734.618164 0.000000 5709.893066 0.000000 0.992602 0.000000 0.121415 0.736554 0.736554 0.736554
9694.819336 0.000000 5652.079102 0.000000 0.566918 0.000000 0.823774 0.644871 0.644871 0.644871
9734.077148 0.000000 5698.883789 0.000000 0.357892 0.000000 -0.933763 0.901142 0.901142 0.901142
9725.165039 0.000000 5684.039551 0.000000 0.088524 0.000000 -0.996074 0.999769 0.999769 0.999769
9719.971680 0.000000 5679.337402 0.000000 0.474445 0.000000 -0.880285 0.842717 0.842717 0.842717
9724.406250 0.000000 5692.792480 0.000000 0.089679 0.000000 0.995971 0.517065 0.517065 0.517065
9708.583008 0.000000 5638.893555 0.000000 0.905136 0.000000 0.425122 0.671894 0.671894 0.671894
9728.696289 0.000000 5677.075684 0.000000 0.921831 0.000000 -0.387593 0.793970 0.793970 0.793970
9714.893555 0.000000 5704.546387 0.000000 0.693364 0.000000 -0.720587 0.807252 0.807252 0.807252
9743.736328 0.000000 5656.457031 0.000000 0.988814 0.000000 0.149152 0.736825 0.736825 0.736825
9656.317383 0.000000 5686.974121 0.000000 0.143106 0.000000 0.989707 0.530871 0.530871 0.530871
9701.457031 0.000000 5651.235352 0.000000 0.625403 0.000000 0.780302 0.629322 0.629322 0.629322
9735.548828 0.000000 5676.872559 0.000000 0.428565 0.000000 0.903511 0.640182 0.640182 0.640182
9676.616211 0.000000 5705.732910 0.000000 0.937366 0.000000 -0.348346 0.778647 0.778647 0.778647
9693.711914 0.000000 5714.278809 0.000000 0.539370 0.000000 -0.842069 0.862469 0.862469 0.862469
9724.101562 0.000000 5667.187988 0.000000 0.545358 0.000000 -0.838203 0.835612 0.835612 0.835612
9731.597656 0.000000 5686.787598 0.000000 0.522969 0.000000 0.852352 0.597142 0.597142 0.597142
9728.117188 0.000000 5670.639648 0.000000 0.984332 0.000000 -0.176326 0.773896 0.773896 0.773896
9747.083008 0.000000 5676.817871 0.000000 0.871083 0.000000 -0.491135 0.793258 0.793258 0.793258
9678.567383 0.000000 5631.524902 0.000000 0.429320 0.000000 -0.903152 0.849185 0.849185 0.849185
9736.826172 0.000000 5683.430176 0.000000 0.232038 0.000000 0.972707 0.604843 0.604843 0.604843
9727.177734 0.000000 5708.149414 0.000000 0.729907 0.000000 0.683546 0.678131 0.678131 0.678131
9722.964844 0.000000 5709.196777 0.000000 0.540066 0.000000 -0.841623 0.849266 0.849266 0.849266
9718.621094 0.000000 5671.380859 0.000000 0.477842 0.000000 -0.878446 0.958868 0.958868 0.958868
9692.008789 0.000000 5714.807617 0.000000 0.673285 0.000000 -0.739383 0.843488 0.843488 0.843488
9746.957031 0.000000 5678.589355 0.000000 0.892663 0.000000 -0.450725 0.797277 0.797277 0.797277
9710.358398 0.000000 5649.830078 0.000000 0.800963 0.000000 -0.598713 0.844949 0.844949 0.844949
9702.612305 0.000000 5645.373047 0.000000 0.464687 0.000000 0.885475 0.621715 0.621715 0.621715
9720.610352 0.000000 5645.216309 0.000000 0.576547 0.000000 0.817064 0.637193 0.637193 0.637193
9714.895508 0.000000 5665.228516 0.000000 0.054362 0.000000 0.998521 0.468905 0.468905 0.468905
9735.561523 0.000000 5672.424805 0.000000 0.165898 0.000000 0.986143 0.555446 0.555446 0.555446
9733.786133 0.000000 5652.993164 0.000000 0.252794 0.000000 0.967520 0.572689 0.572689 0.572689
9711.882812 0.000000 5633.186523 0.000000 0.377173 0.000000 -0.926143 0.942882 0.942882 0.942882
9729.666992 0.000000 5670.923340 0.000000 0.411824 0.000000 0.911264 0.595457 0.595457 0.595457
9731.111328 0.000000 5682.134277 0.000000 0.654755 0.000000 -0.755841 0.904036 0.904036 0.904036
9669.860352 0.000000 5695.270508 0.000000 0.976074 0.000000 0.217437 0.715115 0.715115 0.715115
9724.767578 0.000000 5682.604492 0.000000 0.523476 0.000000 0.852040 0.578135 0.578135 0.578135
9683.014648 0.000000 5632.852051 0.000000 0.953887 0.000000 -0.300164 0.813362 0.813362 0.813362
9717.081055 0.000000 5665.320801 0.000000 0.418643 0.000000 0.908151 0.509040 0.509040 0.509040
9644.672852 0.000000 5794.977051 0.000000 0.292225 0.000000 -0.956350 0.816805 0.816805 0.816805
9637.430664 0.000000 5772.240723 0.000000 0.866428 0.000000 -0.499301 0.787197 0.787197 0.787197
9650.402344 0.000000 5807.233887 0.000000 0.923624 0.000000 -0.383300 0.805977 0.805977 0.805977
9574.243164 0.000000 5791.334961 0.000000 0.644373 0.000000 -0.764711 0.797273 0.797273 0.797273
9613.735352 0.000000 5734.605957 0.000000 0.057059 0.000000 -0.998371 0.925725 0.925725 0.925725
9651.455078 0.000000 5771.240723 0.000000 0.460368 0.000000 0.887728 0.727501 0.727501 0.727501
9651.689453 0.000000 5748.785156 0.000000 0.669055 0.000000 0.743213 0.713917 0.713917 0.713917
9617.911133 0.000000 5747.988281 0.000000 0.966860 0.000000 0.255308 0.746133 0.746133 0.746133
9654.873047 0.000000 5786.911621 0.000000 0.429738 0.000000 0.902954 0.663513 0.663513 0.663513
9606.486328 0.000000 5782.872070 0.000000 0.679289 0.000000 0.733871 0.651256 0.651256 0.651256
9642.395508 0.000000 5741.974121 0.000000 0.221583 0.000000 -0.975141 0.903891 0.903891 0.903891
9643.773438 0.000000 5725.141113 0.000000 0.602550 0.000000 0.798081 0.689439 0.689439 0.689439
9634.898438 0.000000 5759.676270 0.000000 0.227935 0.000000 0.973676 0.657108 0.657108 0.657108
9616.077148 0.000000 5760.748535 0.000000 0.910434 0.000000 0.413655 0.726843 0.726843 0.726843
9621.647461 0.000000 5804.038086 0.000000 0.993005 0.000000 -0.118072 0.754875 0.754875 0.754875
9639.155273 0.000000 5767.285156 0.000000 0.990839 0.000000 0.135048 0.748224 0.748224 0.748224
9625.980469 0.000000 5766.527832 0.000000 0.970438 0.000000 -0.241349 0.759585 0.759585 0.759585
9638.412109 0.000000 5802.728027 0.000000 0.489726 0.000000 -0.871876 0.799573 0.799573 0.799573
9648.952148 0.000000 5775.026367 0.000000 0.989094 0.000000 -0.147285 0.753598 0.753598 0.753598
9654.239258 0.000000 5781.072754 0.000000 0.947711 0.000000 0.319131 0.742702 0.742702 0.742702
9582.654297 0.000000 5787.364258 0.000000 0.356088 0.000000 -0.934452 0.874271 0.874271 0.874271
9623.562500 0.000000 5733.788574 0.000000 0.988613 0.000000 -0.150478 0.755091 0.755091 0.755091
9646.692383 0.000000 5784.006348 0.000000 0.281418 0.000000 0.959585 0.653719 0.653719 0.653719
9572.329102 0.000000 5794.670898 0.000000 0.109322 0.000000 0.994006 0.659710 0.659710 0.659710
9630.433594 0.000000 5758.812500 0.000000 0.320111 0.000000 -0.947380 0.945809 0.945809 0.945809
9606.560547 0.000000 5731.030762 0.000000 0.984976 0.000000 -0.172689 0.777948 0.777948 0.777948
9607.248047 0.000000 5739.671875 0.000000 0.996693 0.000000 0.081261 0.739033 0.739033 0.739033
9617.274414 0.000000 5734.235352 0.000000 0.615146 0.000000 -0.788414 0.867339 0.867339 0.867339
9617.638672 0.000000 5763.623535 0.000000 0.502255 0.000000 0.864719 0.708926 0.708926 0.708926
9642.379883 0.000000 5778.938477 0.000000 0.130420 0.000000 -0.991459 0.949525 0.949525 0.949525
9645.890625 0.000000 5727.762695 0.000000 0.291991 0.000000 -0.956421 0.800114 0.800114 0.800114
9638.007812 0.000000 5808.569824 0.000000 0.953671 0.000000 0.300851 0.709375 0.709375 0.709375
9626.686523 0.000000 5733.449219 0.000000 0.757696 0.000000 0.652608 0.688759 0.688759 0.688759
9607.680664 0.000000 5803.290527 0.000000 0.987130 0.000000 -0.159922 0.771051 0.771051 0.771051
9588.166992 0.000000 5810.974121 0.000000 0.869098 0.000000 -0.494640 0.813942 0.813942 0.813942
9602.691406 0.000000 5744.114746 0.000000 0.999827 0.000000 0.018626 0.747314 0.747314 0.747314
9623.090820 0.000000 5765.541504 0.000000 0.812811 0.000000 0.582528 0.712741 0.712741 0.712741
9613.280273 0.000000 5737.543945 0.000000 0.359324 0.000000 0.933213 0.641857 0.641857 0.641857
9614.855469 0.000000 5807.750977 0.000000 0.893137 0.000000 -0.449784 0.774459 0.774459 0.774459
9585.344727 0.000000 5787.522461 0.000000 0.503697 0.000000 -0.863881 0.802725 0.802725 0.802725
9652.942383 0.000000 5751.113770 0.000000 0.978072 0.000000 -0.208269 0.762571 0.762571 0.762571
9620.916992 0.000000 5733.294434 0.000000 0.803950 0.000000 -0.594697 0.859711 0.859711 0.859711
9647.176758 0.000000 5777.085449 0.000000 0.963002 0.000000 0.269494 0.727009 0.727009 0.727009
9606.205078 0.000000 5746.493652 0.000000 0.341494 0.000000 -0.939884 0.958265 0.958265 0.958265
9633.087891 0.000000 5758.055664 0.000000 0.998894 0.000000 0.047028 0.745948 0.745948 0.745948
9617.435547 0.000000 5741.970703 0.000000 0.789193 0.000000 -0.614145 0.794576 0.794576 0.794576
9572.074219 0.000000 5792.308105 0.000000 0.747679 0.000000 -0.664060 0.845187 0.845187 0.845187
9576.472656 0.000000 5790.468262 0.000000 0.507638 0.000000 -0.861570 0.864709 0.864709 0.864709
9640.875977 0.000000 5803.635254 0.000000 0.039504 0.000000 -0.999219 0.942102 0.942102 0.942102
9619.541016 0.000000 5746.253906 0.000000 0.811465 0.000000 -0.584402 0.787397 0.787397 0.787397
9651.833008 0.000000 5790.713867 0.000000 0.993021 0.000000 0.117934 0.736277 0.736277 0.736277
9623.084961 0.000000 5760.311523 0.000000 0.999991 0.000000 0.004315 0.749515 0.749515 0.749515
9634.453125 0.000000 5761.822266 0.000000 0.277255 0.000000 0.960796 0.595430 0.595430 0.595430
9634.954102 0.000000 5770.817871 0.000000 0.473367 0.000000 -0.880865 0.879144 0.879144 0.879144
9646.593750 0.000000 5774.712402 0.000000 0.997639 0.000000 -0.068678 0.754762 0.754762 0.754762
9649.586914 0.000000 5784.617188 0.000000 0.740773 0.000000 -0.671755 0.845163 0.845163 0.845163
9626.803711 0.000000 5761.765137 0.000000 0.727982 0.000000 0.685597 0.624113 0.624113 0.624113
9567.125000 0.000000 5803.106934 0.000000 0.115771 0.000000 0.993276 0.570221 0.570221 0.570221
9602.833984 0.000000 5781.012207 0.000000 0.218132 0.000000 -0.975919 0.863824 0.863824 0.863824
9642.705078 0.000000 5737.054199 0.000000 0.993680 0.000000 -0.112247 0.767692 0.767692 0.767692
9565.838867 0.000000 5789.463379 0.000000 0.051658 0.000000 0.998665 0.508225 0.508225 0.508225
9644.188477 0.000000 5740.915527 0.000000 0.927693 0.000000 -0.373343 0.781522 0.781522 0.781522
9652.454102 0.000000 5778.984863 0.000000 0.983116 0.000000 -0.182983 0.767228 0.767228 0.767228
9624.671875 0.000000 5761.514160 0.000000 0.505568 0.000000 0.862787 0.566820 0.566820 0.566820
9653.340820 0.000000 5770.560059 0.000000 0.968812 0.000000 -0.247797 0.778132 0.778132 0.778132
9561.740234 0.000000 5801.921387 0.000000 0.847547 0.000000 0.530721 0.668293 0.668293 0.668293
9616.736328 0.000000 5749.492676 0.000000 0.772818 0.000000 0.634628 0.628991 0.628991 0.628991
9639.291016 0.000000 5772.845215 0.000000 0.410829 0.000000 0.911712 0.603904 0.603904 0.603904
9642.495117 0.000000 5740.181152 0.000000 0.671027 0.000000 -0.741433 0.845394 0.845394 0.845394
9616.616211 0.000000 5743.572266 0.000000 0.992797 0.000000 0.119812 0.734034 0.734034 0.734034
9638.652344 0.000000 5768.909668 0.000000 0.967894 0.000000 0.251360 0.717173 0.717173 0.717173
9621.093750 0.000000 5730.809570 0.000000 0.379232 0.000000 -0.925302 0.918178 0.918178 0.918178
9612.122070 0.000000 5734.106445 0.000000 0.952963 0.000000 0.303086 0.714253 0.714253 0.714253
9645.244141 0.000000 5769.061523 0.000000 0.104415 0.000000 0.994534 0.513903 0.513903 0.513903
9639.270508 0.000000 5809.733398 0.000000 0.242928 0.000000 0.970044 0.573798 0.573798 0.573798
9589.620117 0.000000 5810.190430 0.000000 0.265495 0.000000 0.964112 0.589090 0.589090 0.589090
9606.884766 0.000000 5738.134766 0.000000 0.928004 0.000000 0.372570 0.698531 0.698531 0.698531
9631.910156 0.000000 5759.223633 0.000000 0.448647 0.000000 -0.893709 0.923883 0.923883 0.923883
9644.677734 0.000000 5806.879883 0.000000 0.838085 0.000000 0.545540 0.652760 0.652760 0.652760
9602.648438 0.000000 5745.627930 0.000000 0.982091 0.000000 -0.188405 0.777327 0.777327 0.777327
9565.763672 0.000000 5788.000000 0.000000 0.621643 0.000000 -0.783301 0.893233 0.893233 0.893233
9607.523438 0.000000 5746.986816 0.000000 0.642147 0.000000 -0.766581 0.898835 0.898835 0.898835
9689.099609 0.000000 5764.326172 0.000000 0.747533 0.000000 0.664225 0.624859 0.624859 0.624859
9704.938477 0.000000 5748.914551 0.000000 0.957477 0.000000 0.288511 0.732464 0.732464 0.732464
9742.266602 0.000000 5757.237305 0.000000 0.981487 0.000000 -0.191529 0.751083 0.751083 0.751083
9700.754883 0.000000 5759.678223 0.000000 0.818020 0.000000 0.575190 0.731640 0.731640 0.731640
9725.097656 0.000000 5720.371094 0.000000 0.999467 0.000000 -0.032650 0.752140 0.752140 0.752140
9692.664062 0.000000 5772.088867 0.000000 0.999508 0.000000 0.031373 0.748472 0.748472 0.748472
9663.296875 0.000000 5753.916504 0.000000 0.993533 0.000000 0.113544 0.744247 0.744247 0.744247
9741.552734 0.000000 5764.583008 0.000000 0.023210 0.000000 0.999731 0.581933 0.581933 0.581933
9660.958984 0.000000 5787.871582 0.000000 0.846561 0.000000 0.532292 0.714266 0.714266 0.714266
9728.188477 0.000000 5766.357910 0.000000 0.625653 0.000000 -0.780101 0.818695 0.818695 0.818695
9684.642578 0.000000 5768.266113 0.000000 0.814128 0.000000 0.580686 0.697796 0.697796 0.697796
9678.975586 0.000000 5772.031250 0.000000 0.999481 0.000000 0.032204 0.746321 0.746321 0.746321
9740.732422 0.000000 5752.030273 0.000000 0.999243 0.000000 0.038898 0.743589 0.743589 0.743589
9674.357422 0.000000 5745.528320 0.000000 0.086959 0.000000 0.996212 0.683324 0.683324 0.683324
9732.897461 0.000000 5767.285156 0.000000 0.970638 0.000000 -0.240544 0.775017 0.775017 0.775017
9702.160156 0.000000 5755.595215 0.000000 0.771788 0.000000 -0.635880 0.780969 0.780969 0.780969
9695.395508 0.000000 5775.276855 0.000000 0.999563 0.000000 -0.029547 0.753707 0.753707 0.753707
9743.759766 0.000000 5760.810547 0.000000 0.310354 0.000000 -0.950621 0.792305 0.792305 0.792305
9739.432617 0.000000 5772.707031 0.000000 0.914045 0.000000 0.405612 0.721066 0.721066 0.721066
9745.162109 0.000000 5744.892578 0.000000 0.710051 0.000000 -0.704150 0.793883 0.793883 0.793883
9655.570312 0.000000 5778.755371 0.000000 0.931774 0.000000 0.363039 0.729826 0.729826 0.729826
9662.772461 0.000000 5750.333984 0.000000 0.157094 0.000000 0.987584 0.620355 0.620355 0.620355
9676.985352 0.000000 5743.278809 0.000000 0.709385 0.000000 -0.704821 0.798330 0.798330 0.798330
9671.634766 0.000000 5747.460938 0.000000 0.980199 0.000000 0.198013 0.719769 0.719769 0.719769
9730.161133 0.000000 5769.127441 0.000000 0.962085 0.000000 0.272750 0.727241 0.727241 0.727241
9685.110352 0.000000 5777.427246 0.000000 0.748570 0.000000 -0.663056 0.819222 0.819222 0.819222
9665.426758 0.000000 5748.979004 0.000000 0.620121 0.000000 -0.784507 0.805728 0.805728 0.805728
9742.351562 0.000000 5771.884277 0.000000 0.763235 0.000000 0.646121 0.651349 0.651349 0.651349
9690.523438 0.000000 5770.138672 0.000000 0.760481 0.000000 -0.649360 0.873068 0.873068 0.873068
9661.170898 0.000000 5781.261230 0.000000 0.744474 0.000000 -0.667651 0.807491 0.807491 0.807491
9663.387695 0.000000 5786.453125 0.000000 0.999529 0.000000 -0.030697 0.753564 0.753564 0.753564
9678.280273 0.000000 5774.591309 0.000000 0.119393 0.000000 0.992847 0.603277 0.603277 0.603277
9697.552734 0.000000 5767.324707 0.000000 0.676250 0.000000 0.736673 0.686425 0.686425 0.686425
9732.111328 0.000000 5774.589355 0.000000 0.637910 0.000000 -0.770111 0.878378 0.878378 0.878378
9741.250000 0.000000 5761.157227 0.000000 0.621326 0.000000 0.783552 0.706168 0.706168 0.706168
9664.221680 0.000000 5781.708008 0.000000 0.144173 0.000000 -0.989552 0.864822 0.864822 0.864822
9694.795898 0.000000 5767.381836 0.000000 0.754997 0.000000 -0.655728 0.850429 0.850429 0.850429
9674.444336 0.000000 5743.076660 0.000000 0.880686 0.000000 0.473700 0.719508 0.719508 0.719508
9682.845703 0.000000 5776.535156 0.000000 0.128692 0.000000 0.991685 0.561032 0.561032 0.561032
9664.569336 0.000000 5756.167969 0.000000 0.843998 0.000000 -0.536346 0.831618 0.831618 0.831618
9664.537109 0.000000 5751.876953 0.000000 0.688141 0.000000 0.725577 0.667911 0.667911 0.667911
9698.489258 0.000000 5759.454102 0.000000 0.994952 0.000000 0.100347 0.742472 0.742472 0.742472
9699.379883 0.000000 5761.603027 0.000000 0.026637 0.000000 0.999645 0.640131 0.640131 0.640131
9657.778320 0.000000 5750.510254 0.000000 0.461054 0.000000 0.887372 0.633495 0.633495 0.633495
9661.273438 0.000000 5772.733887 0.000000 0.279881 0.000000 0.960035 0.627088 0.627088 0.627088
9705.830078 0.000000 5750.822266 0.000000 0.579973 0.000000 0.814635 0.621644 0.621644 0.621644
9740.146484 0.000000 5750.038574 0.000000 0.485308 0.000000 -0.874343 0.837665 0.837665 0.837665
9692.219727 0.000000 5780.655762 0.000000 0.500328 0.000000 -0.865836 0.863684 0.863684 0.863684
9743.373047 0.000000 5770.193848 0.000000 0.229762 0.000000 0.973247 0.561968 0.561968 0.561968
9658.090820 0.000000 5746.336426 0.000000 0.937124 0.000000 0.348996 0.692594 0.692594 0.692594
9748.406250 0.000000 5740.560547 0.000000 0.955830 0.000000 -0.293922 0.783515 0.783515 0.783515
9740.026367 0.000000 5765.691406 0.000000 0.674718 0.000000 -0.738075 0.840161 0.840161 0.840161
9688.557617 0.000000 5769.680176 0.000000 0.539146 0.000000 0.842212 0.641251 0.641251 0.641251
9730.916016 0.000000 5767.507324 0.000000 0.976987 0.000000 0.213298 0.706130 0.706130 0.706130
9660.866211 0.000000 5774.561523 0.000000 0.363541 0.000000 0.931578 0.552483 0.552483 0.552483
9704.110352 0.000000 5750.836914 0.000000 0.186272 0.000000 -0.982498 0.936505 0.936505 0.936505
9690.861328 0.000000 5771.824219 0.000000 0.097440 0.000000 0.995241 0.493465 0.493465 0.493465
9683.216797 0.000000 5778.235840 0.000000 0.616222 0.000000 -0.787573 0.851881 0.851881 0.851881
9745.026367 0.000000 5756.904297 0.000000 0.643854 0.000000 -0.765148 0.883773 0.883773 0.883773
9703.634766 0.000000 5756.333984 0.000000 0.826014 0.000000 -0.563650 0.849787 0.849787 0.849787
9659.517578 0.000000 5747.301270 0.000000 0.755508 0.000000 -0.655139 0.865033 0.865033 0.865033
9666.871094 0.000000 5748.628418 0.000000 0.910334 0.000000 -0.413875 0.817912 0.817912 0.817912
9663.953125 0.000000 5784.500488 0.000000 0.725237 0.000000 0.688499 0.640510 0.640510 0.640510
9670.801758 0.000000 5746.297363 0.000000 0.958085 0.000000 0.286483 0.705933 0.705933 0.705933
9662.479492 0.000000 5780.637207 0.000000 0.619762 0.000000 -0.784790 0.967956 0.967956 0.967956
9731.868164 0.000000 5766.512207 0.000000 0.151315 0.000000 -0.988486 1.039587 1.039587 1.039587
9562.241211 0.000000 5816.845215 0.000000 0.992076 0.000000 -0.125639 0.751651 0.751651 0.751651
9622.553711 0.000000 5836.064453 0.000000 0.994501 0.000000 -0.104725 0.750786 0.750786 0.750786
9607.012695 0.000000 5853.420410 0.000000 0.519445 0.000000 -0.854504 0.817146 0.817146 0.817146
9594.991211 0.000000 5832.999023 0.000000 0.999999 0.000000 0.001020 0.749943 0.749943 0.749943
9636.666992 0.000000 5891.958984 0.000000 0.473163 0.000000 0.880975 0.655140 0.655140 0.655140
9644.751953 0.000000 5870.028809 0.000000 0.424380 0.000000 0.905484 0.561272 0.561272 0.561272
9631.658203 0.000000 5821.676270 0.000000 0.942214 0.000000 -0.335010 0.767910 0.767910 0.767910
9606.780273 0.000000 5828.614746 0.000000 0.310381 0.000000 0.950612 0.522025 0.522025 0.522025
9589.473633 0.000000 5855.902832 0.000000 0.226779 0.000000 -0.973946 0.765077 0.765077 0.765077
9654.511719 0.000000 5822.115234 0.000000 0.798002 0.000000 -0.602655 0.794811 0.794811 0.794811
9625.452148 0.000000 5871.163086 0.000000 0.608800 0.000000 0.793324 0.693385 0.693385 0.693385
9619.438477 0.000000 5824.837891 0.000000 0.491020 0.000000 0.871148 0.724258 0.724258 0.724258
9601.827148 0.000000 5830.073242 0.000000 0.509248 0.000000 -0.860620 0.790755 0.790755 0.790755
9588.853516 0.000000 5813.802734 0.000000 0.896414 0.000000 -0.443217 0.787830 0.787830 0.787830
9608.417969 0.000000 5849.337402 0.000000 0.994685 0.000000 -0.102966 0.757146 0.757146 0.757146
9616.462891 0.000000 5831.955566 0.000000 0.763648 0.000000 -0.645632 0.852504 0.852504 0.852504
9599.093750 0.000000 5822.850586 0.000000 0.349571 0.000000 0.936910 0.679552 0.679552 0.679552
9625.654297 0.000000 5838.987305 0.000000 0.937423 0.000000 -0.348192 0.773307 0.773307 0.773307
9606.978516 0.000000 5842.562500 0.000000 0.999623 0.000000 -0.027448 0.752673 0.752673 0.752673
9633.082031 0.000000 5817.883789 0.000000 0.979770 0.000000 -0.200129 0.756414 0.756414 0.756414
9599.259766 0.000000 5856.388672 0.000000 0.998313 0.000000 -0.058063 0.758811 0.758811 0.758811
9599.057617 0.000000 5833.168457 0.000000 0.254180 0.000000 -0.967157 0.831179 0.831179 0.831179
9635.851562 0.000000 5882.493164 0.000000 0.097523 0.000000 0.995233 0.658977 0.658977 0.658977
9635.638672 0.000000 5821.088379 0.000000 0.461693 0.000000 0.887040 0.680552 0.680552 0.680552
9604.253906 0.000000 5850.625977 0.000000 0.845176 0.000000 0.534488 0.727827 0.727827 0.727827
9639.153320 0.000000 5875.951660 0.000000 0.962282 0.000000 0.272053 0.718530 0.718530 0.718530
9616.228516 0.000000 5870.046875 0.000000 0.092595 0.000000 -0.995704 0.893913 0.893913 0.893913
9632.284180 0.000000 5873.698730 0.000000 0.418072 0.000000 -0.908414 0.888682 0.888682 0.888682
9583.014648 0.000000 5819.574219 0.000000 0.741731 0.000000 0.670697 0.714211 0.714211 0.714211
9594.934570 0.000000 5861.596680 0.000000 0.150467 0.000000 0.988615 0.696833 0.696833 0.696833
9654.998047 0.000000 5865.419922 0.000000 0.006516 0.000000 0.999979 0.603551 0.603551 0.603551
9607.248047 0.000000 5833.414062 0.000000 0.735437 0.000000 0.677593 0.678907 0.678907 0.678907
9604.681641 0.000000 5873.598633 0.000000 0.858156 0.000000 0.513389 0.711640 0.711640 0.711640
9565.993164 0.000000 5816.988281 0.000000 0.416626 0.000000 0.909078 0.572667 0.572667 0.572667
9634.535156 0.000000 5814.912109 0.000000 0.900372 0.000000 0.435121 0.713755 0.713755 0.713755
9608.353516 0.000000 5873.931152 0.000000 0.952895 0.000000 0.303300 0.728651 0.728651 0.728651
9624.625000 0.000000 5820.427246 0.000000 0.458968 0.000000 -0.888453 0.889288 0.889288 0.889288
9609.146484 0.000000 5840.280273 0.000000 0.681447 0.000000 0.731868 0.651609 0.651609 0.651609
9644.058594 0.000000 5815.762207 0.000000 0.659865 0.000000 -0.751384 0.802531 0.802531 0.802531
9626.686523 0.000000 5827.191406 0.000000 0.610409 0.000000 -0.792086 0.837301 0.837301 0.837301
9627.754883 0.000000 5821.433105 0.000000 0.823373 0.000000 -0.567501 0.787288 0.787288 0.787288
9610.367188 0.000000 5851.662598 0.000000 0.827820 0.000000 -0.560994 0.771188 0.771188 0.771188
9654.241211 0.000000 5862.439941 0.000000 0.625458 0.000000 -0.780258 0.857261 0.857261 0.857261
9583.500977 0.000000 5825.340332 0.000000 0.973926 0.000000 -0.226867 0.780853 0.780853 0.780853
9654.386719 0.000000 5815.164551 0.000000 0.237753 0.000000 -0.971326 0.824751 0.824751 0.824751
9652.920898 0.000000 5867.816895 0.000000 0.641490 0.000000 0.767132 0.699248 0.699248 0.699248
9568.932617 0.000000 5817.200195 0.000000 0.765774 0.000000 0.643110 0.689833 0.689833 0.689833
9651.923828 0.000000 5820.804199 0.000000 0.748500 0.000000 0.663135 0.705203 0.705203 0.705203
9639.623047 0.000000 5873.149902 0.000000 0.990152 0.000000 0.139996 0.738428 0.738428 0.738428
9634.557617 0.000000 5885.058594 0.000000 0.080624 0.000000 0.996745 0.627238 0.627238 0.627238
9633.750000 0.000000 5871.415039 0.000000 0.231497 0.000000 0.972836 0.619805 0.619805 0.619805
9639.129883 0.000000 5890.952148 0.000000 0.873224 0.000000 -0.487318 0.804326 0.804326 0.804326
9601.763672 0.000000 5832.949707 0.000000 0.750261 0.000000 0.661142 0.698604 0.698604 0.698604
9594.022461 0.000000 5835.543945 0.000000 0.777032 0.000000 -0.629461 0.817567 0.817567 0.817567
9616.898438 0.000000 5825.403809 0.000000 0.159422 0.000000 0.987211 0.660193 0.660193 0.660193
9574.337891 0.000000 5819.354492 0.000000 0.989668 0.000000 0.143376 0.723331 0.723331 0.723331
9610.514648 0.000000 5821.827148 0.000000 0.779230 0.000000 0.626738 0.673902 0.673902 0.673902
9598.192383 0.000000 5854.075195 0.000000 0.932045 0.000000 -0.362342 0.780547 0.780547 0.780547
9644.739258 0.000000 5873.962891 0.000000 0.670757 0.000000 0.741677 0.703064 0.703064 0.703064
9609.477539 0.000000 5834.563965 0.000000 0.633396 0.000000 0.773828 0.587631 0.587631 0.587631
9577.205078 0.000000 5819.791016 0.000000 0.898816 0.000000 0.438326 0.716017 0.716017 0.716017
9606.205078 0.000000 5840.235840 0.000000 0.689686 0.000000 0.724109 0.692386 0.692386 0.692386
9616.370117 0.000000 5822.873535 0.000000 0.379282 0.000000 -0.925281 0.851788 0.851788 0.851788
9637.739258 0.000000 5819.912109 0.000000 0.270858 0.000000 -0.962619 0.873808 0.873808 0.873808
9606.743164 0.000000 5851.069336 0.000000 0.588995 0.000000 0.808137 0.623143 0.623143 0.623143
9593.041016 0.000000 5863.131348 0.000000 0.986915 0.000000 0.161240 0.735142 0.735142 0.735142
9651.107422 0.000000 5869.519531 0.000000 0.959416 0.000000 0.281995 0.730195 0.730195 0.730195
9617.955078 0.000000 5830.205078 0.000000 0.182348 0.000000 0.983234 0.547370 0.547370 0.547370
9592.829102 0.000000 5860.596680 0.000000 0.374675 0.000000 0.927156 0.670005 0.670005 0.670005
9599.266602 0.000000 5825.184570 0.000000 0.555388 0.000000 -0.831591 0.878705 0.878705 0.878705
9647.245117 0.000000 5819.703125 0.000000 0.386603 0.000000 0.922246 0.560978 0.560978 0.560978
9610.754883 0.000000 5848.655762 0.000000 0.531575 0.000000 0.847011 0.562715 0.562715 0.562715
9609.072266 0.000000 5843.454102 0.000000 0.813500 0.000000 -0.581565 0.796485 0.796485 0.796485
9650.331055 0.000000 5866.987305 0.000000 0.967961 0.000000 0.251100 0.726238 0.726238 0.726238
9585.665039 0.000000 5825.748535 0.000000 0.999969 0.000000 0.007874 0.749278 0.749278 0.749278
9592.181641 0.000000 5845.224609 0.000000 0.640311 0.000000 -0.768116 0.863162 0.863162 0.863162
9583.963867 0.000000 5821.519531 0.000000 0.410294 0.000000 -0.911954 0.906918 0.906918 0.906918
9624.693359 0.000000 5836.319824 0.000000 0.256812 0.000000 -0.966461 0.919386 0.919386 0.919386
9617.066406 0.000000 5871.960449 0.000000 0.384370 0.000000 0.923179 0.635472 0.635472 0.635472
9645.179688 0.000000 5875.971680 0.000000 0.849157 0.000000 0.528140 0.672905 0.672905 0.672905
9564.077148 0.000000 5817.614258 0.000000 0.025264 0.000000 -0.999681 0.990191 0.990191 0.990191
9645.282227 0.000000 5871.974609 0.000000 0.904213 0.000000 0.427083 0.676466 0.676466 0.676466
9637.630859 0.000000 5881.503418 0.000000 0.938786 0.000000 -0.344501 0.800708 0.800708 0.800708
9652.376953 0.000000 5815.301758 0.000000 0.850003 0.000000 -0.526778 0.832067 0.832067 0.832067
9591.446289 0.000000 5856.553711 0.000000 0.999998 0.000000 0.002126 0.749733 0.749733 0.749733
9635.165039 0.000000 5816.767578 0.000000 0.309875 0.000000 -0.950777 0.853455 0.853455 0.853455
9569.239258 0.000000 5815.279785 0.000000 0.068128 0.000000 -0.997677 0.904743 0.904743 0.904743
9604.696289 0.000000 5875.637695 0.000000 0.884245 0.000000 -0.467023 0.811869 0.811869 0.811869
9632.720703 0.000000 5876.994141 0.000000 0.030204 0.000000 -0.999544 0.940384 0.940384 0.940384
9608.461914 0.000000 5851.862793 0.000000 0.984271 0.000000 0.176666 0.724062 0.724062 0.724062
9581.007812 0.000000 5829.660645 0.000000 0.682445 0.000000 0.730937 0.611868 0.611868 0.611868
9615.076172 0.000000 5845.279297 0.000000 0.932321 0.000000 -0.361630 0.789491 0.789491 0.789491
9624.228516 0.000000 5872.585449 0.000000 0.614170 0.000000 -0.789174 0.876014 0.876014 0.876014
9625.873047 0.000000 5821.707520 0.000000 0.589970 0.000000 0.807425 0.630344 0.630344 0.630344
9593.728516 0.000000 5844.345703 0.000000 0.903439 0.000000 -0.428716 0.807243 0.807243 0.807243
9609.892578 0.000000 5850.076172 0.000000 0.446364 0.000000 0.894851 0.588164 0.588164 0.588164
9608.491211 0.000000 5841.796875 0.000000 0.986120 0.000000 -0.166032 0.769989 0.769989 0.769989
9608.954102 0.000000 5820.659180 0.000000 0.522282 0.000000 0.852773 0.631441 0.631441 0.631441
9567.765625 0.000000 5816.123047 0.000000 0.986912 0.000000 -0.161262 0.776688 0.776688 0.776688
9625.883789 0.000000 5872.691406 0.000000 0.363987 0.000000 0.931404 0.583972 0.583972 0.583972
9602.768555 0.000000 5864.798340 0.000000 0.971302 0.000000 0.237848 0.708631 0.708631 0.708631
9618.902344 0.000000 5842.891602 0.000000 0.457332 0.000000 0.889296 0.594064 0.594064 0.594064
9608.528320 0.000000 5835.744629 0.000000 0.969536 0.000000 -0.244951 0.795410 0.795410 0.795410
9611.510742 0.000000 5849.887207 0.000000 0.211188 0.000000 -0.977446 1.001732 1.001732 1.001732
9637.961914 0.000000 5882.900391 0.000000 0.995217 0.000000 0.097690 0.732046 0.732046 0.732046
9575.767578 0.000000 5818.874023 0.000000 0.914028 0.000000 0.405652 0.672573 0.672573 0.672573
9659.876953 0.000000 5855.206543 0.000000 0.524717 0.000000 0.851277 0.595542 0.595542 0.595542
9664.036133 0.000000 5828.599121 0.000000 0.163640 0.000000 -0.986520 0.960671 0.960671 0.960671
9655.469727 0.000000 5822.073242 0.000000 0.707561 0.000000 -0.706652 0.804367 0.804367 0.804367
9669.074219 0.000000 5837.312988 0.000000 0.188648 0.000000 -0.982045 0.881877 0.881877 0.881877
9661.364258 0.000000 5857.233398 0.000000 0.465099 0.000000 0.885259 0.556637 0.556637 0.556637
9669.392578 0.000000 5839.661621 0.000000 0.975293 0.000000 -0.220917 0.782533 0.782533 0.782533
9655.773438 0.000000 5814.354004 0.000000 0.961546 0.000000 0.274645 0.734372 0.734372 0.734372
9660.769531 0.000000 5848.073730 0.000000 0.811287 0.000000 -0.584648 0.802615 0.802615 0.802615
9665.442383 0.000000 5830.678711 0.000000 0.874173 0.000000 -0.485615 0.784180 0.784180 0.784180
9655.538086 0.000000 5863.847656 0.000000 0.658834 0.000000 0.752289 0.647958 0.647958 0.647958
9661.144531 0.000000 5854.177246 0.000000 0.627185 0.000000 -0.778870 0.867026 0.867026 0.867026
9658.397461 0.000000 5855.787598 0.000000 0.827443 0.000000 -0.561550 0.840432 0.840432 0.840432
9661.049805 0.000000 5851.049805 0.000000 0.753486 0.000000 -0.657464 0.876276 0.876276 0.876276
9660.532227 0.000000 5846.723145 0.000000 0.452798 0.000000 -0.891613 0.949949 0.949949 0.949949
9636.196289 0.000000 5999.321777 0.000000 0.950852 0.000000 -0.309645 0.762968 0.762968 0.762968
9648.640625 0.000000 5998.240234 0.000000 0.879744 0.000000 0.475448 0.711963 0.711963 0.711963
9638.007812 0.000000 5996.054199 0.000000 0.406682 0.000000 0.913570 0.689605 0.689605 0.689605
9816.052734 0.000000 5607.640625 0.000000 0.992102 0.000000 0.125437 0.748352 0.748352 0.748352
9807.561523 0.000000 5588.572266 0.000000 0.312655 0.000000 -0.949867 0.775804 0.775804 0.775804
9798.507812 0.000000 5590.666504 0.000000 0.260473 0.000000 0.965481 0.639850 0.639850 0.639850
9819.419922 0.000000 5601.061523 0.000000 0.999765 0.000000 -0.021668 0.753489 0.753489 0.753489
9787.869141 0.000000 5598.946777 0.000000 0.993301 0.000000 0.115557 0.708581 0.708581 0.708581
9813.464844 0.000000 5579.043457 0.000000 0.786176 0.000000 0.618003 0.678898 0.678898 0.678898
9804.178711 0.000000 5564.978516 0.000000 0.833475 0.000000 -0.552558 0.860713 0.860713 0.860713
9820.089844 0.000000 5568.049805 0.000000 0.161806 0.000000 0.986822 0.575967 0.575967 0.575967
9798.888672 0.000000 5573.369629 0.000000 0.182229 0.000000 0.983256 0.433038 0.433038 0.433038
9799.261719 0.000000 5581.921875 0.000000 0.523489 0.000000 0.852032 0.681255 0.681255 0.681255
9815.627930 0.000000 5598.857422 0.000000 0.992388 0.000000 0.123154 0.732893 0.732893 0.732893
9806.110352 0.000000 5584.271484 0.000000 0.032807 0.000000 0.999462 0.502343 0.502343 0.502343
9808.034180 0.000000 5598.650391 0.000000 0.177111 0.000000 0.984191 0.337969 0.337969 0.337969
9811.388672 0.000000 5566.462891 0.000000 0.960198 0.000000 -0.279321 0.760601 0.760601 0.760601
9803.712891 0.000000 5588.820312 0.000000 0.823660 0.000000 0.567083 0.715001 0.715001 0.715001
9807.117188 0.000000 5572.223633 0.000000 0.673118 0.000000 -0.739535 0.823252 0.823252 0.823252
9791.854492 0.000000 5585.656250 0.000000 0.622482 0.000000 0.782634 0.643966 0.643966 0.643966
9799.360352 0.000000 5553.708984 0.000000 0.838408 0.000000 0.545043 0.588100 0.588100 0.588100
9818.902344 0.000000 5609.044922 0.000000 0.312635 0.000000 0.949873 0.304295 0.304295 0.304295
9800.642578 0.000000 5588.289551 0.000000 0.200313 0.000000 0.979732 0.667966 0.667966 0.667966
9797.030273 0.000000 5596.345703 0.000000 0.890871 0.000000 0.454257 0.711152 0.711152 0.711152
9823.125977 0.000000 5568.720703 0.000000 0.274261 0.000000 0.961655 0.369906 0.369906 0.369906
9796.393555 0.000000 5580.806152 0.000000 0.929983 0.000000 -0.367603 0.802862 0.802862 0.802862
9796.297852 0.000000 5588.875977 0.000000 0.027878 0.000000 0.999611 0.654664 0.654664 0.654664
9821.416992 0.000000 5599.267578 0.000000 0.457234 0.000000 -0.889346 0.823872 0.823872 0.823872
9812.417969 0.000000 5569.097656 0.000000 0.802241 0.000000 0.597000 0.654169 0.654169 0.654169
9787.236328 0.000000 5577.788086 0.000000 0.724022 0.000000 0.689777 0.613177 0.613177 0.613177
9796.745117 0.000000 5583.655762 0.000000 0.987506 0.000000 -0.157580 0.758889 0.758889 0.758889
9804.294922 0.000000 5586.322754 0.000000 0.475296 0.000000 -0.879826 0.868812 0.868812 0.868812
9806.705078 0.000000 5565.856934 0.000000 0.043604 0.000000 -0.999049 0.927289 0.927289 0.927289
9814.208008 0.000000 5601.061523 0.000000 0.843128 0.000000 -0.537713 0.932838 0.932838 0.932838
9815.604492 0.000000 5577.656738 0.000000 0.509548 0.000000 -0.860442 0.829543 0.829543 0.829543
9805.858398 0.000000 5563.174316 0.000000 0.196013 0.000000 -0.980601 0.896591 0.896591 0.896591
9782.927734 0.000000 5570.186035 0.000000 0.022413 0.000000 -0.999749 0.868867 0.868867 0.868867
9796.961914 0.000000 5553.337402 0.000000 0.840477 0.000000 -0.541847 0.861509 0.861509 0.861509
9818.302734 0.000000 5606.737793 0.000000 0.986669 0.000000 -0.162738 0.760713 0.760713 0.760713
9793.386719 0.000000 5567.682617 0.000000 0.533948 0.000000 -0.845517 1.004680 1.004680 1.004680
9796.680664 0.000000 5572.840332 0.000000 0.880978 0.000000 -0.473157 0.857051 0.857051 0.857051
9798.403320 0.000000 5588.112793 0.000000 0.911172 0.000000 0.412026 0.680820 0.680820 0.680820
9808.424805 0.000000 5596.572754 0.000000 0.671891 0.000000 -0.740650 0.876495 0.876495 0.876495
9791.440430 0.000000 5587.750977 0.000000 0.686504 0.000000 0.727126 0.509148 0.509148 0.509148
9798.449219 0.000000 5579.970215 0.000000 0.466520 0.000000 0.884511 0.477659 0.477659 0.477659
9821.310547 0.000000 5601.882812 0.000000 0.411197 0.000000 0.911546 0.526638 0.526638 0.526638
9806.626953 0.000000 5586.719727 0.000000 0.847663 0.000000 -0.530535 0.832722 0.832722 0.832722
9796.371094 0.000000 5590.820312 0.000000 0.635293 0.000000 -0.772272 0.840873 0.840873 0.840873
9809.827148 0.000000 5599.821289 0.000000 0.758644 0.000000 0.651506 0.540081 0.540081 0.540081
9795.946289 0.000000 5594.638184 0.000000 0.262867 0.000000 0.964832 0.554550 0.554550 0.554550
9804.220703 0.000000 5562.008301 0.000000 0.421471 0.000000 0.906842 0.628787 0.628787 0.628787
9802.355469 0.000000 5587.308105 0.000000 0.197095 0.000000 0.980384 0.554703 0.554703 0.554703
9799.692383 0.000000 5586.684570 0.000000 0.778501 0.000000 -0.627644 0.810983 0.810983 0.810983
9808.694336 0.000000 5573.399414 0.000000 0.895368 0.000000 0.445326 0.699013 0.699013 0.699013
9815.185547 0.000000 5579.345703 0.000000 0.214306 0.000000 0.976766 0.389779 0.389779 0.389779
9790.184570 0.000000 5586.353027 0.000000 0.677705 0.000000 0.735334 0.505588 0.505588 0.505588
9812.732422 0.000000 5567.462402 0.000000 0.272014 0.000000 0.962293 0.381346 0.381346 0.381346
9821.476562 0.000000 5569.009277 0.000000 0.966199 0.000000 -0.257798 0.782222 0.782222 0.782222
9798.370117 0.000000 5583.531738 0.000000 0.996307 0.000000 -0.085867 0.761590 0.761590 0.761590
9798.265625 0.000000 5552.375000 0.000000 0.963947 0.000000 0.266093 0.674353 0.674353 0.674353
9802.219727 0.000000 5572.576660 0.000000 0.971447 0.000000 -0.237257 0.782742 0.782742 0.782742
9815.459961 0.000000 5600.311035 0.000000 0.008659 0.000000 0.999963 0.246906 0.246906 0.246906
9815.492188 0.000000 5601.803711 0.000000 0.101706 0.000000 0.994815 0.276929 0.276929 0.276929
9807.366211 0.000000 5585.016602 0.000000 0.573809 0.000000 0.818989 0.595471 0.595471 0.595471
9787.197266 0.000000 5579.241211 0.000000 0.758732 0.000000 0.651403 0.583956 0.583956 0.583956
9809.251953 0.000000 5597.809082 0.000000 0.610219 0.000000 0.792233 0.611308 0.611308 0.611308
9820.769531 0.000000 5600.545410 0.000000 0.232030 0.000000 -0.972709 1.010283 1.010283 1.010283
9792.224609 0.000000 5566.819824 0.000000 0.589391 0.000000 0.807848 0.512267 0.512267 0.512267
9818.087891 0.000000 5600.553711 0.000000 0.995234 0.000000 0.097520 0.734272 0.734272 0.734272
9805.323242 0.000000 5565.960449 0.000000 0.695682 0.000000 0.718350 0.598439 0.598439 0.598439
9823.801758 0.000000 5569.953613 0.000000 0.997746 0.000000 0.067103 0.730259 0.730259 0.730259
9797.630859 0.000000 5573.874512 0.000000 0.265604 0.000000 0.964082 0.467214 0.467214 0.467214
9805.491211 0.000000 5564.625977 0.000000 0.692456 0.000000 0.721460 0.597592 0.597592 0.597592
9786.961914 0.000000 5576.479492 0.000000 0.164112 0.000000 0.986442 0.497280 0.497280 0.497280
9786.022461 0.000000 5578.475098 0.000000 0.171400 0.000000 -0.985202 1.077332 1.077332 1.077332
9793.097656 0.000000 5568.969238 0.000000 0.151860 0.000000 0.988402 0.436624 0.436624 0.436624
9793.614258 0.000000 5566.250977 0.000000 0.977383 0.000000 -0.211476 0.803863 0.803863 0.803863
9812.671875 0.000000 5566.155273 0.000000 0.367432 0.000000 0.930050 0.410023 0.410023 0.410023
9808.535156 0.000000 5599.904297 0.000000 0.145900 0.000000 0.989299 0.328612 0.328612 0.328612
9792.019531 0.000000 5568.097656 0.000000 0.686344 0.000000 -0.727277 0.929925 0.929925 0.929925
9786.550781 0.000000 5598.983398 0.000000 0.916956 0.000000 -0.398988 0.896776 0.896776 0.896776
9799.199219 0.000000 5578.998047 0.000000 0.194024 0.000000 0.980997 0.404874 0.404874 0.404874
9791.279297 0.000000 5586.662598 0.000000 0.252337 0.000000 0.967639 0.360762 0.360762 0.360762
9809.141602 0.000000 5598.925293 0.000000 0.474505 0.000000 -0.880253 1.068442 1.068442 1.068442
9790.294922 0.000000 5587.470703 0.000000 0.519508 0.000000 -0.854466 1.053095 1.053095 1.053095
9798.318359 0.000000 5553.552734 0.000000 0.940693 0.000000 0.339258 0.652786 0.652786 0.652786
9822.067383 0.000000 5568.125977 0.000000 0.586300 0.000000 -0.810094 1.027598 1.027598 1.027598
9787.809570 0.000000 5599.892578 0.000000 0.918112 0.000000 0.396320 0.604264 0.604264 0.604264
9772.926758 0.000000 5663.487305 0.000000 0.980775 0.000000 -0.195144 0.766549 0.766549 0.766549
9762.074219 0.000000 5654.316895 0.000000 0.616959 0.000000 -0.786995 0.792407 0.792407 0.792407
9773.166016 0.000000 5715.578613 0.000000 0.685469 0.000000 -0.728102 0.789703 0.789703 0.789703
9769.167969 0.000000 5697.652832 0.000000 0.745984 0.000000 0.665964 0.734990 0.734990 0.734990
9761.968750 0.000000 5704.663574 0.000000 0.996164 0.000000 0.087507 0.741141 0.741141 0.741141
9751.996094 0.000000 5654.629883 0.000000 0.156518 0.000000 -0.987675 0.800291 0.800291 0.800291
9755.767578 0.000000 5702.311523 0.000000 0.614661 0.000000 0.788791 0.738088 0.738088 0.738088
9793.259766 0.000000 5682.714355 0.000000 0.788514 0.000000 -0.615016 0.758682 0.758682 0.758682
9768.640625 0.000000 5675.970215 0.000000 0.671133 0.000000 -0.741337 0.796907 0.796907 0.796907
9757.195312 0.000000 5697.931641 0.000000 0.679305 0.000000 0.733856 0.700629 0.700629 0.700629
9768.797852 0.000000 5716.748535 0.000000 0.579602 0.000000 -0.814900 0.803507 0.803507 0.803507
9757.787109 0.000000 5706.095703 0.000000 0.625320 0.000000 0.780369 0.672891 0.672891 0.672891
9768.375000 0.000000 5671.364258 0.000000 0.991340 0.000000 0.131318 0.741123 0.741123 0.741123
9751.348633 0.000000 5695.865723 0.000000 0.994925 0.000000 -0.100621 0.757360 0.757360 0.757360
9751.964844 0.000000 5702.616211 0.000000 0.579562 0.000000 0.814928 0.714327 0.714327 0.714327
9776.311523 0.000000 5698.150391 0.000000 0.366022 0.000000 -0.930606 0.794791 0.794791 0.794791
9749.395508 0.000000 5689.047852 0.000000 0.991143 0.000000 -0.132797 0.754738 0.754738 0.754738
9775.651367 0.000000 5717.231934 0.000000 0.979321 0.000000 0.202310 0.733979 0.733979 0.733979
9770.510742 0.000000 5714.659668 0.000000 0.234191 0.000000 0.972191 0.597588 0.597588 0.597588
9754.161133 0.000000 5704.502441 0.000000 0.683203 0.000000 -0.730229 0.835840 0.835840 0.835840
9773.553711 0.000000 5666.164062 0.000000 0.970619 0.000000 0.240623 0.718604 0.718604 0.718604
9805.470703 0.000000 5693.757812 0.000000 0.162388 0.000000 0.986727 0.620847 0.620847 0.620847
9789.397461 0.000000 5707.247070 0.000000 0.198215 0.000000 0.980159 0.670406 0.670406 0.670406
9759.529297 0.000000 5660.325684 0.000000 0.902779 0.000000 -0.430105 0.825757 0.825757 0.825757
9812.750977 0.000000 5710.777344 0.000000 0.942686 0.000000 0.333682 0.719424 0.719424 0.719424
9751.520508 0.000000 5656.768066 0.000000 0.894352 0.000000 -0.447363 0.823819 0.823819 0.823819
9774.618164 0.000000 5662.274902 0.000000 0.519516 0.000000 0.854460 0.657921 0.657921 0.657921
9755.789062 0.000000 5651.415039 0.000000 0.038960 0.000000 0.999241 0.457443 0.457443 0.457443
9767.080078 0.000000 5711.876953 0.000000 0.296512 0.000000 -0.955029 0.852233 0.852233 0.852233
9755.574219 0.000000 5705.764160 0.000000 0.996756 0.000000 -0.080482 0.758448 0.758448 0.758448
9773.496094 0.000000 5667.920410 0.000000 0.854465 0.000000 -0.519509 0.820577 0.820577 0.820577
9754.112305 0.000000 5650.416016 0.000000 0.969616 0.000000 -0.244630 0.797200 0.797200 0.797200
9762.969727 0.000000 5656.976562 0.000000 0.823235 0.000000 -0.567701 0.852866 0.852866 0.852866
9804.960938 0.000000 5695.141113 0.000000 0.611997 0.000000 -0.790860 0.948132 0.948132 0.948132
9758.281250 0.000000 5661.026367 0.000000 0.189947 0.000000 0.981794 0.514916 0.514916 0.514916
9751.385742 0.000000 5741.508301 0.000000 0.773126 0.000000 -0.634252 0.810462 0.810462 0.810462
9751.996094 0.000000 5748.372070 0.000000 0.459138 0.000000 0.888365 0.606641 0.606641 0.606641
9790.394531 0.000000 5718.366211 0.000000 0.120153 0.000000 0.992755 0.690256 0.690256 0.690256
9793.410156 0.000000 5718.346680 0.000000 0.548923 0.000000 -0.835873 0.801889 0.801889 0.801889
9781.778320 0.000000 5727.736328 0.000000 0.884118 0.000000 -0.467264 0.798249 0.798249 0.798249
9780.146484 0.000000 5726.527344 0.000000 0.340968 0.000000 0.940075 0.628647 0.628647 0.628647
9774.783203 0.000000 5722.337891 0.000000 0.996729 0.000000 -0.080815 0.756968 0.756968 0.756968
9750.125977 0.000000 5749.350098 0.000000 0.865210 0.000000 -0.501409 0.818841 0.818841 0.818841
9776.472656 0.000000 5718.384766 0.000000 0.660560 0.000000 0.750774 0.657773 0.657773 0.657773
9925.899414 0.000000 5982.461426 0.000000 0.661084 0.000000 -0.750312 0.804019 0.804019 0.804019
9918.657227 0.000000 5959.725098 0.000000 0.940125 0.000000 0.340829 0.721346 0.721346 0.721346
9905.343750 0.000000 5975.840820 0.000000 0.994625 0.000000 0.103541 0.745921 0.745921 0.745921
9905.756836 0.000000 5936.871094 0.000000 0.851868 0.000000 0.523757 0.689102 0.689102 0.689102
9896.241211 0.000000 5929.741699 0.000000 0.279467 0.000000 0.960155 0.706605 0.706605 0.706605
9917.258789 0.000000 5966.790527 0.000000 0.969738 0.000000 0.244150 0.741225 0.741225 0.741225
9899.137695 0.000000 5935.472656 0.000000 0.985868 0.000000 -0.167524 0.773637 0.773637 0.773637
9936.099609 0.000000 5974.395996 0.000000 0.410264 0.000000 0.911967 0.734953 0.734953 0.734953
9875.004883 0.000000 5997.632812 0.000000 0.977012 0.000000 -0.213182 0.771722 0.771722 0.771722
9914.565430 0.000000 5981.299316 0.000000 0.979520 0.000000 -0.201345 0.770878 0.770878 0.770878
9931.591797 0.000000 5976.390137 0.000000 0.483848 0.000000 0.875152 0.692130 0.692130 0.692130
9889.696289 0.000000 5998.637695 0.000000 0.567699 0.000000 -0.823236 0.838729 0.838729 0.838729
9898.595703 0.000000 5993.569336 0.000000 0.067275 0.000000 0.997734 0.592354 0.592354 0.592354
9909.225586 0.000000 5978.242188 0.000000 0.966658 0.000000 0.256071 0.710725 0.710725 0.710725
9930.297852 0.000000 5983.446777 0.000000 0.967435 0.000000 -0.253118 0.763416 0.763416 0.763416
9908.451172 0.000000 5986.470703 0.000000 0.620339 0.000000 -0.784334 0.782076 0.782076 0.782076
9900.088867 0.000000 5931.427734 0.000000 0.560669 0.000000 0.828040 0.676931 0.676931 0.676931
9907.323242 0.000000 5927.987305 0.000000 0.344405 0.000000 -0.938821 0.786525 0.786525 0.786525
9917.078125 0.000000 5976.235352 0.000000 0.999329 0.000000 -0.036637 0.752882 0.752882 0.752882
9922.547852 0.000000 5960.250000 0.000000 0.987111 0.000000 0.160035 0.745787 0.745787 0.745787
9921.948242 0.000000 5982.566406 0.000000 0.273039 0.000000 0.962003 0.534321 0.534321 0.534321
9910.380859 0.000000 5965.363770 0.000000 0.996659 0.000000 0.081670 0.744642 0.744642 0.744642
9889.820312 0.000000 5993.678711 0.000000 0.997992 0.000000 -0.063334 0.757595 0.757595 0.757595
9903.926758 0.000000 5926.183105 0.000000 0.863125 0.000000 0.504990 0.718282 0.718282 0.718282
9912.353516 0.000000 5971.870117 0.000000 0.983403 0.000000 -0.181435 0.767081 0.767081 0.767081
9916.439453 0.000000 5988.792480 0.000000 0.775092 0.000000 -0.631848 0.824275 0.824275 0.824275
9923.606445 0.000000 5966.422852 0.000000 0.198460 0.000000 0.980109 0.696091 0.696091 0.696091
9899.961914 0.000000 5990.830566 0.000000 0.312634 0.000000 -0.949874 0.834449 0.834449 0.834449
9929.685547 0.000000 5973.917969 0.000000 0.896454 0.000000 -0.443138 0.811033 0.811033 0.811033
9877.455078 0.000000 5999.499023 0.000000 0.610502 0.000000 0.792015 0.690095 0.690095 0.690095
9931.352539 0.000000 5979.866699 0.000000 0.727225 0.000000 -0.686400 0.905818 0.905818 0.905818
9872.292969 0.000000 5998.563965 0.000000 0.977057 0.000000 0.212980 0.740757 0.740757 0.740757
9877.852539 0.000000 5996.637695 0.000000 0.947194 0.000000 0.320662 0.702937 0.702937 0.702937
9925.068359 0.000000 5985.211426 0.000000 0.958159 0.000000 0.286235 0.713039 0.713039 0.713039
9907.986328 0.000000 5980.700684 0.000000 0.968411 0.000000 0.249360 0.728765 0.728765 0.728765
9905.379883 0.000000 5923.992188 0.000000 0.916044 0.000000 -0.401078 0.771636 0.771636 0.771636
9922.355469 0.000000 5988.797363 0.000000 0.922322 0.000000 0.386422 0.699484 0.699484 0.699484
9930.039062 0.000000 5986.060547 0.000000 0.711940 0.000000 0.702241 0.674197 0.674197 0.674197
9902.051758 0.000000 5976.166016 0.000000 0.952422 0.000000 -0.304783 0.777256 0.777256 0.777256
9898.662109 0.000000 5929.455078 0.000000 0.948937 0.000000 -0.315466 0.772836 0.772836 0.772836
9932.574219 0.000000 5982.505371 0.000000 0.906264 0.000000 -0.422713 0.792494 0.792494 0.792494
9904.320312 0.000000 5939.005859 0.000000 0.253267 0.000000 0.967396 0.565370 0.565370 0.565370
9907.781250 0.000000 5988.811035 0.000000 0.153352 0.000000 -0.988172 0.922439 0.922439 0.922439
9933.059570 0.000000 5978.198242 0.000000 0.904018 0.000000 -0.427494 0.778121 0.778121 0.778121
9912.048828 0.000000 5952.059082 0.000000 0.340860 0.000000 0.940114 0.541620 0.541620 0.541620
9925.698242 0.000000 5977.251953 0.000000 0.260258 0.000000 -0.965539 0.857720 0.857720 0.857720
9896.756836 0.000000 5934.951660 0.000000 0.999123 0.000000 0.041861 0.745374 0.745374 0.745374
9923.033203 0.000000 5958.099121 0.000000 0.976424 0.000000 0.215861 0.711298 0.711298 0.711298
9924.949219 0.000000 5975.364258 0.000000 0.817081 0.000000 0.576524 0.701678 0.701678 0.701678
9913.728516 0.000000 5953.262207 0.000000 0.122290 0.000000 0.992494 0.503242 0.503242 0.503242
9930.464844 0.000000 5978.105957 0.000000 0.014916 0.000000 -0.999889 1.070457 1.070457 1.070457
9897.740234 0.000000 5978.258301 0.000000 0.485341 0.000000 -0.874325 0.949233 0.949233 0.949233
9904.718750 0.000000 5977.693848 0.000000 0.954259 0.000000 0.298980 0.723849 0.723849 0.723849
9913.947266 0.000000 5970.736328 0.000000 0.622748 0.000000 0.782423 0.665878 0.665878 0.665878
9897.962891 0.000000 5936.977051 0.000000 0.898166 0.000000 -0.439657 0.796879 0.796879 0.796879
9858.181641 0.000000 5998.813965 0.000000 0.981303 0.000000 0.192467 0.728604 0.728604 0.728604
9876.131836 0.000000 5996.222656 0.000000 0.482492 0.000000 -0.875900 0.903878 0.903878 0.903878
9888.998047 0.000000 5996.912598 0.000000 0.731890 0.000000 0.681423 0.643314 0.643314 0.643314
9910.985352 0.000000 5970.752930 0.000000 0.452927 0.000000 0.891548 0.613970 0.613970 0.613970
9876.665039 0.000000 5997.909668 0.000000 0.903201 0.000000 -0.429219 0.813960 0.813960 0.813960
9936.019531 0.000000 5989.814453 0.000000 0.612831 0.000000 -0.790214 0.893309 0.893309 0.893309
9888.433594 0.000000 5992.389160 0.000000 0.854943 0.000000 0.518722 0.684648 0.684648 0.684648
9924.242188 0.000000 5967.934570 0.000000 0.990656 0.000000 0.136387 0.727713 0.727713 0.727713
9930.800781 0.000000 5988.924805 0.000000 0.963790 0.000000 0.266662 0.714621 0.714621 0.714621
9905.742188 0.000000 5939.961914 0.000000 0.933652 0.000000 0.358181 0.698557 0.698557 0.698557
9896.345703 0.000000 5978.931641 0.000000 0.823612 0.000000 -0.567153 0.862915 0.862915 0.862915
9921.548828 0.000000 5959.099121 0.000000 0.996969 0.000000 -0.077804 0.763562 0.763562 0.763562
9918.952148 0.000000 5966.448242 0.000000 0.239247 0.000000 -0.970959 0.929195 0.929195 0.929195
9925.185547 0.000000 5966.469238 0.000000 0.562764 0.000000 -0.826618 0.908513 0.908513 0.908513
9920.537109 0.000000 5983.213867 0.000000 0.856624 0.000000 -0.515942 0.840339 0.840339 0.840339
9930.076172 0.000000 5979.516113 0.000000 0.114295 0.000000 0.993447 0.450063 0.450063 0.450063
9931.723633 0.000000 5978.546875 0.000000 0.988822 0.000000 -0.149099 0.780824 0.780824 0.780824
9939.564453 0.000000 5968.774414 0.000000 0.994618 0.000000 0.103613 0.746696 0.746696 0.746696
9949.453125 0.000000 5985.890137 0.000000 0.282990 0.000000 0.959123 0.591338 0.591338 0.591338
9956.611328 0.000000 5993.536133 0.000000 0.979794 0.000000 -0.200011 0.787327 0.787327 0.787327
9942.218750 0.000000 5995.507324 0.000000 0.854212 0.000000 0.519924 0.692669 0.692669 0.692669
9938.833008 0.000000 5977.092285 0.000000 0.955303 0.000000 -0.295630 0.767420 0.767420 0.767420
9936.697266 0.000000 5991.371094 0.000000 0.345329 0.000000 0.938482 0.631389 0.631389 0.631389
9936.796875 0.000000 5966.239746 0.000000 0.455518 0.000000 -0.890227 0.830169 0.830169 0.830169
9944.875000 0.000000 5994.423340 0.000000 0.761437 0.000000 0.648239 0.720948 0.720948 0.720948
9946.255859 0.000000 5984.671875 0.000000 0.965381 0.000000 0.260845 0.735670 0.735670 0.735670
9942.742188 0.000000 5993.002441 0.000000 0.946702 0.000000 -0.322110 0.771492 0.771492 0.771492
9938.413086 0.000000 5971.694336 0.000000 0.604032 0.000000 0.796960 0.577318 0.577318 0.577318
9940.807617 0.000000 5976.947754 0.000000 0.773081 0.000000 -0.634308 0.814328 0.814328 0.814328
9943.087891 0.000000 5980.275391 0.000000 0.999954 0.000000 -0.009577 0.751686 0.751686 0.751686
9936.708984 0.000000 5989.405762 0.000000 0.227321 0.000000 0.973820 0.539010 0.539010 0.539010
9939.812500 0.000000 5970.585938 0.000000 0.433807 0.000000 -0.901006 0.960100 0.960100 0.960100
9942.839844 0.000000 5981.916992 0.000000 0.967366 0.000000 -0.253384 0.795089 0.795089 0.795089
9952.712891 0.000000 5978.742676 0.000000 0.996758 0.000000 0.080462 0.735672 0.735672 0.735672
9937.456055 0.000000 5977.076172 0.000000 0.888538 0.000000 0.458803 0.664322 0.664322 0.664322
3551.430664 0.000000 6919.883301 0.000000 0.999997 0.000000 0.002390 0.749973 0.749973 0.749973
3544.188721 0.000000 6897.146973 0.000000 0.981961 0.000000 -0.189084 0.752849 0.752849 0.752849
3514.334717 0.000000 6925.127441 0.000000 0.854513 0.000000 0.519431 0.727501 0.727501 0.727501
3513.432373 0.000000 6914.481934 0.000000 0.998683 0.000000 -0.051309 0.750384 0.750384 0.750384
3559.527588 0.000000 6918.025879 0.000000 0.945790 0.000000 -0.324778 0.762387 0.762387 0.762387
3522.795654 0.000000 6926.743164 0.000000 0.542107 0.000000 0.840310 0.738790 0.738790 0.738790
3554.568359 0.000000 6889.489258 0.000000 0.370910 0.000000 0.928669 0.714325 0.714325 0.714325
3552.498047 0.000000 6912.637695 0.000000 0.964830 0.000000 0.262874 0.746016 0.746016 0.746016
3550.415771 0.000000 6894.608887 0.000000 0.829277 0.000000 -0.558837 0.765544 0.765544 0.765544
3533.609375 0.000000 6935.011230 0.000000 0.229345 0.000000 0.973345 0.672255 0.672255 0.672255
3511.771729 0.000000 6930.090820 0.000000 0.881002 0.000000 -0.473112 0.757382 0.757382 0.757382
3552.346191 0.000000 6933.096680 0.000000 0.761751 0.000000 -0.647869 0.769795 0.769795 0.769795
3523.451660 0.000000 6877.369141 0.000000 0.987825 0.000000 -0.155571 0.757020 0.757020 0.757020
3537.568359 0.000000 6932.066406 0.000000 0.157367 0.000000 -0.987540 0.800261 0.800261 0.800261
3545.169678 0.000000 6927.634277 0.000000 0.797474 0.000000 0.603354 0.730596 0.730596 0.730596
3548.078613 0.000000 6923.626953 0.000000 0.816629 0.000000 -0.577163 0.781104 0.781104 0.781104
3560.885010 0.000000 6928.822754 0.000000 0.430080 0.000000 0.902791 0.722586 0.722586 0.722586
3552.922852 0.000000 6924.102051 0.000000 0.686948 0.000000 -0.726707 0.771325 0.771325 0.771325
3554.129150 0.000000 6928.821777 0.000000 0.201817 0.000000 -0.979423 0.801214 0.801214 0.801214
3509.223145 0.000000 6894.442383 0.000000 0.573061 0.000000 -0.819512 0.767986 0.767986 0.767986
3554.177246 0.000000 6916.687012 0.000000 0.817533 0.000000 0.575882 0.730466 0.730466 0.730466
3539.591797 0.000000 6928.586426 0.000000 0.220471 0.000000 0.975393 0.707076 0.707076 0.707076
3525.620117 0.000000 6868.849609 0.000000 0.719716 0.000000 -0.694269 0.795981 0.795981 0.795981
3556.775635 0.000000 6885.716797 0.000000 0.957076 0.000000 -0.289837 0.761012 0.761012 0.761012
3539.302979 0.000000 6935.440430 0.000000 0.679233 0.000000 -0.733923 0.788575 0.788575 0.788575
3547.156982 0.000000 6930.850098 0.000000 0.638592 0.000000 0.769546 0.718760 0.718760 0.718760
3559.554932 0.000000 6882.734375 0.000000 0.392823 0.000000 -0.919614 0.780594 0.780594 0.780594
3543.026367 0.000000 6888.079102 0.000000 0.510959 0.000000 -0.859605 0.780992 0.780992 0.780992
3547.458496 0.000000 6857.352539 0.000000 0.122683 0.000000 0.992446 0.671384 0.671384 0.671384
3529.458008 0.000000 6863.604980 0.000000 0.652343 0.000000 0.757923 0.719400 0.719400 0.719400
3511.439209 0.000000 6904.762695 0.000000 0.875138 0.000000 0.483873 0.707443 0.707443 0.707443
3542.632324 0.000000 6900.606445 0.000000 0.218409 0.000000 -0.975857 0.803107 0.803107 0.803107
3543.177002 0.000000 6894.033691 0.000000 0.971699 0.000000 0.236224 0.735265 0.735265 0.735265
3510.538574 0.000000 6916.377441 0.000000 0.859634 0.000000 0.510911 0.730923 0.730923 0.730923
3543.275635 0.000000 6920.003906 0.000000 0.751932 0.000000 0.659241 0.702828 0.702828 0.702828
3540.937012 0.000000 6859.948730 0.000000 0.904356 0.000000 -0.426778 0.768989 0.768989 0.768989
3517.124512 0.000000 6882.826660 0.000000 0.813886 0.000000 0.581024 0.693117 0.693117 0.693117
3536.350830 0.000000 6936.305176 0.000000 0.287382 0.000000 -0.957816 0.872164 0.872164 0.872164
3525.493408 0.000000 6928.252441 0.000000 0.835059 0.000000 -0.550161 0.788177 0.788177 0.788177
3546.465332 0.000000 6895.123047 0.000000 0.418023 0.000000 0.908436 0.662520 0.662520 0.662520
3537.361084 0.000000 6897.685059 0.000000 0.156852 0.000000 0.987622 0.662673 0.662673 0.662673
3535.887695 0.000000 6925.993164 0.000000 0.918090 0.000000 -0.396372 0.772131 0.772131 0.772131
3553.761719 0.000000 6919.120605 0.000000 0.636851 0.000000 0.770987 0.702195 0.702195 0.702195
3554.580078 0.000000 6914.033203 0.000000 0.972746 0.000000 0.231873 0.737294 0.737294 0.737294
3544.339844 0.000000 6902.324707 0.000000 0.591794 0.000000 -0.806089 0.800907 0.800907 0.800907
3511.075684 0.000000 6895.895996 0.000000 0.733773 0.000000 0.679395 0.677274 0.677274 0.677274
3525.317383 0.000000 6926.033691 0.000000 0.997429 0.000000 -0.071656 0.755371 0.755371 0.755371
3512.849365 0.000000 6910.107910 0.000000 0.212383 0.000000 0.977187 0.620437 0.620437 0.620437
3523.493896 0.000000 6874.398926 0.000000 0.932647 0.000000 0.360789 0.714061 0.714061 0.714061
3635.975098 0.000000 6837.916992 0.000000 0.033537 0.000000 0.999438 0.747122 0.747122 0.747122
3603.953857 0.000000 6841.703613 0.000000 0.665571 0.000000 0.746335 0.710561 0.710561 0.710561
3586.181396 0.000000 6840.484863 0.000000 0.054316 0.000000 -0.998524 0.786912 0.786912 0.786912
3641.415527 0.000000 6840.880371 0.000000 0.999439 0.000000 0.033483 0.749122 0.749122 0.749122
3594.277832 0.000000 6841.312500 0.000000 0.787833 0.000000 -0.615889 0.767393 0.767393 0.767393
3608.969971 0.000000 6842.317383 0.000000 0.761520 0.000000 -0.648142 0.767164 0.767164 0.767164
3572.973633 0.000000 6839.434082 0.000000 0.123833 0.000000 0.992303 0.619982 0.619982 0.619982
3581.813721 0.000000 6841.654785 0.000000 0.007385 0.000000 0.999973 0.676816 0.676816 0.676816
3599.904297 0.000000 6841.200684 0.000000 0.984254 0.000000 0.176763 0.739686 0.739686 0.739686
3645.989014 0.000000 6842.955078 0.000000 0.896241 0.000000 0.443567 0.727627 0.727627 0.727627
3591.566406 0.000000 6842.243652 0.000000 0.077111 0.000000 -0.997023 0.836696 0.836696 0.836696
3592.008301 0.000000 6840.513672 0.000000 0.263764 0.000000 0.964587 0.564455 0.564455 0.564455
3645.172852 0.000000 6919.883301 0.000000 0.417669 0.000000 -0.908599 0.758538 0.758538 0.758538
3603.752930 0.000000 6854.413574 0.000000 0.588771 0.000000 -0.808300 0.792298 0.792298 0.792298
3570.348877 0.000000 6928.968750 0.000000 0.809389 0.000000 0.587273 0.735897 0.735897 0.735897
3614.196533 0.000000 6844.008789 0.000000 0.539891 0.000000 0.841735 0.723773 0.723773 0.723773
3578.861816 0.000000 6898.573242 0.000000 0.956109 0.000000 -0.293012 0.777840 0.777840 0.777840
3643.314453 0.000000 6873.250000 0.000000 0.746104 0.000000 -0.665829 0.767735 0.767735 0.767735
3607.174561 0.000000 6914.481934 0.000000 0.112822 0.000000 -0.993615 0.788213 0.788213 0.788213
3569.896484 0.000000 6898.901855 0.000000 0.542195 0.000000 -0.840253 0.764946 0.764946 0.764946
3612.372803 0.000000 6932.779297 0.000000 0.057989 0.000000 0.998317 0.693349 0.693349 0.693349
3579.566895 0.000000 6865.787598 0.000000 0.987535 0.000000 -0.157398 0.764501 0.764501 0.764501
3639.036377 0.000000 6879.959961 0.000000 0.166021 0.000000 0.986122 0.673763 0.673763 0.673763
3571.850586 0.000000 6866.261230 0.000000 0.880778 0.000000 -0.473529 0.757389 0.757389 0.757389
3636.531982 0.000000 6904.212402 0.000000 0.977046 0.000000 0.213031 0.745176 0.745176 0.745176
3627.300781 0.000000 6861.544922 0.000000 0.436836 0.000000 -0.899541 0.810746 0.810746 0.810746
3628.072998 0.000000 6880.804199 0.000000 0.486355 0.000000 -0.873761 0.757961 0.757961 0.757961
3600.884766 0.000000 6911.337402 0.000000 0.750036 0.000000 -0.661397 0.771650 0.771650 0.771650
3577.770508 0.000000 6891.991211 0.000000 0.929175 0.000000 0.369639 0.745037 0.745037 0.745037
3607.280762 0.000000 6859.778809 0.000000 0.860678 0.000000 0.509149 0.742998 0.742998 0.742998
3580.580811 0.000000 6885.940430 0.000000 0.774356 0.000000 0.632750 0.738455 0.738455 0.738455
3634.946045 0.000000 6891.264160 0.000000 0.994303 0.000000 0.106594 0.743001 0.743001 0.743001
3638.525879 0.000000 6917.163086 0.000000 0.935164 0.000000 -0.354215 0.761525 0.761525 0.761525
3645.237061 0.000000 6856.454102 0.000000 0.480834 0.000000 0.876812 0.721972 0.721972 0.721972
3609.731689 0.000000 6868.197266 0.000000 0.332114 0.000000 -0.943239 0.819218 0.819218 0.819218
3578.950195 0.000000 6903.888184 0.000000 0.146287 0.000000 0.989242 0.555362 0.555362 0.555362
3579.838623 0.000000 6921.172852 0.000000 0.989477 0.000000 -0.144689 0.756253 0.756253 0.756253
3574.194580 0.000000 6896.106445 0.000000 0.780609 0.000000 -0.625020 0.761378 0.761378 0.761378
3572.946533 0.000000 6911.635254 0.000000 0.827898 0.000000 -0.560878 0.773413 0.773413 0.773413
3621.892334 0.000000 6851.068848 0.000000 0.935250 0.000000 0.353987 0.730353 0.730353 0.730353
3575.453369 0.000000 6862.981445 0.000000 0.585000 0.000000 -0.811033 0.771254 0.771254 0.771254
3581.655762 0.000000 6894.618652 0.000000 0.539041 0.000000 -0.842280 0.780003 0.780003 0.780003
3612.839844 0.000000 6923.904297 0.000000 0.184438 0.000000 0.982844 0.718874 0.718874 0.718874
3632.935059 0.000000 6895.383301 0.000000 0.395351 0.000000 -0.918530 0.791422 0.791422 0.791422
3642.786621 0.000000 6915.602051 0.000000 0.782709 0.000000 0.622388 0.732390 0.732390 0.732390
3611.520020 0.000000 6928.278320 0.000000 0.696292 0.000000 -0.717759 0.764990 0.764990 0.764990
3609.474121 0.000000 6843.551270 0.000000 0.161221 0.000000 0.986918 0.715706 0.715706 0.715706
3581.813721 0.000000 6935.396973 0.000000 0.889241 0.000000 0.457439 0.725981 0.725981 0.725981
3626.280518 0.000000 6884.753906 0.000000 0.543997 0.000000 -0.839087 0.798469 0.798469 0.798469
3628.499268 0.000000 6915.664062 0.000000 0.682514 0.000000 0.730873 0.725446 0.725446 0.725446
3570.802246 0.000000 6924.744141 0.000000 0.382793 0.000000 0.923834 0.705887 0.705887 0.705887
3601.534912 0.000000 6879.322754 0.000000 0.840373 0.000000 -0.542009 0.771451 0.771451 0.771451
3614.617920 0.000000 6915.125977 0.000000 0.540972 0.000000 -0.841040 0.772451 0.772451 0.772451
3566.446533 0.000000 6901.787109 0.000000 0.999999 0.000000 0.001702 0.749965 0.749965 0.749965
3583.344971 0.000000 6906.974121 0.000000 0.870479 0.000000 0.492206 0.721092 0.721092 0.721092
3601.885986 0.000000 6928.459961 0.000000 0.599955 0.000000 0.800034 0.708327 0.708327 0.708327
3624.062500 0.000000 6858.694824 0.000000 0.814563 0.000000 -0.580075 0.767380 0.767380 0.767380
3625.657227 0.000000 6908.526367 0.000000 0.766192 0.000000 0.642612 0.723865 0.723865 0.723865
3647.192383 0.000000 6908.912598 0.000000 0.477441 0.000000 -0.878664 0.792193 0.792193 0.792193
3572.829346 0.000000 6919.577148 0.000000 0.680002 0.000000 0.733211 0.706851 0.706851 0.706851
3639.653564 0.000000 6907.115723 0.000000 0.980109 0.000000 0.198458 0.743267 0.743267 0.743267
3582.442139 0.000000 6899.508301 0.000000 0.196034 0.000000 -0.980597 0.804006 0.804006 0.804006
3576.357178 0.000000 6910.044434 0.000000 0.216027 0.000000 0.976387 0.691730 0.691730 0.691730
3609.093750 0.000000 6931.100586 0.000000 0.034957 0.000000 0.999389 0.666604 0.666604 0.666604
3619.902832 0.000000 6865.236328 0.000000 0.993763 0.000000 -0.111516 0.753557 0.753557 0.753557
3567.306396 0.000000 6925.815918 0.000000 0.063053 0.000000 0.998010 0.702008 0.702008 0.702008
3641.200684 0.000000 6857.352539 0.000000 0.779580 0.000000 -0.626303 0.769009 0.769009 0.769009
3649.095703 0.000000 6848.986816 0.000000 0.101457 0.000000 0.994840 0.675726 0.675726 0.675726
3605.181396 0.000000 6904.762695 0.000000 0.432909 0.000000 -0.901437 0.867760 0.867760 0.867760
3610.745605 0.000000 6859.158691 0.000000 0.697042 0.000000 0.717031 0.723053 0.723053 0.723053
3613.569824 0.000000 6852.148926 0.000000 0.786045 0.000000 0.618170 0.686362 0.686362 0.686362
3599.904297 0.000000 6934.942871 0.000000 0.977339 0.000000 0.211679 0.742811 0.742811 0.742811
3583.742920 0.000000 6868.185059 0.000000 0.116475 0.000000 -0.993194 0.812620 0.812620 0.812620
3606.689697 0.000000 6933.463867 0.000000 0.298542 0.000000 -0.954397 0.823579 0.823579 0.823579
3597.486816 0.000000 6861.413574 0.000000 0.714181 0.000000 0.699961 0.707899 0.707899 0.707899
3616.730713 0.000000 6917.749023 0.000000 0.404879 0.000000 0.914370 0.711108 0.711108 0.711108
3577.947021 0.000000 6895.372070 0.000000 0.839552 0.000000 0.543279 0.715587 0.715587 0.715587
3576.057129 0.000000 6920.154297 0.000000 0.895393 0.000000 0.445277 0.732718 0.732718 0.732718
3636.919189 0.000000 6894.033691 0.000000 0.916172 0.000000 0.400786 0.724520 0.724520 0.724520
3577.595459 0.000000 6906.904297 0.000000 0.712583 0.000000 -0.701587 0.786401 0.786401 0.786401
3619.013916 0.000000 6908.217773 0.000000 0.560372 0.000000 -0.828241 0.788375 0.788375 0.788375
3610.411621 0.000000 6921.589844 0.000000 0.653289 0.000000 -0.757108 0.791812 0.791812 0.791812
3625.821533 0.000000 6888.301758 0.000000 0.607837 0.000000 0.794062 0.712207 0.712207 0.712207
3627.186768 0.000000 6858.355469 0.000000 0.299914 0.000000 0.953966 0.652796 0.652796 0.652796
3572.893799 0.000000 6927.048340 0.000000 0.159746 0.000000 -0.987158 0.808097 0.808097 0.808097
3634.764404 0.000000 6897.876953 0.000000 0.911816 0.000000 0.410598 0.735740 0.735740 0.735740
3575.805908 0.000000 6904.235840 0.000000 0.958649 0.000000 0.284591 0.734330 0.734330 0.734330
3611.699463 0.000000 6845.862305 0.000000 0.450986 0.000000 -0.892531 0.809889 0.809889 0.809889
3601.404053 0.000000 6922.041504 0.000000 0.850457 0.000000 -0.526044 0.774893 0.774893 0.774893
3600.226562 0.000000 6918.526855 0.000000 0.193647 0.000000 -0.981071 0.827289 0.827289 0.827289
3582.520508 0.000000 6862.343262 0.000000 0.490985 0.000000 -0.871168 0.795545 0.795545 0.795545
3648.959229 0.000000 6911.339844 0.000000 0.914721 0.000000 -0.404085 0.768693 0.768693 0.768693
3572.308594 0.000000 6914.477539 0.000000 0.429566 0.000000 -0.903035 0.806965 0.806965 0.806965
3577.455322 0.000000 6901.369141 0.000000 0.914176 0.000000 0.405317 0.714055 0.714055 0.714055
3583.804688 0.000000 6871.482910 0.000000 0.873485 0.000000 -0.486852 0.772850 0.772850 0.772850
3623.590576 0.000000 6890.447754 0.000000 0.993717 0.000000 -0.111925 0.754200 0.754200 0.754200
3580.549561 0.000000 6906.235840 0.000000 0.421536 0.000000 0.906812 0.654311 0.654311 0.654311
3580.901367 0.000000 6901.897461 0.000000 0.736325 0.000000 -0.676628 0.811227 0.811227 0.811227
3601.801758 0.000000 6852.214355 0.000000 0.977832 0.000000 -0.209390 0.763825 0.763825 0.763825
3606.425293 0.000000 6843.252930 0.000000 0.265276 0.000000 0.964172 0.625639 0.625639 0.625639
3648.057617 0.000000 6854.696289 0.000000 0.985836 0.000000 -0.167711 0.763883 0.763883 0.763883
3583.112061 0.000000 6896.965820 0.000000 0.634955 0.000000 0.772549 0.693796 0.693796 0.693796
3604.944580 0.000000 6874.462891 0.000000 0.340873 0.000000 0.940109 0.662985 0.662985 0.662985
3585.038330 0.000000 6899.497559 0.000000 0.757538 0.000000 0.652791 0.711378 0.711378 0.711378
3599.109375 0.000000 6928.827148 0.000000 0.308575 0.000000 0.951200 0.662909 0.662909 0.662909
3598.692383 0.000000 6885.239258 0.000000 0.026131 0.000000 -0.999659 0.885935 0.885935 0.885935
3579.205811 0.000000 6935.309570 0.000000 0.943201 0.000000 -0.332223 0.768389 0.768389 0.768389
3582.108643 0.000000 6904.265625 0.000000 0.668539 0.000000 0.743677 0.702896 0.702896 0.702896
3609.927002 0.000000 6933.457520 0.000000 0.903081 0.000000 0.429469 0.705948 0.705948 0.705948
3580.794922 0.000000 6849.511719 0.000000 0.708281 0.000000 0.705931 0.705976 0.705976 0.705976
3613.168213 0.000000 6921.446777 0.000000 0.093488 0.000000 0.995620 0.661492 0.661492 0.661492
3597.177979 0.000000 6853.475586 0.000000 0.967161 0.000000 0.254166 0.732677 0.732677 0.732677
3647.228271 0.000000 6921.742676 0.000000 0.996104 0.000000 -0.088181 0.755290 0.755290 0.755290
3608.833008 0.000000 6857.592285 0.000000 0.891768 0.000000 0.452494 0.724503 0.724503 0.724503
3591.399170 0.000000 6843.213867 0.000000 0.825828 0.000000 0.563922 0.715224 0.715224 0.715224
3576.972412 0.000000 6915.374512 0.000000 0.751978 0.000000 0.659188 0.698789 0.698789 0.698789
3574.225586 0.000000 6866.436035 0.000000 0.604245 0.000000 -0.796799 0.822506 0.822506 0.822506
3607.242920 0.000000 6882.233398 0.000000 0.642978 0.000000 0.765884 0.638921 0.638921 0.638921
3579.037354 0.000000 6889.932617 0.000000 0.680582 0.000000 0.732672 0.694575 0.694575 0.694575
3597.507812 0.000000 6855.813477 0.000000 0.702839 0.000000 0.711349 0.683316 0.683316 0.683316
3597.745117 0.000000 6890.549316 0.000000 0.077153 0.000000 -0.997019 0.845083 0.845083 0.845083
3601.603760 0.000000 6855.008789 0.000000 0.953795 0.000000 -0.300457 0.777999 0.777999 0.777999
3635.454102 0.000000 6895.724121 0.000000 0.428140 0.000000 0.903713 0.671828 0.671828 0.671828
3603.942139 0.000000 6879.746094 0.000000 0.076843 0.000000 -0.997043 0.901046 0.901046 0.901046
3601.634277 0.000000 6924.036621 0.000000 0.288216 0.000000 0.957566 0.623131 0.623131 0.623131
3581.578613 0.000000 6907.976074 0.000000 0.829146 0.000000 -0.559032 0.799984 0.799984 0.799984
3579.419189 0.000000 6894.026855 0.000000 0.125406 0.000000 0.992105 0.617419 0.617419 0.617419
3613.612305 0.000000 6846.351074 0.000000 0.377782 0.000000 0.925894 0.641426 0.641426 0.641426
3615.370850 0.000000 6899.698730 0.000000 0.410473 0.000000 0.911873 0.633943 0.633943 0.633943
3641.573975 0.000000 6868.196777 0.000000 0.342288 0.000000 0.939595 0.612777 0.612777 0.612777
3571.164062 0.000000 6927.334961 0.000000 0.914335 0.000000 -0.404958 0.810892 0.810892 0.810892
3579.094971 0.000000 6902.127441 0.000000 0.187946 0.000000 -0.982179 0.938863 0.938863 0.938863
3578.595215 0.000000 6896.911133 0.000000 0.762871 0.000000 -0.646551 0.830301 0.830301 0.830301
3581.163330 0.000000 6887.102051 0.000000 0.536831 0.000000 0.843690 0.556347 0.556347 0.556347
3730.909424 0.000000 6923.123047 0.000000 0.418687 0.000000 0.908131 0.715883 0.715883 0.715883
3738.993896 0.000000 6901.192871 0.000000 0.881850 0.000000 0.471531 0.732531 0.732531 0.732531
3721.784180 0.000000 6928.479004 0.000000 0.420985 0.000000 0.907067 0.715959 0.715959 0.715959
3737.900146 0.000000 6894.608887 0.000000 0.620114 0.000000 -0.784512 0.768576 0.768576 0.768576
3692.659424 0.000000 6931.505859 0.000000 0.965327 0.000000 -0.261043 0.764341 0.764341 0.764341
3739.830566 0.000000 6933.096680 0.000000 0.753371 0.000000 0.657595 0.725814 0.725814 0.725814
3730.438477 0.000000 6936.743652 0.000000 0.886441 0.000000 0.462841 0.741891 0.741891 0.741891
3734.245605 0.000000 6901.542969 0.000000 0.900975 0.000000 -0.433871 0.760084 0.760084 0.760084
3725.052734 0.000000 6932.066406 0.000000 0.864399 0.000000 0.502806 0.742108 0.742108 0.742108
3705.262207 0.000000 6928.278320 0.000000 0.981257 0.000000 0.192703 0.747095 0.747095 0.747095
3748.223389 0.000000 6935.370117 0.000000 0.201128 0.000000 -0.979565 0.788430 0.788430 0.788430
3737.545166 0.000000 6890.303711 0.000000 0.632637 0.000000 0.774448 0.711851 0.711851 0.711851
3727.076172 0.000000 6928.586426 0.000000 0.451375 0.000000 -0.892334 0.776836 0.776836 0.776836
3695.628174 0.000000 6928.459961 0.000000 0.901877 0.000000 0.431992 0.734108 0.734108 0.734108
3735.563477 0.000000 6897.671875 0.000000 0.269119 0.000000 -0.963107 0.796189 0.796189 0.796189
3702.835938 0.000000 6931.100586 0.000000 0.091111 0.000000 0.995841 0.669660 0.669660 0.669660
3748.403809 0.000000 6915.011230 0.000000 0.186915 0.000000 0.982376 0.674915 0.674915 0.674915
3739.813477 0.000000 6880.583008 0.000000 0.911192 0.000000 0.411981 0.726943 0.726943 0.726943
3736.622070 0.000000 6903.844727 0.000000 0.709183 0.000000 -0.705024 0.792487 0.792487 0.792487
3747.927490 0.000000 6925.861816 0.000000 0.258147 0.000000 -0.966106 0.818664 0.818664 0.818664
3739.674316 0.000000 6892.310059 0.000000 0.159477 0.000000 0.987202 0.686609 0.686609 0.686609
3723.372070 0.000000 6925.993164 0.000000 0.115191 0.000000 0.993343 0.687325 0.687325 0.687325
3740.187256 0.000000 6883.869141 0.000000 0.845467 0.000000 -0.534027 0.772152 0.772152 0.772152
3724.197510 0.000000 6929.501465 0.000000 0.612754 0.000000 -0.790273 0.799481 0.799481 0.799481
3736.511475 0.000000 6900.339355 0.000000 0.608767 0.000000 0.793349 0.707108 0.707108 0.707108
3692.851562 0.000000 6928.827148 0.000000 0.895910 0.000000 -0.444235 0.774995 0.774995 0.774995
3729.191406 0.000000 6934.439941 0.000000 0.769065 0.000000 -0.639170 0.786354 0.786354 0.786354
3720.796387 0.000000 6926.232910 0.000000 0.112759 0.000000 0.993622 0.613520 0.613520 0.613520
3457.688477 0.000000 7013.625488 0.000000 0.996273 0.000000 0.086252 0.745634 0.745634 0.745634
3429.425537 0.000000 6985.462891 0.000000 0.286756 0.000000 -0.958004 0.754793 0.754793 0.754793
3441.583740 0.000000 7013.773438 0.000000 0.915448 0.000000 0.402437 0.732939 0.732939 0.732939
3433.204834 0.000000 6974.407227 0.000000 0.131058 0.000000 0.991375 0.744610 0.744610 0.744610
3455.830078 0.000000 6966.992188 0.000000 0.047694 0.000000 -0.998862 0.769963 0.769963 0.769963
3419.690186 0.000000 7008.224121 0.000000 0.884185 0.000000 0.467136 0.738169 0.738169 0.738169
3464.705078 0.000000 6967.433594 0.000000 0.823691 0.000000 0.567039 0.731938 0.731938 0.731938
3449.682861 0.000000 7016.865234 0.000000 0.825278 0.000000 0.564727 0.744382 0.744382 0.744382
3440.557617 0.000000 7022.221191 0.000000 0.965778 0.000000 -0.259369 0.764247 0.764247 0.764247
3407.041504 0.000000 7002.298828 0.000000 0.143084 0.000000 0.989711 0.691208 0.691208 0.691208
3451.552002 0.000000 6973.702148 0.000000 0.970926 0.000000 -0.239379 0.754526 0.754526 0.754526
3429.053467 0.000000 7020.485352 0.000000 0.906314 0.000000 0.422605 0.743464 0.743464 0.743464
3440.588623 0.000000 6974.546387 0.000000 0.880742 0.000000 -0.473596 0.770323 0.770323 0.770323
3423.233154 0.000000 6983.971191 0.000000 0.362812 0.000000 -0.931862 0.815133 0.815133 0.815133
3451.041504 0.000000 7010.905273 0.000000 0.987671 0.000000 0.156545 0.746174 0.746174 0.746174
3436.178467 0.000000 7017.826660 0.000000 0.969996 0.000000 -0.243121 0.763335 0.763335 0.763335
3444.685791 0.000000 7018.341797 0.000000 0.997380 0.000000 0.072335 0.748373 0.748373 0.748373
3450.893311 0.000000 6968.705078 0.000000 0.945601 0.000000 -0.325328 0.767993 0.767993 0.767993
3436.788818 0.000000 7012.260742 0.000000 0.971983 0.000000 0.235050 0.746446 0.746446 0.746446
3446.354492 0.000000 7012.463379 0.000000 0.076220 0.000000 0.997091 0.710823 0.710823 0.710823
3420.355469 0.000000 7013.387695 0.000000 0.079864 0.000000 0.996806 0.716502 0.716502 0.716502
3443.826172 0.000000 7025.808594 0.000000 0.995927 0.000000 -0.090165 0.752367 0.752367 0.752367
3424.035645 0.000000 7022.020508 0.000000 0.077112 0.000000 -0.997022 0.800340 0.800340 0.800340
3461.967529 0.000000 6993.674805 0.000000 0.181439 0.000000 0.983402 0.698009 0.698009 0.698009
3460.386963 0.000000 7022.563965 0.000000 0.147056 0.000000 -0.989128 0.819286 0.819286 0.819286
3404.946777 0.000000 7011.817871 0.000000 0.276432 0.000000 -0.961034 0.820086 0.820086 0.820086
3419.261719 0.000000 6985.172363 0.000000 0.868994 0.000000 0.494822 0.733523 0.733523 0.733523
3461.656006 0.000000 7029.404297 0.000000 0.276576 0.000000 -0.960992 0.820078 0.820078 0.820078
3443.448730 0.000000 6977.460938 0.000000 0.707188 0.000000 -0.707025 0.782348 0.782348 0.782348
3448.432129 0.000000 6971.570312 0.000000 0.471509 0.000000 -0.881861 0.794480 0.794480 0.794480
3432.647949 0.000000 6978.356445 0.000000 0.373060 0.000000 0.927807 0.687690 0.687690 0.687690
3458.706299 0.000000 6991.355469 0.000000 0.113855 0.000000 0.993497 0.681812 0.681812 0.681812
3464.435303 0.000000 6963.541016 0.000000 0.940782 0.000000 -0.339013 0.759066 0.759066 0.759066
3420.408203 0.000000 6981.804688 0.000000 0.978917 0.000000 -0.204258 0.758474 0.758474 0.758474
3427.089355 0.000000 7023.819824 0.000000 0.813290 0.000000 0.581859 0.716279 0.716279 0.716279
3435.638184 0.000000 6976.728027 0.000000 0.026957 0.000000 0.999637 0.669060 0.669060 0.669060
3429.246338 0.000000 7011.491211 0.000000 0.847631 0.000000 -0.530586 0.765708 0.765708 0.765708
3448.228516 0.000000 7019.956543 0.000000 0.768973 0.000000 -0.639281 0.773375 0.773375 0.773375
3402.141113 0.000000 7024.091797 0.000000 0.638106 0.000000 0.769949 0.720383 0.720383 0.720383
3405.951660 0.000000 7005.318848 0.000000 0.139855 0.000000 0.990172 0.672325 0.672325 0.672325
3453.919189 0.000000 6969.618652 0.000000 0.225345 0.000000 -0.974279 0.822952 0.822952 0.822952
3449.533447 0.000000 7013.746094 0.000000 0.310299 0.000000 -0.950639 0.808760 0.808760 0.808760
3408.752930 0.000000 6999.454102 0.000000 0.636234 0.000000 -0.771496 0.796199 0.796199 0.796199
3409.243896 0.000000 7030.663086 0.000000 0.660273 0.000000 0.751026 0.703866 0.703866 0.703866
3456.857666 0.000000 7016.375488 0.000000 0.983999 0.000000 -0.178175 0.758050 0.758050 0.758050
3439.775635 0.000000 7011.864746 0.000000 0.317025 0.000000 -0.948417 0.817777 0.817777 0.817777
3456.800781 0.000000 7019.019043 0.000000 0.218598 0.000000 -0.975815 0.823328 0.823328 0.823328
3416.826416 0.000000 6985.973145 0.000000 0.241416 0.000000 0.970422 0.677946 0.677946 0.677946
3460.875488 0.000000 7025.094727 0.000000 0.486739 0.000000 0.873547 0.692309 0.692309 0.692309
3455.536133 0.000000 7012.090820 0.000000 0.811491 0.000000 0.584365 0.716112 0.716112 0.716112
3499.174072 0.000000 7023.429199 0.000000 0.994353 0.000000 -0.106125 0.754181 0.754181 0.754181
3502.114990 0.000000 6982.974609 0.000000 0.516555 0.000000 0.856254 0.732677 0.732677 0.732677
3549.105713 0.000000 6938.023438 0.000000 0.974481 0.000000 0.224468 0.739826 0.739826 0.739826
3544.188721 0.000000 6990.889160 0.000000 0.389590 0.000000 -0.920988 0.765343 0.765343 0.765343
3493.455322 0.000000 6962.443848 0.000000 0.786553 0.000000 -0.617523 0.792373 0.792373 0.792373
3557.159912 0.000000 7025.882324 0.000000 0.471615 0.000000 0.881805 0.747978 0.747978 0.747978
3485.119629 0.000000 6992.315430 0.000000 0.964988 0.000000 -0.262294 0.752485 0.752485 0.752485
3481.000977 0.000000 7009.983398 0.000000 0.147360 0.000000 0.989083 0.699379 0.699379 0.699379
3468.796875 0.000000 6973.374023 0.000000 0.070568 0.000000 -0.997507 0.817414 0.817414 0.817414
3481.347168 0.000000 6966.707520 0.000000 0.149608 0.000000 0.988745 0.726060 0.726060 0.726060
3513.770996 0.000000 6978.326660 0.000000 0.979110 0.000000 -0.203331 0.754984 0.754984 0.754984
3526.947021 0.000000 6974.407227 0.000000 0.562653 0.000000 0.826693 0.740889 0.740889 0.740889
3545.927979 0.000000 6947.626465 0.000000 0.059843 0.000000 0.998208 0.741513 0.741513 0.741513
3526.834717 0.000000 6994.705078 0.000000 0.272570 0.000000 0.962136 0.740303 0.740303 0.740303
3546.858643 0.000000 6981.203613 0.000000 0.713877 0.000000 0.700271 0.720949 0.720949 0.720949
3480.555420 0.000000 7000.643066 0.000000 0.187530 0.000000 -0.982259 0.825051 0.825051 0.825051
3558.447266 0.000000 6967.433594 0.000000 0.934495 0.000000 0.355976 0.724785 0.724785 0.724785
3529.155029 0.000000 6939.961426 0.000000 0.996740 0.000000 -0.080680 0.751664 0.751664 0.751664
3551.509521 0.000000 6994.935059 0.000000 0.334096 0.000000 -0.942539 0.805280 0.805280 0.805280
3545.294189 0.000000 6973.702148 0.000000 0.832048 0.000000 0.554703 0.743394 0.743394 0.743394
3499.954102 0.000000 6975.403809 0.000000 0.962219 0.000000 -0.272278 0.764457 0.764457 0.764457
3476.312988 0.000000 6972.564941 0.000000 0.967987 0.000000 0.251001 0.742874 0.742874 0.742874
3531.288330 0.000000 6968.035156 0.000000 0.931892 0.000000 0.362737 0.720808 0.720808 0.720808
3554.568359 0.000000 6983.231445 0.000000 0.821522 0.000000 -0.570176 0.767040 0.767040 0.767040
3536.310547 0.000000 6961.903809 0.000000 0.959609 0.000000 -0.281339 0.754272 0.754272 0.754272
3524.669189 0.000000 6966.636719 0.000000 0.628476 0.000000 0.777829 0.728307 0.728307 0.728307
3513.538574 0.000000 6953.520996 0.000000 0.480784 0.000000 -0.876839 0.808060 0.808060 0.808060
3510.099609 0.000000 6965.584961 0.000000 0.037932 0.000000 0.999280 0.724169 0.724169 0.724169
3544.050293 0.000000 6941.733398 0.000000 0.866016 0.000000 0.500016 0.735294 0.735294 0.735294
3528.822510 0.000000 6988.047852 0.000000 0.118571 0.000000 -0.992946 0.771749 0.771749 0.771749
3529.920654 0.000000 7017.826660 0.000000 0.945339 0.000000 -0.326088 0.753110 0.753110 0.753110
3500.501465 0.000000 7016.418945 0.000000 0.658847 0.000000 0.752277 0.703763 0.703763 0.703763
3547.673340 0.000000 7028.364746 0.000000 0.984831 0.000000 0.173518 0.747388 0.747388 0.747388
3534.012207 0.000000 6943.123535 0.000000 0.996118 0.000000 -0.088030 0.752476 0.752476 0.752476
3553.747803 0.000000 6970.678711 0.000000 0.944282 0.000000 0.329136 0.739324 0.739324 0.739324
3508.054688 0.000000 6943.212402 0.000000 0.607371 0.000000 0.794418 0.722497 0.722497 0.722497
3485.208008 0.000000 6997.630371 0.000000 0.513486 0.000000 -0.858098 0.767383 0.767383 0.767383
3480.715576 0.000000 6994.985840 0.000000 0.992489 0.000000 -0.122333 0.753674 0.753674 0.753674
3544.635498 0.000000 6968.705078 0.000000 0.743555 0.000000 0.668675 0.710229 0.710229 0.710229
3488.400635 0.000000 7024.700195 0.000000 0.239283 0.000000 0.970950 0.712669 0.712669 0.712669
3493.156738 0.000000 6971.012695 0.000000 0.907898 0.000000 0.419190 0.728942 0.728942 0.728942
3542.954102 0.000000 7030.485840 0.000000 0.557553 0.000000 0.830142 0.729829 0.729829 0.729829
3533.356445 0.000000 6937.026367 0.000000 0.201262 0.000000 -0.979538 0.796111 0.796111 0.796111
3498.328613 0.000000 6961.293457 0.000000 0.811867 0.000000 -0.583842 0.772180 0.772180 0.772180
3492.988281 0.000000 7008.719238 0.000000 0.664634 0.000000 -0.747169 0.794238 0.794238 0.794238
3500.923584 0.000000 6990.091309 0.000000 0.998736 0.000000 0.050260 0.747552 0.747552 0.747552
3488.071533 0.000000 7029.139160 0.000000 0.408221 0.000000 0.912883 0.687539 0.687539 0.687539
3560.739014 0.000000 7029.112305 0.000000 0.890488 0.000000 0.455006 0.734964 0.734964 0.734964
3555.709717 0.000000 6993.674805 0.000000 0.253185 0.000000 -0.967418 0.806624 0.806624 0.806624
3561.752930 0.000000 6964.097656 0.000000 0.262267 0.000000 0.964995 0.679115 0.679115 0.679115
3507.792725 0.000000 6973.064941 0.000000 0.614832 0.000000 0.788658 0.700662 0.700662 0.700662
3525.383301 0.000000 6990.404297 0.000000 0.862198 0.000000 -0.506572 0.762930 0.762930 0.762930
3537.400146 0.000000 6957.788086 0.000000 0.439749 0.000000 -0.898121 0.793861 0.793861 0.793861
3527.503418 0.000000 6969.847168 0.000000 0.950183 0.000000 0.311694 0.723292 0.723292 0.723292
3535.274658 0.000000 6949.345703 0.000000 0.069751 0.000000 -0.997564 0.837124 0.837124 0.837124
3556.775635 0.000000 6979.458984 0.000000 0.440299 0.000000 -0.897851 0.848112 0.848112 0.848112
3562.123047 0.000000 6968.678223 0.000000 0.298152 0.000000 0.954519 0.683520 0.683520 0.683520
3511.011475 0.000000 6975.532227 0.000000 0.190134 0.000000 -0.981758 0.832656 0.832656 0.832656
3479.087158 0.000000 7013.319336 0.000000 0.804437 0.000000 -0.594037 0.784538 0.784538 0.784538
3496.612305 0.000000 6964.728027 0.000000 0.170923 0.000000 0.985284 0.718565 0.718565 0.718565
3547.156982 0.000000 7024.592285 0.000000 0.990935 0.000000 0.134341 0.742683 0.742683 0.742683
3472.948486 0.000000 7011.600586 0.000000 0.984970 0.000000 -0.172727 0.759426 0.759426 0.759426
3552.448486 0.000000 6991.355469 0.000000 0.739480 0.000000 0.673178 0.702986 0.702986 0.702986
3512.400391 0.000000 6962.776855 0.000000 0.980321 0.000000 -0.197408 0.756697 0.756697 0.756697
3498.498291 0.000000 6983.474121 0.000000 0.995845 0.000000 -0.091069 0.753415 0.753415 0.753415
3528.433350 0.000000 7009.618652 0.000000 0.304284 0.000000 -0.952581 0.797245 0.797245 0.797245
3484.650635 0.000000 6966.109375 0.000000 0.832105 0.000000 -0.554618 0.773117 0.773117 0.773117
3483.853271 0.000000 7000.646484 0.000000 0.094999 0.000000 -0.995477 0.821839 0.821839 0.821839
3552.246826 0.000000 7030.439453 0.000000 0.453315 0.000000 -0.891351 0.793265 0.793265 0.793265
3532.527832 0.000000 6940.250000 0.000000 0.984242 0.000000 0.176825 0.741013 0.741013 0.741013
3500.478516 0.000000 6993.538574 0.000000 0.779449 0.000000 -0.626466 0.786762 0.786762 0.786762
3551.056641 0.000000 6964.257324 0.000000 0.236192 0.000000 -0.971706 0.807378 0.807378 0.807378
3544.765381 0.000000 7027.218262 0.000000 0.052606 0.000000 -0.998615 0.826751 0.826751 0.826751
3534.512695 0.000000 6946.339355 0.000000 0.167654 0.000000 -0.985846 0.802515 0.802515 0.802515
3482.063721 0.000000 6997.978027 0.000000 0.796499 0.000000 -0.604640 0.773100 0.773100 0.773100
3510.590332 0.000000 6952.680176 0.000000 0.920900 0.000000 -0.389799 0.768743 0.768743 0.768743
3517.957275 0.000000 6939.604492 0.000000 0.684137 0.000000 -0.729354 0.780609 0.780609 0.780609
3483.713135 0.000000 6995.111328 0.000000 0.547651 0.000000 -0.836707 0.803824 0.803824 0.803824
3490.062500 0.000000 6965.225098 0.000000 0.854190 0.000000 -0.519960 0.779691 0.779691 0.779691
3527.693359 0.000000 7019.908203 0.000000 0.967773 0.000000 0.251824 0.736177 0.736177 0.736177
3474.186768 0.000000 6999.909668 0.000000 0.334545 0.000000 0.942380 0.683229 0.683229 0.683229
3558.171875 0.000000 7028.378418 0.000000 0.894127 0.000000 0.447812 0.724788 0.724788 0.724788
3559.991455 0.000000 7026.271973 0.000000 0.077963 0.000000 0.996956 0.668944 0.668944 0.668944
3543.400879 0.000000 6948.519531 0.000000 0.590043 0.000000 -0.807372 0.802784 0.802784 0.802784
3492.102295 0.000000 7006.170898 0.000000 0.581522 0.000000 -0.813531 0.801596 0.801596 0.801596
3548.484131 0.000000 6986.438477 0.000000 0.577195 0.000000 0.816606 0.701694 0.701694 0.701694
3495.929932 0.000000 6970.655762 0.000000 0.810780 0.000000 0.585350 0.716046 0.716046 0.716046
3545.285645 0.000000 7029.842773 0.000000 0.550116 0.000000 0.835088 0.696336 0.696336 0.696336
3536.702637 0.000000 6937.014160 0.000000 0.200805 0.000000 0.979631 0.619307 0.619307 0.619307
3527.582764 0.000000 7007.330078 0.000000 0.998218 0.000000 0.059665 0.746758 0.746758 0.746758
3512.962891 0.000000 6965.142090 0.000000 0.982769 0.000000 0.184837 0.735728 0.735728 0.735728
3535.978516 0.000000 6951.687500 0.000000 0.557482 0.000000 -0.830189 0.821523 0.821523 0.821523
3503.227295 0.000000 7023.895508 0.000000 0.992542 0.000000 0.121904 0.741991 0.741991 0.741991
3554.527344 0.000000 6985.475098 0.000000 0.496398 0.000000 0.868095 0.641729 0.641729 0.641729
3500.772461 0.000000 7021.932617 0.000000 0.318639 0.000000 0.947876 0.656641 0.656641 0.656641
3529.135010 0.000000 6974.298828 0.000000 0.625176 0.000000 -0.780483 0.817065 0.817065 0.817065
3492.029541 0.000000 6964.255371 0.000000 0.304301 0.000000 -0.952576 0.839764 0.839764 0.839764
3544.489014 0.000000 6975.651367 0.000000 0.999967 0.000000 -0.008120 0.750623 0.750623 0.750623
3548.563965 0.000000 6989.263184 0.000000 0.983844 0.000000 0.179028 0.733822 0.733822 0.733822
3550.983154 0.000000 6978.500977 0.000000 0.024943 0.000000 0.999689 0.587910 0.587910 0.587910
3541.922852 0.000000 6941.673828 0.000000 0.920241 0.000000 -0.391353 0.783128 0.783128 0.783128
3518.686768 0.000000 6971.117676 0.000000 0.936110 0.000000 -0.351708 0.807199 0.807199 0.807199
3406.317383 0.000000 7031.187988 0.000000 0.697841 0.000000 0.716253 0.739535 0.739535 0.739535
3416.862549 0.000000 7053.099609 0.000000 0.257270 0.000000 -0.966340 0.799080 0.799080 0.799080
3451.877197 0.000000 7098.526855 0.000000 0.730158 0.000000 -0.683279 0.757043 0.757043 0.757043
3465.785400 0.000000 7105.510254 0.000000 0.989615 0.000000 0.143745 0.747839 0.747839 0.747839
3429.053467 0.000000 7114.227539 0.000000 0.784113 0.000000 -0.620618 0.786355 0.786355 0.786355
3439.816406 0.000000 7049.029297 0.000000 0.892421 0.000000 0.451203 0.738605 0.738605 0.738605
3410.751709 0.000000 7045.457520 0.000000 0.331549 0.000000 0.943438 0.724608 0.724608 0.724608
3434.492920 0.000000 7094.410645 0.000000 0.494992 0.000000 -0.868898 0.775631 0.775631 0.775631
3406.759277 0.000000 7110.161133 0.000000 0.650451 0.000000 -0.759548 0.759691 0.759691 0.759691
3406.793457 0.000000 7122.539062 0.000000 0.363207 0.000000 -0.931709 0.801639 0.801639 0.801639
3428.835449 0.000000 7122.644043 0.000000 0.990312 0.000000 0.138860 0.740610 0.740610 0.740610
3408.981201 0.000000 7100.100586 0.000000 0.718428 0.000000 -0.695601 0.791771 0.791771 0.791771
3407.588867 0.000000 7042.553223 0.000000 0.078812 0.000000 0.996889 0.724859 0.724859 0.724859
3411.075928 0.000000 7108.485840 0.000000 0.938540 0.000000 -0.345172 0.764517 0.764517 0.764517
3412.072754 0.000000 7051.816895 0.000000 0.699929 0.000000 -0.714213 0.781279 0.781279 0.781279
3441.532471 0.000000 7043.087891 0.000000 0.972024 0.000000 0.234880 0.744229 0.744229 0.744229
3438.172852 0.000000 7096.010742 0.000000 0.999270 0.000000 0.038198 0.748498 0.748498 0.748498
3448.867432 0.000000 7101.141602 0.000000 0.870561 0.000000 -0.492061 0.774082 0.774082 0.774082
3417.480225 0.000000 7098.657227 0.000000 0.914523 0.000000 0.404535 0.739083 0.739083 0.739083
3467.177246 0.000000 7102.495605 0.000000 0.919729 0.000000 -0.392555 0.771905 0.771905 0.771905
3438.785645 0.000000 7033.992188 0.000000 0.992106 0.000000 0.125400 0.742937 0.742937 0.742937
3443.135010 0.000000 7035.587402 0.000000 0.928555 0.000000 -0.371195 0.767090 0.767090 0.767090
3439.702393 0.000000 7045.839844 0.000000 0.996308 0.000000 0.085848 0.747103 0.747103 0.747103
3440.770508 0.000000 7040.081543 0.000000 0.992836 0.000000 -0.119486 0.756504 0.756504 0.756504
3409.279053 0.000000 7111.967773 0.000000 0.254757 0.000000 -0.967005 0.806554 0.806554 0.806554
3467.401855 0.000000 7033.812988 0.000000 0.963059 0.000000 -0.269292 0.764805 0.764805 0.764805
3431.751221 0.000000 7115.736816 0.000000 0.132159 0.000000 -0.991229 0.820018 0.820018 0.820018
3409.243896 0.000000 7124.405273 0.000000 0.835495 0.000000 -0.549499 0.771786 0.771786 0.771786
3441.599854 0.000000 7033.077637 0.000000 0.755859 0.000000 -0.654735 0.798117 0.798117 0.798117
3436.186523 0.000000 7097.971191 0.000000 0.210824 0.000000 -0.977524 0.823760 0.823760 0.823760
3427.870850 0.000000 7120.141602 0.000000 0.213513 0.000000 0.976940 0.651007 0.651007 0.651007
3409.818604 0.000000 7031.746582 0.000000 0.693438 0.000000 -0.720516 0.793687 0.793687 0.793687
3426.537842 0.000000 7122.266113 0.000000 0.908185 0.000000 -0.418570 0.788006 0.788006 0.788006
3440.804688 0.000000 7034.967285 0.000000 0.437336 0.000000 -0.899298 0.865151 0.865151 0.865151
3517.954102 0.000000 7061.305176 0.000000 0.817486 0.000000 0.575948 0.747702 0.747702 0.747702
3555.282471 0.000000 7069.627930 0.000000 0.999814 0.000000 0.019265 0.749315 0.749315 0.749315
3542.232910 0.000000 7119.143555 0.000000 0.821351 0.000000 -0.570423 0.761366 0.761366 0.761366
3485.119629 0.000000 7086.057617 0.000000 0.170064 0.000000 -0.985433 0.789318 0.789318 0.789318
3481.000977 0.000000 7103.725586 0.000000 0.304519 0.000000 -0.952506 0.811407 0.811407 0.811407
3541.349365 0.000000 7050.419922 0.000000 0.445864 0.000000 -0.895101 0.764531 0.764531 0.764531
3520.493652 0.000000 7046.996582 0.000000 0.379580 0.000000 -0.925159 0.796456 0.796456 0.796456
3549.572266 0.000000 7060.734375 0.000000 0.337618 0.000000 -0.941283 0.761482 0.761482 0.761482
3555.861084 0.000000 7040.006836 0.000000 0.042924 0.000000 -0.999078 0.781469 0.781469 0.781469
3513.432373 0.000000 7101.966309 0.000000 0.915778 0.000000 -0.401684 0.772445 0.772445 0.772445
3545.927979 0.000000 7041.368652 0.000000 0.299228 0.000000 0.954182 0.716789 0.716789 0.716789
3480.555420 0.000000 7094.385254 0.000000 0.983154 0.000000 0.182777 0.742772 0.742772 0.742772
3558.766113 0.000000 7031.845215 0.000000 0.376315 0.000000 -0.926492 0.825438 0.825438 0.825438
3531.288330 0.000000 7061.777344 0.000000 0.642899 0.000000 -0.765951 0.787575 0.787575 0.787575
3538.416504 0.000000 7040.324707 0.000000 0.843947 0.000000 -0.536426 0.764842 0.764842 0.764842
3536.310547 0.000000 7055.645996 0.000000 0.918608 0.000000 0.395170 0.728701 0.728701 0.728701
3533.558594 0.000000 7049.029297 0.000000 0.487724 0.000000 -0.872998 0.807629 0.807629 0.807629
3519.624023 0.000000 7068.151367 0.000000 0.272877 0.000000 0.962049 0.740305 0.740305 0.740305
3524.669189 0.000000 7060.378906 0.000000 0.525461 0.000000 0.850818 0.732853 0.732853 0.732853
3547.524170 0.000000 7048.568848 0.000000 0.493894 0.000000 -0.869522 0.801323 0.801323 0.801323
3544.050293 0.000000 7035.475586 0.000000 0.901705 0.000000 0.432352 0.745814 0.745814 0.745814
3550.531006 0.000000 7037.531738 0.000000 0.436942 0.000000 -0.899490 0.810740 0.810740 0.810740
3515.989502 0.000000 7055.681641 0.000000 0.936051 0.000000 0.351864 0.739901 0.739901 0.739901
3501.847900 0.000000 7090.204102 0.000000 0.024091 0.000000 -0.999710 0.793441 0.793441 0.793441
3511.771729 0.000000 7117.575195 0.000000 0.758411 0.000000 -0.651777 0.760634 0.760634 0.760634
3500.535645 0.000000 7122.539062 0.000000 0.060157 0.000000 -0.998189 0.795255 0.795255 0.795255
3534.012207 0.000000 7036.865723 0.000000 0.999864 0.000000 0.016463 0.749106 0.749106 0.749106
3491.024414 0.000000 7030.812012 0.000000 0.980563 0.000000 -0.196202 0.754437 0.754437 0.754437
3473.171631 0.000000 7039.115234 0.000000 0.882112 0.000000 -0.471039 0.760102 0.760102 0.760102
3553.747803 0.000000 7064.420898 0.000000 0.911334 0.000000 -0.411668 0.754767 0.754767 0.754767
3485.208008 0.000000 7091.372559 0.000000 0.942714 0.000000 -0.333602 0.767832 0.767832 0.767832
3526.196533 0.000000 7043.486328 0.000000 0.923379 0.000000 0.383890 0.741147 0.741147 0.741147
3545.169678 0.000000 7115.118652 0.000000 0.837681 0.000000 0.546159 0.729445 0.729445 0.729445
3543.291504 0.000000 7030.966309 0.000000 0.526026 0.000000 -0.850468 0.770944 0.770944 0.770944
3476.469238 0.000000 7104.064453 0.000000 0.400445 0.000000 -0.916321 0.812922 0.812922 0.812922
3522.577637 0.000000 7122.644043 0.000000 0.546830 0.000000 0.837244 0.697980 0.697980 0.697980
3490.634277 0.000000 7109.113770 0.000000 0.709185 0.000000 0.705023 0.707513 0.707513 0.707513
3539.664062 0.000000 7058.354980 0.000000 0.084185 0.000000 -0.996450 0.800100 0.800100 0.800100
3555.806152 0.000000 7044.422852 0.000000 0.851381 0.000000 -0.524548 0.772746 0.772746 0.772746
3523.220459 0.000000 7050.604004 0.000000 0.941267 0.000000 0.337663 0.730652 0.730652 0.730652
3498.688965 0.000000 7105.560059 0.000000 0.978145 0.000000 -0.207922 0.758628 0.758628 0.758628
3537.400146 0.000000 7051.530273 0.000000 0.017466 0.000000 0.999847 0.720915 0.720915 0.720915
3527.503418 0.000000 7063.589355 0.000000 0.501603 0.000000 -0.865098 0.775445 0.775445 0.775445
3525.620117 0.000000 7056.333984 0.000000 0.981620 0.000000 -0.190844 0.766899 0.766899 0.766899
3535.274658 0.000000 7043.087891 0.000000 0.798479 0.000000 -0.602022 0.766935 0.766935 0.766935
3530.320312 0.000000 7046.179199 0.000000 0.089618 0.000000 0.995976 0.683444 0.683444 0.683444
3528.611816 0.000000 7058.825684 0.000000 0.565649 0.000000 -0.824646 0.789940 0.789940 0.789940
3479.087158 0.000000 7107.061523 0.000000 0.682665 0.000000 0.730732 0.730055 0.730055 0.730055
3535.076172 0.000000 7064.461426 0.000000 0.519222 0.000000 -0.854640 0.782622 0.782622 0.782622
3547.156982 0.000000 7118.334473 0.000000 0.284978 0.000000 0.958534 0.685198 0.685198 0.685198
3517.288818 0.000000 7064.935547 0.000000 0.684961 0.000000 -0.728579 0.794322 0.794322 0.794322
3523.470215 0.000000 7069.153320 0.000000 0.747505 0.000000 0.664256 0.715992 0.715992 0.715992
3547.565186 0.000000 7057.694336 0.000000 0.893556 0.000000 -0.448952 0.777897 0.777897 0.777897
3526.160645 0.000000 7052.720703 0.000000 0.815716 0.000000 -0.578453 0.765014 0.765014 0.765014
3549.461670 0.000000 7040.856934 0.000000 0.996301 0.000000 -0.085934 0.752417 0.752417 0.752417
3540.871582 0.000000 7043.147949 0.000000 0.154776 0.000000 -0.987950 0.826856 0.826856 0.826856
3558.421631 0.000000 7042.452637 0.000000 0.400721 0.000000 0.916200 0.687094 0.687094 0.687094
3483.853271 0.000000 7094.388672 0.000000 0.166430 0.000000 0.986053 0.673785 0.673785 0.673785
3511.115723 0.000000 7114.369141 0.000000 0.971595 0.000000 0.236651 0.737027 0.737027 0.737027
3498.125977 0.000000 7089.817871 0.000000 0.493256 0.000000 0.869884 0.708518 0.708518 0.708518
3541.750977 0.000000 7060.700195 0.000000 0.993939 0.000000 0.109929 0.744019 0.744019 0.744019
3544.379150 0.000000 7049.541992 0.000000 0.076265 0.000000 -0.997088 0.797570 0.797570 0.797570
3551.056641 0.000000 7057.999512 0.000000 0.694183 0.000000 0.719799 0.700351 0.700351 0.700351
3544.765381 0.000000 7120.960449 0.000000 0.968526 0.000000 -0.248914 0.760834 0.760834 0.760834
3536.877197 0.000000 7035.587402 0.000000 0.452677 0.000000 -0.891675 0.791232 0.791232 0.791232
3550.815918 0.000000 7034.410645 0.000000 0.711677 0.000000 -0.702506 0.808338 0.808338 0.808338
3482.063721 0.000000 7091.720215 0.000000 0.566836 0.000000 -0.823831 0.791693 0.791693 0.791693
3520.581055 0.000000 7071.076172 0.000000 0.798564 0.000000 0.601910 0.719766 0.719766 0.719766
3561.144043 0.000000 7033.812988 0.000000 0.810990 0.000000 0.585060 0.719576 0.719576 0.719576
3488.096436 0.000000 7031.706055 0.000000 0.854528 0.000000 -0.519405 0.770453 0.770453 0.770453
3502.986084 0.000000 7124.405273 0.000000 0.009453 0.000000 0.999955 0.665219 0.665219 0.665219
3483.713135 0.000000 7088.853516 0.000000 0.954382 0.000000 0.298590 0.736374 0.736374 0.736374
3470.302979 0.000000 7038.244141 0.000000 0.935431 0.000000 -0.353509 0.768943 0.768943 0.768943
3514.487305 0.000000 7063.946777 0.000000 0.693262 0.000000 0.720686 0.706300 0.706300 0.706300
3527.693359 0.000000 7113.650391 0.000000 0.850020 0.000000 -0.526750 0.774930 0.774930 0.774930
3554.934814 0.000000 7066.860352 0.000000 0.641267 0.000000 -0.767318 0.797493 0.797493 0.797493
3547.784668 0.000000 7051.227539 0.000000 0.169945 0.000000 0.985453 0.687086 0.687086 0.687086
3542.673096 0.000000 7116.277344 0.000000 0.535663 0.000000 0.844432 0.695401 0.695401 0.695401
3554.315430 0.000000 7042.180664 0.000000 0.777923 0.000000 -0.628360 0.786894 0.786894 0.786894
3527.674805 0.000000 7045.685059 0.000000 0.138404 0.000000 0.990376 0.656158 0.656158 0.656158
3552.794678 0.000000 7036.314941 0.000000 0.981516 0.000000 -0.191381 0.760457 0.760457 0.760457
3532.584229 0.000000 7063.934082 0.000000 0.806611 0.000000 -0.591083 0.784339 0.784339 0.784339
3527.148193 0.000000 7061.020996 0.000000 0.624683 0.000000 0.780879 0.701343 0.701343 0.701343
3544.649902 0.000000 7117.844727 0.000000 0.999394 0.000000 0.034806 0.748175 0.748175 0.748175
3525.400879 0.000000 7123.445312 0.000000 0.731910 0.000000 -0.681401 0.790707 0.790707 0.790707
3476.125244 0.000000 7101.512695 0.000000 0.173097 0.000000 -0.984905 0.825847 0.825847 0.825847
3524.193115 0.000000 7054.361328 0.000000 0.916629 0.000000 -0.399739 0.776180 0.776180 0.776180
3535.214111 0.000000 7050.756836 0.000000 0.872481 0.000000 -0.488649 0.796841 0.796841 0.796841
3527.909668 0.000000 7056.705566 0.000000 0.217176 0.000000 0.976132 0.648749 0.648749 0.648749
3532.019043 0.000000 7050.867676 0.000000 0.599511 0.000000 0.800366 0.668341 0.668341 0.668341
3549.524902 0.000000 7056.513672 0.000000 0.680872 0.000000 0.732403 0.686908 0.686908 0.686908
3645.172852 0.000000 7013.625488 0.000000 0.494134 0.000000 0.869386 0.730266 0.730266 0.730266
3647.766602 0.000000 6956.736328 0.000000 0.014624 0.000000 0.999893 0.613052 0.613052 0.613052
3616.909912 0.000000 6985.462891 0.000000 0.412692 0.000000 0.910870 0.732843 0.732843 0.732843
3635.975098 0.000000 7025.401367 0.000000 0.564776 0.000000 0.825244 0.708199 0.708199 0.708199
3629.786621 0.000000 6981.296387 0.000000 0.333824 0.000000 0.942635 0.692403 0.692403 0.692403
3607.174561 0.000000 7008.224121 0.000000 0.393672 0.000000 0.919251 0.682310 0.682310 0.682310
3620.576904 0.000000 6994.705078 0.000000 0.946579 0.000000 -0.322473 0.766599 0.766599 0.766599
3619.265381 0.000000 7013.675781 0.000000 0.776809 0.000000 0.629736 0.733418 0.733418 0.733418
3595.491211 0.000000 6957.905273 0.000000 0.551657 0.000000 0.834071 0.642872 0.642872 0.642872
3572.140381 0.000000 6943.794434 0.000000 0.130060 0.000000 -0.991506 0.776970 0.776970 0.776970
3637.167236 0.000000 7016.865234 0.000000 0.361080 0.000000 0.932535 0.684766 0.684766 0.684766
3645.251709 0.000000 6994.935059 0.000000 0.846159 0.000000 -0.532931 0.754210 0.754210 0.754210
3628.041992 0.000000 7022.221191 0.000000 0.914715 0.000000 -0.404100 0.772588 0.772588 0.772588
3624.616699 0.000000 7007.004883 0.000000 0.146877 0.000000 0.989155 0.704692 0.704692 0.704692
3643.728271 0.000000 7021.531250 0.000000 0.415731 0.000000 -0.909488 0.812013 0.812013 0.812013
3570.366699 0.000000 7030.601074 0.000000 0.995668 0.000000 0.092979 0.748082 0.748082 0.748082
3639.036377 0.000000 6973.702148 0.000000 0.370042 0.000000 -0.929015 0.808017 0.808017 0.808017
3583.788574 0.000000 6953.283691 0.000000 0.854708 0.000000 -0.519108 0.755110 0.755110 0.755110
3625.030518 0.000000 6968.035156 0.000000 0.130488 0.000000 0.991450 0.652939 0.652939 0.652939
3632.435303 0.000000 7007.194336 0.000000 0.946443 0.000000 0.322871 0.742613 0.742613 0.742613
3627.300781 0.000000 6955.287109 0.000000 0.879071 0.000000 -0.476690 0.776051 0.776051 0.776051
3622.705811 0.000000 6981.124512 0.000000 0.956727 0.000000 -0.290989 0.765480 0.765480 0.765480
3620.706055 0.000000 6954.790527 0.000000 0.956198 0.000000 0.292722 0.742769 0.742769 0.742769
3622.564697 0.000000 6988.047852 0.000000 0.973693 0.000000 0.227865 0.740100 0.740100 0.740100
3643.625244 0.000000 7000.747559 0.000000 0.485477 0.000000 -0.874249 0.801793 0.801793 0.801793
3616.576904 0.000000 6979.396973 0.000000 0.978954 0.000000 -0.204079 0.752694 0.752694 0.752694
3599.709473 0.000000 6937.121094 0.000000 0.547738 0.000000 0.836650 0.679479 0.679479 0.679479
3594.277832 0.000000 7028.796875 0.000000 0.702290 0.000000 0.711891 0.717367 0.717367 0.717367
3627.754395 0.000000 6943.123535 0.000000 0.628072 0.000000 0.778156 0.706589 0.706589 0.706589
3654.061035 0.000000 6972.765625 0.000000 0.208544 0.000000 -0.978013 0.813695 0.813695 0.813695
3647.912354 0.000000 6963.910645 0.000000 0.527190 0.000000 -0.849748 0.797536 0.797536 0.797536
3647.679443 0.000000 6939.409180 0.000000 0.128928 0.000000 -0.991654 0.855265 0.855265 0.855265
3638.377686 0.000000 6968.705078 0.000000 0.787044 0.000000 -0.616897 0.791077 0.791077 0.791077
3622.147705 0.000000 7022.686523 0.000000 0.719519 0.000000 -0.694473 0.787373 0.787373 0.787373
3635.012695 0.000000 7002.757812 0.000000 0.529127 0.000000 0.848542 0.723440 0.723440 0.723440
3607.839844 0.000000 7013.387695 0.000000 0.997317 0.000000 0.073205 0.745884 0.745884 0.745884
3581.655762 0.000000 6988.360840 0.000000 0.944514 0.000000 -0.328472 0.759400 0.759400 0.759400
3618.109619 0.000000 6940.833008 0.000000 0.217562 0.000000 0.976046 0.709512 0.709512 0.709512
3617.193848 0.000000 6971.111328 0.000000 0.495104 0.000000 -0.868833 0.769714 0.769714 0.769714
3631.310547 0.000000 7025.808594 0.000000 0.943490 0.000000 -0.331402 0.770872 0.770872 0.770872
3633.104980 0.000000 6974.182617 0.000000 0.626694 0.000000 0.779265 0.713194 0.713194 0.713194
3578.070801 0.000000 7006.996582 0.000000 0.374342 0.000000 0.927291 0.696654 0.696654 0.696654
3566.376953 0.000000 6975.592285 0.000000 0.654245 0.000000 0.756283 0.724307 0.724307 0.724307
3654.627197 0.000000 7022.564941 0.000000 0.983627 0.000000 -0.180214 0.755768 0.755768 0.755768
3596.465576 0.000000 7006.358398 0.000000 0.814058 0.000000 -0.580783 0.781328 0.781328 0.781328
3570.624756 0.000000 6977.230957 0.000000 0.155457 0.000000 -0.987843 0.826818 0.826818 0.826818
3626.280518 0.000000 6978.496094 0.000000 0.365721 0.000000 -0.930725 0.770161 0.770161 0.770161
3649.571289 0.000000 7014.610840 0.000000 0.267065 0.000000 -0.963679 0.776785 0.776785 0.776785
3575.797119 0.000000 6946.709961 0.000000 0.343336 0.000000 0.939213 0.665457 0.665457 0.665457
3649.451904 0.000000 6993.674805 0.000000 0.528801 0.000000 -0.848746 0.791754 0.791754 0.791754
3646.665039 0.000000 7017.844238 0.000000 0.411502 0.000000 -0.911409 0.780059 0.780059 0.780059
3629.276611 0.000000 6966.788086 0.000000 0.423851 0.000000 -0.905732 0.822136 0.822136 0.822136
3633.406250 0.000000 6964.612793 0.000000 0.475170 0.000000 -0.879894 0.788267 0.788267 0.788267
3639.036133 0.000000 6958.753906 0.000000 0.141207 0.000000 0.989980 0.696482 0.696482 0.696482
3626.154053 0.000000 6963.893555 0.000000 0.408609 0.000000 0.912710 0.663879 0.663879 0.663879
3630.576416 0.000000 6985.411621 0.000000 0.985929 0.000000 0.167164 0.741195 0.741195 0.741195
3624.404297 0.000000 6972.595703 0.000000 0.995431 0.000000 -0.095484 0.758237 0.758237 0.758237
3633.582520 0.000000 6942.790039 0.000000 0.432857 0.000000 0.901463 0.689014 0.689014 0.689014
3625.045410 0.000000 7025.480957 0.000000 0.785616 0.000000 0.618715 0.717524 0.717524 0.717524
3626.596680 0.000000 6959.151367 0.000000 0.635516 0.000000 0.772087 0.726876 0.726876 0.726876
3625.657227 0.000000 7002.268555 0.000000 0.481535 0.000000 0.876427 0.725994 0.725994 0.725994
3633.045166 0.000000 7029.182617 0.000000 0.637946 0.000000 0.770081 0.705564 0.705564 0.705564
3592.516846 0.000000 6940.924316 0.000000 0.220288 0.000000 -0.975435 0.813132 0.813132 0.813132
3636.768555 0.000000 6981.821289 0.000000 0.467452 0.000000 0.884018 0.711422 0.711422 0.711422
3646.190674 0.000000 6991.355469 0.000000 0.998980 0.000000 0.045161 0.748731 0.748731 0.748731
3569.530029 0.000000 6968.982422 0.000000 0.966608 0.000000 -0.256258 0.766013 0.766013 0.766013
3599.904297 0.000000 7028.685059 0.000000 0.752703 0.000000 -0.658360 0.786331 0.786331 0.786331
3562.356689 0.000000 6969.545410 0.000000 0.954471 0.000000 -0.298304 0.765881 0.765881 0.765881
3631.626953 0.000000 7003.034180 0.000000 0.602452 0.000000 -0.798155 0.775958 0.775958 0.775958
3635.712891 0.000000 7019.956543 0.000000 0.983363 0.000000 0.181650 0.743502 0.743502 0.743502
3626.270020 0.000000 6940.250000 0.000000 0.649383 0.000000 0.760462 0.703084 0.703084 0.703084
3575.921875 0.000000 6939.187988 0.000000 0.190533 0.000000 0.981681 0.703520 0.703520 0.703520
3625.849365 0.000000 6988.323242 0.000000 0.332724 0.000000 -0.943024 0.791509 0.791509 0.791509
3644.798828 0.000000 6964.257324 0.000000 0.767666 0.000000 -0.640850 0.830752 0.830752 0.830752
3604.332520 0.000000 6952.680176 0.000000 0.986342 0.000000 -0.164710 0.761463 0.761463 0.761463
3581.838623 0.000000 6937.963867 0.000000 0.575149 0.000000 -0.818048 0.785876 0.785876 0.785876
3577.732178 0.000000 6949.143555 0.000000 0.999677 0.000000 0.025416 0.748429 0.748429 0.748429
3577.455322 0.000000 6995.111328 0.000000 0.999739 0.000000 0.022828 0.748718 0.748718 0.748718
3579.185059 0.000000 6941.061523 0.000000 0.958526 0.000000 0.285006 0.738636 0.738636 0.738636
3620.932129 0.000000 6942.090332 0.000000 0.250096 0.000000 -0.968221 0.821568 0.821568 0.821568
3621.564697 0.000000 6992.015137 0.000000 0.811655 0.000000 -0.584137 0.783873 0.783873 0.783873
3639.767334 0.000000 6961.474121 0.000000 0.997636 0.000000 -0.068719 0.753863 0.753863 0.753863
3625.433105 0.000000 6975.230469 0.000000 0.929125 0.000000 0.369765 0.730852 0.730852 0.730852
3597.125977 0.000000 7027.801758 0.000000 0.618503 0.000000 0.785782 0.702608 0.702608 0.702608
3574.133301 0.000000 6941.407715 0.000000 0.748983 0.000000 -0.662589 0.794752 0.794752 0.794752
3606.425293 0.000000 6936.995117 0.000000 0.897538 0.000000 -0.440937 0.785911 0.785911 0.785911
3636.415283 0.000000 7022.535156 0.000000 0.719649 0.000000 -0.694338 0.787364 0.787364 0.787364
3583.112061 0.000000 6990.708008 0.000000 0.460971 0.000000 -0.887415 0.817456 0.817456 0.817456
3568.911133 0.000000 6974.978027 0.000000 0.821788 0.000000 0.569793 0.718216 0.718216 0.718216
3635.449219 0.000000 7028.182129 0.000000 0.677107 0.000000 0.735884 0.705095 0.705095 0.705095
3621.616699 0.000000 7012.404297 0.000000 0.507377 0.000000 -0.861724 0.806399 0.806399 0.806399
3628.835449 0.000000 6978.867676 0.000000 0.496586 0.000000 -0.867988 0.807077 0.807077 0.807077
3630.227539 0.000000 6944.686035 0.000000 0.378864 0.000000 -0.925452 0.860681 0.860681 0.860681
3620.890381 0.000000 6967.278809 0.000000 0.585091 0.000000 -0.810968 0.813754 0.813754 0.813754
3639.456543 0.000000 6971.220215 0.000000 0.018606 0.000000 0.999827 0.645372 0.645372 0.645372
3612.306885 0.000000 7007.739258 0.000000 0.612786 0.000000 0.790249 0.700521 0.700521 0.700521
3629.189453 0.000000 6959.417969 0.000000 0.177991 0.000000 0.984032 0.640543 0.640543 0.640543
3647.228271 0.000000 7015.484863 0.000000 0.641106 0.000000 0.767453 0.702495 0.702495 0.702495
3593.345703 0.000000 6950.578613 0.000000 0.946023 0.000000 -0.324100 0.770394 0.770394 0.770394
3588.756836 0.000000 6954.264648 0.000000 0.509780 0.000000 -0.860305 0.833402 0.833402 0.833402
3634.953369 0.000000 6980.470703 0.000000 0.967053 0.000000 0.254575 0.718672 0.718672 0.718672
3623.098877 0.000000 6967.160156 0.000000 0.959610 0.000000 0.281333 0.729709 0.729709 0.729709
3619.730957 0.000000 6976.270996 0.000000 0.459407 0.000000 0.888226 0.670151 0.670151 0.670151
3601.060059 0.000000 6941.452637 0.000000 0.093003 0.000000 0.995666 0.597827 0.597827 0.597827
3576.349121 0.000000 6940.789551 0.000000 0.999781 0.000000 -0.020909 0.752819 0.752819 0.752819
3644.652100 0.000000 6965.886230 0.000000 0.237294 0.000000 -0.971438 0.904540 0.904540 0.904540
3581.170898 0.000000 7008.777344 0.000000 0.073171 0.000000 0.997319 0.472399 0.472399 0.472399
3686.658447 0.000000 7023.429199 0.000000 0.120219 0.000000 0.992747 0.728276 0.728276 0.728276
3718.910400 0.000000 6948.568848 0.000000 0.988010 0.000000 -0.154392 0.750290 0.750290 0.750290
3710.652100 0.000000 6985.462891 0.000000 0.448080 0.000000 -0.893994 0.760356 0.760356 0.760356
3701.819092 0.000000 7018.869629 0.000000 0.786528 0.000000 -0.617555 0.786144 0.786144 0.786144
3690.620850 0.000000 7010.785645 0.000000 0.328311 0.000000 0.944570 0.731481 0.731481 0.731481
3723.164795 0.000000 7000.362305 0.000000 0.923492 0.000000 0.383619 0.728621 0.728621 0.728621
3728.833740 0.000000 6956.677734 0.000000 0.220874 0.000000 -0.975302 0.775242 0.775242 0.775242
3716.795654 0.000000 6960.970703 0.000000 0.963616 0.000000 0.267292 0.738854 0.738854 0.738854
3679.684814 0.000000 6975.877930 0.000000 0.659212 0.000000 0.751957 0.729285 0.729285 0.729285
3725.597900 0.000000 6939.019531 0.000000 0.891519 0.000000 0.452984 0.729755 0.729755 0.729755
3746.250488 0.000000 6938.103027 0.000000 0.696072 0.000000 0.717972 0.739503 0.739503 0.739503
3675.955322 0.000000 6969.070801 0.000000 0.962932 0.000000 -0.269746 0.761762 0.761762 0.761762
3725.900879 0.000000 6946.582520 0.000000 0.999431 0.000000 0.033735 0.748168 0.748168 0.748168
3668.726318 0.000000 7017.054199 0.000000 0.529230 0.000000 -0.848478 0.789836 0.789836 0.789836
3721.042969 0.000000 6955.287109 0.000000 0.975609 0.000000 0.219513 0.737983 0.737983 0.737983
3731.186035 0.000000 6963.167969 0.000000 0.892202 0.000000 -0.451636 0.775445 0.775445 0.775445
3696.593750 0.000000 6983.855469 0.000000 0.631962 0.000000 0.774999 0.731737 0.731737 0.731737
3721.815186 0.000000 6974.546387 0.000000 0.995400 0.000000 0.095804 0.744790 0.744790 0.744790
3671.512695 0.000000 6985.733398 0.000000 0.428691 0.000000 0.903451 0.690875 0.690875 0.690875
3714.448242 0.000000 6954.790527 0.000000 0.919763 0.000000 -0.392475 0.756797 0.756797 0.756797
3712.153564 0.000000 6966.636719 0.000000 0.807250 0.000000 -0.590210 0.776006 0.776006 0.776006
3704.459717 0.000000 6983.971191 0.000000 0.628873 0.000000 -0.777508 0.770013 0.770013 0.770013
3735.008545 0.000000 6954.826660 0.000000 0.974518 0.000000 0.224309 0.740257 0.740257 0.740257
3708.649658 0.000000 6991.561523 0.000000 0.755402 0.000000 0.655262 0.723242 0.723242 0.723242
3692.659424 0.000000 7025.248047 0.000000 0.524937 0.000000 -0.851141 0.772877 0.772877 0.772877
3716.306885 0.000000 6988.047852 0.000000 0.011575 0.000000 0.999933 0.679932 0.679932 0.679932
3715.719482 0.000000 7000.668457 0.000000 0.796131 0.000000 0.605125 0.724445 0.724445 0.724445
3726.394775 0.000000 6993.957031 0.000000 0.035658 0.000000 -0.999364 0.833358 0.833358 0.833358
3678.508789 0.000000 6937.069824 0.000000 0.596043 0.000000 0.802952 0.727308 0.727308 0.727308
3725.797363 0.000000 6952.087402 0.000000 0.463929 0.000000 -0.885872 0.764265 0.764265 0.764265
3675.885010 0.000000 7024.700195 0.000000 0.624325 0.000000 -0.781165 0.775180 0.775180 0.775180
3678.154785 0.000000 6958.388672 0.000000 0.277794 0.000000 -0.960641 0.786211 0.786211 0.786211
3674.857666 0.000000 6964.176758 0.000000 0.862227 0.000000 -0.506522 0.756962 0.756962 0.756962
3720.222656 0.000000 6985.176270 0.000000 0.383669 0.000000 0.923471 0.721349 0.721349 0.721349
3730.891113 0.000000 6951.790039 0.000000 0.505441 0.000000 -0.862861 0.787031 0.787031 0.787031
3706.582031 0.000000 7017.646484 0.000000 0.966330 0.000000 -0.257306 0.764131 0.764131 0.764131
3746.720459 0.000000 6942.808105 0.000000 0.976046 0.000000 0.217566 0.745893 0.745893 0.745893
3730.775879 0.000000 6937.224121 0.000000 0.672237 0.000000 -0.740336 0.764047 0.764047 0.764047
3664.366943 0.000000 6977.230957 0.000000 0.892243 0.000000 -0.451555 0.762281 0.762281 0.762281
3684.080078 0.000000 7018.091797 0.000000 0.727599 0.000000 -0.686003 0.766986 0.766986 0.766986
3710.704834 0.000000 6956.861816 0.000000 0.439589 0.000000 -0.898199 0.798046 0.798046 0.798046
3732.778320 0.000000 6958.753906 0.000000 0.281118 0.000000 0.959673 0.725924 0.725924 0.725924
3708.360107 0.000000 7008.868164 0.000000 0.229819 0.000000 0.973233 0.677298 0.677298 0.677298
3690.480225 0.000000 7021.506348 0.000000 0.931733 0.000000 -0.363145 0.756959 0.756959 0.756959
3692.302490 0.000000 7014.743652 0.000000 0.924507 0.000000 -0.381166 0.763180 0.763180 0.763180
3683.372803 0.000000 6974.104492 0.000000 0.787801 0.000000 -0.615930 0.769880 0.769880 0.769880
3727.324707 0.000000 6942.790039 0.000000 0.113993 0.000000 -0.993482 0.780000 0.780000 0.780000
3713.104492 0.000000 6962.591797 0.000000 0.764223 0.000000 -0.644952 0.781500 0.781500 0.781500
3695.628174 0.000000 7022.202148 0.000000 0.628338 0.000000 -0.777940 0.771697 0.771697 0.771697
3708.030029 0.000000 6982.552734 0.000000 0.023876 0.000000 0.999715 0.700760 0.700760 0.700760
3722.560547 0.000000 6970.719238 0.000000 0.709303 0.000000 0.704904 0.711916 0.711916 0.711916
3667.422607 0.000000 6974.975586 0.000000 0.088371 0.000000 -0.996088 0.830489 0.830489 0.830489
3709.380615 0.000000 7014.664062 0.000000 0.920858 0.000000 -0.389898 0.770998 0.770998 0.770998
3686.259033 0.000000 6940.924316 0.000000 0.988035 0.000000 -0.154229 0.758408 0.758408 0.758408
3677.256836 0.000000 6944.480469 0.000000 0.106131 0.000000 0.994352 0.664996 0.664996 0.664996
3713.645020 0.000000 6958.978516 0.000000 0.122751 0.000000 -0.992437 0.834033 0.834033 0.834033
3734.942871 0.000000 6951.094727 0.000000 0.904820 0.000000 0.425794 0.735176 0.735176 0.735176
3655.970947 0.000000 7022.535156 0.000000 0.828943 0.000000 -0.559333 0.768894 0.768894 0.768894
3716.942383 0.000000 6957.347168 0.000000 0.987385 0.000000 0.158336 0.739282 0.739282 0.739282
3673.066650 0.000000 7022.314453 0.000000 0.489333 0.000000 0.872097 0.718260 0.718260 0.718260
3736.946045 0.000000 6947.114746 0.000000 0.996423 0.000000 0.084504 0.747624 0.747624 0.747624
3728.355957 0.000000 6949.405762 0.000000 0.893369 0.000000 0.449323 0.722951 0.722951 0.722951
3682.762695 0.000000 6977.472168 0.000000 0.639033 0.000000 -0.769180 0.774647 0.774647 0.774647
3712.756104 0.000000 7001.959961 0.000000 0.945471 0.000000 -0.325706 0.768014 0.768014 0.768014
3719.563721 0.000000 6982.043945 0.000000 0.664597 0.000000 -0.747202 0.781600 0.781600 0.781600
3713.138672 0.000000 6987.311523 0.000000 0.733545 0.000000 -0.679641 0.796174 0.796174 0.796174
3724.361572 0.000000 6941.845215 0.000000 0.996515 0.000000 0.083410 0.745466 0.745466 0.745466
3720.928955 0.000000 6952.097656 0.000000 0.996852 0.000000 0.079280 0.746285 0.746285 0.746285
3684.387939 0.000000 7021.210449 0.000000 0.100242 0.000000 0.994963 0.670158 0.670158 0.670158
3748.628418 0.000000 6940.070801 0.000000 0.760697 0.000000 -0.649108 0.776454 0.776454 0.776454
3693.968750 0.000000 7012.269043 0.000000 0.790869 0.000000 0.611985 0.720405 0.720405 0.720405
3676.262695 0.000000 6956.085449 0.000000 0.746955 0.000000 -0.664875 0.789494 0.789494 0.789494
3700.659180 0.000000 7016.200684 0.000000 0.941970 0.000000 0.335697 0.733975 0.733975 0.733975
3666.450684 0.000000 6998.206055 0.000000 0.999714 0.000000 0.023922 0.748880 0.748880 0.748880
3730.597900 0.000000 6960.398438 0.000000 0.999446 0.000000 -0.033283 0.752555 0.752555 0.752555
3669.726807 0.000000 7019.499512 0.000000 0.994141 0.000000 0.108088 0.744119 0.744119 0.744119
3718.395020 0.000000 6955.156250 0.000000 0.582084 0.000000 0.813129 0.685997 0.685997 0.685997
3692.851562 0.000000 7022.569336 0.000000 0.736329 0.000000 -0.676624 0.790354 0.790354 0.790354
3711.052246 0.000000 6992.455566 0.000000 0.566972 0.000000 0.823737 0.697439 0.697439 0.697439
3723.969727 0.000000 6944.686035 0.000000 0.279177 0.000000 0.960240 0.684892 0.684892 0.684892
3706.910400 0.000000 7015.188965 0.000000 0.616098 0.000000 0.787670 0.700749 0.700749 0.700749
3721.596924 0.000000 6998.234375 0.000000 0.998182 0.000000 0.060272 0.745596 0.745596 0.745596
3674.569580 0.000000 6966.844238 0.000000 0.848695 0.000000 -0.528882 0.780260 0.780260 0.780260
3748.457520 0.000000 6937.057617 0.000000 0.805072 0.000000 0.593178 0.715520 0.715520 0.715520
3712.616455 0.000000 6969.307129 0.000000 0.110628 0.000000 -0.993862 0.829275 0.829275 0.829275
3736.562988 0.000000 6949.388672 0.000000 0.693315 0.000000 0.720635 0.671648 0.671648 0.671648
3723.297363 0.000000 6972.903320 0.000000 0.660425 0.000000 0.750892 0.684792 0.684792 0.684792
3719.503418 0.000000 6957.125488 0.000000 0.999381 0.000000 0.035178 0.747101 0.747101 0.747101
3727.983398 0.000000 6951.568359 0.000000 0.999513 0.000000 -0.031193 0.752278 0.752278 0.752278
3714.703613 0.000000 6989.437012 0.000000 0.918506 0.000000 -0.395407 0.781207 0.781207 0.781207
3616.909912 0.000000 7079.205078 0.000000 0.990884 0.000000 0.134720 0.748735 0.748735 0.748735
3614.196533 0.000000 7031.493164 0.000000 0.057634 0.000000 0.998338 0.682003 0.682003 0.682003
3593.801758 0.000000 7031.187988 0.000000 0.891477 0.000000 0.453067 0.724468 0.724468 0.724468
3578.861816 0.000000 7086.057617 0.000000 0.012774 0.000000 0.999918 0.735414 0.735414 0.735414
3590.966064 0.000000 7043.888672 0.000000 0.467973 0.000000 -0.883743 0.794645 0.794645 0.794645
3590.951904 0.000000 7086.660156 0.000000 0.176212 0.000000 -0.984352 0.812628 0.812628 0.812628
3562.350586 0.000000 7120.138672 0.000000 0.994998 0.000000 -0.099900 0.751312 0.751312 0.751312
3586.503662 0.000000 7036.169922 0.000000 0.144504 0.000000 -0.989504 0.816741 0.816741 0.816741
3611.523682 0.000000 7090.541504 0.000000 0.848142 0.000000 0.529770 0.719683 0.719683 0.719683
3569.896484 0.000000 7086.386230 0.000000 0.261742 0.000000 0.965138 0.725547 0.725547 0.725547
3579.566895 0.000000 7053.271973 0.000000 0.773985 0.000000 -0.633203 0.787233 0.787233 0.787233
3617.025635 0.000000 7039.084473 0.000000 0.352256 0.000000 0.935904 0.684253 0.684253 0.684253
3596.595459 0.000000 7038.437988 0.000000 0.876437 0.000000 -0.481517 0.757525 0.757525 0.757525
3566.635010 0.000000 7073.854980 0.000000 0.503307 0.000000 -0.864108 0.779304 0.779304 0.779304
3615.514648 0.000000 7054.647949 0.000000 0.020925 0.000000 -0.999781 0.781922 0.781922 0.781922
3613.366211 0.000000 7068.151367 0.000000 0.769973 0.000000 0.638077 0.738339 0.738339 0.738339
3577.770508 0.000000 7079.475586 0.000000 0.655370 0.000000 -0.755308 0.778854 0.778854 0.778854
3568.783203 0.000000 7108.444336 0.000000 0.949632 0.000000 0.313366 0.742242 0.742242 0.742242
3589.973389 0.000000 7074.551270 0.000000 0.758999 0.000000 -0.651091 0.764603 0.764603 0.764603
3589.367920 0.000000 7050.272461 0.000000 0.215002 0.000000 -0.976614 0.823528 0.823528 0.823528
3580.089600 0.000000 7096.724609 0.000000 0.240578 0.000000 0.970630 0.725137 0.725137 0.725137
3568.239258 0.000000 7032.501465 0.000000 0.998243 0.000000 -0.059250 0.753108 0.753108 0.753108
3605.513916 0.000000 7117.575195 0.000000 0.000950 0.000000 -1.000000 0.829364 0.829364 0.829364
3594.277832 0.000000 7122.539062 0.000000 0.015318 0.000000 0.999883 0.706313 0.706313 0.706313
3585.733398 0.000000 7084.421875 0.000000 0.695814 0.000000 0.718222 0.736498 0.736498 0.736498
3586.016602 0.000000 7041.585938 0.000000 0.798263 0.000000 -0.602309 0.777837 0.777837 0.777837
3578.950195 0.000000 7091.372559 0.000000 0.061753 0.000000 -0.998091 0.814986 0.814986 0.814986
3611.603271 0.000000 7099.118164 0.000000 0.310847 0.000000 0.950460 0.681869 0.681869 0.681869
3579.838623 0.000000 7108.657227 0.000000 0.851108 0.000000 -0.524991 0.769663 0.769663 0.769663
3569.891113 0.000000 7091.707520 0.000000 0.238243 0.000000 -0.971206 0.822232 0.822232 0.822232
3627.098633 0.000000 7030.768555 0.000000 0.058829 0.000000 -0.998268 0.820774 0.820774 0.820774
3567.749512 0.000000 7120.413574 0.000000 0.344147 0.000000 0.938916 0.699766 0.699766 0.699766
3581.655762 0.000000 7082.103027 0.000000 0.899848 0.000000 0.436204 0.725490 0.725490 0.725490
3586.730469 0.000000 7102.461426 0.000000 0.020713 0.000000 -0.999785 0.813853 0.813853 0.813853
3569.425293 0.000000 7096.128418 0.000000 0.089956 0.000000 0.995946 0.680687 0.680687 0.680687
3566.376953 0.000000 7069.334473 0.000000 0.994645 0.000000 0.103353 0.747867 0.747867 0.747867
3612.276855 0.000000 7081.796875 0.000000 0.898312 0.000000 0.439358 0.735521 0.735521 0.735521
3598.560303 0.000000 7108.485840 0.000000 0.988479 0.000000 0.151355 0.741750 0.741750 0.741750
3583.344971 0.000000 7094.458496 0.000000 0.059056 0.000000 -0.998255 0.832085 0.832085 0.832085
3587.376465 0.000000 7088.111816 0.000000 0.300284 0.000000 0.953850 0.645715 0.645715 0.645715
3574.164307 0.000000 7077.556152 0.000000 0.963797 0.000000 -0.266636 0.761623 0.761623 0.761623
3572.829346 0.000000 7107.061523 0.000000 0.998951 0.000000 0.045801 0.748799 0.748799 0.748799
3582.442139 0.000000 7086.992676 0.000000 0.022901 0.000000 -0.999738 0.819559 0.819559 0.819559
3617.212402 0.000000 7069.153320 0.000000 0.858368 0.000000 -0.513034 0.770174 0.770174 0.770174
3571.722656 0.000000 7033.996094 0.000000 0.326430 0.000000 -0.945221 0.817238 0.817238 0.817238
3599.904297 0.000000 7122.427246 0.000000 0.414387 0.000000 0.910101 0.720024 0.720024 0.720024
3615.239258 0.000000 7062.030762 0.000000 0.775643 0.000000 0.631172 0.725699 0.725699 0.725699
3564.923340 0.000000 7123.181641 0.000000 0.875629 0.000000 -0.482984 0.766045 0.766045 0.766045
3589.020508 0.000000 7071.214355 0.000000 0.743088 0.000000 -0.669194 0.776081 0.776081 0.776081
3569.922852 0.000000 7082.864746 0.000000 0.682939 0.000000 0.730475 0.720863 0.720863 0.720863
3608.853516 0.000000 7092.579590 0.000000 0.949819 0.000000 -0.312799 0.764296 0.764296 0.764296
3608.248291 0.000000 7098.816895 0.000000 0.457575 0.000000 -0.889171 0.805385 0.805385 0.805385
3604.857910 0.000000 7114.369141 0.000000 0.417930 0.000000 0.908479 0.690252 0.690252 0.690252
3589.062256 0.000000 7040.494629 0.000000 0.227361 0.000000 -0.973810 0.835398 0.835398 0.835398
3615.572754 0.000000 7082.168457 0.000000 0.182229 0.000000 0.983256 0.708431 0.708431 0.708431
3610.411621 0.000000 7109.074219 0.000000 0.300718 0.000000 0.953713 0.683661 0.683661 0.683661
3612.376465 0.000000 7053.583984 0.000000 0.999088 0.000000 0.042701 0.747921 0.747921 0.747921
3626.270020 0.000000 7033.992188 0.000000 0.064352 0.000000 -0.997927 0.831797 0.831797 0.831797
3569.432617 0.000000 7035.848633 0.000000 0.422744 0.000000 0.906249 0.684158 0.684158 0.684158
3564.045166 0.000000 7038.244141 0.000000 0.808444 0.000000 -0.588573 0.784171 0.784171 0.784171
3620.932129 0.000000 7035.832520 0.000000 0.979156 0.000000 -0.203109 0.760340 0.760340 0.760340
3594.027344 0.000000 7037.125977 0.000000 0.750582 0.000000 -0.660777 0.789197 0.789197 0.789197
3579.709961 0.000000 7069.519043 0.000000 0.782963 0.000000 -0.622069 0.778913 0.778913 0.778913
3629.084229 0.000000 7033.077637 0.000000 0.803504 0.000000 -0.595299 0.783430 0.783430 0.783430
3581.100342 0.000000 7046.532715 0.000000 0.455982 0.000000 -0.889989 0.801366 0.801366 0.801366
3571.786621 0.000000 7109.578125 0.000000 0.903738 0.000000 0.428085 0.729292 0.729292 0.729292
3597.125977 0.000000 7121.543945 0.000000 0.578651 0.000000 -0.815576 0.801787 0.801787 0.801787
3588.391846 0.000000 7085.506836 0.000000 0.964257 0.000000 0.264970 0.726902 0.726902 0.726902
3588.149658 0.000000 7043.291992 0.000000 0.310348 0.000000 -0.950623 0.818159 0.818159 0.818159
3587.493408 0.000000 7090.784668 0.000000 0.927062 0.000000 -0.374907 0.770867 0.770867 0.770867
3583.112061 0.000000 7084.450195 0.000000 0.748417 0.000000 -0.663228 0.807025 0.807025 0.807025
3578.025146 0.000000 7051.033691 0.000000 0.403069 0.000000 0.915169 0.687233 0.687233 0.687233
3609.735840 0.000000 7100.895020 0.000000 0.363455 0.000000 0.931612 0.691638 0.691638 0.691638
3568.113281 0.000000 7071.174316 0.000000 0.364145 0.000000 0.931342 0.684944 0.684944 0.684944
3615.803711 0.000000 7033.527344 0.000000 0.062550 0.000000 -0.998042 0.831895 0.831895 0.831895
3580.211914 0.000000 7084.036621 0.000000 0.176225 0.000000 0.984350 0.632573 0.632573 0.632573
3589.604004 0.000000 7088.925781 0.000000 0.455054 0.000000 0.890464 0.624548 0.624548 0.624548
3568.812988 0.000000 7038.013184 0.000000 0.793161 0.000000 0.609012 0.699731 0.699731 0.699731
3588.970459 0.000000 7087.221191 0.000000 0.267918 0.000000 -0.963442 0.895999 0.895999 0.895999
3426.712158 0.000000 7125.235352 0.000000 0.827075 0.000000 0.562092 0.717588 0.717588 0.717588
3406.317383 0.000000 7124.930176 0.000000 0.712392 0.000000 -0.701782 0.792240 0.792240 0.792240
3455.830078 0.000000 7154.476562 0.000000 0.332692 0.000000 0.943036 0.738469 0.738469 0.738469
3464.705078 0.000000 7154.917969 0.000000 0.220276 0.000000 -0.975438 0.792930 0.792930 0.792930
3409.111084 0.000000 7132.180176 0.000000 0.082087 0.000000 -0.996625 0.822470 0.822470 0.822470
3428.030273 0.000000 7148.390137 0.000000 0.931311 0.000000 -0.364224 0.763263 0.763263 0.763263
3442.568359 0.000000 7149.388184 0.000000 0.611008 0.000000 -0.791624 0.758552 0.758552 0.758552
3449.959473 0.000000 7150.652344 0.000000 0.779217 0.000000 0.626754 0.739853 0.739853 0.739853
3410.751709 0.000000 7139.199707 0.000000 0.460019 0.000000 0.887909 0.717262 0.717262 0.717262
3419.796387 0.000000 7141.005371 0.000000 0.575081 0.000000 -0.818096 0.785879 0.785879 0.785879
3453.781982 0.000000 7142.311035 0.000000 0.978629 0.000000 -0.205635 0.753102 0.753102 0.753102
3457.752686 0.000000 7137.680664 0.000000 0.996294 0.000000 0.086016 0.745324 0.745324 0.745324
3444.570801 0.000000 7139.571777 0.000000 0.664389 0.000000 -0.747387 0.778450 0.778450 0.778450
3465.461670 0.000000 7172.301758 0.000000 0.311147 0.000000 0.950362 0.724164 0.724164 0.724164
3463.380371 0.000000 7195.038574 0.000000 0.922655 0.000000 -0.385628 0.771497 0.771497 0.771497
3462.086914 0.000000 7202.095215 0.000000 0.862391 0.000000 -0.506242 0.764909 0.764909 0.764909
3468.010742 0.000000 7151.582031 0.000000 0.959969 0.000000 -0.280107 0.762226 0.762226 0.762226
3409.484375 0.000000 7127.929199 0.000000 0.097238 0.000000 -0.995261 0.802418 0.802418 0.802418
3438.669678 0.000000 7151.377930 0.000000 0.988888 0.000000 -0.148664 0.755588 0.755588 0.755588
3446.653076 0.000000 7148.052734 0.000000 0.985498 0.000000 0.169689 0.740741 0.740741 0.740741
3431.877930 0.000000 7150.076172 0.000000 0.212047 0.000000 0.977259 0.678849 0.678849 0.678849
3461.782471 0.000000 7147.761230 0.000000 0.598990 0.000000 -0.800757 0.800421 0.800421 0.800421
3453.822998 0.000000 7151.436523 0.000000 0.736218 0.000000 -0.676745 0.773661 0.773661 0.773661
3453.716309 0.000000 7138.579102 0.000000 0.867365 0.000000 -0.497672 0.762680 0.762680 0.762680
3418.658203 0.000000 7150.261230 0.000000 0.650620 0.000000 0.759404 0.725779 0.725779 0.725779
3457.314453 0.000000 7151.741699 0.000000 0.705659 0.000000 0.708552 0.704293 0.704293 0.704293
3447.194824 0.000000 7141.175293 0.000000 0.832307 0.000000 0.554314 0.722497 0.722497 0.722497
3467.257324 0.000000 7174.830566 0.000000 0.443978 0.000000 -0.896038 0.810314 0.810314 0.810314
3416.848145 0.000000 7140.164551 0.000000 0.505165 0.000000 0.863023 0.693462 0.693462 0.693462
3465.936279 0.000000 7180.207520 0.000000 0.791007 0.000000 -0.611807 0.784515 0.784515 0.784515
3411.403809 0.000000 7130.233887 0.000000 0.195705 0.000000 -0.980663 0.806592 0.806592 0.806592
3429.513916 0.000000 7151.507812 0.000000 0.589755 0.000000 -0.807582 0.801044 0.801044 0.801044
3451.697754 0.000000 7140.783203 0.000000 0.509524 0.000000 0.860456 0.693736 0.693736 0.693736
3467.058105 0.000000 7153.908691 0.000000 0.244677 0.000000 -0.969605 0.859047 0.859047 0.859047
3460.019531 0.000000 7200.347168 0.000000 0.222086 0.000000 0.975027 0.676866 0.676866 0.676866
3411.983154 0.000000 7132.585938 0.000000 0.999047 0.000000 -0.043653 0.752371 0.752371 0.752371
3523.167725 0.000000 7172.947266 0.000000 0.907197 0.000000 -0.420706 0.754065 0.754065 0.754065
3514.334717 0.000000 7206.354004 0.000000 0.617388 0.000000 -0.786659 0.761867 0.761867 0.761867
3482.627441 0.000000 7139.420898 0.000000 0.271239 0.000000 -0.962512 0.820379 0.820379 0.820379
3500.059570 0.000000 7124.930176 0.000000 0.067251 0.000000 -0.997736 0.820379 0.820379 0.820379
3469.504883 0.000000 7174.463867 0.000000 0.785057 0.000000 0.619424 0.731238 0.731238 0.731238
3488.130371 0.000000 7207.107422 0.000000 0.796153 0.000000 -0.605095 0.777988 0.777988 0.777988
3526.947021 0.000000 7161.891602 0.000000 0.616117 0.000000 0.787655 0.733017 0.733017 0.733017
3545.619385 0.000000 7192.269043 0.000000 0.580788 0.000000 -0.814055 0.776713 0.776713 0.776713
3513.457275 0.000000 7176.871094 0.000000 0.996076 0.000000 0.088500 0.749170 0.749170 0.749170
3555.861084 0.000000 7133.749023 0.000000 0.449506 0.000000 0.893277 0.687953 0.687953 0.687953
3494.947998 0.000000 7201.241699 0.000000 0.331449 0.000000 0.943473 0.683051 0.683051 0.683051
3517.781494 0.000000 7184.283691 0.000000 0.211043 0.000000 -0.977477 0.795774 0.795774 0.795774
3483.638916 0.000000 7214.798340 0.000000 0.839717 0.000000 -0.543024 0.772571 0.772571 0.772571
3476.624512 0.000000 7218.085449 0.000000 0.700301 0.000000 0.713848 0.741069 0.741069 0.741069
3538.416504 0.000000 7134.066895 0.000000 0.995007 0.000000 -0.099809 0.754680 0.754680 0.754680
3538.693115 0.000000 7194.678711 0.000000 0.632479 0.000000 -0.774577 0.774886 0.774886 0.774886
3469.829834 0.000000 7206.645020 0.000000 0.877686 0.000000 -0.479237 0.765909 0.765909 0.765909
3534.330811 0.000000 7162.030762 0.000000 0.899488 0.000000 -0.436945 0.756774 0.756774 0.756774
3507.142578 0.000000 7192.563965 0.000000 0.437731 0.000000 -0.899106 0.819064 0.819064 0.819064
3524.669189 0.000000 7154.121094 0.000000 0.138213 0.000000 -0.990402 0.782179 0.782179 0.782179
3516.975342 0.000000 7171.455566 0.000000 0.180265 0.000000 -0.983618 0.776018 0.776018 0.776018
3509.368896 0.000000 7200.621094 0.000000 0.782023 0.000000 0.623250 0.713462 0.713462 0.713462
3496.231201 0.000000 7168.293457 0.000000 0.998338 0.000000 -0.057623 0.753131 0.753131 0.753131
3541.203857 0.000000 7172.490723 0.000000 0.523637 0.000000 0.851941 0.727089 0.727089 0.727089
3510.099609 0.000000 7153.069336 0.000000 0.170787 0.000000 0.985308 0.708083 0.708083 0.708083
3547.673340 0.000000 7215.849121 0.000000 0.940819 0.000000 -0.338910 0.768127 0.768127 0.768127
3538.312988 0.000000 7139.571777 0.000000 0.330874 0.000000 0.943675 0.726903 0.726903 0.726903
3553.747803 0.000000 7158.163086 0.000000 0.727364 0.000000 -0.686252 0.782571 0.782571 0.782571
3492.274414 0.000000 7135.328125 0.000000 0.974234 0.000000 -0.225540 0.761927 0.761927 0.761927
3512.533691 0.000000 7182.589355 0.000000 0.863743 0.000000 -0.503932 0.761867 0.761867 0.761867
3468.868408 0.000000 7192.112305 0.000000 0.872106 0.000000 -0.489317 0.765318 0.765318 0.765318
3476.406982 0.000000 7152.843262 0.000000 0.182500 0.000000 0.983206 0.729220 0.729220 0.729220
3526.196533 0.000000 7137.228516 0.000000 0.519778 0.000000 0.854302 0.703974 0.703974 0.703974
3486.096436 0.000000 7202.399414 0.000000 0.704026 0.000000 0.710175 0.727819 0.727819 0.727819
3479.204346 0.000000 7192.861816 0.000000 0.201379 0.000000 0.979513 0.716700 0.716700 0.716700
3481.711182 0.000000 7144.208008 0.000000 0.793672 0.000000 0.608346 0.714489 0.714489 0.714489
3539.362793 0.000000 7161.666992 0.000000 0.999859 0.000000 -0.016812 0.750315 0.750315 0.750315
3500.923584 0.000000 7177.575684 0.000000 0.731310 0.000000 -0.682045 0.783728 0.783728 0.783728
3517.777832 0.000000 7209.504883 0.000000 0.835020 0.000000 0.550219 0.718363 0.718363 0.718363
3479.231445 0.000000 7214.402832 0.000000 0.925839 0.000000 0.377919 0.729682 0.729682 0.729682
3476.882568 0.000000 7164.715332 0.000000 0.728463 0.000000 -0.685085 0.765545 0.765545 0.765545
3519.199219 0.000000 7188.604492 0.000000 0.648011 0.000000 -0.761631 0.766212 0.766212 0.766212
3501.331055 0.000000 7136.295410 0.000000 0.990334 0.000000 -0.138701 0.755211 0.755211 0.755211
3503.226562 0.000000 7127.929199 0.000000 0.505306 0.000000 -0.862940 0.769493 0.769493 0.769493
3516.563477 0.000000 7179.804688 0.000000 0.989612 0.000000 -0.143762 0.756213 0.756213 0.756213
3535.534424 0.000000 7154.272461 0.000000 0.571155 0.000000 0.820842 0.712139 0.712139 0.712139
3525.383301 0.000000 7177.888672 0.000000 0.403673 0.000000 0.914903 0.719716 0.719716 0.719716
3498.688965 0.000000 7199.302246 0.000000 0.775008 0.000000 0.631951 0.721821 0.721821 0.721821
3513.003906 0.000000 7172.656738 0.000000 0.575761 0.000000 -0.817618 0.780471 0.780471 0.780471
3513.736572 0.000000 7154.953125 0.000000 0.998329 0.000000 -0.057793 0.753140 0.753140 0.753140
3472.310547 0.000000 7158.572266 0.000000 0.431877 0.000000 0.901932 0.701585 0.701585 0.701585
3525.620117 0.000000 7150.076172 0.000000 0.440204 0.000000 0.897898 0.716597 0.716597 0.716597
3474.459961 0.000000 7149.216309 0.000000 0.007218 0.000000 0.999974 0.673881 0.673881 0.673881
3535.274658 0.000000 7136.830078 0.000000 0.145314 0.000000 0.989386 0.709978 0.709978 0.709978
3476.966064 0.000000 7169.360352 0.000000 0.893176 0.000000 -0.449706 0.765720 0.765720 0.765720
3484.622070 0.000000 7198.826172 0.000000 0.514384 0.000000 -0.857560 0.807886 0.807886 0.807886
3537.190918 0.000000 7164.945312 0.000000 0.799774 0.000000 0.600302 0.730710 0.730710 0.730710
3511.222412 0.000000 7192.399414 0.000000 0.542554 0.000000 0.840021 0.725724 0.725724 0.725724
3509.176025 0.000000 7189.249512 0.000000 0.409936 0.000000 0.912114 0.700543 0.700543 0.700543
3543.026367 0.000000 7169.305664 0.000000 0.611364 0.000000 0.791350 0.722647 0.722647 0.722647
3523.470215 0.000000 7162.895508 0.000000 0.998194 0.000000 -0.060077 0.752026 0.752026 0.752026
3495.012939 0.000000 7171.805176 0.000000 0.303860 0.000000 0.952717 0.716917 0.716917 0.716917
3469.615479 0.000000 7151.264160 0.000000 0.911813 0.000000 -0.410607 0.768222 0.768222 0.768222
3475.787842 0.000000 7156.466797 0.000000 0.228799 0.000000 0.973474 0.709857 0.709857 0.709857
3540.871582 0.000000 7136.890137 0.000000 0.838994 0.000000 0.544141 0.719835 0.719835 0.719835
3491.568848 0.000000 7206.231445 0.000000 0.553839 0.000000 0.832624 0.713157 0.713157 0.713157
3552.319580 0.000000 7148.667480 0.000000 0.993100 0.000000 0.117269 0.743618 0.743618 0.743618
3552.648438 0.000000 7133.895508 0.000000 0.351132 0.000000 0.936326 0.709151 0.709151 0.709151
3500.524902 0.000000 7196.276367 0.000000 0.597332 0.000000 0.801994 0.704695 0.704695 0.704695
3495.585205 0.000000 7198.025391 0.000000 0.352569 0.000000 -0.935786 0.811196 0.811196 0.811196
3537.841064 0.000000 7197.743652 0.000000 0.198230 0.000000 -0.980156 0.824458 0.824458 0.824458
3525.654297 0.000000 7174.795898 0.000000 0.414793 0.000000 0.909916 0.687931 0.687931 0.687931
3496.636475 0.000000 7177.339844 0.000000 0.991084 0.000000 -0.133235 0.756005 0.756005 0.756005
3501.347412 0.000000 7200.911133 0.000000 0.808272 0.000000 0.588810 0.714635 0.714635 0.714635
3516.304199 0.000000 7189.962891 0.000000 0.985904 0.000000 -0.167315 0.759128 0.759128 0.759128
3490.379395 0.000000 7209.383301 0.000000 0.152315 0.000000 -0.988332 0.819026 0.819026 0.819026
3481.327148 0.000000 7216.880859 0.000000 0.817399 0.000000 0.576072 0.697123 0.697123 0.697123
3498.817139 0.000000 7134.641113 0.000000 0.035827 0.000000 0.999358 0.669526 0.669526 0.669526
3509.454834 0.000000 7194.780762 0.000000 0.081037 0.000000 -0.996711 0.830889 0.830889 0.830889
3474.001465 0.000000 7146.351074 0.000000 0.435688 0.000000 -0.900098 0.810816 0.810816 0.810816
3523.257812 0.000000 7124.793945 0.000000 0.999551 0.000000 0.029967 0.748821 0.748821 0.748821
3478.397217 0.000000 7190.109863 0.000000 0.302079 0.000000 -0.953283 0.818631 0.818631 0.818631
3559.991455 0.000000 7213.756348 0.000000 0.957463 0.000000 -0.288556 0.765895 0.765895 0.765895
3554.315430 0.000000 7135.922852 0.000000 0.163209 0.000000 -0.986591 0.855368 0.855368 0.855368
3536.955322 0.000000 7152.004395 0.000000 0.991383 0.000000 0.130992 0.743113 0.743113 0.743113
3543.881104 0.000000 7171.791504 0.000000 0.900310 0.000000 0.435249 0.725548 0.725548 0.725548
3527.674805 0.000000 7139.427246 0.000000 0.589000 0.000000 -0.808133 0.801095 0.801095 0.801095
3536.966797 0.000000 7162.240723 0.000000 0.304268 0.000000 -0.952586 0.818506 0.818506 0.818506
3503.560791 0.000000 7125.488770 0.000000 0.800545 0.000000 0.599272 0.715107 0.715107 0.715107
3468.947998 0.000000 7153.794922 0.000000 0.998556 0.000000 0.053726 0.747081 0.747081 0.747081
3478.795654 0.000000 7217.103516 0.000000 0.744384 0.000000 0.667751 0.696606 0.696606 0.696606
3506.962402 0.000000 7190.125488 0.000000 0.998841 0.000000 0.048137 0.746393 0.746393 0.746393
3535.978516 0.000000 7139.171875 0.000000 0.874461 0.000000 -0.485096 0.791726 0.791726 0.791726
3498.869385 0.000000 7178.762207 0.000000 0.371420 0.000000 0.928465 0.620738 0.620738 0.620738
3500.839844 0.000000 7198.707520 0.000000 0.837789 0.000000 -0.545994 0.810562 0.810562 0.810562
3486.803223 0.000000 7198.955566 0.000000 0.036378 0.000000 0.999338 0.620713 0.620713 0.620713
3498.575684 0.000000 7176.997559 0.000000 0.914321 0.000000 -0.404990 0.789817 0.789817 0.789817
3462.118896 0.000000 7227.491211 0.000000 0.556299 0.000000 -0.830982 0.753673 0.753673 0.753673
3467.526855 0.000000 7228.248047 0.000000 0.644776 0.000000 0.764372 0.706014 0.706014 0.706014
3466.898438 0.000000 7297.141602 0.000000 0.860215 0.000000 -0.509931 0.768035 0.768035 0.768035
3462.063965 0.000000 7231.907227 0.000000 0.756119 0.000000 0.654434 0.728627 0.728627 0.728627
3464.679443 0.000000 7229.937012 0.000000 0.455823 0.000000 0.890071 0.690406 0.690406 0.690406
3539.180176 0.000000 7250.300293 0.000000 0.999025 0.000000 -0.044151 0.750992 0.750992 0.750992
3480.423584 0.000000 7261.113770 0.000000 0.689358 0.000000 0.724420 0.727245 0.727245 0.727245
3492.544678 0.000000 7284.603027 0.000000 0.979869 0.000000 0.199642 0.745108 0.745108 0.745108
3517.954102 0.000000 7248.789551 0.000000 0.692976 0.000000 0.720960 0.740954 0.740954 0.740954
3554.024414 0.000000 7237.962891 0.000000 0.727659 0.000000 -0.685940 0.766984 0.766984 0.766984
3507.969238 0.000000 7279.398438 0.000000 0.551201 0.000000 0.834372 0.696406 0.696406 0.696406
3535.325928 0.000000 7295.000000 0.000000 0.899698 0.000000 -0.436513 0.764379 0.764379 0.764379
3545.619385 0.000000 7286.011230 0.000000 0.969879 0.000000 0.243588 0.736639 0.736639 0.736639
3546.858643 0.000000 7262.430176 0.000000 0.653850 0.000000 0.756624 0.735539 0.735539 0.735539
3480.555420 0.000000 7281.869629 0.000000 0.997904 0.000000 0.064709 0.748303 0.748303 0.748303
3478.398193 0.000000 7225.020996 0.000000 0.850255 0.000000 0.526371 0.705369 0.705369 0.705369
3492.761475 0.000000 7223.654297 0.000000 0.117985 0.000000 -0.993015 0.782637 0.782637 0.782637
3483.638916 0.000000 7308.540527 0.000000 0.964996 0.000000 -0.262265 0.754969 0.754969 0.754969
3485.824707 0.000000 7240.756348 0.000000 0.976571 0.000000 0.215196 0.748782 0.748782 0.748782
3476.312988 0.000000 7253.791504 0.000000 0.378962 0.000000 -0.925412 0.805336 0.805336 0.805336
3490.046387 0.000000 7234.510254 0.000000 0.960731 0.000000 0.277482 0.745788 0.745788 0.745788
3488.470947 0.000000 7250.297363 0.000000 0.988537 0.000000 0.150977 0.746878 0.746878 0.746878
3469.829834 0.000000 7300.387207 0.000000 0.357650 0.000000 0.933856 0.736462 0.736462 0.736462
3506.781494 0.000000 7258.442871 0.000000 0.254599 0.000000 -0.967047 0.816397 0.816397 0.816397
3519.624023 0.000000 7255.635742 0.000000 0.696954 0.000000 -0.717116 0.764973 0.764973 0.764973
3509.109375 0.000000 7265.082031 0.000000 0.865409 0.000000 -0.501067 0.778498 0.778498 0.778498
3507.142578 0.000000 7286.306152 0.000000 0.359551 0.000000 0.933125 0.725222 0.725222 0.725222
3559.681641 0.000000 7241.471680 0.000000 0.433775 0.000000 0.901021 0.737394 0.737394 0.737394
3521.165283 0.000000 7272.788086 0.000000 0.059439 0.000000 -0.998232 0.815086 0.815086 0.815086
3500.501465 0.000000 7297.645508 0.000000 0.132528 0.000000 -0.991179 0.795769 0.795769 0.795769
3522.834717 0.000000 7260.623535 0.000000 0.375865 0.000000 -0.926674 0.774417 0.774417 0.774417
3497.658447 0.000000 7268.141113 0.000000 0.796516 0.000000 0.604618 0.714744 0.714744 0.714744
3491.991211 0.000000 7271.906250 0.000000 0.937035 0.000000 -0.349236 0.762024 0.762024 0.762024
3560.318848 0.000000 7253.992188 0.000000 0.983262 0.000000 0.182198 0.742110 0.742110 0.742110
3479.853027 0.000000 7218.165527 0.000000 0.427694 0.000000 -0.903923 0.777478 0.777478 0.777478
3538.427979 0.000000 7299.568359 0.000000 0.825337 0.000000 -0.564641 0.758988 0.758988 0.758988
3497.572754 0.000000 7225.638184 0.000000 0.348154 0.000000 -0.937437 0.781855 0.781855 0.781855
3530.531006 0.000000 7293.487305 0.000000 0.448146 0.000000 -0.893960 0.805919 0.805919 0.805919
3481.711182 0.000000 7237.950195 0.000000 0.443982 0.000000 -0.896036 0.783277 0.783277 0.783277
3474.007324 0.000000 7307.897949 0.000000 0.628050 0.000000 -0.778173 0.773376 0.773376 0.773376
3524.367432 0.000000 7222.059570 0.000000 0.386274 0.000000 0.922384 0.721418 0.721418 0.721418
3482.089600 0.000000 7243.445801 0.000000 0.113840 0.000000 0.993499 0.670901 0.670901 0.670901
3502.723389 0.000000 7287.584961 0.000000 0.772276 0.000000 0.635287 0.734533 0.734533 0.734533
3534.757080 0.000000 7290.632812 0.000000 0.746925 0.000000 0.664909 0.714590 0.714590 0.714590
3485.964111 0.000000 7236.365723 0.000000 0.991028 0.000000 0.133655 0.746737 0.746737 0.746737
3501.331055 0.000000 7230.037598 0.000000 0.816863 0.000000 -0.576831 0.760361 0.760361 0.760361
3496.595703 0.000000 7299.318359 0.000000 0.411037 0.000000 -0.911619 0.771480 0.771480 0.771480
3550.060791 0.000000 7265.272461 0.000000 0.034464 0.000000 0.999406 0.706851 0.706851 0.706851
3498.688965 0.000000 7293.044434 0.000000 0.921473 0.000000 0.388441 0.739542 0.739542 0.739542
3472.059814 0.000000 7304.190430 0.000000 0.963504 0.000000 0.267694 0.738329 0.738329 0.738329
3527.307373 0.000000 7286.009766 0.000000 0.484148 0.000000 0.874986 0.692148 0.692148 0.692148
3505.851807 0.000000 7228.983398 0.000000 0.877556 0.000000 -0.479474 0.764981 0.764981 0.764981
3540.395264 0.000000 7241.794922 0.000000 0.069573 0.000000 0.997577 0.679730 0.679730 0.679730
3509.797363 0.000000 7261.127441 0.000000 0.082891 0.000000 0.996559 0.685927 0.685927 0.685927
3479.941895 0.000000 7251.700195 0.000000 0.096849 0.000000 0.995299 0.683771 0.683771 0.683771
3483.541504 0.000000 7258.383789 0.000000 0.521389 0.000000 -0.853319 0.805512 0.805512 0.805512
3553.450195 0.000000 7283.881348 0.000000 0.999719 0.000000 -0.023695 0.750754 0.750754 0.750754
3520.545654 0.000000 7263.779297 0.000000 0.496681 0.000000 -0.867933 0.781487 0.781487 0.781487
3559.554932 0.000000 7257.703125 0.000000 0.916330 0.000000 -0.400423 0.767742 0.767742 0.767742
3472.948486 0.000000 7292.827148 0.000000 0.470269 0.000000 -0.882523 0.808709 0.808709 0.808709
3517.288818 0.000000 7252.419922 0.000000 0.567342 0.000000 0.823482 0.704710 0.704710 0.704710
3508.795898 0.000000 7250.429688 0.000000 0.943334 0.000000 0.331844 0.737966 0.737966 0.737966
3488.699951 0.000000 7274.477051 0.000000 0.074903 0.000000 -0.997191 0.803215 0.803215 0.803215
3523.470215 0.000000 7256.637695 0.000000 0.957605 0.000000 0.288085 0.740698 0.740698 0.740698
3482.614990 0.000000 7285.013184 0.000000 0.590981 0.000000 -0.806686 0.776359 0.776359 0.776359
3558.177490 0.000000 7244.767578 0.000000 0.158429 0.000000 0.987370 0.699778 0.699778 0.699778
3475.787842 0.000000 7250.208984 0.000000 0.903863 0.000000 0.427823 0.725995 0.725995 0.725995
3494.248779 0.000000 7269.104004 0.000000 0.173344 0.000000 0.984861 0.674166 0.674166 0.674166
3549.461670 0.000000 7228.341309 0.000000 0.858744 0.000000 0.512405 0.728846 0.728846 0.728846
3499.848877 0.000000 7301.145020 0.000000 0.821993 0.000000 0.569498 0.730714 0.730714 0.730714
3549.569092 0.000000 7285.653809 0.000000 0.831302 0.000000 -0.555821 0.782002 0.782002 0.782002
3520.831543 0.000000 7305.046387 0.000000 0.735667 0.000000 0.677343 0.720740 0.720740 0.720740
3474.492676 0.000000 7229.819824 0.000000 0.278160 0.000000 0.960535 0.713799 0.713799 0.713799
3492.656006 0.000000 7280.708984 0.000000 0.062425 0.000000 -0.998050 0.803660 0.803660 0.803660
3483.853271 0.000000 7281.873047 0.000000 0.214465 0.000000 -0.976732 0.790583 0.790583 0.790583
3541.750977 0.000000 7248.184570 0.000000 0.525538 0.000000 -0.850770 0.805247 0.805247 0.805247
3555.615479 0.000000 7235.145996 0.000000 0.890819 0.000000 -0.454359 0.769429 0.769429 0.769429
3496.636475 0.000000 7271.082031 0.000000 0.795578 0.000000 0.605851 0.715878 0.715878 0.715878
3495.812256 0.000000 7223.060547 0.000000 0.803349 0.000000 0.595509 0.715362 0.715362 0.715362
3501.347412 0.000000 7294.653320 0.000000 0.085337 0.000000 -0.996352 0.819530 0.819530 0.819530
3496.903564 0.000000 7302.437012 0.000000 0.534038 0.000000 -0.845461 0.789613 0.789613 0.789613
3490.258789 0.000000 7231.473145 0.000000 0.761288 0.000000 0.648414 0.726222 0.726222 0.726222
3476.225098 0.000000 7227.333984 0.000000 0.332606 0.000000 -0.943066 0.853784 0.853784 0.853784
3481.145508 0.000000 7268.029785 0.000000 0.530347 0.000000 0.847781 0.695060 0.695060 0.695060
3494.839111 0.000000 7282.692871 0.000000 0.990417 0.000000 -0.138109 0.755188 0.755188 0.755188
3485.065918 0.000000 7243.578125 0.000000 0.999506 0.000000 -0.031432 0.751707 0.751707 0.751707
3490.062500 0.000000 7246.451660 0.000000 0.001608 0.000000 -0.999999 0.814640 0.814640 0.814640
3504.713623 0.000000 7289.715820 0.000000 0.626239 0.000000 0.779631 0.701452 0.701452 0.701452
3553.312744 0.000000 7233.500000 0.000000 0.692307 0.000000 0.721604 0.707737 0.707737 0.707737
3543.113525 0.000000 7241.625000 0.000000 0.148750 0.000000 -0.988875 0.811217 0.811217 0.811217
3479.389893 0.000000 7227.506348 0.000000 0.073859 0.000000 0.997269 0.598651 0.598651 0.598651
3489.369873 0.000000 7271.934570 0.000000 0.636069 0.000000 -0.771633 0.814364 0.814364 0.814364
3547.487793 0.000000 7284.129395 0.000000 0.207942 0.000000 0.978141 0.660786 0.660786 0.660786
3484.270752 0.000000 7306.043457 0.000000 0.988494 0.000000 0.151261 0.741755 0.741755 0.741755
3481.095215 0.000000 7225.487305 0.000000 0.994914 0.000000 0.100724 0.744899 0.744899 0.744899
3521.973145 0.000000 7254.421387 0.000000 0.037826 0.000000 0.999284 0.666760 0.666760 0.666760
3551.497070 0.000000 7280.095703 0.000000 0.948963 0.000000 -0.315387 0.767423 0.767423 0.767423
3503.435791 0.000000 7228.444336 0.000000 0.998986 0.000000 0.045021 0.747554 0.747554 0.747554
3478.802490 0.000000 7253.942871 0.000000 0.248799 0.000000 0.968555 0.678359 0.678359 0.678359
3509.238770 0.000000 7258.728516 0.000000 0.999357 0.000000 0.035857 0.748053 0.748053 0.748053
3506.642334 0.000000 7276.885254 0.000000 0.958398 0.000000 -0.285434 0.765718 0.765718 0.765718
3489.870361 0.000000 7248.614258 0.000000 0.999994 0.000000 -0.003321 0.750342 0.750342 0.750342
3551.279785 0.000000 7229.356934 0.000000 0.459327 0.000000 0.888267 0.664001 0.664001 0.664001
3603.752930 0.000000 7135.640137 0.000000 0.885236 0.000000 0.465143 0.739130 0.739130 0.739130
3586.286865 0.000000 7190.860840 0.000000 0.631118 0.000000 0.775687 0.718416 0.718416 0.718416
3611.696289 0.000000 7155.047363 0.000000 0.065583 0.000000 0.997847 0.735909 0.735909 0.735909
3590.951904 0.000000 7180.402344 0.000000 0.999975 0.000000 -0.007051 0.750172 0.750172 0.750172
3596.595459 0.000000 7132.180176 0.000000 0.941674 0.000000 -0.336526 0.768637 0.768637 0.768637
3582.213135 0.000000 7156.555176 0.000000 0.891733 0.000000 -0.452561 0.767587 0.767587 0.767587
3602.851562 0.000000 7171.339844 0.000000 0.917797 0.000000 -0.397049 0.772171 0.772171 0.772171
3570.795654 0.000000 7173.410156 0.000000 0.646505 0.000000 0.762909 0.727252 0.727252 0.727252
3594.243652 0.000000 7203.903320 0.000000 0.994120 0.000000 -0.108285 0.752844 0.752844 0.752844
3595.590088 0.000000 7183.946289 0.000000 0.900685 0.000000 0.434472 0.739060 0.739060 0.739060
3587.475098 0.000000 7208.875977 0.000000 0.873161 0.000000 -0.487431 0.763347 0.763347 0.763347
3601.796875 0.000000 7130.696777 0.000000 0.999669 0.000000 -0.025719 0.750482 0.750482 0.750482
3570.149170 0.000000 7152.843262 0.000000 0.652607 0.000000 0.757697 0.717803 0.717803 0.717803
3591.314941 0.000000 7131.895996 0.000000 0.999740 0.000000 0.022793 0.748805 0.748805 0.748805
3582.142822 0.000000 7212.184570 0.000000 0.177853 0.000000 -0.984057 0.781277 0.781277 0.781277
3571.785400 0.000000 7136.179688 0.000000 0.998467 0.000000 0.055352 0.747097 0.747097 0.747097
3594.665771 0.000000 7177.575684 0.000000 0.785797 0.000000 -0.618484 0.786208 0.786208 0.786208
3596.465576 0.000000 7193.842773 0.000000 0.358082 0.000000 0.933690 0.727445 0.727445 0.727445
3601.534912 0.000000 7160.549316 0.000000 0.976222 0.000000 -0.216775 0.761865 0.761865 0.761865
3607.478760 0.000000 7154.953125 0.000000 0.310045 0.000000 -0.950722 0.775860 0.775860 0.775860
3603.539551 0.000000 7167.385254 0.000000 0.781263 0.000000 -0.624202 0.763884 0.763884 0.763884
3592.516846 0.000000 7128.408691 0.000000 0.603521 0.000000 0.797347 0.725808 0.725808 0.725808
3567.306396 0.000000 7207.042480 0.000000 0.998964 0.000000 0.045499 0.747614 0.747614 0.747614
3570.302979 0.000000 7144.370605 0.000000 0.615470 0.000000 0.788160 0.722803 0.722803 0.722803
3578.392822 0.000000 7153.593750 0.000000 0.477544 0.000000 -0.878608 0.808261 0.808261 0.808261
3589.625488 0.000000 7211.576172 0.000000 0.970686 0.000000 0.240353 0.742274 0.742274 0.742274
3593.436035 0.000000 7192.803223 0.000000 0.982054 0.000000 0.188599 0.739697 0.739697 0.739697
3594.267090 0.000000 7196.276367 0.000000 0.890867 0.000000 0.454264 0.732341 0.732341 0.732341
3609.646484 0.000000 7152.670898 0.000000 0.061103 0.000000 -0.998132 0.831974 0.831974 0.831974
3573.375977 0.000000 7138.746582 0.000000 0.716942 0.000000 -0.697132 0.791886 0.791886 0.791886
3604.332520 0.000000 7140.164551 0.000000 0.627693 0.000000 0.778461 0.718259 0.718259 0.718259
3583.804688 0.000000 7152.709473 0.000000 0.877504 0.000000 0.479570 0.719095 0.719095 0.719095
3597.281494 0.000000 7176.271484 0.000000 0.167133 0.000000 -0.985934 0.818296 0.818296 0.818296
3601.801758 0.000000 7133.440918 0.000000 0.359244 0.000000 -0.933244 0.815341 0.815341 0.815341
3596.603516 0.000000 7179.460938 0.000000 0.931974 0.000000 -0.362524 0.768060 0.768060 0.768060
3585.024170 0.000000 7156.530762 0.000000 0.953098 0.000000 -0.302661 0.763242 0.763242 0.763242
3567.177246 0.000000 7204.377441 0.000000 0.014510 0.000000 -0.999895 0.822850 0.822850 0.822850
3572.291992 0.000000 7175.491211 0.000000 0.617364 0.000000 0.786678 0.700836 0.700836 0.700836
3580.827393 0.000000 7154.328613 0.000000 0.614040 0.000000 -0.789275 0.835160 0.835160 0.835160
3583.612549 0.000000 7154.872070 0.000000 0.743351 0.000000 0.668901 0.675914 0.675914 0.675914
3592.916260 0.000000 7304.655762 0.000000 0.999120 0.000000 0.041947 0.749214 0.749214 0.749214
3562.741211 0.000000 7222.978027 0.000000 0.119103 0.000000 0.992882 0.730977 0.730977 0.730977
3575.089355 0.000000 7247.934082 0.000000 0.055643 0.000000 -0.998451 0.815249 0.815249 0.815249
3645.251709 0.000000 7276.161621 0.000000 0.838976 0.000000 -0.544169 0.762929 0.762929 0.762929
3579.566895 0.000000 7240.756348 0.000000 0.431612 0.000000 -0.902059 0.811061 0.811061 0.811061
3599.857910 0.000000 7299.888184 0.000000 0.005684 0.000000 -0.999984 0.779305 0.779305 0.779305
3583.788574 0.000000 7234.510254 0.000000 0.902156 0.000000 0.431410 0.744154 0.744154 0.744154
3632.435303 0.000000 7288.420898 0.000000 0.850993 0.000000 -0.525178 0.765530 0.765530 0.765530
3636.531982 0.000000 7279.181152 0.000000 0.968097 0.000000 0.250574 0.741464 0.741464 0.741464
3574.984131 0.000000 7298.280762 0.000000 0.666422 0.000000 0.745575 0.704312 0.704312 0.704312
3580.031982 0.000000 7226.831543 0.000000 0.913033 0.000000 0.407887 0.740560 0.740560 0.740560
3622.705811 0.000000 7262.351074 0.000000 0.924487 0.000000 0.381214 0.741212 0.741212 0.741212
3600.884766 0.000000 7286.306152 0.000000 0.468576 0.000000 0.883423 0.705383 0.705383 0.705383
3570.795654 0.000000 7267.152344 0.000000 0.921721 0.000000 -0.387853 0.752983 0.752983 0.752983
3580.580811 0.000000 7260.909180 0.000000 0.311445 0.000000 0.950264 0.681903 0.681903 0.681903
3654.440430 0.000000 7261.298828 0.000000 0.317956 0.000000 0.948105 0.738323 0.738323 0.738323
3594.243652 0.000000 7297.645508 0.000000 0.127312 0.000000 -0.991863 0.779724 0.779724 0.779724
3643.625244 0.000000 7281.974121 0.000000 0.526058 0.000000 0.850449 0.734769 0.734769 0.734769
3584.766602 0.000000 7218.296387 0.000000 0.389781 0.000000 -0.920908 0.789447 0.789447 0.789447
3566.913818 0.000000 7226.599609 0.000000 0.281420 0.000000 -0.959585 0.766849 0.766849 0.766849
3643.599854 0.000000 7258.081055 0.000000 0.693375 0.000000 0.720577 0.731921 0.731921 0.731921
3579.838623 0.000000 7296.141602 0.000000 0.950758 0.000000 0.309934 0.738199 0.738199 0.738199
3574.194580 0.000000 7271.075195 0.000000 0.819735 0.000000 0.572743 0.737439 0.737439 0.737439
3584.412598 0.000000 7239.615234 0.000000 0.164326 0.000000 0.986406 0.699990 0.699990 0.699990
3635.012695 0.000000 7283.984375 0.000000 0.739264 0.000000 0.673416 0.732016 0.732016 0.732016
3571.785400 0.000000 7229.921875 0.000000 0.845663 0.000000 -0.533718 0.780570 0.780570 0.780570
3567.749512 0.000000 7307.897949 0.000000 0.454250 0.000000 0.890874 0.729417 0.729417 0.729417
3608.969971 0.000000 7311.028320 0.000000 0.633431 0.000000 0.773799 0.730119 0.730119 0.730119
3640.503418 0.000000 7276.511719 0.000000 0.612381 0.000000 0.790563 0.719272 0.719272 0.719272
3581.686523 0.000000 7254.952148 0.000000 0.308381 0.000000 0.951263 0.724104 0.724104 0.724104
3586.730469 0.000000 7289.945801 0.000000 0.347015 0.000000 0.937860 0.683949 0.683949 0.683949
3582.212891 0.000000 7222.271484 0.000000 0.984911 0.000000 -0.173063 0.755211 0.755211 0.755211
3654.627197 0.000000 7303.791504 0.000000 0.278014 0.000000 0.960577 0.706554 0.706554 0.706554
3628.499268 0.000000 7290.632812 0.000000 0.804453 0.000000 0.594016 0.715463 0.715463 0.715463
3654.382812 0.000000 7297.141602 0.000000 0.215430 0.000000 -0.976519 0.823504 0.823504 0.823504
3602.965332 0.000000 7269.411133 0.000000 0.375021 0.000000 -0.927016 0.803313 0.803313 0.803313
3590.572510 0.000000 7284.861328 0.000000 0.854569 0.000000 0.519338 0.720348 0.720348 0.720348
3647.662598 0.000000 7279.519043 0.000000 0.714527 0.000000 0.699608 0.732590 0.732590 0.732590
3573.684082 0.000000 7251.700195 0.000000 0.987284 0.000000 -0.158967 0.757174 0.757174 0.757174
3647.192383 0.000000 7283.881348 0.000000 0.357956 0.000000 -0.933739 0.788347 0.788347 0.788347
3614.287842 0.000000 7263.779297 0.000000 0.599630 0.000000 0.800278 0.708309 0.708309 0.708309
3639.653564 0.000000 7282.084473 0.000000 0.993798 0.000000 -0.111200 0.757094 0.757094 0.757094
3639.152832 0.000000 7258.781738 0.000000 0.901918 0.000000 0.431907 0.725749 0.725749 0.725749
3653.297119 0.000000 7257.703125 0.000000 0.938852 0.000000 0.344320 0.720382 0.720382 0.720382
3629.654053 0.000000 7277.754395 0.000000 0.028063 0.000000 -0.999606 0.827993 0.827993 0.827993
3609.093750 0.000000 7306.069336 0.000000 0.972694 0.000000 0.232090 0.741667 0.741667 0.741667
3562.356689 0.000000 7250.771973 0.000000 0.976174 0.000000 -0.216987 0.761467 0.761467 0.761467
3564.923340 0.000000 7310.666016 0.000000 0.551123 0.000000 -0.834424 0.792509 0.792509 0.792509
3568.234863 0.000000 7229.819824 0.000000 0.741429 0.000000 -0.671031 0.783056 0.783056 0.783056
3631.626953 0.000000 7284.260742 0.000000 0.893904 0.000000 0.448259 0.728242 0.728242 0.728242
3576.057129 0.000000 7295.123047 0.000000 0.916811 0.000000 -0.399322 0.768459 0.768459 0.768459
3595.491699 0.000000 7306.851562 0.000000 0.821829 0.000000 -0.569734 0.779511 0.779511 0.779511
3642.879883 0.000000 7278.813477 0.000000 0.996648 0.000000 0.081806 0.745553 0.745553 0.745553
3593.436035 0.000000 7286.545410 0.000000 0.131967 0.000000 -0.991254 0.830801 0.830801 0.830801
3588.490723 0.000000 7287.328613 0.000000 0.074461 0.000000 0.997224 0.654745 0.654745 0.654745
3625.821533 0.000000 7263.270508 0.000000 0.698350 0.000000 -0.715756 0.793315 0.793315 0.793315
3598.624268 0.000000 7278.538086 0.000000 0.574326 0.000000 -0.818627 0.794892 0.794892 0.794892
3631.583252 0.000000 7291.485840 0.000000 0.785459 0.000000 -0.618914 0.776241 0.776241 0.776241
3563.602539 0.000000 7271.697754 0.000000 0.280102 0.000000 -0.959970 0.819878 0.819878 0.819878
3596.237305 0.000000 7280.680664 0.000000 0.359610 0.000000 0.933103 0.684680 0.684680 0.684680
3565.940430 0.000000 7273.787109 0.000000 0.707075 0.000000 0.707139 0.713233 0.713233 0.713233
3583.888672 0.000000 7252.901855 0.000000 0.945919 0.000000 0.324404 0.732060 0.732060 0.732060
3574.887695 0.000000 7268.029785 0.000000 0.430842 0.000000 -0.902428 0.798465 0.798465 0.798465
3603.197021 0.000000 7288.522949 0.000000 1.000000 0.000000 -0.000060 0.750002 0.750002 0.750002
3572.184814 0.000000 7248.854004 0.000000 0.516316 0.000000 0.856398 0.694166 0.694166 0.694166
3578.808105 0.000000 7243.578125 0.000000 0.999913 0.000000 -0.013156 0.750493 0.750493 0.750493
3564.045166 0.000000 7225.728516 0.000000 0.676701 0.000000 -0.736258 0.794935 0.794935 0.794935
3576.555908 0.000000 7240.639160 0.000000 0.619101 0.000000 0.785311 0.702648 0.702648 0.702648
3640.122803 0.000000 7279.282715 0.000000 0.376506 0.000000 -0.926414 0.801023 0.801023 0.801023
3634.432617 0.000000 7286.626953 0.000000 0.788065 0.000000 -0.615591 0.779800 0.779800 0.779800
3636.991699 0.000000 7281.851562 0.000000 0.665306 0.000000 0.746571 0.691605 0.691605 0.691605
3592.884521 0.000000 7307.656250 0.000000 0.940357 0.000000 -0.340188 0.768848 0.768848 0.768848
3572.291992 0.000000 7269.233398 0.000000 0.393097 0.000000 -0.919497 0.813357 0.813357 0.813357
3609.927002 0.000000 7308.426270 0.000000 0.802478 0.000000 0.596681 0.715283 0.715283 0.715283
3580.794922 0.000000 7224.480469 0.000000 0.592724 0.000000 -0.805406 0.814870 0.814870 0.814870
3633.416748 0.000000 7284.970703 0.000000 0.349555 0.000000 0.936916 0.638645 0.638645 0.638645
3672.604004 0.000000 7273.541992 0.000000 0.870969 0.000000 -0.491338 0.761541 0.761541 0.761541
3661.458740 0.000000 7287.746582 0.000000 0.197182 0.000000 0.980367 0.737152 0.737152 0.737152
3658.754150 0.000000 7248.247070 0.000000 0.160994 0.000000 0.986955 0.739446 0.739446 0.739446
3672.692383 0.000000 7278.856934 0.000000 0.240076 0.000000 0.970754 0.677871 0.677871 0.677871
3663.891357 0.000000 7246.585449 0.000000 0.443848 0.000000 0.896102 0.714639 0.714639 0.714639
3655.980225 0.000000 7259.646973 0.000000 0.807599 0.000000 -0.589731 0.771258 0.771258 0.771258
3675.397949 0.000000 7269.587402 0.000000 0.301900 0.000000 -0.953340 0.802073 0.802073 0.802073
3663.953613 0.000000 7291.548828 0.000000 0.743482 0.000000 -0.668756 0.777432 0.777432 0.777432
3672.085205 0.000000 7250.764160 0.000000 0.966251 0.000000 0.257603 0.740731 0.740731 0.740731
3655.970947 0.000000 7303.761719 0.000000 0.852428 0.000000 -0.522845 0.768543 0.768543 0.768543
3663.272217 0.000000 7250.208984 0.000000 0.419609 0.000000 0.907705 0.720174 0.720174 0.720174
3655.960449 0.000000 7297.404785 0.000000 0.471892 0.000000 -0.881656 0.808609 0.808609 0.808609
3661.432617 0.000000 7248.037109 0.000000 0.991085 0.000000 0.133232 0.742744 0.742744 0.742744
3674.186279 0.000000 7267.333008 0.000000 0.752578 0.000000 -0.658504 0.789032 0.789032 0.789032
3661.650146 0.000000 7290.537109 0.000000 0.283538 0.000000 -0.958961 0.819684 0.819684 0.819684
3539.180176 0.000000 7344.042480 0.000000 0.919781 0.000000 0.392433 0.732633 0.732633 0.732633
3510.010742 0.000000 7323.124512 0.000000 0.933243 0.000000 0.359246 0.737615 0.737615 0.737615
3522.963623 0.000000 7379.164551 0.000000 0.917446 0.000000 0.397861 0.743105 0.743105 0.743105
3555.282471 0.000000 7350.854492 0.000000 0.642293 0.000000 -0.766460 0.774528 0.774528 0.774528
3505.100342 0.000000 7344.612305 0.000000 0.830736 0.000000 -0.556666 0.759949 0.759949 0.759949
3510.604736 0.000000 7334.326172 0.000000 0.585208 0.000000 -0.810883 0.785413 0.785413 0.785413
3513.457275 0.000000 7364.355469 0.000000 0.443749 0.000000 -0.896151 0.756241 0.756241 0.756241
3545.927979 0.000000 7322.595215 0.000000 0.654767 0.000000 0.755831 0.746791 0.746791 0.746791
3492.761475 0.000000 7317.396484 0.000000 0.193652 0.000000 0.981070 0.716508 0.716508 0.716508
3517.781494 0.000000 7371.768066 0.000000 0.998320 0.000000 0.057945 0.749023 0.749023 0.749023
3506.115723 0.000000 7393.630371 0.000000 0.401698 0.000000 -0.915772 0.776006 0.776006 0.776006
3500.783691 0.000000 7377.267578 0.000000 0.930845 0.000000 0.365415 0.738093 0.738093 0.738093
3530.874512 0.000000 7381.973633 0.000000 0.743943 0.000000 0.668243 0.739038 0.739038 0.739038
3523.283447 0.000000 7320.311035 0.000000 0.848165 0.000000 0.529731 0.746864 0.746864 0.746864
3518.750732 0.000000 7387.562500 0.000000 0.965998 0.000000 -0.258548 0.760773 0.760773 0.760773
3504.493896 0.000000 7326.684082 0.000000 0.999483 0.000000 -0.032165 0.751385 0.751385 0.751385
3513.538574 0.000000 7328.489746 0.000000 0.719564 0.000000 0.694426 0.711193 0.711193 0.711193
3497.526611 0.000000 7382.742676 0.000000 0.235973 0.000000 -0.971759 0.784932 0.784932 0.784932
3496.231201 0.000000 7355.777832 0.000000 0.367941 0.000000 -0.929849 0.772357 0.772357 0.772357
3510.099609 0.000000 7340.553711 0.000000 0.916356 0.000000 0.400365 0.744601 0.744601 0.744601
3521.165283 0.000000 7366.530273 0.000000 0.653518 0.000000 0.756911 0.704987 0.704987 0.704987
3528.235107 0.000000 7375.637207 0.000000 0.929786 0.000000 0.368101 0.745765 0.745765 0.745765
3549.153320 0.000000 7335.591309 0.000000 0.139665 0.000000 -0.990199 0.806255 0.806255 0.806255
3501.847900 0.000000 7371.430664 0.000000 0.989626 0.000000 0.143665 0.742172 0.742172 0.742172
3491.991211 0.000000 7365.648438 0.000000 0.613653 0.000000 -0.789576 0.784082 0.784082 0.784082
3561.269043 0.000000 7321.990234 0.000000 0.999245 0.000000 0.038845 0.748981 0.748981 0.748981
3532.210449 0.000000 7371.038086 0.000000 0.487028 0.000000 0.873387 0.734090 0.734090 0.734090
3516.907227 0.000000 7324.364258 0.000000 0.852082 0.000000 0.523408 0.739686 0.739686 0.739686
3517.861084 0.000000 7380.344727 0.000000 0.990840 0.000000 0.135042 0.746449 0.746449 0.746449
3526.196533 0.000000 7324.712891 0.000000 0.396399 0.000000 -0.918078 0.771780 0.771780 0.771780
3525.183594 0.000000 7383.757812 0.000000 0.368691 0.000000 0.929552 0.732127 0.732127 0.732127
3508.584961 0.000000 7329.948242 0.000000 0.170152 0.000000 0.985418 0.702822 0.702822 0.702822
3506.684082 0.000000 7337.099609 0.000000 0.999192 0.000000 -0.040180 0.751204 0.751204 0.751204
3546.761230 0.000000 7370.253906 0.000000 0.908637 0.000000 -0.417587 0.759679 0.759679 0.759679
3539.362793 0.000000 7349.151367 0.000000 0.976993 0.000000 -0.213270 0.753622 0.753622 0.753622
3500.367432 0.000000 7328.503418 0.000000 0.937513 0.000000 0.347950 0.737357 0.737357 0.737357
3519.199219 0.000000 7376.088867 0.000000 0.790846 0.000000 -0.612015 0.769731 0.769731 0.769731
3516.563477 0.000000 7367.289062 0.000000 0.957524 0.000000 -0.288352 0.772455 0.772455 0.772455
3507.792725 0.000000 7348.033691 0.000000 0.187749 0.000000 0.982217 0.703424 0.703424 0.703424
3520.875732 0.000000 7383.836914 0.000000 0.795535 0.000000 -0.605908 0.774375 0.774375 0.774375
3496.830322 0.000000 7378.603516 0.000000 0.437793 0.000000 -0.899076 0.785576 0.785576 0.785576
3504.818115 0.000000 7389.712402 0.000000 0.694313 0.000000 -0.719673 0.772563 0.772563 0.772563
3505.814941 0.000000 7333.043457 0.000000 0.999507 0.000000 -0.031410 0.751706 0.751706 0.751706
3553.450195 0.000000 7377.623535 0.000000 0.927586 0.000000 0.373611 0.732793 0.732793 0.732793
3535.076172 0.000000 7345.687988 0.000000 0.513840 0.000000 0.857886 0.701732 0.701732 0.701732
3545.911377 0.000000 7375.826660 0.000000 0.612984 0.000000 0.790096 0.726120 0.726120 0.726120
3545.410645 0.000000 7352.523926 0.000000 0.281372 0.000000 0.959599 0.680193 0.680193 0.680193
3539.041504 0.000000 7373.573730 0.000000 0.601517 0.000000 0.798860 0.699751 0.699751 0.699751
3521.896240 0.000000 7389.632812 0.000000 0.952505 0.000000 0.304523 0.733198 0.733198 0.733198
3513.318359 0.000000 7324.647949 0.000000 0.516184 0.000000 -0.856478 0.778884 0.778884 0.778884
3508.020996 0.000000 7326.064941 0.000000 0.175443 0.000000 -0.984490 0.804830 0.804830 0.804830
3517.003418 0.000000 7327.869629 0.000000 0.751636 0.000000 0.659578 0.710890 0.710890 0.710890
3519.827637 0.000000 7320.859863 0.000000 0.710011 0.000000 -0.704190 0.774869 0.774869 0.774869
3550.504883 0.000000 7332.505859 0.000000 0.806246 0.000000 -0.591581 0.784373 0.784373 0.784373
3503.744629 0.000000 7330.124512 0.000000 0.216264 0.000000 -0.976335 0.828524 0.828524 0.828524
3558.312012 0.000000 7379.361816 0.000000 0.736371 0.000000 0.676578 0.720781 0.720781 0.720781
3529.065186 0.000000 7372.246094 0.000000 0.832222 0.000000 -0.554443 0.769807 0.769807 0.769807
3558.421631 0.000000 7323.679199 0.000000 0.520688 0.000000 0.853747 0.694444 0.694444 0.694444
3514.506104 0.000000 7380.043457 0.000000 0.491113 0.000000 0.871096 0.714361 0.714361 0.714361
3562.176025 0.000000 7325.388184 0.000000 0.786177 0.000000 0.618001 0.713825 0.713825 0.713825
3546.857422 0.000000 7319.526855 0.000000 0.767001 0.000000 0.641646 0.716086 0.716086 0.716086
3494.748535 0.000000 7381.070801 0.000000 0.672199 0.000000 -0.740370 0.792144 0.792144 0.792144
3519.916260 0.000000 7369.391113 0.000000 0.998883 0.000000 0.047248 0.747433 0.747433 0.747433
3511.871582 0.000000 7331.135254 0.000000 0.854776 0.000000 -0.518997 0.774522 0.774522 0.774522
3507.661865 0.000000 7390.752441 0.000000 0.969697 0.000000 -0.244310 0.760167 0.760167 0.760167
3490.146484 0.000000 7346.644043 0.000000 0.756380 0.000000 0.654133 0.711282 0.711282 0.711282
3509.449463 0.000000 7337.731934 0.000000 0.981402 0.000000 -0.191963 0.766999 0.766999 0.766999
3537.778320 0.000000 7346.758789 0.000000 0.332639 0.000000 0.943054 0.687732 0.687732 0.687732
3557.512939 0.000000 7348.890137 0.000000 0.965804 0.000000 0.259272 0.737723 0.737723 0.737723
3515.571289 0.000000 7369.977539 0.000000 0.861453 0.000000 -0.507837 0.788898 0.788898 0.788898
3503.317627 0.000000 7378.560547 0.000000 0.997636 0.000000 -0.068725 0.753735 0.753735 0.753735
3546.380615 0.000000 7373.024902 0.000000 0.965476 0.000000 -0.260492 0.764310 0.764310 0.764310
3525.601318 0.000000 7321.937012 0.000000 0.182928 0.000000 -0.983126 0.812321 0.812321 0.812321
3549.070557 0.000000 7354.431641 0.000000 0.796275 0.000000 -0.604935 0.779195 0.779195 0.779195
3554.934814 0.000000 7348.086914 0.000000 0.458176 0.000000 -0.888862 0.809451 0.809451 0.809451
3559.670410 0.000000 7377.013672 0.000000 0.991669 0.000000 -0.128811 0.755805 0.755805 0.755805
3506.247070 0.000000 7328.686523 0.000000 0.691483 0.000000 -0.722393 0.793834 0.793834 0.793834
3532.584229 0.000000 7345.160645 0.000000 0.757104 0.000000 0.653294 0.711342 0.711342 0.711342
3533.480957 0.000000 7382.163086 0.000000 0.911088 0.000000 0.412212 0.728520 0.728520 0.728520
3554.266113 0.000000 7354.774414 0.000000 0.998652 0.000000 -0.051914 0.752820 0.752820 0.752820
3534.112549 0.000000 7373.203125 0.000000 0.950627 0.000000 0.310336 0.732866 0.732866 0.732866
3547.743896 0.000000 7352.577637 0.000000 0.190157 0.000000 -0.981754 0.899811 0.899811 0.899811
3517.676758 0.000000 7369.214355 0.000000 0.917433 0.000000 0.397891 0.717819 0.717819 0.717819
3546.502441 0.000000 7354.129395 0.000000 0.638768 0.000000 -0.769400 0.830546 0.830546 0.830546
3625.168213 0.000000 7323.537598 0.000000 0.953315 0.000000 -0.301979 0.766657 0.766657 0.766657
3614.235840 0.000000 7328.223145 0.000000 0.958841 0.000000 -0.283944 0.754313 0.754313 0.754313
3604.346924 0.000000 7334.326172 0.000000 0.698257 0.000000 0.715847 0.706677 0.706677 0.706677
3590.951904 0.000000 7367.886719 0.000000 0.919178 0.000000 -0.393843 0.752274 0.752274 0.752274
3572.140381 0.000000 7318.763184 0.000000 0.355453 0.000000 0.934694 0.740957 0.740957 0.740957
3567.716553 0.000000 7381.488770 0.000000 0.867446 0.000000 0.497531 0.737324 0.737324 0.737324
3605.589355 0.000000 7346.550293 0.000000 0.660398 0.000000 0.750916 0.724552 0.724552 0.724552
3584.238281 0.000000 7371.601074 0.000000 0.199500 0.000000 -0.979898 0.788477 0.788477 0.788477
3577.770508 0.000000 7360.702148 0.000000 0.186573 0.000000 0.982441 0.718923 0.718923 0.718923
3580.089600 0.000000 7377.951172 0.000000 0.996997 0.000000 0.077434 0.746807 0.746807 0.746807
3609.731689 0.000000 7336.908203 0.000000 0.998587 0.000000 -0.053138 0.750597 0.750597 0.750597
3591.400635 0.000000 7361.883301 0.000000 0.977197 0.000000 0.212337 0.738382 0.738382 0.738382
3610.649414 0.000000 7324.364258 0.000000 0.970696 0.000000 0.240310 0.746365 0.746365 0.746365
3619.938721 0.000000 7324.712891 0.000000 0.392295 0.000000 0.919840 0.686596 0.686596 0.686596
3591.314941 0.000000 7319.380371 0.000000 0.150943 0.000000 -0.988542 0.768602 0.768602 0.768602
3569.891113 0.000000 7372.934082 0.000000 0.203165 0.000000 -0.979145 0.811394 0.811394 0.811394
3621.892334 0.000000 7319.779785 0.000000 0.123007 0.000000 0.992406 0.712056 0.712056 0.712056
3637.148926 0.000000 7326.758789 0.000000 0.985702 0.000000 -0.168500 0.759193 0.759193 0.759193
3571.785400 0.000000 7323.664062 0.000000 0.194725 0.000000 -0.980858 0.806633 0.806633 0.806633
3581.655762 0.000000 7363.329590 0.000000 0.014323 0.000000 0.999897 0.694627 0.694627 0.694627
3618.109619 0.000000 7315.801758 0.000000 0.959824 0.000000 0.280604 0.742544 0.742544 0.742544
3586.287109 0.000000 7341.658203 0.000000 0.741723 0.000000 -0.670706 0.783036 0.783036 0.783036
3599.593994 0.000000 7322.725586 0.000000 0.803974 0.000000 0.594664 0.715419 0.715419 0.715419
3597.690674 0.000000 7349.361816 0.000000 0.461526 0.000000 0.887127 0.698926 0.698926 0.698926
3602.538086 0.000000 7344.171875 0.000000 0.485185 0.000000 -0.874412 0.791846 0.791846 0.791846
3606.142578 0.000000 7337.745605 0.000000 0.940212 0.000000 -0.340589 0.766919 0.766919 0.766919
3588.755127 0.000000 7359.289551 0.000000 0.897776 0.000000 -0.440452 0.765372 0.765372 0.765372
3607.747559 0.000000 7333.289062 0.000000 0.912487 0.000000 -0.409105 0.764205 0.764205 0.764205
3643.203857 0.000000 7322.083496 0.000000 0.789564 0.000000 0.613668 0.714124 0.714124 0.714124
3610.745605 0.000000 7327.869629 0.000000 0.528690 0.000000 0.848815 0.723426 0.723426 0.723426
3592.559326 0.000000 7322.125488 0.000000 0.290130 0.000000 -0.956987 0.802580 0.802580 0.802580
3620.932129 0.000000 7317.059082 0.000000 0.296685 0.000000 0.954975 0.681062 0.681062 0.681062
3563.040771 0.000000 7324.649414 0.000000 0.520337 0.000000 -0.853961 0.805579 0.805579 0.805579
3572.139404 0.000000 7377.594238 0.000000 0.327115 0.000000 0.944985 0.692070 0.692070 0.692070
3621.416992 0.000000 7326.911621 0.000000 0.044939 0.000000 0.998990 0.667147 0.667147 0.667147
3595.943359 0.000000 7351.287598 0.000000 0.805726 0.000000 -0.592288 0.797477 0.797477 0.797477
3595.441895 0.000000 7348.416016 0.000000 0.304450 0.000000 -0.952528 0.853925 0.853925 0.853925
3578.550293 0.000000 7379.724609 0.000000 0.639646 0.000000 0.768670 0.671201 0.671201 0.671201
3578.154053 0.000000 7377.662598 0.000000 0.563924 0.000000 -0.825827 0.851884 0.851884 0.851884
3579.258057 0.000000 7376.260254 0.000000 0.491061 0.000000 0.871125 0.639117 0.639117 0.639117
3832.657227 0.000000 6919.883301 0.000000 0.814204 0.000000 0.580579 0.724483 0.724483 0.724483
3752.580078 0.000000 6906.196289 0.000000 0.717895 0.000000 0.696152 0.744233 0.744233 0.744233
3766.346191 0.000000 6898.573242 0.000000 0.516054 0.000000 0.856556 0.711482 0.711482 0.711482
3784.363037 0.000000 6917.043457 0.000000 0.991130 0.000000 -0.132899 0.757238 0.757238 0.757238
3753.074951 0.000000 6857.046387 0.000000 0.713697 0.000000 -0.700454 0.792139 0.792139 0.792139
3761.781982 0.000000 6906.900879 0.000000 0.994072 0.000000 0.108721 0.748980 0.748980 0.748980
3824.651611 0.000000 6923.123047 0.000000 0.541703 0.000000 -0.840570 0.763085 0.763085 0.763085
3776.174561 0.000000 6920.015137 0.000000 0.521871 0.000000 0.853024 0.696432 0.696432 0.696432
3782.010254 0.000000 6908.556641 0.000000 0.831386 0.000000 0.555696 0.731245 0.731245 0.731245
3757.539551 0.000000 6878.822754 0.000000 0.701709 0.000000 0.712463 0.720303 0.720303 0.720303
3754.119385 0.000000 6886.370605 0.000000 0.375375 0.000000 -0.926873 0.814399 0.814399 0.814399
3769.697510 0.000000 6875.328613 0.000000 0.343713 0.000000 -0.939075 0.795684 0.795684 0.795684
3759.334961 0.000000 6866.261230 0.000000 0.745935 0.000000 0.666018 0.739082 0.739082 0.739082
3824.016357 0.000000 6904.212402 0.000000 0.998551 0.000000 -0.053811 0.750403 0.750403 0.750403
3811.147217 0.000000 6924.084473 0.000000 0.985029 0.000000 -0.172388 0.758110 0.758110 0.758110
3781.728027 0.000000 6922.676758 0.000000 0.032975 0.000000 -0.999456 0.784553 0.784553 0.784553
3783.074463 0.000000 6902.719727 0.000000 0.401785 0.000000 0.915734 0.687157 0.687157 0.687157
3813.437012 0.000000 6902.327148 0.000000 0.959001 0.000000 0.283403 0.735473 0.735473 0.735473
3757.633545 0.000000 6871.616699 0.000000 0.241272 0.000000 -0.970458 0.802183 0.802183 0.802183
3757.375488 0.000000 6904.223145 0.000000 0.893847 0.000000 0.448372 0.736071 0.736071 0.736071
3806.410156 0.000000 6915.046875 0.000000 0.996889 0.000000 -0.078813 0.753398 0.753398 0.753398
3774.383301 0.000000 6877.270508 0.000000 0.157856 0.000000 0.987462 0.689180 0.689180 0.689180
3827.139160 0.000000 6892.191406 0.000000 0.373125 0.000000 0.927781 0.732198 0.732198 0.732198
3820.419434 0.000000 6895.383301 0.000000 0.999288 0.000000 -0.037739 0.751414 0.751414 0.751414
3829.305176 0.000000 6923.626953 0.000000 0.340877 0.000000 -0.940108 0.800377 0.800377 0.800377
3763.281494 0.000000 6852.967773 0.000000 0.879301 0.000000 -0.476266 0.773237 0.773237 0.773237
3800.425781 0.000000 6907.377930 0.000000 0.999392 0.000000 -0.034860 0.751697 0.751697 0.751697
3791.440918 0.000000 6923.666992 0.000000 0.181012 0.000000 0.983481 0.679790 0.679790 0.679790
3779.915527 0.000000 6918.075684 0.000000 0.879647 0.000000 0.475627 0.724941 0.724941 0.724941
3802.102295 0.000000 6915.125977 0.000000 0.760539 0.000000 0.649292 0.711629 0.711629 0.711629
3786.145264 0.000000 6907.575684 0.000000 0.962197 0.000000 -0.272356 0.755681 0.755681 0.755681
3835.403809 0.000000 6916.687012 0.000000 0.566424 0.000000 -0.824114 0.793528 0.793528 0.793528
3753.537109 0.000000 6877.345703 0.000000 0.948558 0.000000 -0.316603 0.773524 0.773524 0.773524
3829.305664 0.000000 6897.671875 0.000000 0.651124 0.000000 -0.758971 0.783884 0.783884 0.783884
3764.933594 0.000000 6888.029297 0.000000 0.431413 0.000000 -0.902154 0.811073 0.811073 0.811073
3751.848877 0.000000 6914.514160 0.000000 0.079014 0.000000 0.996873 0.713690 0.713690 0.713690
3776.239502 0.000000 6890.578613 0.000000 0.972754 0.000000 -0.231841 0.757447 0.757447 0.757447
3757.014404 0.000000 6875.240234 0.000000 0.298675 0.000000 -0.954355 0.806958 0.806958 0.806958
3785.746094 0.000000 6900.378418 0.000000 0.396476 0.000000 0.918045 0.686843 0.686843 0.686843
3771.227295 0.000000 6868.185059 0.000000 0.853168 0.000000 0.521636 0.720202 0.720202 0.720202
3809.659912 0.000000 6915.876465 0.000000 0.793807 0.000000 -0.608170 0.768361 0.768361 0.768361
3842.145996 0.000000 6915.011230 0.000000 0.679546 0.000000 0.733633 0.714529 0.714529 0.714529
3765.079834 0.000000 6906.904297 0.000000 0.981047 0.000000 -0.193768 0.759128 0.759128 0.759128
3813.194092 0.000000 6921.256836 0.000000 0.443260 0.000000 0.896393 0.710455 0.710455 0.710455
3782.573975 0.000000 6919.684570 0.000000 0.979154 0.000000 -0.203121 0.765320 0.765320 0.765320
3797.530762 0.000000 6908.736328 0.000000 0.877678 0.000000 0.479251 0.730348 0.730348 0.730348
3755.126953 0.000000 6859.360840 0.000000 0.973889 0.000000 -0.227024 0.757719 0.757719 0.757719
3812.951172 0.000000 6905.427246 0.000000 0.956623 0.000000 0.291327 0.736716 0.736716 0.736716
3822.248779 0.000000 6897.876953 0.000000 0.647147 0.000000 0.762365 0.709417 0.709417 0.709417
3779.009277 0.000000 6921.282227 0.000000 0.083763 0.000000 0.996486 0.669260 0.669260 0.669260
3771.373047 0.000000 6877.933105 0.000000 0.165011 0.000000 0.986292 0.673707 0.673707 0.673707
3765.216553 0.000000 6855.401367 0.000000 0.538702 0.000000 -0.842497 0.804403 0.804403 0.804403
3827.691895 0.000000 6895.123047 0.000000 0.373320 0.000000 -0.927703 0.812295 0.812295 0.812295
3759.669189 0.000000 6873.885254 0.000000 0.810136 0.000000 -0.586241 0.780495 0.780495 0.780495
3771.289062 0.000000 6871.482910 0.000000 0.910308 0.000000 0.413932 0.734018 0.734018 0.734018
3803.234863 0.000000 6907.681641 0.000000 0.602461 0.000000 0.798149 0.699815 0.699815 0.699815
3808.919922 0.000000 6926.166016 0.000000 0.145369 0.000000 0.989377 0.688636 0.688636 0.688636
3784.544189 0.000000 6909.849609 0.000000 0.166355 0.000000 0.986066 0.673781 0.673781 0.673781
3827.607178 0.000000 6904.313965 0.000000 0.996947 0.000000 -0.078077 0.753805 0.753805 0.753805
3827.114746 0.000000 6922.116211 0.000000 0.090107 0.000000 0.995932 0.669605 0.669605 0.669605
3762.627930 0.000000 6855.472656 0.000000 0.462303 0.000000 0.886722 0.692843 0.692843 0.692843
3773.367676 0.000000 6879.583984 0.000000 0.650221 0.000000 -0.759746 0.796857 0.796857 0.796857
3834.988281 0.000000 6919.120605 0.000000 0.965174 0.000000 0.261610 0.735627 0.735627 0.735627
3752.602051 0.000000 6879.608887 0.000000 0.877051 0.000000 0.480398 0.715284 0.715284 0.715284
3755.011475 0.000000 6879.237793 0.000000 0.112283 0.000000 -0.993676 0.897447 0.897447 0.897447
3755.932861 0.000000 6877.146484 0.000000 0.868322 0.000000 -0.496001 0.802475 0.802475 0.802475
3889.303467 0.000000 6925.127441 0.000000 0.954784 0.000000 -0.297300 0.759043 0.759043 0.759043
3878.105225 0.000000 6917.043457 0.000000 0.944447 0.000000 0.328663 0.748119 0.748119 0.748119
3901.915771 0.000000 6880.665039 0.000000 0.923351 0.000000 -0.383957 0.756641 0.756641 0.756641
3901.803467 0.000000 6900.962891 0.000000 0.700422 0.000000 -0.713729 0.761906 0.761906 0.761906
3900.491943 0.000000 6919.933594 0.000000 0.869711 0.000000 0.493562 0.740335 0.740335 0.740335
3918.393799 0.000000 6923.123047 0.000000 0.805140 0.000000 0.593084 0.740490 0.740490 0.740490
3869.916748 0.000000 6920.015137 0.000000 0.248667 0.000000 -0.968589 0.777177 0.777177 0.777177
3905.843262 0.000000 6913.262695 0.000000 0.212551 0.000000 0.977150 0.714438 0.714438 0.714438
3863.409912 0.000000 6916.301270 0.000000 0.407585 0.000000 -0.913167 0.767241 0.767241 0.767241
3848.943115 0.000000 6912.777832 0.000000 0.969308 0.000000 0.245849 0.736512 0.736512 0.736512
3894.592773 0.000000 6880.666992 0.000000 0.877876 0.000000 -0.478889 0.777117 0.777117 0.777117
3865.464844 0.000000 6902.890137 0.000000 0.600697 0.000000 0.799477 0.715307 0.715307 0.715307
3884.337646 0.000000 6919.394531 0.000000 0.970655 0.000000 -0.240477 0.763187 0.763187 0.763187
3888.212891 0.000000 6907.778320 0.000000 0.359763 0.000000 0.933044 0.720723 0.720723 0.720723
3880.143799 0.000000 6931.505859 0.000000 0.999029 0.000000 -0.044063 0.751981 0.751981 0.751981
3903.203857 0.000000 6906.926270 0.000000 0.939475 0.000000 -0.342616 0.768989 0.768989 0.768989
3913.396729 0.000000 6924.599609 0.000000 0.843417 0.000000 -0.537259 0.774426 0.774426 0.774426
3861.065186 0.000000 6921.172852 0.000000 0.961563 0.000000 -0.274585 0.757812 0.757812 0.757812
3854.173096 0.000000 6911.635254 0.000000 0.993055 0.000000 -0.117654 0.756403 0.756403 0.756403
3900.152344 0.000000 6915.046875 0.000000 0.993267 0.000000 0.115846 0.748261 0.748261 0.748261
3880.193115 0.000000 6892.497559 0.000000 0.918408 0.000000 -0.395635 0.767517 0.767517 0.767517
3865.603027 0.000000 6921.629395 0.000000 0.157616 0.000000 -0.987501 0.781738 0.781738 0.781738
3882.344727 0.000000 6915.634277 0.000000 0.495599 0.000000 0.868552 0.704683 0.704683 0.704683
3902.276123 0.000000 6911.041016 0.000000 0.380288 0.000000 -0.924868 0.780950 0.780950 0.780950
3885.980225 0.000000 6881.790039 0.000000 0.300265 0.000000 0.953856 0.693116 0.693116 0.693116
3886.191162 0.000000 6911.172852 0.000000 0.042787 0.000000 -0.999084 0.795777 0.795777 0.795777
3897.955078 0.000000 6901.210938 0.000000 0.400243 0.000000 -0.916409 0.791233 0.791233 0.791233
3845.591064 0.000000 6914.514160 0.000000 0.976664 0.000000 -0.214772 0.761754 0.761754 0.761754
3898.438965 0.000000 6881.668945 0.000000 0.297310 0.000000 -0.954781 0.802271 0.802271 0.802271
3857.583740 0.000000 6910.044434 0.000000 0.197017 0.000000 0.980400 0.688324 0.688324 0.688324
3890.320312 0.000000 6931.100586 0.000000 0.865632 0.000000 -0.500680 0.778474 0.778474 0.778474
3883.647949 0.000000 6932.252441 0.000000 0.562544 0.000000 -0.826767 0.802852 0.802852 0.802852
3866.797607 0.000000 6918.276367 0.000000 0.552525 0.000000 -0.833496 0.803507 0.803507 0.803507
3904.349121 0.000000 6882.985840 0.000000 0.908809 0.000000 -0.417213 0.773369 0.773369 0.773369
3903.402100 0.000000 6915.876465 0.000000 0.928491 0.000000 0.371354 0.737889 0.737889 0.737889
3867.624756 0.000000 6905.740234 0.000000 0.762132 0.000000 -0.647422 0.805379 0.805379 0.805379
3889.474854 0.000000 6911.332520 0.000000 0.812742 0.000000 0.582624 0.730203 0.730203 0.730203
3927.215576 0.000000 6936.697266 0.000000 0.689877 0.000000 -0.723926 0.793954 0.793954 0.793954
3886.084473 0.000000 6926.884766 0.000000 0.640121 0.000000 0.768274 0.713909 0.713909 0.713909
3900.240479 0.000000 6908.217773 0.000000 0.412686 0.000000 0.910873 0.700673 0.700673 0.700673
3844.829102 0.000000 6896.729004 0.000000 0.795164 0.000000 0.606394 0.725602 0.725602 0.725602
3892.093262 0.000000 6882.826660 0.000000 0.902751 0.000000 -0.430163 0.765820 0.765820 0.765820
3895.549805 0.000000 6883.591797 0.000000 0.647984 0.000000 -0.761654 0.785667 0.785667 0.785667
3889.407227 0.000000 6928.196777 0.000000 0.892092 0.000000 0.451854 0.727175 0.727175 0.727175
3847.166992 0.000000 6898.818359 0.000000 0.997566 0.000000 0.069733 0.746210 0.746210 0.746210
3863.287842 0.000000 6919.317383 0.000000 0.997424 0.000000 0.071735 0.746101 0.746101 0.746101
3869.807861 0.000000 6907.724121 0.000000 0.767802 0.000000 -0.640687 0.787760 0.787760 0.787760
3935.411865 0.000000 6925.861816 0.000000 0.868697 0.000000 -0.495344 0.773288 0.773288 0.773288
3888.143555 0.000000 6922.458496 0.000000 0.543870 0.000000 -0.839170 0.792883 0.792883 0.792883
3910.856445 0.000000 6925.993164 0.000000 0.751706 0.000000 0.659498 0.710896 0.710896 0.710896
3920.698242 0.000000 6924.930176 0.000000 0.950213 0.000000 -0.311600 0.767206 0.767206 0.767206
3881.478760 0.000000 6890.178711 0.000000 0.867469 0.000000 -0.497492 0.778274 0.778274 0.778274
3925.302490 0.000000 6934.830078 0.000000 0.998830 0.000000 0.048351 0.747555 0.747555 0.747555
3902.843262 0.000000 6918.662109 0.000000 0.688143 0.000000 0.725575 0.708956 0.708956 0.708956
3849.134521 0.000000 6915.568359 0.000000 0.972068 0.000000 0.234698 0.737136 0.737136 0.737136
3928.454834 0.000000 6921.742676 0.000000 0.968865 0.000000 -0.247591 0.768270 0.768270 0.768270
3884.207520 0.000000 6883.759766 0.000000 0.702049 0.000000 0.712129 0.706966 0.706966 0.706966
3902.551514 0.000000 6913.587891 0.000000 0.563653 0.000000 -0.826012 0.802779 0.802779 0.802779
3969.246582 0.000000 6935.054688 0.000000 0.030741 0.000000 0.999527 0.692328 0.692328 0.692328
3957.111572 0.000000 6930.958008 0.000000 0.956195 0.000000 0.292729 0.741100 0.741100 0.741100
3954.293213 0.000000 6928.572266 0.000000 0.500478 0.000000 -0.865749 0.800954 0.800954 0.800954
3966.535156 0.000000 6935.985840 0.000000 0.988146 0.000000 0.153518 0.741631 0.741631 0.741631
3750.225586 0.000000 6941.751465 0.000000 0.025958 0.000000 -0.999663 0.790496 0.790496 0.790496
3750.814941 0.000000 6937.010254 0.000000 0.227793 0.000000 -0.973710 0.797707 0.797707 0.797707
3924.074463 0.000000 6938.023438 0.000000 0.919057 0.000000 0.394125 0.734071 0.734071 0.734071
3933.734863 0.000000 6938.103027 0.000000 0.999779 0.000000 0.021028 0.749173 0.749173 0.749173
3898.252197 0.000000 6945.342285 0.000000 0.283321 0.000000 -0.959025 0.774033 0.774033 0.774033
3925.499756 0.000000 6943.789551 0.000000 0.058947 0.000000 0.998261 0.727354 0.727354 0.727354
3903.118896 0.000000 6944.811035 0.000000 0.123510 0.000000 0.992343 0.663302 0.663302 0.663302
3899.336182 0.000000 6940.833008 0.000000 0.964370 0.000000 0.264557 0.741477 0.741477 0.741477
3878.195312 0.000000 6940.444824 0.000000 0.961339 0.000000 -0.275369 0.762536 0.762536 0.762536
3896.122314 0.000000 6949.119629 0.000000 0.998049 0.000000 -0.062433 0.753392 0.753392 0.753392
3922.696777 0.000000 6941.456543 0.000000 0.991794 0.000000 0.127844 0.744239 0.744239 0.744239
3925.784668 0.000000 6940.668457 0.000000 0.541531 0.000000 -0.840681 0.804221 0.804221 0.804221
3902.158691 0.000000 6942.090332 0.000000 0.937400 0.000000 -0.348255 0.769315 0.769315 0.769315
3900.394531 0.000000 6943.898926 0.000000 0.340635 0.000000 0.940196 0.649225 0.649225 0.649225
3926.895264 0.000000 6937.844727 0.000000 0.965095 0.000000 0.261898 0.735611 0.735611 0.735611
3878.529541 0.000000 6938.004395 0.000000 0.628677 0.000000 -0.777667 0.798378 0.798378 0.798378
3961.472412 0.000000 6942.427734 0.000000 0.999621 0.000000 -0.027519 0.750258 0.750258 0.750258
3971.564209 0.000000 6944.695801 0.000000 0.823176 0.000000 0.567786 0.735302 0.735302 0.735302
3943.208008 0.000000 6938.759277 0.000000 0.813147 0.000000 -0.582058 0.766285 0.766285 0.766285
3960.985352 0.000000 6947.843750 0.000000 0.967345 0.000000 -0.253464 0.757197 0.757197 0.757197
3966.283691 0.000000 6944.411621 0.000000 0.086465 0.000000 -0.996255 0.788907 0.788907 0.788907
3950.765869 0.000000 6946.709961 0.000000 0.169289 0.000000 0.985566 0.681811 0.681811 0.681811
3971.937500 0.000000 6940.444824 0.000000 0.142963 0.000000 -0.989728 0.795434 0.795434 0.795434
3958.483398 0.000000 6944.480469 0.000000 0.995984 0.000000 0.089531 0.745132 0.745132 0.745132
3941.461914 0.000000 6941.894531 0.000000 0.764006 0.000000 -0.645209 0.786767 0.786767 0.786767
3964.031006 0.000000 6946.752441 0.000000 0.187615 0.000000 -0.982243 0.812107 0.812107 0.812107
3952.673584 0.000000 6944.697266 0.000000 0.980416 0.000000 0.196936 0.739236 0.739236 0.739236
3831.212646 0.000000 7209.015625 0.000000 0.984835 0.000000 0.173495 0.748694 0.748694 0.748694
3828.899902 0.000000 7215.849121 0.000000 0.966357 0.000000 -0.257205 0.755845 0.755845 0.755845
3842.111572 0.000000 7210.049316 0.000000 0.994435 0.000000 -0.105355 0.752569 0.752569 0.752569
3820.529541 0.000000 7216.666992 0.000000 0.664290 0.000000 -0.747475 0.773712 0.773712 0.773712
3839.222168 0.000000 7209.533691 0.000000 0.768599 0.000000 0.639731 0.721406 0.721406 0.721406
3844.798584 0.000000 7206.645020 0.000000 0.360525 0.000000 -0.932750 0.759002 0.759002 0.759002
3804.190186 0.000000 7285.422363 0.000000 0.988560 0.000000 0.150826 0.747165 0.747165 0.747165
3789.195801 0.000000 7279.398438 0.000000 0.987889 0.000000 -0.155160 0.750875 0.750875 0.750875
3762.227539 0.000000 7291.209961 0.000000 0.497578 0.000000 0.867419 0.738204 0.738204 0.738204
3819.340088 0.000000 7220.246094 0.000000 0.866019 0.000000 0.500010 0.737255 0.737255 0.737255
3791.438232 0.000000 7310.414551 0.000000 0.300366 0.000000 0.953824 0.735780 0.735780 0.735780
3794.683838 0.000000 7270.613281 0.000000 0.330927 0.000000 0.943656 0.745381 0.745381 0.745381
3837.087646 0.000000 7227.491211 0.000000 0.162669 0.000000 -0.986681 0.781623 0.781623 0.781623
3794.658936 0.000000 7289.450684 0.000000 0.535956 0.000000 -0.844246 0.772585 0.772585 0.772585
3782.010254 0.000000 7283.525391 0.000000 0.736429 0.000000 -0.676514 0.756956 0.756956 0.756956
3804.510010 0.000000 7226.568848 0.000000 0.971139 0.000000 -0.238516 0.751353 0.751353 0.751353
3819.643066 0.000000 7227.809082 0.000000 0.424344 0.000000 -0.905501 0.760603 0.760603 0.760603
3814.785156 0.000000 7236.513672 0.000000 0.895550 0.000000 -0.444962 0.761225 0.761225 0.761225
3799.977295 0.000000 7293.820312 0.000000 0.351448 0.000000 -0.936207 0.777225 0.777225 0.777225
3808.190430 0.000000 7236.017090 0.000000 0.372352 0.000000 -0.928092 0.767814 0.767814 0.767814
3828.750732 0.000000 7236.053223 0.000000 0.323865 0.000000 0.946103 0.724440 0.724440 0.724440
3790.595459 0.000000 7294.363281 0.000000 0.102850 0.000000 -0.994697 0.774734 0.774734 0.774734
3781.762207 0.000000 7310.023438 0.000000 0.511285 0.000000 0.859411 0.724828 0.724828 0.724828
3813.437012 0.000000 7277.295898 0.000000 0.044887 0.000000 -0.998992 0.772857 0.772857 0.772857
3804.185547 0.000000 7279.985352 0.000000 0.991166 0.000000 -0.132626 0.752242 0.752242 0.752242
3799.087646 0.000000 7286.602539 0.000000 0.554445 0.000000 0.832220 0.735274 0.735274 0.735274
3835.163818 0.000000 7220.635742 0.000000 0.991534 0.000000 -0.129844 0.752926 0.752926 0.752926
3806.410156 0.000000 7290.015625 0.000000 0.852568 0.000000 0.522617 0.741763 0.741763 0.741763
3809.376709 0.000000 7226.037598 0.000000 0.933336 0.000000 -0.359003 0.756876 0.756876 0.756876
3822.497070 0.000000 7283.984375 0.000000 0.934721 0.000000 0.355384 0.742517 0.742517 0.742517
3820.419434 0.000000 7270.352051 0.000000 0.999795 0.000000 0.020258 0.749545 0.749545 0.749545
3782.150146 0.000000 7271.317871 0.000000 0.999948 0.000000 0.010152 0.749829 0.749829 0.749829
3786.450928 0.000000 7267.466309 0.000000 0.788370 0.000000 -0.615201 0.762407 0.762407 0.762407
3765.555176 0.000000 7288.223145 0.000000 0.664046 0.000000 -0.747692 0.768977 0.768977 0.768977
3813.764893 0.000000 7259.722656 0.000000 0.878448 0.000000 0.477838 0.735075 0.735075 0.735075
3797.790039 0.000000 7273.546875 0.000000 0.984722 0.000000 -0.174134 0.753933 0.753933 0.753933
3806.609863 0.000000 7271.630859 0.000000 0.862185 0.000000 0.506594 0.738064 0.738064 0.738064
3778.056885 0.000000 7284.861328 0.000000 0.983115 0.000000 -0.182989 0.754479 0.754479 0.754479
3821.621826 0.000000 7241.794922 0.000000 0.191565 0.000000 0.981480 0.706136 0.706136 0.706136
3770.638672 0.000000 7287.239258 0.000000 0.294790 0.000000 0.955562 0.723810 0.723810 0.723810
3814.081055 0.000000 7240.377930 0.000000 0.064205 0.000000 0.997937 0.710508 0.710508 0.710508
3801.772217 0.000000 7263.779297 0.000000 0.982935 0.000000 -0.183953 0.754157 0.754157 0.754157
3765.911865 0.000000 7299.470215 0.000000 0.304700 0.000000 0.952448 0.707494 0.707494 0.707494
3828.685059 0.000000 7232.321289 0.000000 0.949277 0.000000 0.314440 0.741615 0.741615 0.741615
3792.665771 0.000000 7279.731445 0.000000 0.368992 0.000000 0.929433 0.703095 0.703095 0.703095
3795.376953 0.000000 7263.031250 0.000000 0.853801 0.000000 0.520599 0.725394 0.725394 0.725394
3823.858887 0.000000 7275.575195 0.000000 0.417930 0.000000 0.908479 0.711591 0.711591 0.711591
3773.177002 0.000000 7305.798828 0.000000 0.619534 0.000000 0.784970 0.716197 0.716197 0.716197
3771.605957 0.000000 7303.125488 0.000000 0.776309 0.000000 -0.630353 0.783202 0.783202 0.783202
3842.370605 0.000000 7221.297363 0.000000 0.994731 0.000000 -0.102518 0.754038 0.754038 0.754038
3784.544189 0.000000 7284.818359 0.000000 0.614208 0.000000 0.789145 0.698916 0.698916 0.698916
3819.179199 0.000000 7230.467773 0.000000 0.609957 0.000000 0.792435 0.710604 0.710604 0.710604
3778.824463 0.000000 7282.270508 0.000000 0.777736 0.000000 0.628591 0.718181 0.718181 0.718181
3813.541260 0.000000 7286.045898 0.000000 0.247396 0.000000 0.968914 0.653549 0.653549 0.653549
3825.566406 0.000000 7277.293457 0.000000 0.910196 0.000000 -0.414179 0.784383 0.784383 0.784383
3840.361084 0.000000 7221.434570 0.000000 0.916504 0.000000 -0.400025 0.786217 0.786217 0.786217
3823.662598 0.000000 7277.395996 0.000000 0.644020 0.000000 -0.765008 0.847858 0.847858 0.847858
3849.465820 0.000000 7219.985840 0.000000 0.204708 0.000000 -0.978823 0.767886 0.767886 0.767886
3847.719727 0.000000 7223.121094 0.000000 0.150690 0.000000 -0.988581 0.792527 0.792527 0.792527
3846.381104 0.000000 7220.541992 0.000000 0.875372 0.000000 -0.483451 0.772675 0.772675 0.772675
3781.286133 0.000000 7312.414551 0.000000 0.844002 0.000000 -0.536340 0.755300 0.755300 0.755300
9522.667969 0.000000 6141.783203 0.000000 0.560894 0.000000 -0.827888 0.757305 0.757305 0.757305
9545.119141 0.000000 6161.104980 0.000000 0.894580 0.000000 0.446908 0.725710 0.725710 0.725710
9534.194336 0.000000 6146.557617 0.000000 0.040133 0.000000 0.999194 0.666886 0.666886 0.666886
9538.193359 0.000000 6163.514648 0.000000 0.999932 0.000000 -0.011630 0.750305 0.750305 0.750305
9551.998047 0.000000 6162.700195 0.000000 0.725453 0.000000 -0.688272 0.779848 0.779848 0.779848
9523.626953 0.000000 6181.053711 0.000000 0.822642 0.000000 0.568559 0.691118 0.691118 0.691118
9553.628906 0.000000 6178.884277 0.000000 0.067451 0.000000 -0.997723 0.803481 0.803481 0.803481
9549.560547 0.000000 6140.366211 0.000000 0.530957 0.000000 0.847398 0.704565 0.704565 0.704565
9530.218750 0.000000 6148.413086 0.000000 0.950113 0.000000 -0.311906 0.812956 0.812956 0.812956
9504.318359 0.000000 6171.063965 0.000000 0.998603 0.000000 -0.052835 0.759996 0.759996 0.759996
9542.109375 0.000000 6163.719727 0.000000 0.997757 0.000000 -0.066939 0.753387 0.753387 0.753387
9538.802734 0.000000 6185.502930 0.000000 0.958132 0.000000 -0.286327 0.758700 0.758700 0.758700
9542.526367 0.000000 6138.141602 0.000000 0.584833 0.000000 0.811154 0.567532 0.567532 0.567532
9514.851562 0.000000 6181.163086 0.000000 0.826741 0.000000 0.562583 0.683992 0.683992 0.683992
9551.948242 0.000000 6147.675781 0.000000 0.858279 0.000000 0.513183 0.702576 0.702576 0.702576
9520.332031 0.000000 6180.140137 0.000000 0.195070 0.000000 0.980789 0.626469 0.626469 0.626469
9514.005859 0.000000 6161.395020 0.000000 0.476406 0.000000 -0.879225 0.798274 0.798274 0.798274
9524.771484 0.000000 6158.280273 0.000000 0.999113 0.000000 -0.042118 0.751972 0.751972 0.751972
9515.803711 0.000000 6158.798828 0.000000 0.989228 0.000000 0.146385 0.744223 0.744223 0.744223
9502.521484 0.000000 6174.545898 0.000000 0.920771 0.000000 -0.390104 0.817532 0.817532 0.817532
9536.861328 0.000000 6147.747559 0.000000 0.788230 0.000000 -0.615380 0.777305 0.777305 0.777305
9534.134766 0.000000 6182.417480 0.000000 0.946491 0.000000 0.322730 0.710006 0.710006 0.710006
9547.984375 0.000000 6142.758789 0.000000 0.813579 0.000000 0.581454 0.719792 0.719792 0.719792
9546.824219 0.000000 6140.108398 0.000000 0.007516 0.000000 0.999972 0.612426 0.612426 0.612426
9530.733398 0.000000 6184.429199 0.000000 0.940861 0.000000 -0.338792 0.773298 0.773298 0.773298
9536.269531 0.000000 6145.170898 0.000000 0.976292 0.000000 -0.216456 0.761847 0.761847 0.761847
9550.729492 0.000000 6164.736328 0.000000 0.006722 0.000000 -0.999977 0.919858 0.919858 0.919858
9528.835938 0.000000 6146.564453 0.000000 0.947182 0.000000 0.320698 0.696819 0.696819 0.696819
9550.312500 0.000000 6149.139648 0.000000 0.773412 0.000000 -0.633904 0.820707 0.820707 0.820707
9522.771484 0.000000 6165.742676 0.000000 0.564876 0.000000 0.825176 0.591904 0.591904 0.591904
9515.682617 0.000000 6179.412598 0.000000 0.779281 0.000000 0.626675 0.668839 0.668839 0.668839
9523.043945 0.000000 6158.706055 0.000000 0.500170 0.000000 -0.865927 0.895071 0.895071 0.895071
9522.685547 0.000000 6143.515625 0.000000 0.905850 0.000000 -0.423598 0.803236 0.803236 0.803236
9542.182617 0.000000 6139.634277 0.000000 0.982834 0.000000 0.184492 0.714214 0.714214 0.714214
9505.508789 0.000000 6170.055664 0.000000 0.987192 0.000000 -0.159536 0.780300 0.780300 0.780300
9530.200195 0.000000 6149.888672 0.000000 0.493630 0.000000 -0.869672 0.959300 0.959300 0.959300
9503.972656 0.000000 6174.721680 0.000000 0.983679 0.000000 -0.179935 0.780488 0.780488 0.780488
9531.418945 0.000000 6148.843750 0.000000 0.417281 0.000000 -0.908778 0.976331 0.976331 0.976331
9596.378906 0.000000 6073.363770 0.000000 0.599659 0.000000 0.800256 0.743052 0.743052 0.743052
9620.189453 0.000000 6036.985352 0.000000 0.639517 0.000000 -0.768777 0.756568 0.756568 0.756568
9603.454102 0.000000 6091.766113 0.000000 0.410649 0.000000 -0.911793 0.827358 0.827358 0.827358
9627.541992 0.000000 6084.799316 0.000000 0.872467 0.000000 -0.488674 0.778680 0.778680 0.778680
9599.358398 0.000000 6081.239746 0.000000 0.769836 0.000000 -0.638241 0.817397 0.817397 0.817397
9643.228516 0.000000 6084.109375 0.000000 0.471485 0.000000 -0.881874 0.877378 0.877378 0.877378
9600.384766 0.000000 6067.657715 0.000000 0.236228 0.000000 0.971698 0.587848 0.587848 0.587848
9652.923828 0.000000 6022.823242 0.000000 0.199629 0.000000 0.979872 0.691008 0.691008 0.691008
9637.291992 0.000000 6004.311523 0.000000 0.492040 0.000000 0.870573 0.726265 0.726265 0.726265
9623.163086 0.000000 6080.404785 0.000000 0.973358 0.000000 0.229292 0.733539 0.733539 0.733539
9644.737305 0.000000 6012.774414 0.000000 0.557542 0.000000 0.830149 0.643640 0.643640 0.643640
9650.365234 0.000000 6070.132324 0.000000 0.901858 0.000000 -0.432032 0.793497 0.793497 0.793497
9640.003906 0.000000 6057.863281 0.000000 0.680136 0.000000 0.733086 0.671424 0.671424 0.671424
9636.533203 0.000000 5999.802246 0.000000 0.994041 0.000000 0.109004 0.745501 0.745501 0.745501
9642.860352 0.000000 6034.857910 0.000000 0.850188 0.000000 -0.526480 0.761420 0.761420 0.761420
9646.165039 0.000000 6080.422363 0.000000 0.974378 0.000000 0.224916 0.720691 0.720691 0.720691
9649.047852 0.000000 6013.258789 0.000000 0.723301 0.000000 0.690533 0.654378 0.654378 0.654378
9643.302734 0.000000 6046.624023 0.000000 0.925279 0.000000 0.379288 0.730333 0.730333 0.730333
9618.625977 0.000000 6052.982422 0.000000 0.996979 0.000000 0.077677 0.742720 0.742720 0.742720
9614.118164 0.000000 6071.446289 0.000000 0.936547 0.000000 0.350543 0.721164 0.721164 0.721164
9620.549805 0.000000 6067.361328 0.000000 0.138042 0.000000 -0.990426 0.843866 0.843866 0.843866
9647.790039 0.000000 6050.233887 0.000000 0.999950 0.000000 -0.009986 0.750224 0.750224 0.750224
9651.294922 0.000000 6018.853516 0.000000 0.751284 0.000000 -0.659979 0.799936 0.799936 0.799936
9601.385742 0.000000 6084.780273 0.000000 0.129943 0.000000 -0.991521 0.995443 0.995443 0.995443
9650.017578 0.000000 6042.037109 0.000000 0.084184 0.000000 0.996450 0.605265 0.605265 0.605265
9648.640625 0.000000 6091.982422 0.000000 0.114301 0.000000 0.993446 0.597305 0.597305 0.597305
9616.228516 0.000000 6057.531250 0.000000 0.412854 0.000000 -0.910797 0.782165 0.782165 0.782165
9608.593750 0.000000 6087.420898 0.000000 0.865609 0.000000 0.500720 0.715632 0.715632 0.715632
9648.595703 0.000000 6005.307129 0.000000 0.668024 0.000000 -0.744140 0.792428 0.792428 0.792428
9654.998047 0.000000 6052.904297 0.000000 0.563826 0.000000 -0.825894 0.824603 0.824603 0.824603
9604.681641 0.000000 6061.083008 0.000000 0.826833 0.000000 0.562448 0.725394 0.725394 0.725394
9622.622070 0.000000 6039.306152 0.000000 0.995143 0.000000 0.098437 0.738369 0.738369 0.738369
9645.571289 0.000000 6036.903320 0.000000 0.491485 0.000000 -0.870886 0.839061 0.839061 0.839061
9655.417969 0.000000 6012.997559 0.000000 0.819303 0.000000 0.573361 0.640243 0.640243 0.640243
9624.343750 0.000000 6083.434570 0.000000 0.761735 0.000000 0.647889 0.724926 0.724926 0.724926
9599.726562 0.000000 6074.847168 0.000000 0.373533 0.000000 0.927617 0.618761 0.618761 0.618761
9639.707031 0.000000 6051.443359 0.000000 0.058673 0.000000 -0.998277 0.817950 0.817950 0.817950
9613.945312 0.000000 6059.730957 0.000000 0.545681 0.000000 0.837993 0.591865 0.591865 0.591865
9648.004883 0.000000 6082.479980 0.000000 0.465464 0.000000 -0.885067 0.872078 0.872078 0.872078
9623.170898 0.000000 6066.807129 0.000000 0.286192 0.000000 0.958172 0.541399 0.541399 0.541399
9629.955078 0.000000 6085.821777 0.000000 0.931950 0.000000 -0.362587 0.804885 0.804885 0.804885
9655.333984 0.000000 6024.114746 0.000000 0.266865 0.000000 -0.963734 0.827932 0.827932 0.827932
9649.930664 0.000000 6047.283691 0.000000 0.833516 0.000000 0.552495 0.720407 0.720407 0.720407
9646.728516 0.000000 6078.062988 0.000000 0.236902 0.000000 0.971534 0.635306 0.635306 0.635306
9651.833008 0.000000 6071.940430 0.000000 0.781214 0.000000 -0.624263 0.815643 0.815643 0.815643
9651.107422 0.000000 6057.003906 0.000000 0.155969 0.000000 0.987762 0.524925 0.524925 0.524925
9642.339844 0.000000 6044.432129 0.000000 0.380112 0.000000 0.924940 0.610701 0.610701 0.610701
9613.522461 0.000000 6091.102051 0.000000 0.858080 0.000000 0.513515 0.657103 0.657103 0.657103
9645.029297 0.000000 6034.320312 0.000000 0.993107 0.000000 -0.117213 0.759239 0.759239 0.759239
9651.387695 0.000000 6013.500977 0.000000 0.845686 0.000000 0.533680 0.708891 0.708891 0.708891
9648.477539 0.000000 6089.770508 0.000000 0.631277 0.000000 0.775558 0.688508 0.688508 0.688508
9647.235352 0.000000 5999.826172 0.000000 0.967037 0.000000 0.254638 0.717218 0.717218 0.717218
9626.803711 0.000000 6042.991699 0.000000 1.000000 0.000000 0.000126 0.749976 0.749976 0.749976
9641.806641 0.000000 6051.841309 0.000000 0.543151 0.000000 -0.839635 0.871294 0.871294 0.871294
9619.142578 0.000000 6055.430664 0.000000 0.953673 0.000000 -0.300847 0.797490 0.797490 0.797490
9649.336914 0.000000 6019.387207 0.000000 0.561493 0.000000 0.827482 0.645983 0.645983 0.645983
9606.595703 0.000000 6087.663086 0.000000 0.705189 0.000000 -0.709019 0.844442 0.844442 0.844442
9639.200195 0.000000 6005.319336 0.000000 0.550409 0.000000 0.834895 0.629761 0.629761 0.629761
9650.788086 0.000000 6004.759766 0.000000 0.328542 0.000000 -0.944489 0.870347 0.870347 0.870347
9629.222656 0.000000 6084.165527 0.000000 0.922059 0.000000 0.387049 0.691212 0.691212 0.691212
9650.156250 0.000000 6068.248535 0.000000 0.883163 0.000000 0.469066 0.701549 0.701549 0.701549
9631.488281 0.000000 6038.609375 0.000000 0.736278 0.000000 -0.676679 0.868291 0.868291 0.868291
9610.781250 0.000000 6079.382812 0.000000 0.490294 0.000000 -0.871557 0.962042 0.962042 0.962042
9612.642578 0.000000 6058.657715 0.000000 0.995447 0.000000 0.095318 0.734807 0.734807 0.734807
9607.207031 0.000000 6086.131348 0.000000 0.830101 0.000000 -0.557613 0.820883 0.820883 0.820883
9646.561523 0.000000 6081.917969 0.000000 0.541806 0.000000 -0.840504 0.878965 0.878965 0.878965
9647.126953 0.000000 6053.440430 0.000000 0.448474 0.000000 0.893796 0.567805 0.567805 0.567805
9628.530273 0.000000 6080.967285 0.000000 0.135151 0.000000 0.990825 0.529638 0.529638 0.529638
9618.181641 0.000000 6054.350098 0.000000 0.815668 0.000000 0.578520 0.654126 0.654126 0.654126
9600.020508 0.000000 6085.224121 0.000000 0.973750 0.000000 -0.227622 0.789127 0.789127 0.789127
9656.972656 0.000000 6033.999023 0.000000 0.909377 0.000000 0.415972 0.698590 0.698590 0.698590
9657.309570 0.000000 6047.425781 0.000000 0.648181 0.000000 -0.761486 0.813210 0.813210 0.813210
9656.257812 0.000000 6016.580078 0.000000 0.825915 0.000000 -0.563795 0.826264 0.826264 0.826264
9596.378906 0.000000 6167.105957 0.000000 0.501243 0.000000 -0.865307 0.892941 0.892941 0.892941
9628.922852 0.000000 6156.682617 0.000000 0.775624 0.000000 -0.631196 0.839532 0.839532 0.839532
9622.553711 0.000000 6117.291016 0.000000 0.642716 0.000000 -0.766104 0.908514 0.908514 0.908514
9585.442383 0.000000 6132.198242 0.000000 0.220250 0.000000 0.975443 0.686866 0.686866 0.686866
9620.189453 0.000000 6130.727539 0.000000 0.147713 0.000000 -0.989030 0.843225 0.843225 0.843225
9631.355469 0.000000 6095.339844 0.000000 0.212975 0.000000 -0.977058 0.800786 0.800786 0.800786
9603.454102 0.000000 6185.508301 0.000000 0.917127 0.000000 -0.398596 0.753838 0.753838 0.753838
9649.103516 0.000000 6102.584961 0.000000 0.924312 0.000000 0.381638 0.718473 0.718473 0.718473
9576.880859 0.000000 6183.634277 0.000000 0.546444 0.000000 -0.837496 0.774163 0.774163 0.774163
9638.536133 0.000000 6130.022461 0.000000 0.365234 0.000000 -0.930916 0.801546 0.801546 0.801546
9598.921875 0.000000 6147.057617 0.000000 0.999713 0.000000 0.023951 0.747982 0.747982 0.747982
9624.530273 0.000000 6124.355469 0.000000 0.337795 0.000000 -0.941220 0.823472 0.823472 0.823472
9612.866211 0.000000 6130.729492 0.000000 0.053013 0.000000 0.998594 0.707372 0.707372 0.707372
9627.573242 0.000000 6130.866699 0.000000 0.882032 0.000000 -0.471190 0.757349 0.757349 0.757349
9645.740234 0.000000 6162.700195 0.000000 0.236626 0.000000 0.971601 0.645257 0.645257 0.645257
9597.736328 0.000000 6108.035645 0.000000 0.622295 0.000000 -0.782783 0.815658 0.815658 0.815658
9606.486328 0.000000 6157.840820 0.000000 0.774700 0.000000 -0.632329 0.769227 0.769227 0.769227
9603.341797 0.000000 6121.905273 0.000000 0.129511 0.000000 -0.991578 0.973934 0.973934 0.973934
9595.433594 0.000000 6120.505859 0.000000 0.635504 0.000000 -0.772098 0.829283 0.829283 0.829283
9579.589844 0.000000 6159.302734 0.000000 0.924084 0.000000 -0.382189 0.811681 0.811681 0.811681
9621.477539 0.000000 6156.988770 0.000000 0.983905 0.000000 -0.178695 0.759083 0.759083 0.759083
9625.452148 0.000000 6152.389648 0.000000 0.411241 0.000000 -0.911527 0.868119 0.868119 0.868119
9631.669922 0.000000 6174.662109 0.000000 0.771754 0.000000 0.635921 0.691929 0.691929 0.691929
9601.296875 0.000000 6099.532715 0.000000 0.140154 0.000000 -0.990130 0.824981 0.824981 0.824981
9643.099609 0.000000 6133.174805 0.000000 0.357213 0.000000 -0.934023 0.813202 0.813202 0.813202
9579.338867 0.000000 6171.235352 0.000000 0.934149 0.000000 0.356883 0.741800 0.741800 0.741800
9573.958008 0.000000 6151.306152 0.000000 0.870982 0.000000 0.491314 0.742307 0.742307 0.742307
9612.339844 0.000000 6173.966797 0.000000 0.936653 0.000000 -0.350260 0.809633 0.809633 0.809633
9632.605469 0.000000 6130.502930 0.000000 0.035456 0.000000 -0.999371 0.959859 0.959859 0.959859
9642.286133 0.000000 6165.664551 0.000000 0.906169 0.000000 0.422916 0.727107 0.727107 0.727107
9594.166016 0.000000 6146.411621 0.000000 0.906736 0.000000 -0.421698 0.795645 0.795645 0.795645
9611.019531 0.000000 6178.340820 0.000000 0.601009 0.000000 0.799242 0.611287 0.611287 0.611287
9568.925781 0.000000 6158.706543 0.000000 0.892057 0.000000 -0.451922 0.781608 0.781608 0.781608
9654.995117 0.000000 6120.417969 0.000000 0.986586 0.000000 0.163243 0.741096 0.741096 0.741096
9628.776367 0.000000 6123.108398 0.000000 0.950706 0.000000 0.310092 0.741735 0.741735 0.741735
9608.417969 0.000000 6130.563965 0.000000 0.367718 0.000000 0.929937 0.714222 0.714222 0.714222
9649.047852 0.000000 6107.000977 0.000000 0.980153 0.000000 0.198244 0.736922 0.736922 0.736922
9638.536133 0.000000 6115.074219 0.000000 0.985113 0.000000 -0.171907 0.760028 0.760028 0.760028
9625.654297 0.000000 6120.213867 0.000000 0.786124 0.000000 -0.618068 0.846062 0.846062 0.846062
9601.653320 0.000000 6150.245605 0.000000 0.428043 0.000000 0.903758 0.585189 0.585189 0.585189
9597.190430 0.000000 6130.713379 0.000000 0.138388 0.000000 0.990378 0.650795 0.650795 0.650795
9623.562500 0.000000 6108.757324 0.000000 0.947444 0.000000 -0.319921 0.774390 0.774390 0.774390
9635.638672 0.000000 6102.314941 0.000000 0.945759 0.000000 -0.324869 0.773542 0.773542 0.773542
9613.788086 0.000000 6138.873047 0.000000 0.784505 0.000000 0.620122 0.623502 0.623502 0.623502
9620.166992 0.000000 6140.721191 0.000000 0.932129 0.000000 0.362127 0.741674 0.741674 0.741674
9630.433594 0.000000 6133.781250 0.000000 0.954326 0.000000 0.298767 0.741479 0.741479 0.741479
9573.180664 0.000000 6131.295898 0.000000 0.053856 0.000000 -0.998549 0.835209 0.835209 0.835209
9638.652344 0.000000 6133.875488 0.000000 0.070265 0.000000 0.997528 0.632001 0.632001 0.632001
9576.949219 0.000000 6138.091797 0.000000 0.896352 0.000000 -0.443343 0.764621 0.764621 0.764621
9615.138672 0.000000 6170.984375 0.000000 0.968823 0.000000 0.247755 0.740156 0.740156 0.740156
9640.970703 0.000000 6097.776855 0.000000 0.073436 0.000000 0.997300 0.623840 0.623840 0.623840
9622.700195 0.000000 6113.667480 0.000000 0.670861 0.000000 0.741583 0.710893 0.710893 0.710893
9604.681641 0.000000 6154.825195 0.000000 0.295211 0.000000 -0.955432 0.802361 0.802361 0.802361
9634.113281 0.000000 6105.726074 0.000000 0.322859 0.000000 0.946447 0.666278 0.666278 0.666278
9643.747070 0.000000 6113.857422 0.000000 0.970961 0.000000 0.239236 0.735978 0.735978 0.735978
9596.986328 0.000000 6111.476074 0.000000 0.812145 0.000000 0.583456 0.710340 0.710340 0.710340
9601.591797 0.000000 6096.188965 0.000000 0.967693 0.000000 -0.252133 0.783885 0.783885 0.783885
9584.810547 0.000000 6175.067383 0.000000 0.345476 0.000000 -0.938428 0.893684 0.893684 0.893684
9624.343750 0.000000 6177.176758 0.000000 0.871126 0.000000 0.491059 0.682722 0.682722 0.682722
9602.910156 0.000000 6093.334961 0.000000 0.128772 0.000000 0.991674 0.690613 0.690613 0.690613
9631.417969 0.000000 6171.498047 0.000000 0.494944 0.000000 -0.868925 0.799292 0.799292 0.799292
9592.017578 0.000000 6112.985352 0.000000 0.664935 0.000000 -0.746901 0.811588 0.811588 0.811588
9622.135742 0.000000 6171.210938 0.000000 0.834401 0.000000 0.551159 0.711744 0.711744 0.711744
9625.209961 0.000000 6171.319336 0.000000 0.984739 0.000000 -0.174039 0.768342 0.768342 0.768342
9609.545898 0.000000 6158.798828 0.000000 0.631037 0.000000 -0.775752 0.904615 0.904615 0.904615
9624.966797 0.000000 6155.489746 0.000000 0.718556 0.000000 0.695469 0.679439 0.679439 0.679439
9610.367188 0.000000 6132.889160 0.000000 0.612675 0.000000 0.790335 0.676623 0.676623 0.676623
9613.823242 0.000000 6133.654297 0.000000 0.999984 0.000000 0.005658 0.749439 0.749439 0.749439
9623.090820 0.000000 6140.510254 0.000000 0.783436 0.000000 -0.621473 0.865522 0.865522 0.865522
9621.573242 0.000000 6104.145020 0.000000 0.366451 0.000000 0.930437 0.584339 0.584339 0.584339
9641.169922 0.000000 6130.960938 0.000000 0.969782 0.000000 0.243973 0.738002 0.738002 0.738002
9625.176758 0.000000 6166.167969 0.000000 0.992658 0.000000 0.120953 0.736832 0.736832 0.736832
9613.261719 0.000000 6176.633301 0.000000 0.619884 0.000000 0.784693 0.597964 0.597964 0.597964
9628.583984 0.000000 6095.655762 0.000000 0.076968 0.000000 -0.997034 0.825517 0.825517 0.825517
9603.690430 0.000000 6098.205078 0.000000 0.255197 0.000000 -0.966889 0.848320 0.848320 0.848320
9581.418945 0.000000 6173.041016 0.000000 0.662573 0.000000 0.748997 0.677086 0.677086 0.677086
9579.627930 0.000000 6182.952148 0.000000 0.946131 0.000000 -0.323783 0.763582 0.763582 0.763582
9564.670898 0.000000 6181.900879 0.000000 0.744682 0.000000 0.667420 0.676115 0.676115 0.676115
9652.913086 0.000000 6158.365234 0.000000 0.668789 0.000000 -0.743452 0.823766 0.823766 0.823766
9586.069336 0.000000 6134.875000 0.000000 0.943152 0.000000 0.332361 0.730968 0.730968 0.730968
9640.730469 0.000000 6159.223145 0.000000 0.933927 0.000000 -0.357465 0.784908 0.784908 0.784908
9620.916992 0.000000 6108.263184 0.000000 0.570424 0.000000 -0.821350 0.861884 0.861884 0.861884
9584.538086 0.000000 6149.560059 0.000000 0.091225 0.000000 0.995830 0.517309 0.517309 0.517309
9611.936523 0.000000 6147.147461 0.000000 0.683560 0.000000 -0.729894 0.789831 0.789831 0.789831
9567.773438 0.000000 6180.486816 0.000000 0.455709 0.000000 0.890129 0.655460 0.655460 0.655460
9579.944336 0.000000 6142.426758 0.000000 0.999705 0.000000 0.024284 0.747317 0.747317 0.747317
9649.276367 0.000000 6094.232422 0.000000 0.475805 0.000000 -0.879551 0.890888 0.890888 0.890888
9654.041992 0.000000 6122.744629 0.000000 0.987343 0.000000 0.158597 0.741650 0.741650 0.741650
9630.208984 0.000000 6131.076660 0.000000 0.098946 0.000000 0.995093 0.639776 0.639776 0.639776
9637.582031 0.000000 6152.387207 0.000000 0.751153 0.000000 -0.660128 0.870149 0.870149 0.870149
9569.697266 0.000000 6184.428711 0.000000 0.726219 0.000000 -0.687464 0.811029 0.811029 0.811029
9604.289062 0.000000 6106.669922 0.000000 0.062311 0.000000 -0.998057 0.834733 0.834733 0.834733
9624.139648 0.000000 6122.032227 0.000000 0.996169 0.000000 -0.087454 0.765248 0.765248 0.765248
9629.945312 0.000000 6125.166504 0.000000 0.816442 0.000000 0.577427 0.710811 0.710811 0.710811
9623.365234 0.000000 6119.520020 0.000000 0.733135 0.000000 -0.680083 0.841022 0.841022 0.841022
9644.471680 0.000000 6164.736328 0.000000 0.897477 0.000000 -0.441061 0.792764 0.792764 0.792764
9594.265625 0.000000 6112.057617 0.000000 0.836640 0.000000 0.547753 0.678364 0.678364 0.678364
9610.989258 0.000000 6180.664062 0.000000 0.975843 0.000000 -0.218475 0.780518 0.780518 0.780518
9592.829102 0.000000 6141.823242 0.000000 0.772907 0.000000 0.634519 0.676637 0.676637 0.676637
9603.464844 0.000000 6101.702148 0.000000 0.171938 0.000000 -0.985108 0.896587 0.896587 0.896587
9597.848633 0.000000 6132.946777 0.000000 0.280284 0.000000 -0.959917 0.921056 0.921056 0.921056
9640.986328 0.000000 6133.929199 0.000000 0.610483 0.000000 -0.792030 0.941701 0.941701 0.941701
9629.055664 0.000000 6129.223633 0.000000 0.291866 0.000000 -0.956459 0.893197 0.893197 0.893197
9649.026367 0.000000 6137.727051 0.000000 0.381619 0.000000 0.924320 0.630766 0.630766 0.630766
9574.685547 0.000000 6138.254395 0.000000 0.790955 0.000000 0.611874 0.698220 0.698220 0.698220
9597.509766 0.000000 6168.981934 0.000000 0.895351 0.000000 0.445361 0.712837 0.712837 0.712837
9633.803711 0.000000 6174.709961 0.000000 0.333801 0.000000 -0.942643 0.849069 0.849069 0.849069
9578.790039 0.000000 6134.161133 0.000000 0.496180 0.000000 0.868219 0.557035 0.557035 0.557035
9640.494141 0.000000 6115.871094 0.000000 0.968538 0.000000 0.248867 0.709971 0.709971 0.709971
9603.956055 0.000000 6150.204102 0.000000 0.049179 0.000000 -0.998790 0.963679 0.963679 0.963679
9590.239258 0.000000 6141.283203 0.000000 0.673848 0.000000 -0.738870 0.821609 0.821609 0.821609
9572.163086 0.000000 6133.139648 0.000000 0.994321 0.000000 -0.106423 0.762178 0.762178 0.762178
9623.764648 0.000000 6115.510742 0.000000 0.370083 0.000000 -0.928999 0.955284 0.955284 0.955284
9641.774414 0.000000 6099.705566 0.000000 0.972049 0.000000 -0.234778 0.774406 0.774406 0.774406
9598.477539 0.000000 6155.624512 0.000000 0.857836 0.000000 0.513923 0.682287 0.682287 0.682287
9620.804688 0.000000 6155.016602 0.000000 0.269667 0.000000 0.962954 0.599345 0.599345 0.599345
9595.435547 0.000000 6118.424805 0.000000 0.381184 0.000000 -0.924499 0.906833 0.906833 0.906833
9647.132812 0.000000 6106.687012 0.000000 0.187682 0.000000 -0.982230 0.915610 0.915610 0.915610
9604.696289 0.000000 6156.864258 0.000000 0.996486 0.000000 0.083754 0.740423 0.740423 0.740423
9633.435547 0.000000 6176.860352 0.000000 0.287748 0.000000 -0.957706 0.874523 0.874523 0.874523
9593.635742 0.000000 6140.036621 0.000000 0.449525 0.000000 -0.893268 0.867887 0.867887 0.867887
9600.559570 0.000000 6097.772949 0.000000 0.060920 0.000000 -0.998143 0.950720 0.950720 0.950720
9569.367188 0.000000 6152.469238 0.000000 0.573655 0.000000 0.819097 0.597237 0.597237 0.597237
9624.228516 0.000000 6153.812012 0.000000 0.838379 0.000000 0.545088 0.690631 0.690631 0.690631
9623.791016 0.000000 6172.463379 0.000000 0.829469 0.000000 0.558553 0.682310 0.682310 0.682310
9616.972656 0.000000 6175.158203 0.000000 0.445374 0.000000 -0.895345 0.905766 0.905766 0.905766
9602.550781 0.000000 6106.169434 0.000000 0.043979 0.000000 0.999032 0.521296 0.521296 0.521296
9575.362305 0.000000 6152.416504 0.000000 0.371949 0.000000 -0.928253 0.879200 0.879200 0.879200
9597.119141 0.000000 6146.792969 0.000000 0.240066 0.000000 0.970756 0.498789 0.498789 0.498789
9621.093750 0.000000 6105.778320 0.000000 0.509592 0.000000 0.860416 0.606441 0.606441 0.606441
9595.863281 0.000000 6112.727539 0.000000 0.999762 0.000000 -0.021809 0.752695 0.752695 0.752695
9633.992188 0.000000 6131.462402 0.000000 0.356714 0.000000 0.934214 0.585150 0.585150 0.585150
9625.938477 0.000000 6177.895508 0.000000 0.573262 0.000000 -0.819372 0.875867 0.875867 0.875867
9604.821289 0.000000 6186.410156 0.000000 0.995152 0.000000 -0.098353 0.762174 0.762174 0.762174
9641.638672 0.000000 6132.468262 0.000000 0.603094 0.000000 -0.797671 0.943651 0.943651 0.943651
9589.575195 0.000000 6158.259766 0.000000 0.712783 0.000000 0.701384 0.637927 0.637927 0.637927
9651.140625 0.000000 6141.945312 0.000000 0.512632 0.000000 0.858609 0.572131 0.572131 0.572131
9637.725586 0.000000 6153.932617 0.000000 0.015367 0.000000 -0.999882 1.009204 1.009204 1.009204
9602.885742 0.000000 6107.670898 0.000000 0.443034 0.000000 0.896505 0.583458 0.583458 0.583458
9651.263672 0.000000 6140.248535 0.000000 0.780703 0.000000 0.624903 0.633722 0.633722 0.633722
9602.648438 0.000000 6120.596680 0.000000 0.987726 0.000000 -0.156199 0.774375 0.774375 0.774375
9625.930664 0.000000 6123.975586 0.000000 0.816025 0.000000 0.578017 0.642682 0.642682 0.642682
9630.938477 0.000000 6173.436523 0.000000 0.771620 0.000000 0.636084 0.635113 0.635113 0.635113
9629.088867 0.000000 6097.335938 0.000000 0.817707 0.000000 0.575634 0.623665 0.623665 0.623665
9655.781250 0.000000 6129.694336 0.000000 0.157270 0.000000 0.987556 0.691800 0.691800 0.691800
9663.133789 0.000000 6154.285645 0.000000 0.873498 0.000000 0.486828 0.741432 0.741432 0.741432
9659.688477 0.000000 6151.849609 0.000000 0.725122 0.000000 -0.688620 0.852402 0.852402 0.852402
9661.444336 0.000000 6118.052246 0.000000 0.066466 0.000000 -0.997789 0.792250 0.792250 0.792250
9656.599609 0.000000 6120.100098 0.000000 0.624289 0.000000 -0.781194 0.798684 0.798684 0.798684
9659.182617 0.000000 6148.880859 0.000000 0.650515 0.000000 0.759493 0.701549 0.701549 0.701549
9665.951172 0.000000 6154.526367 0.000000 0.350094 0.000000 -0.936715 0.831773 0.831773 0.831773
9664.221680 0.000000 6156.676758 0.000000 0.623377 0.000000 -0.781922 0.837409 0.837409 0.837409
9656.972656 0.000000 6127.741211 0.000000 0.314713 0.000000 0.949187 0.672723 0.672723 0.672723
9658.307617 0.000000 6150.536133 0.000000 0.860883 0.000000 0.508803 0.678037 0.678037 0.678037
9661.806641 0.000000 6121.724121 0.000000 0.132277 0.000000 -0.991213 0.962729 0.962729 0.962729
9658.670898 0.000000 6153.027832 0.000000 0.003523 0.000000 -0.999994 1.037589 1.037589 1.037589
9530.925781 0.000000 6198.631348 0.000000 0.948556 0.000000 -0.316610 0.772318 0.772318 0.772318
9533.058594 0.000000 6205.349609 0.000000 0.032334 0.000000 0.999477 0.663581 0.663581 0.663581
9550.995117 0.000000 6200.258789 0.000000 0.879070 0.000000 -0.476693 0.794658 0.794658 0.794658
9559.818359 0.000000 6222.828125 0.000000 0.553186 0.000000 0.833058 0.679943 0.679943 0.679943
9539.339844 0.000000 6192.852539 0.000000 0.949462 0.000000 -0.313882 0.757174 0.757174 0.757174
9534.774414 0.000000 6199.408203 0.000000 0.396133 0.000000 0.918193 0.662858 0.662858 0.662858
9532.027344 0.000000 6190.312500 0.000000 0.390718 0.000000 0.920510 0.587972 0.587972 0.587972
9532.944336 0.000000 6202.160156 0.000000 0.967645 0.000000 -0.252317 0.768627 0.768627 0.768627
9534.012695 0.000000 6196.401855 0.000000 0.118384 0.000000 -0.992968 0.823413 0.823413 0.823413
9539.602539 0.000000 6187.069824 0.000000 0.899613 0.000000 0.436688 0.672153 0.672153 0.672153
9527.174805 0.000000 6202.005371 0.000000 0.363435 0.000000 0.931619 0.536751 0.536751 0.536751
9524.925781 0.000000 6193.961426 0.000000 0.931342 0.000000 -0.364146 0.798851 0.798851 0.798851
9522.191406 0.000000 6192.756348 0.000000 0.998199 0.000000 -0.059995 0.754384 0.754384 0.754384
9541.781250 0.000000 6193.682129 0.000000 0.868607 0.000000 -0.495501 0.794651 0.794651 0.794651
9539.999023 0.000000 6201.630859 0.000000 0.535244 0.000000 -0.844697 0.827229 0.827229 0.827229
9520.471680 0.000000 6194.104980 0.000000 0.894982 0.000000 -0.446102 0.825326 0.825326 0.825326
9560.905273 0.000000 6221.132812 0.000000 0.526187 0.000000 0.850369 0.652914 0.652914 0.652914
9524.944336 0.000000 6192.228516 0.000000 0.645456 0.000000 0.763797 0.636078 0.636078 0.636078
9532.348633 0.000000 6191.948730 0.000000 0.532464 0.000000 0.846453 0.610155 0.610155 0.610155
9521.256836 0.000000 6195.479004 0.000000 0.779456 0.000000 0.626458 0.639717 0.639717 0.639717
9527.133789 0.000000 6203.525391 0.000000 0.502907 0.000000 -0.864341 0.935677 0.935677 0.935677
9560.972656 0.000000 6223.726074 0.000000 0.830179 0.000000 0.557496 0.579479 0.579479 0.579479
9521.921875 0.000000 6194.193848 0.000000 0.818348 0.000000 -0.574723 0.849738 0.849738 0.849738
9561.236328 0.000000 6222.407715 0.000000 0.076537 0.000000 0.997067 0.319150 0.319150 0.319150
9595.357422 0.000000 6233.037109 0.000000 0.123514 0.000000 0.992343 0.376114 0.376114 0.376114
9569.649414 0.000000 6215.421387 0.000000 0.854180 0.000000 0.519978 0.697782 0.697782 0.697782
9586.399414 0.000000 6221.075195 0.000000 0.910954 0.000000 0.412508 0.659238 0.659238 0.659238
9595.615234 0.000000 6228.799316 0.000000 0.933166 0.000000 -0.359447 0.828482 0.828482 0.828482
9562.311523 0.000000 6233.054199 0.000000 0.966377 0.000000 0.257130 0.720298 0.720298 0.720298
9594.934570 0.000000 6236.565430 0.000000 0.530327 0.000000 0.847793 0.537813 0.537813 0.537813
9566.154297 0.000000 6214.418945 0.000000 0.212268 0.000000 -0.977211 0.904981 0.904981 0.904981
9591.295898 0.000000 6222.142578 0.000000 0.148144 0.000000 -0.988966 0.925743 0.925743 0.925743
9575.485352 0.000000 6242.568359 0.000000 0.732284 0.000000 -0.680999 0.874838 0.874838 0.874838
9605.925781 0.000000 6187.057617 0.000000 0.936454 0.000000 -0.350790 0.794293 0.794293 0.794293
9567.190430 0.000000 6216.873047 0.000000 0.843277 0.000000 0.537479 0.667126 0.667126 0.667126
9564.735352 0.000000 6232.359375 0.000000 0.496643 0.000000 -0.867955 1.080630 1.080630 1.080630
9595.443359 0.000000 6226.381348 0.000000 0.918367 0.000000 0.395730 0.695149 0.695149 0.695149
9591.362305 0.000000 6224.333984 0.000000 0.452545 0.000000 0.891742 0.382989 0.382989 0.382989
9575.875000 0.000000 6240.520020 0.000000 0.643196 0.000000 0.765701 0.660186 0.660186 0.660186
9593.635742 0.000000 6233.778809 0.000000 0.282703 0.000000 0.959208 0.475884 0.475884 0.475884
9596.725586 0.000000 6236.981934 0.000000 0.956725 0.000000 -0.290993 0.795887 0.795887 0.795887
9569.049805 0.000000 6217.204590 0.000000 0.656112 0.000000 0.754663 0.645924 0.645924 0.645924
9577.001953 0.000000 6243.418945 0.000000 0.783246 0.000000 0.621712 0.664575 0.664575 0.664575
9604.506836 0.000000 6187.858398 0.000000 0.004034 0.000000 0.999992 0.556381 0.556381 0.556381
9584.780273 0.000000 6220.748047 0.000000 0.869591 0.000000 -0.493773 0.839927 0.839927 0.839927
9564.809570 0.000000 6233.899902 0.000000 0.659458 0.000000 -0.751742 1.017600 1.017600 1.017600
9587.710938 0.000000 6220.296387 0.000000 0.089872 0.000000 0.995953 0.433915 0.433915 0.433915
9592.839844 0.000000 6232.485840 0.000000 0.975481 0.000000 0.220085 0.702634 0.702634 0.702634
9585.382812 0.000000 6221.996582 0.000000 0.961964 0.000000 0.273175 0.701818 0.701818 0.701818
9591.846680 0.000000 6225.691406 0.000000 0.997816 0.000000 -0.066050 0.772030 0.772030 0.772030
9590.149414 0.000000 6225.059082 0.000000 0.553429 0.000000 0.832896 0.421937 0.421937 0.421937
9594.208008 0.000000 6232.850098 0.000000 0.893093 0.000000 0.449873 0.629428 0.629428 0.629428
9822.958984 0.000000 6087.979492 0.000000 0.640023 0.000000 0.768356 0.722108 0.722108 0.722108
9810.038086 0.000000 6023.548828 0.000000 0.613505 0.000000 -0.789691 0.850564 0.850564 0.850564
9830.298828 0.000000 6029.570312 0.000000 0.721231 0.000000 -0.692694 0.850296 0.850296 0.850296
9806.250000 0.000000 6076.253906 0.000000 0.760916 0.000000 0.648850 0.690507 0.690507 0.690507
9814.285156 0.000000 6017.865234 0.000000 0.471081 0.000000 -0.882090 0.940136 0.940136 0.940136
9840.408203 0.000000 6022.823242 0.000000 0.586031 0.000000 0.810288 0.742925 0.742925 0.742925
9819.039062 0.000000 6014.665527 0.000000 0.381803 0.000000 0.924244 0.705847 0.705847 0.705847
9818.294922 0.000000 6088.386719 0.000000 0.482702 0.000000 0.875785 0.718032 0.718032 0.718032
9798.888672 0.000000 6042.080566 0.000000 0.402742 0.000000 -0.915314 0.847427 0.847427 0.847427
9793.730469 0.000000 6047.750488 0.000000 0.483781 0.000000 0.875189 0.648221 0.648221 0.648221
9806.553711 0.000000 6080.362305 0.000000 0.757742 0.000000 -0.652555 0.864483 0.864483 0.864483
9809.338867 0.000000 6027.661621 0.000000 0.606589 0.000000 -0.795015 0.937568 0.937568 0.937568
9837.501953 0.000000 6042.037109 0.000000 0.112964 0.000000 -0.993599 0.823689 0.823689 0.823689
9815.802734 0.000000 6033.297363 0.000000 0.614781 0.000000 -0.788698 0.916741 0.916741 0.916741
9826.637695 0.000000 6063.436035 0.000000 0.200267 0.000000 -0.979741 0.819218 0.819218 0.819218
9807.117188 0.000000 6040.934570 0.000000 0.219797 0.000000 0.975546 0.699475 0.699475 0.699475
9823.752930 0.000000 6044.399414 0.000000 0.992265 0.000000 -0.124136 0.756525 0.756525 0.756525
9828.185547 0.000000 6013.672852 0.000000 0.412292 0.000000 0.911052 0.616982 0.616982 0.616982
9828.455078 0.000000 6004.034668 0.000000 0.034574 0.000000 0.999402 0.663707 0.663707 0.663707
9820.224609 0.000000 6044.511230 0.000000 0.975240 0.000000 -0.221149 0.760438 0.760438 0.760438
9839.148438 0.000000 6011.288574 0.000000 0.833675 0.000000 -0.552255 0.814634 0.814634 0.814634
9827.583984 0.000000 6007.136230 0.000000 0.846155 0.000000 -0.532937 0.798411 0.798411 0.798411
9825.492188 0.000000 6089.796387 0.000000 0.954596 0.000000 -0.297904 0.775488 0.775488 0.775488
9812.694336 0.000000 6077.577148 0.000000 0.273559 0.000000 0.961855 0.670063 0.670063 0.670063
9821.664062 0.000000 6016.269043 0.000000 0.008472 0.000000 0.999964 0.671017 0.671017 0.671017
9838.949219 0.000000 6044.554688 0.000000 0.147560 0.000000 0.989053 0.696723 0.696723 0.696723
9827.107422 0.000000 6060.634277 0.000000 0.908120 0.000000 0.418711 0.718452 0.718452 0.718452
9842.818359 0.000000 6024.114746 0.000000 0.538509 0.000000 0.842620 0.688079 0.688079 0.688079
9807.875000 0.000000 6029.856934 0.000000 0.205762 0.000000 -0.978602 0.834253 0.834253 0.834253
9816.173828 0.000000 6021.996094 0.000000 0.681783 0.000000 0.731555 0.617861 0.617861 0.617861
9801.235352 0.000000 6042.408203 0.000000 0.506076 0.000000 0.862489 0.613666 0.613666 0.613666
9810.849609 0.000000 6025.777832 0.000000 0.419843 0.000000 0.907597 0.662674 0.662674 0.662674
9804.939453 0.000000 6040.168945 0.000000 0.514898 0.000000 0.857251 0.645866 0.645866 0.645866
9814.748047 0.000000 6031.006348 0.000000 0.697532 0.000000 -0.716554 0.869662 0.869662 0.869662
9808.636719 0.000000 6025.541504 0.000000 0.577009 0.000000 0.816738 0.626523 0.626523 0.626523
9820.528320 0.000000 6020.796875 0.000000 0.617946 0.000000 -0.786220 0.905840 0.905840 0.905840
9838.872070 0.000000 6013.500977 0.000000 0.896988 0.000000 0.442054 0.690843 0.690843 0.690843
9840.857422 0.000000 6024.980469 0.000000 0.864809 0.000000 -0.502102 0.802202 0.802202 0.802202
9815.732422 0.000000 6016.191406 0.000000 0.824675 0.000000 -0.565607 0.855810 0.855810 0.855810
9795.593750 0.000000 6046.522949 0.000000 0.800863 0.000000 0.598848 0.676666 0.676666 0.676666
9814.780273 0.000000 6078.088379 0.000000 0.821042 0.000000 0.570867 0.654441 0.654441 0.654441
9807.516602 0.000000 6077.817383 0.000000 0.196537 0.000000 0.980496 0.634315 0.634315 0.634315
9826.684570 0.000000 6005.319336 0.000000 0.962246 0.000000 -0.272181 0.777872 0.777872 0.777872
9824.569336 0.000000 6033.052734 0.000000 0.050358 0.000000 -0.998731 1.031838 1.031838 1.031838
9804.260742 0.000000 6076.017578 0.000000 0.402223 0.000000 0.915542 0.617868 0.617868 0.617868
9819.744141 0.000000 6016.500000 0.000000 0.445354 0.000000 -0.895355 0.970154 0.970154 0.970154
9828.760742 0.000000 6015.527344 0.000000 0.937511 0.000000 -0.347957 0.786599 0.786599 0.786599
9792.205078 0.000000 6046.729492 0.000000 0.696236 0.000000 -0.717813 0.826457 0.826457 0.826457
9839.661133 0.000000 6042.995605 0.000000 0.998574 0.000000 0.053381 0.744500 0.744500 0.744500
9831.636719 0.000000 6028.464355 0.000000 0.471644 0.000000 0.881789 0.608493 0.608493 0.608493
9800.313477 0.000000 6043.753418 0.000000 0.177442 0.000000 -0.984131 0.932502 0.932502 0.932502
9806.386719 0.000000 6030.375977 0.000000 0.379759 0.000000 -0.925085 0.918097 0.918097 0.918097
9814.314453 0.000000 6016.395020 0.000000 0.927174 0.000000 -0.374631 0.817586 0.817586 0.817586
9807.687500 0.000000 6081.256836 0.000000 0.270636 0.000000 0.962682 0.541189 0.541189 0.541189
9814.441406 0.000000 6033.646484 0.000000 0.767532 0.000000 0.641011 0.622321 0.622321 0.622321
9814.571289 0.000000 6032.334473 0.000000 0.698525 0.000000 0.715586 0.603669 0.603669 0.603669
9818.903320 0.000000 6017.501953 0.000000 0.313464 0.000000 -0.949600 0.998483 0.998483 0.998483
9809.666016 0.000000 6026.437500 0.000000 0.999919 0.000000 -0.012763 0.752605 0.752605 0.752605
9845.127930 0.000000 6022.734863 0.000000 0.923362 0.000000 -0.383930 0.767708 0.767708 0.767708
9929.750977 0.000000 6038.463867 0.000000 0.557069 0.000000 -0.830466 0.783027 0.783027 0.783027
9862.598633 0.000000 6082.201172 0.000000 0.999037 0.000000 -0.043869 0.758299 0.758299 0.758299
9920.087891 0.000000 6067.362793 0.000000 0.930820 0.000000 -0.365478 0.773819 0.773819 0.773819
9886.145508 0.000000 6002.030273 0.000000 0.917471 0.000000 -0.397803 0.767619 0.767619 0.767619
9852.867188 0.000000 6006.372559 0.000000 0.894208 0.000000 0.447651 0.697857 0.697857 0.697857
9869.416992 0.000000 6076.335449 0.000000 0.756974 0.000000 0.653445 0.728666 0.728666 0.728666
9933.996094 0.000000 6074.346191 0.000000 0.372828 0.000000 -0.927900 0.823452 0.823452 0.823452
9852.577148 0.000000 6022.581543 0.000000 0.239269 0.000000 -0.970953 0.896838 0.896838 0.896838
9855.710938 0.000000 6079.632324 0.000000 0.559054 0.000000 -0.829131 0.788438 0.788438 0.788438
9910.779297 0.000000 6024.481934 0.000000 0.835642 0.000000 -0.549274 0.808795 0.808795 0.808795
9926.966797 0.000000 6068.958008 0.000000 0.946494 0.000000 -0.322720 0.758614 0.758614 0.758614
9849.509766 0.000000 6077.280273 0.000000 0.074438 0.000000 0.997226 0.654743 0.654743 0.654743
9908.078125 0.000000 6091.331543 0.000000 0.940668 0.000000 0.339328 0.737035 0.737035 0.737035
9934.202148 0.000000 6058.309570 0.000000 0.864467 0.000000 0.502690 0.733234 0.733234 0.733234
9912.781250 0.000000 6014.665527 0.000000 0.351470 0.000000 -0.936199 0.879317 0.879317 0.879317
9866.743164 0.000000 6010.421875 0.000000 0.876341 0.000000 -0.481692 0.778231 0.778231 0.778231
9859.676758 0.000000 6060.208496 0.000000 0.004522 0.000000 0.999990 0.667884 0.667884 0.667884
9872.041992 0.000000 6006.989746 0.000000 0.671726 0.000000 -0.740800 0.785928 0.785928 0.785928
9914.565430 0.000000 6075.041504 0.000000 0.130511 0.000000 -0.991447 0.822795 0.822795 0.822795
9923.512695 0.000000 6071.922363 0.000000 0.234161 0.000000 0.972198 0.705025 0.705025 0.705025
9850.937500 0.000000 6072.900391 0.000000 0.920825 0.000000 0.389975 0.740249 0.740249 0.740249
9862.939453 0.000000 6003.623047 0.000000 0.568212 0.000000 -0.822882 0.797050 0.797050 0.797050
9930.178711 0.000000 6056.252930 0.000000 0.825643 0.000000 0.564193 0.671430 0.671430 0.671430
9895.344727 0.000000 6071.446289 0.000000 0.414081 0.000000 -0.910240 0.857089 0.857089 0.857089
9928.388672 0.000000 6060.870605 0.000000 0.832656 0.000000 0.553791 0.673074 0.673074 0.673074
9863.880859 0.000000 6068.590820 0.000000 0.787944 0.000000 0.615747 0.712739 0.712739 0.712739
9897.455078 0.000000 6057.531250 0.000000 0.970118 0.000000 -0.242634 0.768356 0.768356 0.768356
9857.083984 0.000000 6066.364746 0.000000 0.513046 0.000000 -0.858361 0.778987 0.778987 0.778987
9848.033203 0.000000 6082.136230 0.000000 0.448682 0.000000 -0.893691 0.859708 0.859708 0.859708
9889.492188 0.000000 6003.511719 0.000000 0.732908 0.000000 -0.680328 0.804637 0.804637 0.804637
9882.818359 0.000000 6002.446777 0.000000 0.621963 0.000000 0.783047 0.711260 0.711260 0.711260
9932.781250 0.000000 6066.971191 0.000000 0.763701 0.000000 0.645570 0.688242 0.688242 0.688242
9868.331055 0.000000 6079.323730 0.000000 0.148588 0.000000 0.988899 0.566327 0.566327 0.566327
9929.685547 0.000000 6067.660156 0.000000 0.995288 0.000000 0.096965 0.743090 0.743090 0.743090
9852.911133 0.000000 6030.205566 0.000000 0.838179 0.000000 0.545395 0.729478 0.729478 0.729478
9931.981445 0.000000 6036.499512 0.000000 0.603106 0.000000 0.797661 0.680840 0.680840 0.680840
9915.784180 0.000000 6072.542969 0.000000 0.346169 0.000000 0.938172 0.651990 0.651990 0.651990
9872.292969 0.000000 6092.306152 0.000000 0.373145 0.000000 -0.927773 0.867934 0.867934 0.867934
9921.957031 0.000000 6065.480957 0.000000 0.095291 0.000000 -0.995449 0.827349 0.827349 0.827349
9910.590820 0.000000 6069.868164 0.000000 0.713663 0.000000 0.700489 0.635201 0.635201 0.635201
9881.107422 0.000000 6050.978516 0.000000 0.553552 0.000000 0.832815 0.600735 0.600735 0.600735
9893.033203 0.000000 6070.317383 0.000000 0.995401 0.000000 -0.095793 0.755569 0.755569 0.755569
9906.493164 0.000000 6085.746094 0.000000 0.912387 0.000000 -0.409328 0.788692 0.788692 0.788692
9913.159180 0.000000 6024.920898 0.000000 0.999263 0.000000 -0.038383 0.752660 0.752660 0.752660
9932.574219 0.000000 6076.247559 0.000000 0.977044 0.000000 -0.213038 0.779746 0.779746 0.779746
9850.918945 0.000000 6075.316406 0.000000 0.407214 0.000000 -0.913333 0.941874 0.941874 0.941874
9854.952148 0.000000 6022.756348 0.000000 0.783414 0.000000 0.621500 0.696003 0.696003 0.696003
9850.128906 0.000000 6083.135254 0.000000 0.360612 0.000000 -0.932716 0.882774 0.882774 0.882774
9852.021484 0.000000 6033.103516 0.000000 0.779930 0.000000 0.625867 0.629711 0.629711 0.629711
9857.625000 0.000000 5999.504395 0.000000 0.320382 0.000000 -0.947289 0.873518 0.873518 0.873518
9888.852539 0.000000 6005.708008 0.000000 0.694192 0.000000 0.719790 0.689821 0.689821 0.689821
9925.698242 0.000000 6070.994141 0.000000 0.882846 0.000000 0.469663 0.672188 0.672188 0.672188
9859.276367 0.000000 6067.333984 0.000000 0.964222 0.000000 -0.265094 0.789687 0.789687 0.789687
9910.889648 0.000000 6090.361328 0.000000 0.275098 0.000000 -0.961416 0.938709 0.938709 0.938709
9880.996094 0.000000 6055.327148 0.000000 0.943146 0.000000 0.332378 0.717010 0.717010 0.717010
9866.891602 0.000000 6013.232910 0.000000 0.049180 0.000000 0.998790 0.539170 0.539170 0.539170
9935.840820 0.000000 6060.124023 0.000000 0.850658 0.000000 -0.525719 0.807007 0.807007 0.807007
9861.272461 0.000000 6074.049316 0.000000 0.881874 0.000000 0.471486 0.670940 0.670940 0.670940
9865.250977 0.000000 6067.076172 0.000000 0.938159 0.000000 -0.346204 0.779125 0.779125 0.779125
9882.392578 0.000000 6000.502930 0.000000 0.913177 0.000000 0.407562 0.683190 0.683190 0.683190
9913.486328 0.000000 6016.500000 0.000000 0.662277 0.000000 0.749259 0.678638 0.678638 0.678638
9922.091797 0.000000 6067.576660 0.000000 0.047774 0.000000 0.998858 0.576047 0.576047 0.576047
9859.984375 0.000000 6063.869629 0.000000 0.931840 0.000000 0.362870 0.708281 0.708281 0.708281
9860.629883 0.000000 6075.725586 0.000000 0.547549 0.000000 -0.836774 0.909637 0.909637 0.909637
9851.890625 0.000000 6083.655273 0.000000 0.681127 0.000000 0.732165 0.659248 0.659248 0.659248
9931.246094 0.000000 6029.351562 0.000000 0.732896 0.000000 0.680340 0.629515 0.629515 0.629515
9933.624023 0.000000 6077.573730 0.000000 0.924946 0.000000 -0.380098 0.804024 0.804024 0.804024
9847.191406 0.000000 6016.876953 0.000000 0.840879 0.000000 -0.541224 0.848515 0.848515 0.848515
9925.105469 0.000000 6024.020020 0.000000 0.435138 0.000000 -0.900364 0.919957 0.919957 0.919957
9855.179688 0.000000 6081.514648 0.000000 0.998929 0.000000 0.046271 0.741940 0.741940 0.741940
9847.001953 0.000000 6028.527832 0.000000 0.339864 0.000000 0.940475 0.566650 0.566650 0.566650
9886.413086 0.000000 6005.341309 0.000000 0.119242 0.000000 0.992865 0.567936 0.567936 0.567936
9924.079102 0.000000 6070.445801 0.000000 0.088704 0.000000 0.996058 0.514136 0.514136 0.514136
9851.901367 0.000000 6074.148926 0.000000 0.858295 0.000000 -0.513157 0.839798 0.839798 0.839798
9884.865234 0.000000 6002.903320 0.000000 0.539725 0.000000 0.841842 0.557009 0.557009 0.557009
9863.463867 0.000000 6083.828613 0.000000 0.881464 0.000000 -0.472251 0.843014 0.843014 0.843014
9911.068359 0.000000 6023.020020 0.000000 0.988798 0.000000 -0.149260 0.771600 0.771600 0.771600
9925.641602 0.000000 6025.409180 0.000000 0.268931 0.000000 0.963159 0.553061 0.553061 0.553061
9853.253906 0.000000 6033.682617 0.000000 0.945313 0.000000 -0.326163 0.809099 0.809099 0.809099
9885.966797 0.000000 6003.675293 0.000000 0.318765 0.000000 0.947834 0.509627 0.509627 0.509627
9816.771484 0.000000 6137.616699 0.000000 0.994077 0.000000 0.108681 0.749592 0.749592 0.749592
9798.507812 0.000000 6153.119629 0.000000 0.717066 0.000000 0.697005 0.679243 0.679243 0.679243
9822.382812 0.000000 6134.645020 0.000000 0.329116 0.000000 0.944289 0.701422 0.701422 0.701422
9813.264648 0.000000 6134.816406 0.000000 0.643472 0.000000 0.765470 0.728780 0.728780 0.728780
9786.541992 0.000000 6114.395020 0.000000 0.644265 0.000000 -0.764802 0.821736 0.821736 0.821736
9832.444336 0.000000 6136.626465 0.000000 0.522918 0.000000 0.852383 0.665923 0.665923 0.665923
9834.176758 0.000000 6158.975098 0.000000 0.854387 0.000000 0.519637 0.728514 0.728514 0.728514
9807.117188 0.000000 6134.676758 0.000000 0.028862 0.000000 0.999583 0.493046 0.493046 0.493046
9775.908203 0.000000 6116.064453 0.000000 0.769932 0.000000 -0.638126 0.783691 0.783691 0.783691
9838.949219 0.000000 6138.296875 0.000000 0.934465 0.000000 0.356056 0.690016 0.690016 0.690016
9838.099609 0.000000 6143.452637 0.000000 0.767960 0.000000 0.640498 0.657586 0.657586 0.657586
9818.087891 0.000000 6147.747559 0.000000 0.454200 0.000000 -0.890900 0.832335 0.832335 0.832335
9792.183594 0.000000 6138.637207 0.000000 0.764326 0.000000 -0.644830 0.816921 0.816921 0.816921
9801.429688 0.000000 6153.473145 0.000000 0.722724 0.000000 -0.691136 0.852871 0.852871 0.852871
9834.992188 0.000000 6136.125977 0.000000 0.426827 0.000000 -0.904333 0.912892 0.912892 0.912892
9825.066406 0.000000 6152.387207 0.000000 0.805564 0.000000 -0.592509 0.844994 0.844994 0.844994
9835.421875 0.000000 6156.952148 0.000000 0.367464 0.000000 -0.930038 0.841702 0.841702 0.841702
9818.306641 0.000000 6139.543457 0.000000 0.011414 0.000000 0.999935 0.525175 0.525175 0.525175
9833.528320 0.000000 6145.484863 0.000000 0.264350 0.000000 0.964427 0.562101 0.562101 0.562101
9786.889648 0.000000 6131.322754 0.000000 0.331891 0.000000 -0.943318 0.962311 0.962311 0.962311
9832.664062 0.000000 6157.198242 0.000000 0.423570 0.000000 0.905863 0.654500 0.654500 0.654500
9812.156250 0.000000 6136.482910 0.000000 0.295649 0.000000 -0.955297 0.987920 0.987920 0.987920
9830.568359 0.000000 6152.141113 0.000000 0.667605 0.000000 0.744515 0.676094 0.676094 0.676094
9834.716797 0.000000 6137.851562 0.000000 0.518979 0.000000 0.854787 0.602200 0.602200 0.602200
9800.126953 0.000000 6152.399902 0.000000 0.204220 0.000000 0.978925 0.565962 0.565962 0.565962
9777.490234 0.000000 6116.802734 0.000000 0.862613 0.000000 -0.505864 0.823489 0.823489 0.823489
9822.497070 0.000000 6132.752930 0.000000 0.780879 0.000000 -0.624682 0.859912 0.859912 0.859912
9813.773438 0.000000 6143.153809 0.000000 0.263570 0.000000 0.964640 0.561984 0.561984 0.561984
9832.728516 0.000000 6144.030273 0.000000 0.259522 0.000000 0.965737 0.561379 0.561379 0.561379
9782.967773 0.000000 6110.991211 0.000000 0.149892 0.000000 0.988702 0.566498 0.566498 0.566498
9825.209961 0.000000 6153.932617 0.000000 0.990072 0.000000 0.140561 0.728875 0.728875 0.728875
9874.528320 0.000000 6093.766113 0.000000 0.999877 0.000000 -0.015711 0.751383 0.751383 0.751383
9912.884766 0.000000 6102.902832 0.000000 0.952106 0.000000 0.305767 0.693561 0.693561 0.693561
9870.700195 0.000000 6137.129395 0.000000 0.744002 0.000000 -0.668177 0.813027 0.813027 0.813027
9918.518555 0.000000 6098.053711 0.000000 0.321852 0.000000 0.946790 0.684827 0.684827 0.684827
9934.202148 0.000000 6152.051758 0.000000 0.118400 0.000000 -0.992966 0.837007 0.837007 0.837007
9925.000000 0.000000 6100.109863 0.000000 0.976678 0.000000 -0.214709 0.778362 0.778362 0.778362
9908.480469 0.000000 6099.443848 0.000000 0.899607 0.000000 0.436701 0.722076 0.722076 0.722076
9934.787109 0.000000 6129.085938 0.000000 0.619265 0.000000 0.785182 0.680679 0.680679 0.680679
9906.678711 0.000000 6152.389648 0.000000 0.709736 0.000000 -0.704468 0.836353 0.836353 0.836353
9897.427734 0.000000 6155.079102 0.000000 0.850608 0.000000 0.525800 0.718900 0.718900 0.718900
9900.665039 0.000000 6106.064453 0.000000 0.994005 0.000000 0.109334 0.748564 0.748564 0.748564
9854.920898 0.000000 6146.168945 0.000000 0.765809 0.000000 0.643068 0.704224 0.704224 0.704224
9936.221680 0.000000 6120.417969 0.000000 0.008220 0.000000 -0.999966 0.820219 0.820219 0.820219
9864.071289 0.000000 6157.036621 0.000000 0.592755 0.000000 -0.805383 0.856944 0.856944 0.856944
9904.789062 0.000000 6108.757324 0.000000 0.251303 0.000000 0.967908 0.671103 0.671103 0.671103
9862.117188 0.000000 6140.075195 0.000000 0.121700 0.000000 -0.992567 0.790691 0.790691 0.790691
9910.380859 0.000000 6152.848145 0.000000 0.300140 0.000000 0.953895 0.631480 0.631480 0.631480
9915.339844 0.000000 6105.726074 0.000000 0.890819 0.000000 -0.454358 0.806520 0.806520 0.806520
9898.500977 0.000000 6109.204102 0.000000 0.020738 0.000000 0.999785 0.572957 0.572957 0.572957
9902.902344 0.000000 6165.938965 0.000000 0.986053 0.000000 -0.166429 0.765654 0.765654 0.765654
9850.649414 0.000000 6145.442871 0.000000 0.611702 0.000000 -0.791088 0.780757 0.780757 0.780757
9867.125000 0.000000 6155.802734 0.000000 0.315150 0.000000 0.949042 0.684456 0.684456 0.684456
9936.644531 0.000000 6106.739746 0.000000 0.687586 0.000000 -0.726103 0.812385 0.812385 0.812385
9912.644531 0.000000 6171.498047 0.000000 0.863481 0.000000 0.504381 0.733172 0.733172 0.733172
9844.329102 0.000000 6146.791504 0.000000 0.518476 0.000000 -0.855092 0.903647 0.903647 0.903647
9894.384766 0.000000 6150.742676 0.000000 0.910413 0.000000 -0.413700 0.796319 0.796319 0.796319
9906.436523 0.000000 6171.319336 0.000000 0.071006 0.000000 0.997476 0.584321 0.584321 0.584321
9911.345703 0.000000 6098.165527 0.000000 0.617010 0.000000 0.786955 0.526110 0.526110 0.526110
9907.913086 0.000000 6108.417969 0.000000 0.983994 0.000000 0.178202 0.726182 0.726182 0.726182
9869.307617 0.000000 6157.786621 0.000000 0.943136 0.000000 0.332408 0.693532 0.693532 0.693532
9896.476562 0.000000 6157.744141 0.000000 0.864521 0.000000 -0.502597 0.835783 0.835783 0.835783
9861.627930 0.000000 6151.959961 0.000000 0.523430 0.000000 0.852069 0.566667 0.566667 0.566667
9893.627930 0.000000 6107.246582 0.000000 0.999981 0.000000 0.006170 0.749053 0.749053 0.749053
9912.421875 0.000000 6105.561523 0.000000 0.730123 0.000000 -0.683316 0.817613 0.817613 0.817613
9865.764648 0.000000 6149.560059 0.000000 0.121807 0.000000 -0.992554 0.836801 0.836801 0.836801
9853.018555 0.000000 6144.327148 0.000000 0.954907 0.000000 0.296905 0.729116 0.729116 0.729116
9861.170898 0.000000 6142.426758 0.000000 0.042534 0.000000 -0.999095 0.835845 0.835845 0.835845
9910.954102 0.000000 6101.006348 0.000000 0.752566 0.000000 -0.658517 0.848256 0.848256 0.848256
9872.125977 0.000000 6093.276367 0.000000 0.887566 0.000000 0.460681 0.702489 0.702489 0.702489
9918.965820 0.000000 6101.138672 0.000000 0.300792 0.000000 0.953690 0.574686 0.574686 0.574686
9863.686523 0.000000 6142.689453 0.000000 0.710307 0.000000 -0.703892 0.853809 0.853809 0.853809
9852.670898 0.000000 6146.730469 0.000000 0.781754 0.000000 0.623586 0.679399 0.679399 0.679399
9910.948242 0.000000 6150.587402 0.000000 0.205559 0.000000 -0.978645 0.887890 0.887890 0.887890
9906.562500 0.000000 6150.183105 0.000000 0.767241 0.000000 0.641358 0.701763 0.701763 0.701763
9848.757812 0.000000 6147.702637 0.000000 0.012678 0.000000 0.999920 0.577871 0.577871 0.577871
9914.967773 0.000000 6107.888672 0.000000 0.791136 0.000000 0.611640 0.684688 0.684688 0.684688
9867.830078 0.000000 6142.230957 0.000000 0.995158 0.000000 -0.098291 0.765853 0.765853 0.765853
9892.145508 0.000000 6150.565918 0.000000 0.377414 0.000000 -0.926045 0.845312 0.845312 0.845312
9865.098633 0.000000 6155.152344 0.000000 0.799466 0.000000 -0.600712 0.806709 0.806709 0.806709
9900.457031 0.000000 6132.591309 0.000000 0.967776 0.000000 -0.251811 0.787177 0.787177 0.787177
9904.991211 0.000000 6115.510742 0.000000 0.466142 0.000000 -0.884710 0.882158 0.882158 0.882158
9913.774414 0.000000 6097.104980 0.000000 0.762793 0.000000 -0.646642 0.817148 0.817148 0.817148
9866.270508 0.000000 6151.467285 0.000000 0.994444 0.000000 0.105271 0.737756 0.737756 0.737756
9904.111328 0.000000 6102.637207 0.000000 0.623365 0.000000 -0.781931 0.906330 0.906330 0.906330
9906.484375 0.000000 6109.795410 0.000000 0.994810 0.000000 -0.101752 0.763551 0.763551 0.763551
9861.035156 0.000000 6150.044434 0.000000 0.781515 0.000000 -0.623886 0.871099 0.871099 0.871099
9935.601562 0.000000 6150.487793 0.000000 0.492712 0.000000 -0.870193 0.925909 0.925909 0.925909
9907.691406 0.000000 6170.001953 0.000000 0.443397 0.000000 0.896325 0.627220 0.627220 0.627220
9925.400391 0.000000 6101.931641 0.000000 0.151913 0.000000 0.988394 0.564106 0.564106 0.564106
9867.485352 0.000000 6148.833008 0.000000 0.669848 0.000000 0.742498 0.643456 0.643456 0.643456
9934.441406 0.000000 6147.300293 0.000000 0.512597 0.000000 0.858629 0.574058 0.574058 0.574058
9850.458984 0.000000 6147.204590 0.000000 0.934988 0.000000 0.354680 0.707230 0.707230 0.707230
9895.769531 0.000000 6151.774414 0.000000 0.454954 0.000000 -0.890515 0.869294 0.869294 0.869294
9868.824219 0.000000 6156.192871 0.000000 0.966063 0.000000 -0.258307 0.793539 0.793539 0.793539
9855.100586 0.000000 6149.651367 0.000000 0.310128 0.000000 -0.950695 0.893396 0.893396 0.893396
9910.121094 0.000000 6099.509766 0.000000 0.887926 0.000000 0.459987 0.631863 0.631863 0.631863
9866.444336 0.000000 6143.059570 0.000000 0.410943 0.000000 -0.911661 0.934748 0.934748 0.934748
9911.349609 0.000000 6096.499023 0.000000 0.672606 0.000000 0.740001 0.625212 0.625212 0.625212
9912.843750 0.000000 6098.414062 0.000000 0.538740 0.000000 0.842472 0.530522 0.530522 0.530522
9905.599609 0.000000 6103.158203 0.000000 0.774167 0.000000 0.632982 0.630649 0.630649 0.630649
9911.597656 0.000000 6099.619629 0.000000 0.288617 0.000000 0.957445 0.434128 0.434128 0.434128
9896.634766 0.000000 6156.285156 0.000000 0.367602 0.000000 -0.929983 0.944562 0.944562 0.944562
9953.337891 0.000000 6000.658203 0.000000 0.999370 0.000000 0.035494 0.749867 0.749867 0.749867
9948.766602 0.000000 6063.221191 0.000000 0.800204 0.000000 0.599728 0.717485 0.717485 0.717485
9944.835938 0.000000 6093.179199 0.000000 0.380180 0.000000 -0.924913 0.893712 0.893712 0.893712
9952.239258 0.000000 6048.311523 0.000000 0.243099 0.000000 0.970002 0.700372 0.700372 0.700372
9955.859375 0.000000 6046.333008 0.000000 0.990508 0.000000 -0.137453 0.758262 0.758262 0.758262
9938.833008 0.000000 6070.834473 0.000000 0.985191 0.000000 0.171459 0.730642 0.730642 0.730642
9936.879883 0.000000 6064.016602 0.000000 0.227235 0.000000 -0.973840 0.842942 0.842942 0.842942
9947.177734 0.000000 6060.784180 0.000000 0.649446 0.000000 -0.760408 0.795294 0.795294 0.795294
9954.913086 0.000000 6048.684570 0.000000 0.667696 0.000000 0.744434 0.679249 0.679249 0.679249
9952.173828 0.000000 6007.275391 0.000000 0.836668 0.000000 -0.547711 0.780388 0.780388 0.780388
9944.197266 0.000000 6079.213867 0.000000 0.554316 0.000000 0.832306 0.650583 0.650583 0.650583
9947.071289 0.000000 6063.551758 0.000000 0.342822 0.000000 -0.939400 0.880301 0.880301 0.880301
9938.870117 0.000000 6116.477051 0.000000 0.480998 0.000000 0.876722 0.697958 0.697958 0.697958
9939.564453 0.000000 6156.258789 0.000000 0.113392 0.000000 0.993550 0.561740 0.561740 0.561740
9937.007812 0.000000 6129.694336 0.000000 0.285501 0.000000 -0.958378 0.838765 0.838765 0.838765
9944.523438 0.000000 6128.885254 0.000000 0.952416 0.000000 -0.304801 0.768558 0.768558 0.768558
9937.157227 0.000000 6150.125000 0.000000 0.134010 0.000000 0.990980 0.610146 0.610146 0.610146
9942.708008 0.000000 6095.079590 0.000000 0.675708 0.000000 0.737169 0.736032 0.736032 0.736032
9945.093750 0.000000 6133.551270 0.000000 0.423153 0.000000 0.906058 0.671446 0.671446 0.671446
9942.670898 0.000000 6118.052246 0.000000 0.134583 0.000000 0.990902 0.629021 0.629021 0.629021
9937.826172 0.000000 6120.100098 0.000000 0.975198 0.000000 0.221333 0.739971 0.739971 0.739971
9937.509766 0.000000 6106.000977 0.000000 0.467922 0.000000 0.883770 0.666793 0.666793 0.666793
9942.397461 0.000000 6156.229980 0.000000 0.088874 0.000000 -0.996043 0.877629 0.877629 0.877629
9945.158203 0.000000 6094.124512 0.000000 0.701924 0.000000 -0.712252 0.797496 0.797496 0.797496
9945.245117 0.000000 6118.667969 0.000000 0.990279 0.000000 -0.139094 0.762280 0.762280 0.762280
9942.582031 0.000000 6133.752441 0.000000 0.843488 0.000000 -0.537149 0.819014 0.819014 0.819014
9937.436523 0.000000 6108.551758 0.000000 0.892523 0.000000 0.451001 0.723718 0.723718 0.723718
9945.763672 0.000000 6126.845703 0.000000 0.981422 0.000000 -0.191862 0.787956 0.787956 0.787956
9946.668945 0.000000 6111.905273 0.000000 0.384890 0.000000 0.922962 0.631124 0.631124 0.631124
9943.282227 0.000000 6100.591309 0.000000 0.845915 0.000000 -0.533318 0.845847 0.845847 0.845847
9937.374023 0.000000 6118.000977 0.000000 0.884050 0.000000 0.467393 0.703558 0.703558 0.703558
9944.311523 0.000000 6126.830566 0.000000 0.539838 0.000000 -0.841769 0.946712 0.946712 0.946712
10064.068359 0.000000 6139.294922 0.000000 0.965336 0.000000 -0.261011 0.773239 0.773239 0.773239
10054.498047 0.000000 6159.696777 0.000000 0.933229 0.000000 0.359282 0.732797 0.732797 0.732797
10103.302734 0.000000 6112.998047 0.000000 0.437017 0.000000 -0.899453 0.785604 0.785604 0.785604
10050.083008 0.000000 6175.943359 0.000000 0.513691 0.000000 0.857975 0.651517 0.651517 0.651517
10075.410156 0.000000 6145.707031 0.000000 0.998124 0.000000 0.061219 0.749426 0.749426 0.749426
10056.901367 0.000000 6170.077637 0.000000 0.906299 0.000000 0.422637 0.725489 0.725489 0.725489
10068.734375 0.000000 6133.536621 0.000000 0.420402 0.000000 0.907338 0.641433 0.641433 0.641433
10059.479492 0.000000 6164.094238 0.000000 0.315785 0.000000 -0.948831 0.869320 0.869320 0.869320
10078.928711 0.000000 6140.291504 0.000000 0.983525 0.000000 0.180773 0.744214 0.744214 0.744214
10059.611328 0.000000 6143.234863 0.000000 0.960183 0.000000 0.279373 0.743108 0.743108 0.743108
10057.821289 0.000000 6155.051270 0.000000 0.628142 0.000000 0.778099 0.693237 0.693237 0.693237
10050.024414 0.000000 6185.459473 0.000000 0.509695 0.000000 -0.860355 0.802373 0.802373 0.802373
10080.488281 0.000000 6144.375000 0.000000 0.531958 0.000000 0.846771 0.732982 0.732982 0.732982
10058.548828 0.000000 6174.412109 0.000000 0.807947 0.000000 -0.589255 0.773598 0.773598 0.773598
10077.128906 0.000000 6130.563965 0.000000 0.487255 0.000000 0.873260 0.676436 0.676436 0.676436
10107.247070 0.000000 6115.074219 0.000000 0.699297 0.000000 -0.714831 0.808155 0.808155 0.808155
10079.242188 0.000000 6127.513672 0.000000 0.803763 0.000000 0.594950 0.710627 0.710627 0.710627
10076.103516 0.000000 6138.125000 0.000000 0.938221 0.000000 0.346038 0.712950 0.712950 0.712950
10061.404297 0.000000 6155.388184 0.000000 0.457256 0.000000 0.889335 0.715117 0.715117 0.715117
10073.081055 0.000000 6148.109375 0.000000 0.580350 0.000000 0.814368 0.676944 0.676944 0.676944
10053.521484 0.000000 6175.067383 0.000000 0.435639 0.000000 -0.900122 0.819207 0.819207 0.819207
10106.332031 0.000000 6112.120117 0.000000 0.952732 0.000000 0.303813 0.729770 0.729770 0.729770
10058.589844 0.000000 6146.175781 0.000000 0.773432 0.000000 -0.633879 0.807848 0.807848 0.807848
10077.620117 0.000000 6143.259277 0.000000 0.774724 0.000000 -0.632299 0.799986 0.799986 0.799986
10059.735352 0.000000 6171.344727 0.000000 0.524772 0.000000 -0.851243 0.795762 0.795762 0.795762
10075.768555 0.000000 6148.616699 0.000000 0.514326 0.000000 -0.857594 0.792452 0.792452 0.792452
10050.129883 0.000000 6173.041016 0.000000 0.460896 0.000000 -0.887454 0.956473 0.956473 0.956473
10070.369141 0.000000 6147.306641 0.000000 0.332691 0.000000 -0.943036 0.805347 0.805347 0.805347
10059.777344 0.000000 6186.048340 0.000000 0.490848 0.000000 -0.871245 0.803474 0.803474 0.803474
10059.550781 0.000000 6157.364258 0.000000 0.945056 0.000000 -0.326909 0.766836 0.766836 0.766836
10052.505859 0.000000 6164.666992 0.000000 0.984477 0.000000 0.175516 0.700117 0.700117 0.700117
10087.084961 0.000000 6125.627441 0.000000 0.319708 0.000000 -0.947516 0.948208 0.948208 0.948208
10071.192383 0.000000 6133.822266 0.000000 0.234833 0.000000 -0.972036 0.877364 0.877364 0.877364
10060.822266 0.000000 6147.598145 0.000000 0.035033 0.000000 0.999386 0.617724 0.617724 0.617724
10061.751953 0.000000 6144.357910 0.000000 0.008755 0.000000 -0.999962 0.899164 0.899164 0.899164
10065.956055 0.000000 6140.611816 0.000000 0.520131 0.000000 0.854087 0.613896 0.613896 0.613896
10105.056641 0.000000 6114.429688 0.000000 0.710591 0.000000 0.703605 0.675472 0.675472 0.675472
10069.416992 0.000000 6135.724609 0.000000 0.996819 0.000000 0.079704 0.744622 0.744622 0.744622
10058.791016 0.000000 6162.077148 0.000000 0.999977 0.000000 -0.006714 0.750528 0.750528 0.750528
10053.598633 0.000000 6157.744629 0.000000 0.671868 0.000000 0.740671 0.537606 0.537606 0.537606
10080.798828 0.000000 6125.791016 0.000000 0.717891 0.000000 -0.696155 0.886972 0.886972 0.886972
10057.865234 0.000000 6172.406250 0.000000 0.495357 0.000000 0.868689 0.649489 0.649489 0.649489
10079.675781 0.000000 6142.423340 0.000000 0.039887 0.000000 -0.999204 0.896190 0.896190 0.896190
10051.584961 0.000000 6174.443848 0.000000 0.772151 0.000000 -0.635439 0.815754 0.815754 0.815754
10059.612305 0.000000 6154.291504 0.000000 0.558148 0.000000 0.829741 0.656546 0.656546 0.656546
10062.346680 0.000000 6140.036621 0.000000 0.998420 0.000000 0.056191 0.741263 0.741263 0.741263
10050.730469 0.000000 6164.113281 0.000000 0.907336 0.000000 -0.420407 0.813369 0.813369 0.813369
10076.379883 0.000000 6136.348145 0.000000 0.654221 0.000000 0.756303 0.510726 0.510726 0.510726
10060.528320 0.000000 6145.833496 0.000000 0.677255 0.000000 0.735748 0.671049 0.671049 0.671049
10064.195312 0.000000 6141.137695 0.000000 0.305554 0.000000 -0.952175 0.917543 0.917543 0.917543
10079.079102 0.000000 6125.805664 0.000000 0.580905 0.000000 -0.813972 0.917375 0.917375 0.917375
10052.204102 0.000000 6158.687500 0.000000 0.954019 0.000000 -0.299746 0.787621 0.787621 0.787621
10078.603516 0.000000 6131.302734 0.000000 0.835492 0.000000 0.549502 0.648694 0.648694 0.648694
10081.749023 0.000000 6124.549316 0.000000 0.144040 0.000000 -0.989572 1.003701 1.003701 1.003701
10087.613281 0.000000 6124.118164 0.000000 0.959143 0.000000 0.282921 0.704348 0.704348 0.704348
10053.872070 0.000000 6164.033691 0.000000 0.819438 0.000000 -0.573167 0.922571 0.922571 0.922571
10051.640625 0.000000 6172.912109 0.000000 0.246933 0.000000 0.969032 0.500128 0.500128 0.500128
10048.845703 0.000000 6172.497559 0.000000 0.988135 0.000000 0.153591 0.706402 0.706402 0.706402
10052.836914 0.000000 6156.535645 0.000000 0.982447 0.000000 -0.186539 0.797782 0.797782 0.797782
10086.717773 0.000000 6127.079102 0.000000 0.817653 0.000000 0.575711 0.557022 0.557022 0.557022
10077.273438 0.000000 6137.340332 0.000000 0.982142 0.000000 0.188141 0.697196 0.697196 0.697196
10053.636719 0.000000 6165.223633 0.000000 0.603454 0.000000 0.797398 0.489045 0.489045 0.489045
10077.761719 0.000000 6136.365234 0.000000 0.587762 0.000000 0.809034 0.487051 0.487051 0.487051
10086.187500 0.000000 6126.203613 0.000000 0.996579 0.000000 -0.082642 0.776026 0.776026 0.776026
9968.747070 0.000000 6278.859375 0.000000 0.004148 0.000000 0.999991 0.600396 0.600396 0.600396
10028.950195 0.000000 6279.174805 0.000000 0.292960 0.000000 0.956125 0.661775 0.661775 0.661775
10030.386719 0.000000 6200.481934 0.000000 0.146694 0.000000 -0.989182 0.851289 0.851289 0.851289
9971.197266 0.000000 6280.725586 0.000000 0.591187 0.000000 -0.806535 0.793921 0.793921 0.793921
9971.594727 0.000000 6277.864258 0.000000 0.031329 0.000000 -0.999509 0.824945 0.824945 0.824945
10059.176758 0.000000 6200.208984 0.000000 0.856672 0.000000 -0.515862 0.786535 0.786535 0.786535
10033.801758 0.000000 6200.851074 0.000000 0.878456 0.000000 -0.477824 0.797572 0.797572 0.797572
10030.561523 0.000000 6276.458984 0.000000 0.356813 0.000000 -0.934176 0.788386 0.788386 0.788386
10052.000000 0.000000 6203.346191 0.000000 0.768696 0.000000 0.639614 0.726610 0.726610 0.726610
10052.977539 0.000000 6187.132324 0.000000 0.881184 0.000000 0.472773 0.736169 0.736169 0.736169
10035.125000 0.000000 6195.435547 0.000000 0.345858 0.000000 0.938287 0.697562 0.697562 0.697562
10060.281250 0.000000 6211.355957 0.000000 0.908247 0.000000 0.418434 0.732216 0.732216 0.732216
10057.564453 0.000000 6188.771484 0.000000 0.944157 0.000000 -0.329496 0.756916 0.756916 0.756916
10060.727539 0.000000 6190.986816 0.000000 0.079532 0.000000 0.996832 0.643900 0.643900 0.643900
10057.134766 0.000000 6209.806641 0.000000 0.485549 0.000000 -0.874209 0.803781 0.803781 0.803781
10050.049805 0.000000 6188.026367 0.000000 0.550130 0.000000 -0.835079 0.794411 0.794411 0.794411
10050.731445 0.000000 6206.147949 0.000000 0.890154 0.000000 0.455659 0.724310 0.724310 0.724310
10037.643555 0.000000 6192.168945 0.000000 0.472586 0.000000 0.881285 0.683355 0.683355 0.683355
10033.045898 0.000000 6203.936523 0.000000 0.989555 0.000000 -0.144159 0.760022 0.760022 0.760022
10056.360352 0.000000 6199.612305 0.000000 0.981365 0.000000 0.192155 0.741311 0.741311 0.741311
10031.178711 0.000000 6202.293945 0.000000 0.645581 0.000000 0.763692 0.704440 0.704440 0.704440
10059.516602 0.000000 6208.940918 0.000000 0.867469 0.000000 0.497492 0.710026 0.710026 0.710026
10037.024414 0.000000 6194.333496 0.000000 0.904378 0.000000 -0.426733 0.792101 0.792101 0.792101
10059.627930 0.000000 6189.187012 0.000000 0.177453 0.000000 -0.984129 0.882964 0.882964 0.882964
10058.824219 0.000000 6198.160645 0.000000 0.166670 0.000000 -0.986013 0.884010 0.884010 0.884010
9968.270508 0.000000 6281.250488 0.000000 0.581459 0.000000 0.813576 0.703738 0.703738 0.703738
9991.494141 0.000000 6289.146973 0.000000 0.290055 0.000000 0.957010 0.678295 0.678295 0.678295
10027.873047 0.000000 6296.399902 0.000000 0.696384 0.000000 0.717669 0.697543 0.697543 0.697543
10019.706055 0.000000 6294.000977 0.000000 0.970568 0.000000 0.240829 0.744080 0.744080 0.744080
9996.361328 0.000000 6288.615723 0.000000 0.988515 0.000000 -0.151125 0.764487 0.764487 0.764487
9992.578125 0.000000 6284.637695 0.000000 0.760470 0.000000 -0.649373 0.761910 0.761910 0.761910
10026.263672 0.000000 6300.080078 0.000000 0.800309 0.000000 -0.599587 0.772875 0.772875 0.772875
10019.426758 0.000000 6298.064941 0.000000 0.273697 0.000000 -0.961816 0.842039 0.842039 0.842039
10030.386719 0.000000 6294.224121 0.000000 0.511046 0.000000 0.859554 0.660907 0.660907 0.660907
10020.859375 0.000000 6290.215820 0.000000 0.616240 0.000000 0.787559 0.676987 0.676987 0.676987
9999.593750 0.000000 6289.138184 0.000000 0.204657 0.000000 -0.978834 0.831768 0.831768 0.831768
10029.138672 0.000000 6301.135254 0.000000 0.693132 0.000000 -0.720811 0.778638 0.778638 0.778638
9996.541992 0.000000 6291.629395 0.000000 0.988229 0.000000 0.152982 0.736196 0.736196 0.736196
10021.523438 0.000000 6296.078125 0.000000 0.238841 0.000000 0.971059 0.642947 0.642947 0.642947
10022.526367 0.000000 6292.243164 0.000000 0.981613 0.000000 -0.190880 0.765823 0.765823 0.765823
9993.636719 0.000000 6287.703613 0.000000 0.747724 0.000000 0.664010 0.680656 0.680656 0.680656
9990.902344 0.000000 6286.498535 0.000000 0.997196 0.000000 0.074828 0.744951 0.744951 0.744951
10029.660156 0.000000 6298.078613 0.000000 0.745619 0.000000 0.666373 0.681719 0.681719 0.681719
9997.853516 0.000000 6290.121582 0.000000 0.958018 0.000000 -0.286710 0.776135 0.776135 0.776135
10028.125977 0.000000 6299.345703 0.000000 0.993410 0.000000 0.114617 0.739246 0.739246 0.739246
10027.345703 0.000000 6284.012695 0.000000 0.092523 0.000000 0.995710 0.619919 0.619919 0.619919
10029.089844 0.000000 6285.709961 0.000000 0.986488 0.000000 -0.163836 0.765716 0.765716 0.765716
10059.524414 0.000000 6312.198242 0.000000 0.338607 0.000000 0.940928 0.692641 0.692641 0.692641
10073.799805 0.000000 6315.386230 0.000000 0.200499 0.000000 -0.979694 0.829459 0.829459 0.829459
10122.651367 0.000000 6323.876953 0.000000 0.434396 0.000000 0.900722 0.718503 0.718503 0.718503
10103.609375 0.000000 6322.129395 0.000000 0.754847 0.000000 -0.655901 0.767413 0.767413 0.767413
10031.541016 0.000000 6280.814941 0.000000 0.986978 0.000000 0.160854 0.739715 0.739715 0.739715
10044.042969 0.000000 6306.023926 0.000000 0.892076 0.000000 -0.451885 0.785995 0.785995 0.785995
10069.746094 0.000000 6316.869629 0.000000 0.955867 0.000000 -0.293800 0.778476 0.778476 0.778476
10057.841797 0.000000 6317.909180 0.000000 0.932469 0.000000 0.361250 0.735467 0.735467 0.735467
10072.964844 0.000000 6319.336914 0.000000 0.998557 0.000000 0.053705 0.748290 0.748290 0.748290
10107.363281 0.000000 6321.359863 0.000000 0.045229 0.000000 -0.998977 0.804273 0.804273 0.804273
10104.979492 0.000000 6325.625977 0.000000 0.999105 0.000000 -0.042300 0.752060 0.752060 0.752060
10120.175781 0.000000 6325.781250 0.000000 0.033673 0.000000 -0.999433 0.896784 0.896784 0.896784
10031.251953 0.000000 6293.485352 0.000000 0.031015 0.000000 0.999519 0.660624 0.660624 0.660624
10106.569336 0.000000 6323.699707 0.000000 0.749755 0.000000 -0.661715 0.801450 0.801450 0.801450
10057.882812 0.000000 6314.460449 0.000000 0.164258 0.000000 0.986417 0.647344 0.647344 0.647344
10074.613281 0.000000 6317.620117 0.000000 0.466046 0.000000 0.884760 0.646297 0.646297 0.646297
10070.270508 0.000000 6319.138184 0.000000 0.988039 0.000000 -0.154203 0.762175 0.762175 0.762175
10072.153320 0.000000 6317.292969 0.000000 0.872893 0.000000 -0.487912 0.796764 0.796764 0.796764
10068.116211 0.000000 6318.807129 0.000000 0.513832 0.000000 0.857891 0.672771 0.672771 0.672771
10153.353516 0.000000 6143.234863 0.000000 0.554705 0.000000 0.832047 0.678233 0.678233 0.678233
10168.228516 0.000000 6151.425293 0.000000 0.538130 0.000000 -0.842862 0.778159 0.778159 0.778159
10186.226562 0.000000 6168.581055 0.000000 0.996525 0.000000 0.083289 0.745628 0.745628 0.745628
10148.852539 0.000000 6127.333008 0.000000 0.166926 0.000000 -0.985969 0.883985 0.883985 0.883985
10173.472656 0.000000 6178.340820 0.000000 0.573645 0.000000 -0.819104 0.841659 0.841659 0.841659
10171.046875 0.000000 6181.163086 0.000000 0.241618 0.000000 0.970371 0.692862 0.692862 0.692862
10150.708008 0.000000 6140.641113 0.000000 0.998052 0.000000 0.062384 0.747545 0.747545 0.747545
10166.823242 0.000000 6148.109375 0.000000 0.294053 0.000000 -0.955789 0.857205 0.857205 0.857205
10170.133789 0.000000 6178.259277 0.000000 0.768228 0.000000 0.640177 0.713577 0.713577 0.713577
10187.629883 0.000000 6166.167969 0.000000 0.753358 0.000000 0.657611 0.700282 0.700282 0.700282
10169.510742 0.000000 6148.616699 0.000000 0.245954 0.000000 -0.969282 0.876270 0.876270 0.876270
10150.322266 0.000000 6124.774414 0.000000 0.909658 0.000000 0.415359 0.720325 0.720325 0.720325
10151.625000 0.000000 6126.976074 0.000000 0.671730 0.000000 -0.740797 0.824979 0.824979 0.824979
10173.442383 0.000000 6180.664062 0.000000 0.326759 0.000000 0.945108 0.652648 0.652648 0.652648
10152.692383 0.000000 6141.283203 0.000000 0.125912 0.000000 -0.992041 0.887944 0.887944 0.887944
10304.835938 0.000000 6185.724609 0.000000 0.473944 0.000000 0.880555 0.657234 0.657234 0.657234
10303.071289 0.000000 6184.752930 0.000000 0.981082 0.000000 0.193592 0.731396 0.731396 0.731396
10319.786133 0.000000 6179.031250 0.000000 0.826077 0.000000 0.563558 0.736548 0.736548 0.736548
10325.059570 0.000000 6178.542480 0.000000 0.207156 0.000000 0.978308 0.727046 0.727046 0.727046
10322.411133 0.000000 6183.238770 0.000000 0.698275 0.000000 -0.715829 0.808259 0.808259 0.808259
10315.239258 0.000000 6179.284180 0.000000 0.963337 0.000000 -0.268295 0.770344 0.770344 0.770344
10339.817383 0.000000 6183.594238 0.000000 0.999233 0.000000 0.039153 0.747433 0.747433 0.747433
10324.871094 0.000000 6181.453125 0.000000 0.805092 0.000000 0.593149 0.720277 0.720277 0.720277
10338.104492 0.000000 6185.942871 0.000000 0.947099 0.000000 0.320942 0.718800 0.718800 0.718800
10322.325195 0.000000 6180.179688 0.000000 0.283891 0.000000 0.958856 0.627488 0.627488 0.627488
10314.608398 0.000000 6181.900879 0.000000 0.611918 0.000000 0.790921 0.681671 0.681671 0.681671
10341.003906 0.000000 6186.048340 0.000000 0.920562 0.000000 -0.390597 0.781557 0.781557 0.781557
10317.710938 0.000000 6180.486816 0.000000 0.695295 0.000000 -0.718724 0.826582 0.826582 0.826582
10317.062500 0.000000 6178.075684 0.000000 0.905538 0.000000 -0.424264 0.791840 0.791840 0.791840
10194.875977 0.000000 6219.136230 0.000000 0.710415 0.000000 0.703783 0.709069 0.709069 0.709069
10216.013672 0.000000 6222.828125 0.000000 0.999355 0.000000 0.035922 0.746905 0.746905 0.746905
10209.443359 0.000000 6220.741211 0.000000 0.400221 0.000000 -0.916419 0.860680 0.860680 0.860680
10181.891602 0.000000 6199.806641 0.000000 0.982445 0.000000 0.186554 0.739810 0.739810 0.739810
10176.848633 0.000000 6199.182129 0.000000 0.240248 0.000000 0.970712 0.725131 0.725131 0.725131
10169.013672 0.000000 6199.741699 0.000000 0.991527 0.000000 0.129901 0.738536 0.738536 0.738536
10210.701172 0.000000 6217.368164 0.000000 0.382362 0.000000 0.924012 0.650706 0.650706 0.650706
10193.473633 0.000000 6221.852539 0.000000 0.059652 0.000000 -0.998219 0.894300 0.894300 0.894300
10179.351562 0.000000 6200.372559 0.000000 0.946157 0.000000 0.323708 0.718521 0.718521 0.718521
10170.786133 0.000000 6201.396973 0.000000 0.961126 0.000000 0.276111 0.728524 0.728524 0.728524
10192.398438 0.000000 6218.908691 0.000000 0.811215 0.000000 -0.584749 0.786253 0.786253 0.786253
10195.708984 0.000000 6221.202148 0.000000 0.997902 0.000000 0.064743 0.744298 0.744298 0.744298
10196.630859 0.000000 6237.576172 0.000000 0.818723 0.000000 -0.574188 0.803824 0.803824 0.803824
10170.744141 0.000000 6198.976562 0.000000 0.676350 0.000000 -0.736580 0.829068 0.829068 0.829068
10242.892578 0.000000 6212.506348 0.000000 0.726877 0.000000 -0.686767 0.789689 0.789689 0.789689
10229.861328 0.000000 6229.949707 0.000000 0.345558 0.000000 0.938397 0.715792 0.715792 0.715792
10267.391602 0.000000 6217.625488 0.000000 0.658485 0.000000 0.752593 0.734047 0.734047 0.734047
10303.461914 0.000000 6206.798828 0.000000 0.691415 0.000000 -0.722458 0.763605 0.763605 0.763605
10218.234375 0.000000 6223.436523 0.000000 0.998202 0.000000 0.059938 0.744273 0.744273 0.744273
10290.787109 0.000000 6206.740234 0.000000 0.777238 0.000000 -0.629207 0.770388 0.770388 0.770388
10230.785156 0.000000 6216.770020 0.000000 0.889862 0.000000 -0.456230 0.765080 0.765080 0.765080
10299.009766 0.000000 6217.054688 0.000000 0.832156 0.000000 0.554541 0.716981 0.716981 0.716981
10300.932617 0.000000 6200.258789 0.000000 0.577877 0.000000 -0.816124 0.841164 0.841164 0.841164
10265.426758 0.000000 6212.001953 0.000000 0.926110 0.000000 -0.377253 0.773178 0.773178 0.773178
10247.765625 0.000000 6211.355957 0.000000 0.064877 0.000000 0.997893 0.707706 0.707706 0.707706
10226.320312 0.000000 6227.293457 0.000000 0.939864 0.000000 0.341549 0.717367 0.717367 0.717367
10311.190430 0.000000 6214.160156 0.000000 0.904813 0.000000 -0.425810 0.786238 0.786238 0.786238
10282.291992 0.000000 6209.213867 0.000000 0.704070 0.000000 -0.710130 0.825409 0.825409 0.825409
10301.756836 0.000000 6211.245605 0.000000 0.008855 0.000000 0.999961 0.627167 0.627167 0.627167
10297.098633 0.000000 6219.681152 0.000000 0.699079 0.000000 0.715045 0.687347 0.687347 0.687347
10265.341797 0.000000 6215.249023 0.000000 0.969622 0.000000 -0.244607 0.773598 0.773598 0.773598
10227.879883 0.000000 6217.689941 0.000000 0.563473 0.000000 -0.826135 0.815534 0.815534 0.815534
10292.550781 0.000000 6210.460938 0.000000 0.339453 0.000000 -0.940623 0.811903 0.811903 0.811903
10225.097656 0.000000 6229.663574 0.000000 0.945882 0.000000 0.324511 0.727722 0.727722 0.727722
10305.471680 0.000000 6187.974609 0.000000 0.521729 0.000000 0.853112 0.669635 0.669635 0.669635
10310.237305 0.000000 6216.486816 0.000000 0.997986 0.000000 0.063436 0.746553 0.746553 0.746553
10245.463867 0.000000 6212.191895 0.000000 0.335354 0.000000 -0.942092 0.867343 0.867343 0.867343
10227.482422 0.000000 6229.773438 0.000000 0.997134 0.000000 -0.075654 0.757231 0.757231 0.757231
10302.247070 0.000000 6208.900879 0.000000 0.236373 0.000000 -0.971662 0.877212 0.877212 0.877212
10292.541016 0.000000 6208.171875 0.000000 0.360592 0.000000 0.932724 0.662233 0.662233 0.662233
10303.430664 0.000000 6187.310547 0.000000 0.489629 0.000000 0.871931 0.658776 0.658776 0.658776
10228.884766 0.000000 6215.885742 0.000000 0.717075 0.000000 -0.696996 0.823644 0.823644 0.823644
10303.681641 0.000000 6211.971191 0.000000 0.960620 0.000000 0.277865 0.727330 0.727330 0.727330
10300.383789 0.000000 6209.626465 0.000000 0.816285 0.000000 -0.577649 0.808809 0.808809 0.808809
10290.944336 0.000000 6209.185059 0.000000 0.235069 0.000000 -0.971979 0.877341 0.877341 0.877341
10191.740234 0.000000 6325.101074 0.000000 0.252538 0.000000 0.967587 0.624380 0.624380 0.624380
10213.908203 0.000000 6333.693848 0.000000 0.163724 0.000000 -0.986506 0.847430 0.847430 0.847430
10155.649414 0.000000 6319.208496 0.000000 0.630457 0.000000 0.776224 0.691763 0.691763 0.691763
10162.476562 0.000000 6321.020996 0.000000 0.810055 0.000000 0.586354 0.690169 0.690169 0.690169
10175.319336 0.000000 6318.213867 0.000000 0.318090 0.000000 -0.948061 0.787361 0.787361 0.787361
10138.987305 0.000000 6317.027832 0.000000 0.782539 0.000000 0.622602 0.698406 0.698406 0.698406
10201.608398 0.000000 6329.738281 0.000000 0.951883 0.000000 0.306463 0.722006 0.722006 0.722006
10173.857422 0.000000 6323.307129 0.000000 0.878529 0.000000 0.477688 0.724822 0.724822 0.724822
10132.578125 0.000000 6321.035645 0.000000 0.293415 0.000000 -0.955985 0.871562 0.871562 0.871562
10210.243164 0.000000 6331.460449 0.000000 0.318980 0.000000 -0.947762 0.852665 0.852665 0.852665
10151.583984 0.000000 6317.909180 0.000000 0.687065 0.000000 -0.726596 0.769798 0.769798 0.769798
10172.820312 0.000000 6320.373535 0.000000 0.592191 0.000000 -0.805798 0.818425 0.818425 0.818425
10213.068359 0.000000 6330.937012 0.000000 0.864848 0.000000 0.502035 0.699776 0.699776 0.699776
10131.355469 0.000000 6323.405762 0.000000 0.862236 0.000000 -0.506507 0.795747 0.795747 0.795747
10199.576172 0.000000 6328.111816 0.000000 0.611362 0.000000 0.791351 0.667942 0.667942 0.667942
10130.066406 0.000000 6321.236816 0.000000 0.941909 0.000000 -0.335868 0.782709 0.782709 0.782709
10190.573242 0.000000 6327.594238 0.000000 0.353319 0.000000 -0.935503 0.858721 0.858721 0.858721
10133.740234 0.000000 6323.515625 0.000000 0.157412 0.000000 0.987533 0.628321 0.628321 0.628321
10193.275391 0.000000 6327.027832 0.000000 0.857996 0.000000 0.513657 0.704547 0.704547 0.704547
10137.923828 0.000000 6319.120117 0.000000 0.716621 0.000000 -0.697463 0.804918 0.804918 0.804918
10200.813477 0.000000 6326.360352 0.000000 0.464457 0.000000 -0.885595 0.853875 0.853875 0.853875
10153.815430 0.000000 6318.076172 0.000000 0.943790 0.000000 -0.330545 0.782170 0.782170 0.782170
10136.605469 0.000000 6312.512695 0.000000 0.458976 0.000000 0.888448 0.645535 0.645535 0.645535
10139.792969 0.000000 6318.751465 0.000000 0.998733 0.000000 -0.050329 0.754808 0.754808 0.754808
10174.246094 0.000000 6321.504395 0.000000 0.943286 0.000000 0.331981 0.717685 0.717685 0.717685
10300.868164 0.000000 6357.430176 0.000000 0.351285 0.000000 0.936269 0.638815 0.638815 0.638815
10293.625977 0.000000 6334.693848 0.000000 0.575647 0.000000 -0.817698 0.839632 0.839632 0.839632
10304.719727 0.000000 6319.690430 0.000000 0.435577 0.000000 0.900152 0.712248 0.712248 0.712248
10284.763672 0.000000 6357.578125 0.000000 0.388575 0.000000 0.921417 0.710509 0.710509 0.710509
10295.056641 0.000000 6348.589355 0.000000 0.138715 0.000000 0.990332 0.653498 0.653498 0.653498
10262.894531 0.000000 6333.191406 0.000000 0.928192 0.000000 0.372101 0.720730 0.720730 0.720730
10296.295898 0.000000 6325.008301 0.000000 0.482982 0.000000 0.875630 0.648134 0.648134 0.648134
10284.131836 0.000000 6334.041992 0.000000 0.717940 0.000000 -0.696105 0.761533 0.761533 0.761533
10225.591797 0.000000 6336.448730 0.000000 0.832507 0.000000 0.554015 0.696127 0.696127 0.696127
10300.947266 0.000000 6338.739746 0.000000 0.359787 0.000000 0.933035 0.720723 0.720723 0.720723
10283.737305 0.000000 6366.025879 0.000000 0.998872 0.000000 -0.047487 0.752935 0.752935 0.752935
10288.130859 0.000000 6350.999023 0.000000 0.240531 0.000000 0.970641 0.702759 0.702759 0.702759
10304.005859 0.000000 6327.036133 0.000000 0.659456 0.000000 0.751743 0.679914 0.679914 0.679914
10292.227539 0.000000 6341.759277 0.000000 0.955590 0.000000 0.294699 0.747199 0.747199 0.747199
10278.401367 0.000000 6324.929199 0.000000 0.217431 0.000000 0.976076 0.732285 0.732285 0.732285
10256.580078 0.000000 6348.884277 0.000000 0.011341 0.000000 -0.999936 0.822999 0.822999 0.822999
10239.933594 0.000000 6340.437012 0.000000 0.685281 0.000000 -0.728279 0.772913 0.772913 0.772913
10299.853516 0.000000 6332.155762 0.000000 0.764292 0.000000 -0.644870 0.761811 0.761811 0.761811
10310.135742 0.000000 6323.876953 0.000000 0.682041 0.000000 0.731314 0.680887 0.680887 0.680887
10277.672852 0.000000 6344.473145 0.000000 0.790877 0.000000 -0.611975 0.809188 0.809188 0.809188
10291.093750 0.000000 6322.129395 0.000000 0.594536 0.000000 0.804069 0.688784 0.688784 0.688784
10299.320312 0.000000 6344.552246 0.000000 0.392490 0.000000 -0.919756 0.830881 0.830881 0.830881
10288.347656 0.000000 6337.761719 0.000000 0.803323 0.000000 0.595544 0.741639 0.741639 0.741639
10281.647461 0.000000 6339.874023 0.000000 0.029915 0.000000 0.999552 0.660560 0.660560 0.660560
10261.970703 0.000000 6338.909668 0.000000 0.995874 0.000000 -0.090746 0.757827 0.757827 0.757827
10267.298828 0.000000 6349.180664 0.000000 0.844938 0.000000 0.534865 0.700336 0.700336 0.700336
10279.968750 0.000000 6356.065430 0.000000 0.928641 0.000000 0.370980 0.735056 0.735056 0.735056
10289.534180 0.000000 6356.268066 0.000000 0.207001 0.000000 0.978341 0.727043 0.727043 0.727043
10228.641602 0.000000 6349.182129 0.000000 0.992296 0.000000 -0.123892 0.761861 0.761861 0.761861
10274.621094 0.000000 6352.593750 0.000000 0.621087 0.000000 0.783742 0.679170 0.679170 0.679170
10306.560547 0.000000 6351.358887 0.000000 0.225058 0.000000 0.974345 0.669484 0.669484 0.669484
10296.199219 0.000000 6339.089844 0.000000 0.832469 0.000000 0.554072 0.641143 0.641143 0.641143
10294.607422 0.000000 6365.181152 0.000000 0.979283 0.000000 0.202495 0.734728 0.734728 0.734728
10281.975586 0.000000 6322.300781 0.000000 0.469692 0.000000 -0.882831 0.816847 0.816847 0.816847
10284.194336 0.000000 6353.210938 0.000000 0.425512 0.000000 -0.904953 0.811428 0.811428 0.811428
10305.147461 0.000000 6337.479492 0.000000 0.864769 0.000000 -0.502170 0.758866 0.758866 0.758866
10302.360352 0.000000 6361.648926 0.000000 0.953864 0.000000 0.300239 0.727161 0.727161 0.727161
10284.338867 0.000000 6348.794922 0.000000 0.836037 0.000000 0.548673 0.738038 0.738038 0.738038
10274.821289 0.000000 6334.208984 0.000000 0.027519 0.000000 0.999621 0.660421 0.660421 0.660421
10270.313477 0.000000 6352.672852 0.000000 0.909966 0.000000 0.414684 0.740392 0.740392 0.740392
10280.156250 0.000000 6335.897461 0.000000 0.975436 0.000000 0.220281 0.745010 0.745010 0.745010
10254.356445 0.000000 6345.122559 0.000000 0.999853 0.000000 0.017129 0.749198 0.749198 0.749198
10303.985352 0.000000 6331.460449 0.000000 0.967886 0.000000 -0.251390 0.767605 0.767605 0.767605
10303.357422 0.000000 6342.097168 0.000000 0.930793 0.000000 -0.365547 0.785735 0.785735 0.785735
10222.141602 0.000000 6339.333984 0.000000 0.812366 0.000000 0.583148 0.690546 0.690546 0.690546
10280.740234 0.000000 6369.285645 0.000000 0.016643 0.000000 -0.999861 0.860580 0.860580 0.860580
10292.046875 0.000000 6351.204102 0.000000 0.864149 0.000000 0.503236 0.700630 0.700630 0.700630
10311.560547 0.000000 6312.482910 0.000000 0.105387 0.000000 -0.994431 0.804870 0.804870 0.804870
10243.071289 0.000000 6338.174316 0.000000 0.835166 0.000000 0.549998 0.727101 0.727101 0.727101
10297.516602 0.000000 6335.218750 0.000000 0.295081 0.000000 0.955472 0.628604 0.628604 0.628604
10272.423828 0.000000 6338.757812 0.000000 0.393170 0.000000 -0.919466 0.791507 0.791507 0.791507
10288.479492 0.000000 6342.409668 0.000000 0.959657 0.000000 0.281174 0.727586 0.727586 0.727586
10271.333984 0.000000 6358.468750 0.000000 0.273757 0.000000 0.961799 0.670075 0.670075 0.670075
10299.006836 0.000000 6348.231934 0.000000 0.951395 0.000000 0.307972 0.741794 0.741794 0.741794
10288.935547 0.000000 6325.737793 0.000000 0.973085 0.000000 -0.230446 0.770464 0.770464 0.770464
10260.565430 0.000000 6335.593750 0.000000 0.509912 0.000000 0.860226 0.670489 0.670489 0.670489
10272.425781 0.000000 6355.295898 0.000000 0.835939 0.000000 0.548823 0.694523 0.694523 0.694523
10301.766602 0.000000 6318.129883 0.000000 0.975171 0.000000 -0.221453 0.764216 0.764216 0.764216
10298.575195 0.000000 6341.391602 0.000000 0.966416 0.000000 -0.256981 0.769465 0.769465 0.769465
10274.708984 0.000000 6345.764648 0.000000 0.890322 0.000000 0.455331 0.720789 0.720789 0.720789
10281.516602 0.000000 6325.848633 0.000000 0.681766 0.000000 0.731570 0.671636 0.671636 0.671636
10287.613281 0.000000 6358.982422 0.000000 0.663652 0.000000 0.748042 0.669298 0.669298 0.669298
10281.544922 0.000000 6332.127930 0.000000 0.008254 0.000000 -0.999966 0.837772 0.837772 0.837772
10295.563477 0.000000 6351.856445 0.000000 0.993046 0.000000 -0.117728 0.757733 0.757733 0.757733
10265.741211 0.000000 6346.283203 0.000000 0.729105 0.000000 0.684402 0.680842 0.680842 0.680842
10281.162109 0.000000 6342.974121 0.000000 0.692913 0.000000 -0.721021 0.790711 0.790711 0.790711
10290.459961 0.000000 6335.423828 0.000000 0.593341 0.000000 -0.804951 0.839343 0.839343 0.839343
10310.436523 0.000000 6331.150879 0.000000 0.271807 0.000000 0.962352 0.701485 0.701485 0.701485
10309.116211 0.000000 6336.527832 0.000000 0.603921 0.000000 -0.797044 0.822537 0.822537 0.822537
10295.902344 0.000000 6332.669922 0.000000 0.898609 0.000000 -0.438750 0.775514 0.775514 0.775514
10272.017578 0.000000 6361.275879 0.000000 0.957482 0.000000 0.288493 0.722054 0.722054 0.722054
10301.626953 0.000000 6329.856934 0.000000 0.172509 0.000000 -0.985008 0.852045 0.852045 0.852045
10295.818359 0.000000 6341.860840 0.000000 0.863073 0.000000 0.505080 0.700430 0.700430 0.700430
10300.037109 0.000000 6360.180176 0.000000 0.998810 0.000000 -0.048765 0.753562 0.753562 0.753562
10288.644531 0.000000 6323.137207 0.000000 0.508405 0.000000 -0.861118 0.812162 0.812162 0.812162
10292.110352 0.000000 6366.339844 0.000000 0.978881 0.000000 0.204429 0.737279 0.737279 0.737279
10243.188477 0.000000 6340.847168 0.000000 0.080508 0.000000 -0.996754 0.850450 0.850450 0.850450
10296.925781 0.000000 6346.707520 0.000000 0.951610 0.000000 0.307310 0.726605 0.726605 0.726605
10282.955078 0.000000 6355.669434 0.000000 0.467574 0.000000 0.883954 0.689095 0.689095 0.689095
10273.005859 0.000000 6336.260254 0.000000 0.999204 0.000000 -0.039900 0.753811 0.753811 0.753811
10294.564453 0.000000 6337.042480 0.000000 0.532656 0.000000 0.846332 0.663089 0.663089 0.663089
10285.559570 0.000000 6351.094727 0.000000 0.042199 0.000000 -0.999109 0.864486 0.864486 0.864486
10269.493164 0.000000 6347.359375 0.000000 0.987110 0.000000 -0.160045 0.758728 0.758728 0.758728
10294.086914 0.000000 6367.907227 0.000000 0.161303 0.000000 -0.986905 0.884529 0.884529 0.884529
10300.934570 0.000000 6342.673828 0.000000 0.996293 0.000000 -0.086023 0.756773 0.756773 0.756773
10292.657227 0.000000 6348.233398 0.000000 0.373704 0.000000 -0.927548 0.863426 0.863426 0.863426
10273.784180 0.000000 6359.620605 0.000000 0.641755 0.000000 -0.766910 0.808914 0.808914 0.808914
10304.017578 0.000000 6351.580078 0.000000 0.494482 0.000000 -0.869188 0.807208 0.807208 0.807208
10224.379883 0.000000 6338.523438 0.000000 0.376253 0.000000 -0.926517 0.863164 0.863164 0.863164
10256.400391 0.000000 6346.445801 0.000000 0.926954 0.000000 0.375176 0.713995 0.713995 0.713995
10275.207031 0.000000 6355.118164 0.000000 0.984006 0.000000 0.178136 0.735916 0.735916 0.735916
10290.168945 0.000000 6344.075195 0.000000 0.153866 0.000000 -0.988092 0.877293 0.877293 0.877293
10263.031250 0.000000 6340.870117 0.000000 0.217199 0.000000 -0.976127 0.863905 0.863905 0.863905
10290.648438 0.000000 6324.275391 0.000000 0.999917 0.000000 0.012851 0.748773 0.748773 0.748773
10303.964844 0.000000 6329.279785 0.000000 0.363774 0.000000 0.931487 0.626577 0.626577 0.626577
10306.526367 0.000000 6335.698242 0.000000 0.399296 0.000000 -0.916822 0.847744 0.847744 0.847744
10282.999023 0.000000 6324.218262 0.000000 0.868717 0.000000 -0.495308 0.792692 0.792692 0.792692
10298.931641 0.000000 6358.306641 0.000000 0.108898 0.000000 -0.994053 0.873159 0.873159 0.873159
10311.325195 0.000000 6329.078613 0.000000 0.367632 0.000000 -0.929971 0.850633 0.850633 0.850633
10275.337891 0.000000 6336.657227 0.000000 0.461651 0.000000 0.887062 0.647866 0.647866 0.647866
10296.585938 0.000000 6337.105469 0.000000 0.906126 0.000000 0.423008 0.700932 0.700932 0.700932
10305.433594 0.000000 6353.074707 0.000000 0.012025 0.000000 0.999928 0.612823 0.612823 0.612823
10277.000000 0.000000 6342.500977 0.000000 0.511362 0.000000 0.859366 0.651258 0.651258 0.651258
10293.826172 0.000000 6350.214355 0.000000 0.359895 0.000000 0.932993 0.637408 0.637408 0.637408
10272.708984 0.000000 6353.227051 0.000000 0.062909 0.000000 -0.998019 0.893989 0.893989 0.893989
10254.790039 0.000000 6347.758301 0.000000 0.999086 0.000000 -0.042740 0.754083 0.754083 0.754083
10267.563477 0.000000 6347.006836 0.000000 0.463849 0.000000 0.885914 0.646060 0.646060 0.646060
10270.234375 0.000000 6360.462891 0.000000 0.987603 0.000000 0.156973 0.735243 0.735243 0.735243
10295.486328 0.000000 6335.298340 0.000000 0.635466 0.000000 -0.772129 0.834242 0.834242 0.834242
10310.842773 0.000000 6314.875000 0.000000 0.802565 0.000000 -0.596564 0.807450 0.807450 0.807450
10299.279297 0.000000 6339.625488 0.000000 0.964913 0.000000 0.262568 0.724629 0.724629 0.724629
10302.807617 0.000000 6319.672363 0.000000 0.758465 0.000000 -0.651713 0.817785 0.817785 0.817785
10282.592773 0.000000 6368.743652 0.000000 0.649329 0.000000 0.760507 0.667485 0.667485 0.667485
10290.433594 0.000000 6342.252441 0.000000 0.201157 0.000000 0.979559 0.619341 0.619341 0.619341
10261.201172 0.000000 6340.554688 0.000000 0.932512 0.000000 -0.361138 0.785283 0.785283 0.785283
10302.479492 0.000000 6328.144531 0.000000 0.840688 0.000000 -0.541520 0.808931 0.808931 0.808931
10225.562500 0.000000 6339.953613 0.000000 0.492025 0.000000 0.870581 0.649123 0.649123 0.649123
10280.423828 0.000000 6341.296387 0.000000 0.197544 0.000000 -0.980294 0.881011 0.881011 0.881011
10241.510742 0.000000 6341.475098 0.000000 0.209294 0.000000 -0.977853 0.879865 0.879865 0.879865
10297.098633 0.000000 6340.561035 0.000000 0.624779 0.000000 0.780802 0.602373 0.602373 0.602373
10297.740234 0.000000 6339.224121 0.000000 0.249011 0.000000 0.968501 0.505473 0.505473 0.505473
10366.347656 0.000000 6235.525391 0.000000 0.501775 0.000000 -0.864998 0.793053 0.793053 0.793053
10351.148438 0.000000 6248.234375 0.000000 0.348871 0.000000 -0.937171 0.847778 0.847778 0.847778
10343.239258 0.000000 6187.508301 0.000000 0.808482 0.000000 -0.588521 0.772385 0.772385 0.772385
10379.224609 0.000000 6231.358887 0.000000 0.910603 0.000000 -0.413282 0.784303 0.784303 0.784303
10377.874023 0.000000 6240.299805 0.000000 0.695097 0.000000 0.718916 0.688413 0.688413 0.688413
10365.975586 0.000000 6270.547852 0.000000 0.579103 0.000000 -0.815254 0.766062 0.766062 0.766062
10329.469727 0.000000 6195.667480 0.000000 0.367085 0.000000 0.930187 0.738813 0.738813 0.738813
10349.960938 0.000000 6227.278809 0.000000 0.846802 0.000000 0.531907 0.696443 0.696443 0.696443
10366.014648 0.000000 6229.459473 0.000000 0.524533 0.000000 0.851390 0.711854 0.711854 0.711854
10320.231445 0.000000 6203.567871 0.000000 0.968061 0.000000 -0.250714 0.770878 0.770878 0.770878
10316.351562 0.000000 6195.435547 0.000000 0.915747 0.000000 0.401756 0.710520 0.710520 0.710520
10323.032227 0.000000 6187.001465 0.000000 0.807441 0.000000 -0.589949 0.790170 0.790170 0.790170
10340.752930 0.000000 6194.474121 0.000000 0.991210 0.000000 -0.132301 0.754224 0.754224 0.754224
10375.917969 0.000000 6235.238770 0.000000 0.145722 0.000000 0.989326 0.669979 0.669979 0.669979
10341.507812 0.000000 6211.355957 0.000000 0.724936 0.000000 0.688816 0.677439 0.677439 0.677439
10338.791016 0.000000 6188.771484 0.000000 0.608132 0.000000 0.793836 0.720808 0.720808 0.720808
10325.234375 0.000000 6196.772461 0.000000 0.581259 0.000000 -0.813719 0.817631 0.817631 0.817631
10344.510742 0.000000 6198.873535 0.000000 0.744816 0.000000 0.667270 0.706228 0.706228 0.706228
10349.031250 0.000000 6197.819336 0.000000 0.999523 0.000000 -0.030896 0.751042 0.751042 0.751042
10382.771484 0.000000 6272.391113 0.000000 0.359487 0.000000 -0.933150 0.855875 0.855875 0.855875
10370.104492 0.000000 6234.463379 0.000000 0.532361 0.000000 -0.846517 0.789691 0.789691 0.789691
10369.570312 0.000000 6228.418945 0.000000 0.730069 0.000000 -0.683374 0.820438 0.820438 0.820438
10341.954102 0.000000 6190.986816 0.000000 0.703921 0.000000 0.710278 0.701193 0.701193 0.701193
10312.794922 0.000000 6213.842285 0.000000 0.959149 0.000000 0.282901 0.740870 0.740870 0.740870
10367.576172 0.000000 6232.334473 0.000000 0.999967 0.000000 -0.008144 0.750396 0.750396 0.750396
10338.361328 0.000000 6209.806641 0.000000 0.293993 0.000000 0.955808 0.659467 0.659467 0.659467
10325.359375 0.000000 6189.250488 0.000000 0.825344 0.000000 0.564630 0.705063 0.705063 0.705063
10348.061523 0.000000 6247.374023 0.000000 0.963557 0.000000 -0.267502 0.775860 0.775860 0.775860
10377.446289 0.000000 6243.729980 0.000000 0.474638 0.000000 0.880181 0.665363 0.665363 0.665363
10368.672852 0.000000 6272.057129 0.000000 0.983297 0.000000 0.182006 0.736292 0.736292 0.736292
10327.169922 0.000000 6199.206055 0.000000 0.642678 0.000000 -0.766137 0.805565 0.805565 0.805565
10318.870117 0.000000 6192.168945 0.000000 0.999763 0.000000 -0.021771 0.751060 0.751060 0.751060
10314.272461 0.000000 6203.936523 0.000000 0.999844 0.000000 0.017652 0.749306 0.749306 0.749306
10343.464844 0.000000 6193.446289 0.000000 0.883557 0.000000 -0.468324 0.796543 0.796543 0.796543
10323.291992 0.000000 6204.156738 0.000000 0.174218 0.000000 -0.984707 0.817946 0.817946 0.817946
10346.497070 0.000000 6253.654297 0.000000 0.024418 0.000000 0.999702 0.645764 0.645764 0.645764
10377.873047 0.000000 6237.332520 0.000000 0.673787 0.000000 -0.738926 0.801376 0.801376 0.801376
10313.777344 0.000000 6207.117676 0.000000 0.999863 0.000000 0.016564 0.749194 0.749194 0.749194
10348.129883 0.000000 6229.043945 0.000000 0.320832 0.000000 -0.947136 0.857163 0.857163 0.857163
10378.057617 0.000000 6233.852051 0.000000 0.538447 0.000000 -0.842660 0.858839 0.858839 0.858839
10369.657227 0.000000 6230.934570 0.000000 0.859504 0.000000 0.511129 0.690732 0.690732 0.690732
10340.743164 0.000000 6208.940918 0.000000 0.966276 0.000000 -0.257507 0.768531 0.768531 0.768531
10346.615234 0.000000 6197.280273 0.000000 0.879331 0.000000 -0.476211 0.794609 0.794609 0.794609
10368.581055 0.000000 6279.765625 0.000000 0.197414 0.000000 -0.980320 0.855333 0.855333 0.855333
10312.127930 0.000000 6216.373047 0.000000 0.959053 0.000000 -0.283226 0.768281 0.768281 0.768281
10340.836914 0.000000 6187.018555 0.000000 0.903955 0.000000 -0.427627 0.784749 0.784749 0.784749
10346.945312 0.000000 6199.618164 0.000000 0.534834 0.000000 0.844957 0.653888 0.653888 0.653888
10381.413086 0.000000 6270.624512 0.000000 0.623706 0.000000 -0.781659 0.825607 0.825607 0.825607
10321.637695 0.000000 6205.647461 0.000000 0.781189 0.000000 0.624295 0.685616 0.685616 0.685616
10376.166992 0.000000 6241.790527 0.000000 0.999615 0.000000 0.027744 0.747870 0.747870 0.747870
10350.643555 0.000000 6229.466797 0.000000 0.049129 0.000000 0.998792 0.650280 0.650280 0.650280
10366.071289 0.000000 6272.975586 0.000000 0.617221 0.000000 0.786790 0.663522 0.663522 0.663522
10318.250977 0.000000 6194.333496 0.000000 0.987359 0.000000 -0.158500 0.762517 0.762517 0.762517
10340.854492 0.000000 6189.187012 0.000000 0.612124 0.000000 0.790762 0.662905 0.662905 0.662905
10345.994141 0.000000 6251.596680 0.000000 0.626451 0.000000 0.779461 0.666321 0.666321 0.666321
10327.591797 0.000000 6196.846191 0.000000 0.499578 0.000000 -0.866269 0.850047 0.850047 0.850047
10348.415039 0.000000 6249.366699 0.000000 0.573050 0.000000 -0.819520 0.829138 0.829138 0.829138
10368.069336 0.000000 6234.450195 0.000000 0.505663 0.000000 0.862731 0.666214 0.666214 0.666214
10378.715820 0.000000 6242.160156 0.000000 0.143149 0.000000 0.989701 0.613717 0.613717 0.613717
10383.373047 0.000000 6270.602539 0.000000 0.999951 0.000000 -0.009885 0.750944 0.750944 0.750944
10369.378906 0.000000 6232.783691 0.000000 0.999782 0.000000 -0.020867 0.751993 0.751993 0.751993
10377.143555 0.000000 6232.257812 0.000000 0.988104 0.000000 0.153785 0.734967 0.734967 0.734967
10353.190430 0.000000 6291.960449 0.000000 0.734186 0.000000 -0.678948 0.786333 0.786333 0.786333
10314.533203 0.000000 6343.743164 0.000000 0.966850 0.000000 -0.255344 0.774657 0.774657 0.774657
10336.634766 0.000000 6306.248535 0.000000 0.241109 0.000000 -0.970498 0.794734 0.794734 0.794734
10323.603516 0.000000 6323.691895 0.000000 0.975395 0.000000 -0.220463 0.764151 0.764151 0.764151
10374.605469 0.000000 6292.373535 0.000000 0.742306 0.000000 -0.670061 0.806371 0.806371 0.806371
10311.976562 0.000000 6317.178711 0.000000 0.941578 0.000000 0.336795 0.731991 0.731991 0.731991
10312.684570 0.000000 6330.784180 0.000000 0.027769 0.000000 -0.999614 0.816451 0.816451 0.816451
10312.372070 0.000000 6355.617188 0.000000 0.827759 0.000000 -0.561083 0.806885 0.806885 0.806885
10363.672852 0.000000 6297.059082 0.000000 0.324081 0.000000 -0.946029 0.833635 0.833635 0.833635
10344.928711 0.000000 6301.709961 0.000000 0.644256 0.000000 0.764810 0.720653 0.720653 0.720653
10366.462891 0.000000 6289.146973 0.000000 0.999459 0.000000 -0.032876 0.751108 0.751108 0.751108
10331.650391 0.000000 6312.875488 0.000000 0.282744 0.000000 -0.959195 0.814920 0.814920 0.814920
10347.673828 0.000000 6295.520020 0.000000 0.364880 0.000000 -0.931054 0.815013 0.815013 0.815013
10370.143555 0.000000 6298.595215 0.000000 0.418961 0.000000 -0.908004 0.818215 0.818215 0.818215
10377.191406 0.000000 6286.928223 0.000000 0.230839 0.000000 -0.972992 0.860221 0.860221 0.860221
10319.586914 0.000000 6309.163574 0.000000 0.887952 0.000000 0.459937 0.739262 0.739262 0.739262
10360.382812 0.000000 6300.753906 0.000000 0.444591 0.000000 -0.895734 0.820670 0.820670 0.820670
10311.675781 0.000000 6322.225098 0.000000 0.360103 0.000000 0.932913 0.648686 0.648686 0.648686
10331.124023 0.000000 6317.530273 0.000000 0.999902 0.000000 -0.013968 0.750994 0.750994 0.750994
10320.062500 0.000000 6321.035645 0.000000 0.441571 0.000000 0.897226 0.716643 0.716643 0.716643
10316.122070 0.000000 6333.433594 0.000000 0.214624 0.000000 0.976697 0.630800 0.630800 0.630800
10344.510742 0.000000 6292.615723 0.000000 0.801586 0.000000 0.597879 0.698403 0.698403 0.698403
10369.281250 0.000000 6280.852539 0.000000 0.448431 0.000000 0.893817 0.644405 0.644405 0.644405
10312.249023 0.000000 6326.796387 0.000000 0.535999 0.000000 -0.844219 0.802695 0.802695 0.802695
10320.145508 0.000000 6325.680664 0.000000 0.377159 0.000000 -0.926148 0.827597 0.827597 0.827597
10326.721680 0.000000 6320.961914 0.000000 0.947218 0.000000 0.320591 0.734723 0.734723 0.734723
10373.500000 0.000000 6296.241699 0.000000 0.858689 0.000000 -0.512496 0.801384 0.801384 0.801384
10339.791992 0.000000 6308.532715 0.000000 0.921615 0.000000 0.388105 0.711939 0.711939 0.711939
10326.886719 0.000000 6325.576172 0.000000 0.590492 0.000000 0.807044 0.702522 0.702522 0.702522
10313.801758 0.000000 6352.061035 0.000000 0.789544 0.000000 -0.613693 0.787115 0.787115 0.787115
10318.967773 0.000000 6312.787109 0.000000 0.788478 0.000000 -0.615063 0.778529 0.778529 0.778529
10356.498047 0.000000 6293.483887 0.000000 0.999973 0.000000 -0.007384 0.750318 0.750318 0.750318
10360.182617 0.000000 6296.705566 0.000000 0.054924 0.000000 -0.998491 0.803927 0.803927 0.803927
10363.006836 0.000000 6289.695801 0.000000 0.695934 0.000000 -0.718106 0.820497 0.820497 0.820497
10367.211914 0.000000 6296.688477 0.000000 0.259558 0.000000 -0.965727 0.808789 0.808789 0.808789
10311.793945 0.000000 6313.350098 0.000000 0.981773 0.000000 -0.190058 0.757161 0.757161 0.757161
10319.360352 0.000000 6332.927246 0.000000 0.999971 0.000000 0.007668 0.749268 0.749268 0.749268
10374.562500 0.000000 6289.138184 0.000000 0.853971 0.000000 0.520320 0.719261 0.719261 0.719261
10357.875000 0.000000 6290.645020 0.000000 0.705772 0.000000 0.708439 0.713147 0.713147 0.713147
10341.955078 0.000000 6300.469727 0.000000 0.962247 0.000000 0.272178 0.730387 0.730387 0.730387
10321.622070 0.000000 6311.432129 0.000000 0.407515 0.000000 -0.913198 0.859919 0.859919 0.859919
10314.784180 0.000000 6291.675293 0.000000 0.007485 0.000000 -0.999972 0.861232 0.861232 0.861232
10363.217773 0.000000 6299.997070 0.000000 0.874918 0.000000 -0.484271 0.771771 0.771771 0.771771
10317.542969 0.000000 6330.824219 0.000000 0.026625 0.000000 -0.999645 0.885892 0.885892 0.885892
10312.478516 0.000000 6293.485352 0.000000 0.562310 0.000000 -0.826926 0.828390 0.828390 0.828390
10362.338867 0.000000 6294.730957 0.000000 0.999346 0.000000 -0.036168 0.751761 0.751761 0.751761
10358.040039 0.000000 6299.588867 0.000000 0.701758 0.000000 0.712415 0.706944 0.706944 0.706944
10345.090820 0.000000 6295.283691 0.000000 0.937181 0.000000 -0.348843 0.784028 0.784028 0.784028
10364.369141 0.000000 6302.221191 0.000000 0.272254 0.000000 0.962225 0.626331 0.626331 0.626331
10340.743164 0.000000 6302.683105 0.000000 0.067352 0.000000 -0.997729 0.868229 0.868229 0.868229
10330.264648 0.000000 6310.648926 0.000000 0.949493 0.000000 -0.313788 0.780479 0.780479 0.780479
10369.761719 0.000000 6283.391602 0.000000 0.287637 0.000000 -0.957739 0.826636 0.826636 0.826636
10355.435547 0.000000 6290.813477 0.000000 0.843542 0.000000 0.537063 0.695860 0.695860 0.695860
10321.224609 0.000000 6323.515625 0.000000 0.638948 0.000000 0.769250 0.666189 0.666189 0.666189
10337.315430 0.000000 6308.522461 0.000000 0.940450 0.000000 -0.339931 0.783121 0.783121 0.783121
10333.200195 0.000000 6318.705566 0.000000 0.989496 0.000000 -0.144562 0.763310 0.763310 0.763310
10371.526367 0.000000 6281.541504 0.000000 0.436787 0.000000 -0.899565 0.829602 0.829602 0.829602
10313.167969 0.000000 6315.225586 0.000000 0.946797 0.000000 0.321831 0.718711 0.718711 0.718711
10361.783203 0.000000 6298.278320 0.000000 0.957825 0.000000 -0.287353 0.777833 0.777833 0.777833
10362.287109 0.000000 6291.932617 0.000000 0.495649 0.000000 -0.868523 0.818956 0.818956 0.818956
10313.504883 0.000000 6328.652344 0.000000 0.954742 0.000000 0.297435 0.721161 0.721161 0.721161
10314.138672 0.000000 6354.322754 0.000000 0.169177 0.000000 -0.985586 0.860161 0.860161 0.860161
10364.778320 0.000000 6295.088867 0.000000 0.532600 0.000000 -0.846367 0.842585 0.842585 0.842585
10312.512695 0.000000 6343.169434 0.000000 0.993199 0.000000 -0.116430 0.759395 0.759395 0.759395
10372.157227 0.000000 6298.172852 0.000000 0.983493 0.000000 -0.180948 0.764649 0.764649 0.764649
10342.876953 0.000000 6302.381836 0.000000 0.998941 0.000000 0.046019 0.745604 0.745604 0.745604
10327.919922 0.000000 6323.517090 0.000000 0.505875 0.000000 0.862607 0.650649 0.650649 0.650649
10362.161133 0.000000 6301.704102 0.000000 0.942493 0.000000 -0.334227 0.784457 0.784457 0.784457
10376.431641 0.000000 6288.756348 0.000000 0.995537 0.000000 0.094374 0.740974 0.740974 0.740974
"}
