object={
	name="tree_pine_01_a_generator_1_0"
	render_pass=Map
	clamp_to_water_level=no
	generated_content=yes
	layer="tree_high_layer"
	pdxmesh="tree_pine_single_01_a_mesh"
	count=392
	transform="5145.114258 0.000000 10561.072266 0.000000 0.793916 0.000000 0.608027 1.000000 1.000000 1.000000
5149.777344 0.000000 10558.017578 0.000000 0.189959 0.000000 0.981792 1.000000 1.000000 1.000000
5127.670898 0.000000 10577.713867 0.000000 0.452129 0.000000 0.891952 1.000000 1.000000 1.000000
5147.389648 0.000000 10583.354492 0.000000 0.664947 0.000000 0.746890 1.000000 1.000000 1.000000
5188.143066 0.000000 10564.501953 0.000000 0.840603 0.000000 0.541652 1.000000 1.000000 1.000000
5237.774902 0.000000 10550.553711 0.000000 0.662714 0.000000 0.748873 1.000000 1.000000 1.000000
5248.990234 0.000000 10567.762695 0.000000 0.386636 0.000000 0.922233 1.000000 1.000000 1.000000
5205.220215 0.000000 10567.579102 0.000000 0.560712 0.000000 0.828011 1.000000 1.000000 1.000000
5184.189941 0.000000 10565.837891 0.000000 0.208885 0.000000 0.977940 1.000000 1.000000 1.000000
5182.372559 0.000000 10546.524414 0.000000 0.550238 0.000000 0.835008 1.000000 1.000000 1.000000
5225.244141 0.000000 10565.237305 0.000000 0.370254 0.000000 0.928930 1.000000 1.000000 1.000000
5189.854492 0.000000 10561.657227 0.000000 0.652459 0.000000 0.757824 1.000000 1.000000 1.000000
5233.824707 0.000000 10551.068359 0.000000 0.741715 0.000000 0.670716 1.000000 1.000000 1.000000
5230.608887 0.000000 10562.828125 0.000000 0.831533 0.000000 0.555476 1.000000 1.000000 1.000000
5221.846191 0.000000 10564.746094 0.000000 0.378208 0.000000 0.925721 1.000000 1.000000 1.000000
5194.321777 0.000000 10564.843750 0.000000 0.355363 0.000000 0.934729 1.000000 1.000000 1.000000
5158.390625 0.000000 10550.760742 0.000000 0.300572 0.000000 0.953759 1.000000 1.000000 1.000000
5170.232422 0.000000 10546.022461 0.000000 0.711351 0.000000 0.702837 1.000000 1.000000 1.000000
5171.814453 0.000000 10575.792969 0.000000 0.750575 0.000000 0.660785 1.000000 1.000000 1.000000
5224.194824 0.000000 10560.707031 0.000000 0.684485 0.000000 0.729027 1.000000 1.000000 1.000000
5192.594727 0.000000 10561.506836 0.000000 0.003810 0.000000 0.999993 1.000000 1.000000 1.000000
5226.837891 0.000000 10564.103516 0.000000 0.073116 0.000000 0.997323 1.000000 1.000000 1.000000
5203.670410 0.000000 10566.527344 0.000000 0.661393 0.000000 0.750039 1.000000 1.000000 1.000000
5170.772461 0.000000 10574.633789 0.000000 0.540959 0.000000 0.841049 1.000000 1.000000 1.000000
5194.010254 0.000000 10561.066406 0.000000 0.011538 0.000000 0.999933 1.000000 1.000000 1.000000
5221.796387 0.000000 10561.856445 0.000000 0.828170 0.000000 0.560477 1.000000 1.000000 1.000000
5229.034180 0.000000 10563.565430 0.000000 0.214348 0.000000 0.976757 1.000000 1.000000 1.000000
5189.429688 0.000000 10565.056641 0.000000 0.068573 0.000000 0.997646 1.000000 1.000000 1.000000
5195.865723 0.000000 10562.746094 0.000000 0.112945 0.000000 0.993601 1.000000 1.000000 1.000000
5222.983887 0.000000 10561.280273 0.000000 0.007696 0.000000 0.999970 1.000000 1.000000 1.000000
5193.072754 0.000000 10564.879883 0.000000 0.072602 0.000000 0.997361 1.000000 1.000000 1.000000
5224.240234 0.000000 10562.342773 0.000000 0.784297 0.000000 0.620385 1.000000 1.000000 1.000000
5193.003906 0.000000 10562.618164 0.000000 0.399233 0.000000 0.916849 1.000000 1.000000 1.000000
5227.886719 0.000000 10563.709961 0.000000 0.480656 0.000000 0.876909 1.000000 1.000000 1.000000
5224.241699 0.000000 10565.094727 0.000000 0.768979 0.000000 0.639274 1.000000 1.000000 1.000000
5222.545898 0.000000 10565.556641 0.000000 0.153520 0.000000 0.988145 1.000000 1.000000 1.000000
5116.784668 0.000000 10641.408203 0.000000 0.608956 0.000000 0.793204 1.000000 1.000000 1.000000
5120.541992 0.000000 10640.346680 0.000000 0.598553 0.000000 0.801083 1.000000 1.000000 1.000000
5131.792969 0.000000 10671.123047 0.000000 0.753881 0.000000 0.657011 1.000000 1.000000 1.000000
5125.724609 0.000000 10644.268555 0.000000 0.765552 0.000000 0.643374 1.000000 1.000000 1.000000
5138.382812 0.000000 10683.164062 0.000000 0.744739 0.000000 0.667355 1.000000 1.000000 1.000000
5105.488770 0.000000 10612.111328 0.000000 0.683230 0.000000 0.730203 1.000000 1.000000 1.000000
5125.551758 0.000000 10665.792969 0.000000 0.112492 0.000000 0.993653 1.000000 1.000000 1.000000
5136.290039 0.000000 10678.480469 0.000000 0.665917 0.000000 0.746026 1.000000 1.000000 1.000000
5138.902832 0.000000 10685.788086 0.000000 0.449607 0.000000 0.893227 1.000000 1.000000 1.000000
5105.747070 0.000000 10614.131836 0.000000 0.604107 0.000000 0.796903 1.000000 1.000000 1.000000
5180.121094 0.000000 10598.373047 0.000000 0.221461 0.000000 0.975169 1.000000 1.000000 1.000000
5244.770996 0.000000 10674.808594 0.000000 0.637752 0.000000 0.770242 1.000000 1.000000 1.000000
5179.350586 0.000000 10646.625000 0.000000 0.173382 0.000000 0.984855 1.000000 1.000000 1.000000
5180.347656 0.000000 10664.665039 0.000000 0.061901 0.000000 0.998082 1.000000 1.000000 1.000000
5208.235352 0.000000 10664.813477 0.000000 0.407259 0.000000 0.913313 1.000000 1.000000 1.000000
5161.819336 0.000000 10617.677734 0.000000 0.257977 0.000000 0.966151 1.000000 1.000000 1.000000
5242.712891 0.000000 10598.674805 0.000000 0.228093 0.000000 0.973639 1.000000 1.000000 1.000000
5235.087402 0.000000 10597.401367 0.000000 0.616637 0.000000 0.787248 1.000000 1.000000 1.000000
5158.540527 0.000000 10685.384766 0.000000 0.379113 0.000000 0.925350 1.000000 1.000000 1.000000
5240.007812 0.000000 10602.356445 0.000000 0.766872 0.000000 0.641800 1.000000 1.000000 1.000000
5176.187012 0.000000 10603.473633 0.000000 0.615532 0.000000 0.788112 1.000000 1.000000 1.000000
5216.252930 0.000000 10670.835938 0.000000 0.347870 0.000000 0.937543 1.000000 1.000000 1.000000
5193.843750 0.000000 10668.213867 0.000000 0.783219 0.000000 0.621746 1.000000 1.000000 1.000000
5161.360840 0.000000 10614.812500 0.000000 0.629242 0.000000 0.777209 1.000000 1.000000 1.000000
5246.040527 0.000000 10601.655273 0.000000 0.709512 0.000000 0.704694 1.000000 1.000000 1.000000
5228.104492 0.000000 10672.194336 0.000000 0.088682 0.000000 0.996060 1.000000 1.000000 1.000000
5242.122070 0.000000 10675.846680 0.000000 0.453020 0.000000 0.891500 1.000000 1.000000 1.000000
5158.548828 0.000000 10673.283203 0.000000 0.862044 0.000000 0.506833 1.000000 1.000000 1.000000
5158.919434 0.000000 10676.592773 0.000000 0.318125 0.000000 0.948049 1.000000 1.000000 1.000000
5160.865234 0.000000 10657.865234 0.000000 0.714746 0.000000 0.699384 1.000000 1.000000 1.000000
5219.332520 0.000000 10674.133789 0.000000 0.779171 0.000000 0.626811 1.000000 1.000000 1.000000
5162.422363 0.000000 10619.750977 0.000000 0.211411 0.000000 0.977397 1.000000 1.000000 1.000000
5179.160645 0.000000 10651.091797 0.000000 0.540974 0.000000 0.841039 1.000000 1.000000 1.000000
5166.677246 0.000000 10617.758789 0.000000 0.617957 0.000000 0.786212 1.000000 1.000000 1.000000
5221.906250 0.000000 10597.170898 0.000000 0.391266 0.000000 0.920278 1.000000 1.000000 1.000000
5173.925781 0.000000 10649.669922 0.000000 0.684783 0.000000 0.728747 1.000000 1.000000 1.000000
5178.796387 0.000000 10666.037109 0.000000 0.795611 0.000000 0.605807 1.000000 1.000000 1.000000
5207.988770 0.000000 10669.037109 0.000000 0.498877 0.000000 0.866673 1.000000 1.000000 1.000000
5242.688477 0.000000 10596.776367 0.000000 0.763829 0.000000 0.645418 1.000000 1.000000 1.000000
5238.291016 0.000000 10601.556641 0.000000 0.356728 0.000000 0.934208 1.000000 1.000000 1.000000
5237.027832 0.000000 10598.000977 0.000000 0.405314 0.000000 0.914178 1.000000 1.000000 1.000000
5163.246094 0.000000 10614.449219 0.000000 0.424266 0.000000 0.905538 1.000000 1.000000 1.000000
5204.572266 0.000000 10669.601562 0.000000 0.812003 0.000000 0.583653 1.000000 1.000000 1.000000
5177.395020 0.000000 10648.133789 0.000000 0.734991 0.000000 0.678077 1.000000 1.000000 1.000000
5181.695312 0.000000 10598.586914 0.000000 0.670641 0.000000 0.741782 1.000000 1.000000 1.000000
5183.382324 0.000000 10663.090820 0.000000 0.860191 0.000000 0.509972 1.000000 1.000000 1.000000
5224.240234 0.000000 10596.124023 0.000000 0.083775 0.000000 0.996485 1.000000 1.000000 1.000000
5225.734375 0.000000 10598.039062 0.000000 0.332552 0.000000 0.943085 1.000000 1.000000 1.000000
5243.848633 0.000000 10671.916016 0.000000 0.853106 0.000000 0.521738 1.000000 1.000000 1.000000
5179.278809 0.000000 10663.659180 0.000000 0.846871 0.000000 0.531799 1.000000 1.000000 1.000000
5242.310059 0.000000 10671.814453 0.000000 0.228268 0.000000 0.973598 1.000000 1.000000 1.000000
5181.911621 0.000000 10601.448242 0.000000 0.584659 0.000000 0.811279 1.000000 1.000000 1.000000
5183.042480 0.000000 10660.839844 0.000000 0.206639 0.000000 0.978417 1.000000 1.000000 1.000000
5183.998047 0.000000 10664.944336 0.000000 0.580840 0.000000 0.814018 1.000000 1.000000 1.000000
5199.228027 0.000000 10666.781250 0.000000 0.679536 0.000000 0.733642 1.000000 1.000000 1.000000
5178.647461 0.000000 10647.775391 0.000000 0.287331 0.000000 0.957831 1.000000 1.000000 1.000000
5243.696289 0.000000 10597.589844 0.000000 0.261806 0.000000 0.965121 1.000000 1.000000 1.000000
5239.154297 0.000000 10599.340820 0.000000 0.683746 0.000000 0.729720 1.000000 1.000000 1.000000
5242.117676 0.000000 10601.590820 0.000000 0.588198 0.000000 0.808717 1.000000 1.000000 1.000000
5182.161621 0.000000 10663.311523 0.000000 0.361117 0.000000 0.932520 1.000000 1.000000 1.000000
5174.932617 0.000000 10648.817383 0.000000 0.211149 0.000000 0.977454 1.000000 1.000000 1.000000
5226.162598 0.000000 10599.021484 0.000000 0.362042 0.000000 0.932162 1.000000 1.000000 1.000000
5179.895020 0.000000 10600.250000 0.000000 0.073520 0.000000 0.997294 1.000000 1.000000 1.000000
5178.119141 0.000000 10600.500977 0.000000 0.159674 0.000000 0.987170 1.000000 1.000000 1.000000
5151.669922 0.000000 10705.962891 0.000000 0.522255 0.000000 0.852790 1.000000 1.000000 1.000000
5147.932617 0.000000 10698.125977 0.000000 0.056978 0.000000 0.998375 1.000000 1.000000 1.000000
5154.590332 0.000000 10686.745117 0.000000 0.471820 0.000000 0.881695 1.000000 1.000000 1.000000
5169.986816 0.000000 10701.624023 0.000000 0.850344 0.000000 0.526228 1.000000 1.000000 1.000000
5161.856445 0.000000 10688.447266 0.000000 0.237822 0.000000 0.971309 1.000000 1.000000 1.000000
5160.531250 0.000000 10695.060547 0.000000 0.012064 0.000000 0.999927 1.000000 1.000000 1.000000
5180.516113 0.000000 10720.700195 0.000000 0.252158 0.000000 0.967686 1.000000 1.000000 1.000000
5224.759277 0.000000 10707.475586 0.000000 0.585916 0.000000 0.810372 1.000000 1.000000 1.000000
5213.520020 0.000000 10708.666016 0.000000 0.763949 0.000000 0.645277 1.000000 1.000000 1.000000
5160.110352 0.000000 10691.582031 0.000000 0.302692 0.000000 0.953089 1.000000 1.000000 1.000000
5161.852051 0.000000 10698.280273 0.000000 0.404018 0.000000 0.914751 1.000000 1.000000 1.000000
5179.918457 0.000000 10704.970703 0.000000 0.365136 0.000000 0.930954 1.000000 1.000000 1.000000
5166.993164 0.000000 10700.950195 0.000000 0.476192 0.000000 0.879342 1.000000 1.000000 1.000000
5224.237793 0.000000 10704.558594 0.000000 0.482496 0.000000 0.875898 1.000000 1.000000 1.000000
5178.641113 0.000000 10718.733398 0.000000 0.472344 0.000000 0.881414 1.000000 1.000000 1.000000
5168.760742 0.000000 10698.902344 0.000000 0.101157 0.000000 0.994870 1.000000 1.000000 1.000000
5237.130859 0.000000 10701.835938 0.000000 0.855698 0.000000 0.517476 1.000000 1.000000 1.000000
5174.444336 0.000000 10716.532227 0.000000 0.172842 0.000000 0.984949 1.000000 1.000000 1.000000
5172.462891 0.000000 10701.562500 0.000000 0.158877 0.000000 0.987298 1.000000 1.000000 1.000000
5218.256836 0.000000 10715.399414 0.000000 0.702329 0.000000 0.711853 1.000000 1.000000 1.000000
5222.573242 0.000000 10706.702148 0.000000 0.774522 0.000000 0.632547 1.000000 1.000000 1.000000
5236.437988 0.000000 10699.076172 0.000000 0.420090 0.000000 0.907482 1.000000 1.000000 1.000000
5188.382324 0.000000 10705.424805 0.000000 0.056774 0.000000 0.998387 1.000000 1.000000 1.000000
5205.962891 0.000000 10704.161133 0.000000 0.630577 0.000000 0.776127 1.000000 1.000000 1.000000
5182.374023 0.000000 10703.952148 0.000000 0.807137 0.000000 0.590364 1.000000 1.000000 1.000000
5215.625977 0.000000 10708.821289 0.000000 0.559102 0.000000 0.829099 1.000000 1.000000 1.000000
5230.666504 0.000000 10703.608398 0.000000 0.463736 0.000000 0.885973 1.000000 1.000000 1.000000
5211.604492 0.000000 10708.222656 0.000000 0.708706 0.000000 0.705504 1.000000 1.000000 1.000000
5175.906738 0.000000 10700.889648 0.000000 0.321464 0.000000 0.946922 1.000000 1.000000 1.000000
5235.394043 0.000000 10702.636719 0.000000 0.531361 0.000000 0.847145 1.000000 1.000000 1.000000
5212.595215 0.000000 10706.612305 0.000000 0.786356 0.000000 0.617773 1.000000 1.000000 1.000000
5175.125000 0.000000 10704.254883 0.000000 0.465680 0.000000 0.884953 1.000000 1.000000 1.000000
5160.577148 0.000000 10689.811523 0.000000 0.357530 0.000000 0.933902 1.000000 1.000000 1.000000
5204.259766 0.000000 10704.730469 0.000000 0.694618 0.000000 0.719379 1.000000 1.000000 1.000000
5202.987793 0.000000 10707.451172 0.000000 0.600437 0.000000 0.799672 1.000000 1.000000 1.000000
5157.900391 0.000000 10690.513672 0.000000 0.152579 0.000000 0.988291 1.000000 1.000000 1.000000
5178.897949 0.000000 10720.373047 0.000000 0.691248 0.000000 0.722618 1.000000 1.000000 1.000000
5160.050293 0.000000 10698.694336 0.000000 0.242417 0.000000 0.970172 1.000000 1.000000 1.000000
5187.778320 0.000000 10701.626953 0.000000 0.519946 0.000000 0.854199 1.000000 1.000000 1.000000
5227.742188 0.000000 10704.792969 0.000000 0.132161 0.000000 0.991228 1.000000 1.000000 1.000000
5164.401855 0.000000 10701.668945 0.000000 0.394165 0.000000 0.919040 1.000000 1.000000 1.000000
5157.433594 0.000000 10688.233398 0.000000 0.801059 0.000000 0.598585 1.000000 1.000000 1.000000
5176.130371 0.000000 10702.324219 0.000000 0.726444 0.000000 0.687225 1.000000 1.000000 1.000000
5227.054688 0.000000 10702.414062 0.000000 0.490385 0.000000 0.871506 1.000000 1.000000 1.000000
5229.445312 0.000000 10701.048828 0.000000 0.836692 0.000000 0.547673 1.000000 1.000000 1.000000
5162.306152 0.000000 10699.594727 0.000000 0.624948 0.000000 0.780666 1.000000 1.000000 1.000000
5225.536133 0.000000 10704.611328 0.000000 0.636148 0.000000 0.771567 1.000000 1.000000 1.000000
5157.167480 0.000000 10693.021484 0.000000 0.148676 0.000000 0.988886 1.000000 1.000000 1.000000
5160.415039 0.000000 10701.119141 0.000000 0.759424 0.000000 0.650595 1.000000 1.000000 1.000000
5225.221191 0.000000 10705.966797 0.000000 0.552035 0.000000 0.833821 1.000000 1.000000 1.000000
5214.645020 0.000000 10708.050781 0.000000 0.096682 0.000000 0.995315 1.000000 1.000000 1.000000
5214.417480 0.000000 10709.464844 0.000000 0.385236 0.000000 0.922818 1.000000 1.000000 1.000000
5167.652832 0.000000 10699.854492 0.000000 0.537612 0.000000 0.843192 1.000000 1.000000 1.000000
5161.836426 0.000000 10697.120117 0.000000 0.760878 0.000000 0.648895 1.000000 1.000000 1.000000
5220.367188 0.000000 10706.286133 0.000000 0.520421 0.000000 0.853910 1.000000 1.000000 1.000000
5162.651855 0.000000 10696.550781 0.000000 0.710393 0.000000 0.703806 1.000000 1.000000 1.000000
5161.023926 0.000000 10698.977539 0.000000 0.494340 0.000000 0.869269 1.000000 1.000000 1.000000
5164.106445 0.000000 10696.645508 0.000000 0.369006 0.000000 0.929427 1.000000 1.000000 1.000000
5291.315918 0.000000 10579.612305 0.000000 0.241473 0.000000 0.970407 1.000000 1.000000 1.000000
5251.724121 0.000000 10570.459961 0.000000 0.259167 0.000000 0.965833 1.000000 1.000000 1.000000
5249.770020 0.000000 10563.641602 0.000000 0.582187 0.000000 0.813055 1.000000 1.000000 1.000000
5301.121094 0.000000 10582.516602 0.000000 0.069441 0.000000 0.997586 1.000000 1.000000 1.000000
5271.654297 0.000000 10570.549805 0.000000 0.337578 0.000000 0.941297 1.000000 1.000000 1.000000
5249.635742 0.000000 10569.225586 0.000000 0.848642 0.000000 0.528968 1.000000 1.000000 1.000000
5265.909668 0.000000 10566.958984 0.000000 0.649923 0.000000 0.760000 1.000000 1.000000 1.000000
5288.993652 0.000000 10579.982422 0.000000 0.383924 0.000000 0.923365 1.000000 1.000000 1.000000
5271.090332 0.000000 10571.942383 0.000000 0.600911 0.000000 0.799316 1.000000 1.000000 1.000000
5305.431152 0.000000 10585.358398 0.000000 0.489378 0.000000 0.872072 1.000000 1.000000 1.000000
5290.028809 0.000000 10578.885742 0.000000 0.113710 0.000000 0.993514 1.000000 1.000000 1.000000
5300.261230 0.000000 10581.345703 0.000000 0.226379 0.000000 0.974039 1.000000 1.000000 1.000000
5265.020508 0.000000 10567.927734 0.000000 0.786418 0.000000 0.617694 1.000000 1.000000 1.000000
5284.238281 0.000000 10666.730469 0.000000 0.130781 0.000000 0.991411 1.000000 1.000000 1.000000
5320.464355 0.000000 10630.127930 0.000000 0.408992 0.000000 0.912538 1.000000 1.000000 1.000000
5282.448730 0.000000 10669.372070 0.000000 0.806577 0.000000 0.591128 1.000000 1.000000 1.000000
5271.480957 0.000000 10677.843750 0.000000 0.239284 0.000000 0.970950 1.000000 1.000000 1.000000
5251.404785 0.000000 10600.447266 0.000000 0.093387 0.000000 0.995630 1.000000 1.000000 1.000000
5274.125488 0.000000 10601.162109 0.000000 0.781340 0.000000 0.624106 1.000000 1.000000 1.000000
5259.145996 0.000000 10671.781250 0.000000 0.630029 0.000000 0.776572 1.000000 1.000000 1.000000
5318.068359 0.000000 10630.701172 0.000000 0.608986 0.000000 0.793181 1.000000 1.000000 1.000000
5268.154297 0.000000 10599.199219 0.000000 0.331039 0.000000 0.943617 1.000000 1.000000 1.000000
5284.537598 0.000000 10603.163086 0.000000 0.570504 0.000000 0.821295 1.000000 1.000000 1.000000
5323.382324 0.000000 10599.565430 0.000000 0.265929 0.000000 0.963993 1.000000 1.000000 1.000000
5325.598145 0.000000 10600.763672 0.000000 0.701764 0.000000 0.712409 1.000000 1.000000 1.000000
5287.125977 0.000000 10606.036133 0.000000 0.191669 0.000000 0.981460 1.000000 1.000000 1.000000
5285.463867 0.000000 10675.819336 0.000000 0.082911 0.000000 0.996557 1.000000 1.000000 1.000000
5285.875977 0.000000 10672.952148 0.000000 0.542373 0.000000 0.840138 1.000000 1.000000 1.000000
5251.936035 0.000000 10598.465820 0.000000 0.856979 0.000000 0.515352 1.000000 1.000000 1.000000
5302.706543 0.000000 10618.827148 0.000000 0.208598 0.000000 0.978002 1.000000 1.000000 1.000000
5289.732910 0.000000 10608.850586 0.000000 0.696334 0.000000 0.717718 1.000000 1.000000 1.000000
5249.724609 0.000000 10673.848633 0.000000 0.358839 0.000000 0.933399 1.000000 1.000000 1.000000
5268.460449 0.000000 10602.955078 0.000000 0.839829 0.000000 0.542851 1.000000 1.000000 1.000000
5287.110352 0.000000 10669.680664 0.000000 0.024636 0.000000 0.999696 1.000000 1.000000 1.000000
5268.955566 0.000000 10603.902344 0.000000 0.667114 0.000000 0.744956 1.000000 1.000000 1.000000
5361.191406 0.000000 10658.927734 0.000000 0.439343 0.000000 0.898319 1.000000 1.000000 1.000000
5355.559570 0.000000 10650.931641 0.000000 0.344300 0.000000 0.938860 1.000000 1.000000 1.000000
5351.726074 0.000000 10633.175781 0.000000 0.625074 0.000000 0.780565 1.000000 1.000000 1.000000
5347.786133 0.000000 10645.574219 0.000000 0.379443 0.000000 0.925215 1.000000 1.000000 1.000000
5351.024414 0.000000 10645.068359 0.000000 0.767372 0.000000 0.641203 1.000000 1.000000 1.000000
5354.046875 0.000000 10648.421875 0.000000 0.655124 0.000000 0.755522 1.000000 1.000000 1.000000
5348.791992 0.000000 10622.755859 0.000000 0.734803 0.000000 0.678280 1.000000 1.000000 1.000000
5350.012695 0.000000 10630.923828 0.000000 0.450081 0.000000 0.892988 1.000000 1.000000 1.000000
5353.393555 0.000000 10643.952148 0.000000 0.311111 0.000000 0.950374 1.000000 1.000000 1.000000
5357.408203 0.000000 10661.772461 0.000000 0.400010 0.000000 0.916511 1.000000 1.000000 1.000000
5350.872559 0.000000 10643.391602 0.000000 0.475231 0.000000 0.879861 1.000000 1.000000 1.000000
5349.323730 0.000000 10644.673828 0.000000 0.632863 0.000000 0.774264 1.000000 1.000000 1.000000
5352.781738 0.000000 10660.197266 0.000000 0.511243 0.000000 0.859436 1.000000 1.000000 1.000000
5347.781738 0.000000 10643.818359 0.000000 0.600914 0.000000 0.799313 1.000000 1.000000 1.000000
5350.446289 0.000000 10665.092773 0.000000 0.034976 0.000000 0.999388 1.000000 1.000000 1.000000
5352.431641 0.000000 10644.997070 0.000000 0.609738 0.000000 0.792603 1.000000 1.000000 1.000000
5350.507324 0.000000 10642.073242 0.000000 0.498959 0.000000 0.866625 1.000000 1.000000 1.000000
5249.582520 0.000000 10705.143555 0.000000 0.439099 0.000000 0.898439 1.000000 1.000000 1.000000
5281.468750 0.000000 10703.221680 0.000000 0.463048 0.000000 0.886333 1.000000 1.000000 1.000000
5277.713867 0.000000 10714.416016 0.000000 0.040977 0.000000 0.999160 1.000000 1.000000 1.000000
5278.205078 0.000000 10703.088867 0.000000 0.306281 0.000000 0.951941 1.000000 1.000000 1.000000
5269.438477 0.000000 10709.103516 0.000000 0.663931 0.000000 0.747794 1.000000 1.000000 1.000000
5261.584961 0.000000 10709.866211 0.000000 0.853368 0.000000 0.521308 1.000000 1.000000 1.000000
5267.785156 0.000000 10707.011719 0.000000 0.425984 0.000000 0.904731 1.000000 1.000000 1.000000
5251.089844 0.000000 10721.108398 0.000000 0.798827 0.000000 0.601560 1.000000 1.000000 1.000000
5257.106934 0.000000 10709.968750 0.000000 0.655827 0.000000 0.754911 1.000000 1.000000 1.000000
5262.166504 0.000000 10708.139648 0.000000 0.272457 0.000000 0.962168 1.000000 1.000000 1.000000
5278.091309 0.000000 10705.000000 0.000000 0.085838 0.000000 0.996309 1.000000 1.000000 1.000000
5266.256348 0.000000 10717.504883 0.000000 0.065692 0.000000 0.997840 1.000000 1.000000 1.000000
5265.503418 0.000000 10708.603516 0.000000 0.639185 0.000000 0.769053 1.000000 1.000000 1.000000
5272.141113 0.000000 10716.121094 0.000000 0.711848 0.000000 0.702333 1.000000 1.000000 1.000000
5266.578613 0.000000 10707.696289 0.000000 0.850087 0.000000 0.526642 1.000000 1.000000 1.000000
5285.800293 0.000000 10716.075195 0.000000 0.699474 0.000000 0.714658 1.000000 1.000000 1.000000
5273.881836 0.000000 10706.259766 0.000000 0.620935 0.000000 0.783862 1.000000 1.000000 1.000000
5266.869629 0.000000 10716.443359 0.000000 0.277098 0.000000 0.960842 1.000000 1.000000 1.000000
5276.529785 0.000000 10714.055664 0.000000 0.422692 0.000000 0.906273 1.000000 1.000000 1.000000
5276.768555 0.000000 10705.026367 0.000000 0.678071 0.000000 0.734996 1.000000 1.000000 1.000000
5277.982422 0.000000 10715.553711 0.000000 0.327682 0.000000 0.944788 1.000000 1.000000 1.000000
5262.713867 0.000000 10709.209961 0.000000 0.489263 0.000000 0.872137 1.000000 1.000000 1.000000
5278.791992 0.000000 10705.942383 0.000000 0.308197 0.000000 0.951322 1.000000 1.000000 1.000000
5278.770508 0.000000 10704.027344 0.000000 0.201050 0.000000 0.979581 1.000000 1.000000 1.000000
5269.168457 0.000000 10716.243164 0.000000 0.781374 0.000000 0.624063 1.000000 1.000000 1.000000
9273.508789 0.000000 6277.254883 0.000000 0.685892 0.000000 0.727703 1.000000 1.000000 1.000000
9275.483398 0.000000 6277.207031 0.000000 0.600603 0.000000 0.799547 1.000000 1.000000 1.000000
9330.646484 0.000000 6276.583984 0.000000 0.371090 0.000000 0.928597 1.000000 1.000000 1.000000
9334.811523 0.000000 6270.547852 0.000000 0.673194 0.000000 0.739466 1.000000 1.000000 1.000000
9337.508789 0.000000 6272.057129 0.000000 0.675035 0.000000 0.737785 1.000000 1.000000 1.000000
9329.762695 0.000000 6274.406250 0.000000 0.668889 0.000000 0.743362 1.000000 1.000000 1.000000
9299.571289 0.000000 6271.795898 0.000000 0.478911 0.000000 0.877863 1.000000 1.000000 1.000000
9298.054688 0.000000 6270.279785 0.000000 0.242206 0.000000 0.970225 1.000000 1.000000 1.000000
9337.725586 0.000000 6273.746582 0.000000 0.172452 0.000000 0.985018 1.000000 1.000000 1.000000
9350.377930 0.000000 6273.606934 0.000000 0.609890 0.000000 0.792486 1.000000 1.000000 1.000000
9298.850586 0.000000 6272.994629 0.000000 0.427665 0.000000 0.903937 1.000000 1.000000 1.000000
9350.925781 0.000000 6275.599609 0.000000 0.812483 0.000000 0.582985 1.000000 1.000000 1.000000
9328.466797 0.000000 6274.347656 0.000000 0.656870 0.000000 0.754004 1.000000 1.000000 1.000000
9331.163086 0.000000 6277.711426 0.000000 0.131997 0.000000 0.991250 1.000000 1.000000 1.000000
9299.301758 0.000000 6270.647949 0.000000 0.227029 0.000000 0.973888 1.000000 1.000000 1.000000
9298.269531 0.000000 6271.430176 0.000000 0.540427 0.000000 0.841391 1.000000 1.000000 1.000000
9234.942383 0.000000 6359.136719 0.000000 0.372791 0.000000 0.927915 1.000000 1.000000 1.000000
9247.166992 0.000000 6358.695312 0.000000 0.463394 0.000000 0.886152 1.000000 1.000000 1.000000
9254.624023 0.000000 6373.852051 0.000000 0.861225 0.000000 0.508224 1.000000 1.000000 1.000000
9252.908203 0.000000 6369.901855 0.000000 0.519108 0.000000 0.854709 1.000000 1.000000 1.000000
9275.447266 0.000000 6284.239258 0.000000 0.216395 0.000000 0.976306 1.000000 1.000000 1.000000
9277.408203 0.000000 6284.012695 0.000000 0.550213 0.000000 0.835024 1.000000 1.000000 1.000000
9251.106445 0.000000 6370.718262 0.000000 0.237077 0.000000 0.971491 1.000000 1.000000 1.000000
9220.208984 0.000000 6363.654297 0.000000 0.727062 0.000000 0.686571 1.000000 1.000000 1.000000
9248.822266 0.000000 6359.947754 0.000000 0.363518 0.000000 0.931587 1.000000 1.000000 1.000000
9235.486328 0.000000 6357.461426 0.000000 0.490002 0.000000 0.871722 1.000000 1.000000 1.000000
9224.282227 0.000000 6357.540039 0.000000 0.036240 0.000000 0.999343 1.000000 1.000000 1.000000
9250.159180 0.000000 6363.466797 0.000000 0.355789 0.000000 0.934566 1.000000 1.000000 1.000000
9233.242188 0.000000 6366.761719 0.000000 0.107922 0.000000 0.994159 1.000000 1.000000 1.000000
9250.659180 0.000000 6369.690430 0.000000 0.372098 0.000000 0.928194 1.000000 1.000000 1.000000
9233.763672 0.000000 6367.635742 0.000000 0.630279 0.000000 0.776369 1.000000 1.000000 1.000000
9274.451172 0.000000 6284.112793 0.000000 0.319756 0.000000 0.947500 1.000000 1.000000 1.000000
9322.026367 0.000000 6291.960449 0.000000 0.106162 0.000000 0.994349 1.000000 1.000000 1.000000
9356.204102 0.000000 6334.693848 0.000000 0.789734 0.000000 0.613449 1.000000 1.000000 1.000000
9367.297852 0.000000 6319.690430 0.000000 0.175616 0.000000 0.984459 1.000000 1.000000 1.000000
9295.654297 0.000000 6371.118652 0.000000 0.244152 0.000000 0.969737 1.000000 1.000000 1.000000
9304.455078 0.000000 6371.773926 0.000000 0.629503 0.000000 0.776998 1.000000 1.000000 1.000000
9349.207031 0.000000 6321.265625 0.000000 0.852859 0.000000 0.522141 1.000000 1.000000 1.000000
9291.954102 0.000000 6318.780273 0.000000 0.248329 0.000000 0.968676 1.000000 1.000000 1.000000
9313.708008 0.000000 6330.307617 0.000000 0.755228 0.000000 0.655462 1.000000 1.000000 1.000000
9307.899414 0.000000 6367.896484 0.000000 0.255598 0.000000 0.966783 1.000000 1.000000 1.000000
9344.123047 0.000000 6332.127930 0.000000 0.250429 0.000000 0.968135 1.000000 1.000000 1.000000
9354.415039 0.000000 6318.658203 0.000000 0.220210 0.000000 0.975453 1.000000 1.000000 1.000000
9346.708984 0.000000 6331.074707 0.000000 0.149794 0.000000 0.988717 1.000000 1.000000 1.000000
9304.842773 0.000000 6322.359375 0.000000 0.821944 0.000000 0.569569 1.000000 1.000000 1.000000
9323.217773 0.000000 6312.009766 0.000000 0.495152 0.000000 0.868806 1.000000 1.000000 1.000000
9287.184570 0.000000 6318.782715 0.000000 0.807924 0.000000 0.589286 1.000000 1.000000 1.000000
9335.583984 0.000000 6336.260254 0.000000 0.546294 0.000000 0.837594 1.000000 1.000000 1.000000
9317.741211 0.000000 6288.906250 0.000000 0.492932 0.000000 0.870068 1.000000 1.000000 1.000000
9368.310547 0.000000 6308.898438 0.000000 0.710234 0.000000 0.703965 1.000000 1.000000 1.000000
9338.314453 0.000000 6308.707031 0.000000 0.106613 0.000000 0.994301 1.000000 1.000000 1.000000
9330.619141 0.000000 6298.278320 0.000000 0.614466 0.000000 0.788943 1.000000 1.000000 1.000000
9312.788086 0.000000 6365.737305 0.000000 0.030104 0.000000 0.999547 1.000000 1.000000 1.000000
9362.828125 0.000000 6336.624023 0.000000 0.425907 0.000000 0.904767 1.000000 1.000000 1.000000
9316.377930 0.000000 6363.679199 0.000000 0.834485 0.000000 0.551030 1.000000 1.000000 1.000000
9316.790039 0.000000 6360.812012 0.000000 0.245243 0.000000 0.969462 1.000000 1.000000 1.000000
9306.365234 0.000000 6323.670410 0.000000 0.063312 0.000000 0.997994 1.000000 1.000000 1.000000
9325.997070 0.000000 6331.433594 0.000000 0.845322 0.000000 0.534257 1.000000 1.000000 1.000000
9334.415039 0.000000 6321.191406 0.000000 0.578011 0.000000 0.816029 1.000000 1.000000 1.000000
9298.594727 0.000000 6374.351562 0.000000 0.634083 0.000000 0.773265 1.000000 1.000000 1.000000
9328.025391 0.000000 6316.345703 0.000000 0.643298 0.000000 0.765616 1.000000 1.000000 1.000000
9323.915039 0.000000 6310.407715 0.000000 0.835528 0.000000 0.549448 1.000000 1.000000 1.000000
9305.886719 0.000000 6320.235840 0.000000 0.766629 0.000000 0.642091 1.000000 1.000000 1.000000
9368.553711 0.000000 6316.256348 0.000000 0.526807 0.000000 0.849985 1.000000 1.000000 1.000000
9357.425781 0.000000 6331.362793 0.000000 0.072300 0.000000 0.997383 1.000000 1.000000 1.000000
9307.919922 0.000000 6369.567871 0.000000 0.670239 0.000000 0.742145 1.000000 1.000000 1.000000
9316.144531 0.000000 6289.535156 0.000000 0.841024 0.000000 0.540998 1.000000 1.000000 1.000000
9308.162109 0.000000 6312.890137 0.000000 0.816118 0.000000 0.577885 1.000000 1.000000 1.000000
9296.905273 0.000000 6370.160645 0.000000 0.667028 0.000000 0.745033 1.000000 1.000000 1.000000
9317.183594 0.000000 6364.895508 0.000000 0.065275 0.000000 0.997867 1.000000 1.000000 1.000000
9332.751953 0.000000 6298.685547 0.000000 0.595532 0.000000 0.803331 1.000000 1.000000 1.000000
9348.000000 0.000000 6330.511230 0.000000 0.506360 0.000000 0.862322 1.000000 1.000000 1.000000
9325.066406 0.000000 6330.378418 0.000000 0.494018 0.000000 0.869451 1.000000 1.000000 1.000000
9319.376953 0.000000 6293.759277 0.000000 0.424762 0.000000 0.905305 1.000000 1.000000 1.000000
9305.015625 0.000000 6321.150391 0.000000 0.389057 0.000000 0.921214 1.000000 1.000000 1.000000
9341.715820 0.000000 6335.214355 0.000000 0.851283 0.000000 0.524707 1.000000 1.000000 1.000000
9367.708008 0.000000 6312.161133 0.000000 0.840994 0.000000 0.541044 1.000000 1.000000 1.000000
9329.423828 0.000000 6336.978516 0.000000 0.241673 0.000000 0.970358 1.000000 1.000000 1.000000
9379.363281 0.000000 6294.110352 0.000000 0.235066 0.000000 0.971979 1.000000 1.000000 1.000000
9383.560547 0.000000 6290.756348 0.000000 0.298746 0.000000 0.954333 1.000000 1.000000 1.000000
9381.562500 0.000000 6291.532227 0.000000 0.292470 0.000000 0.956275 1.000000 1.000000 1.000000
9389.333008 0.000000 6315.571289 0.000000 0.744654 0.000000 0.667451 1.000000 1.000000 1.000000
9236.054688 0.000000 6434.346191 0.000000 0.609104 0.000000 0.793091 1.000000 1.000000 1.000000
9224.240234 0.000000 6374.667969 0.000000 0.728973 0.000000 0.684542 1.000000 1.000000 1.000000
9239.574219 0.000000 6433.000977 0.000000 0.573196 0.000000 0.819419 1.000000 1.000000 1.000000
9314.130859 0.000000 6420.521484 0.000000 0.431296 0.000000 0.902211 1.000000 1.000000 1.000000
9325.472656 0.000000 6426.933594 0.000000 0.410962 0.000000 0.911652 1.000000 1.000000 1.000000
9308.845703 0.000000 6441.181641 0.000000 0.348632 0.000000 0.937260 1.000000 1.000000 1.000000
9320.037109 0.000000 6388.643066 0.000000 0.749722 0.000000 0.661752 1.000000 1.000000 1.000000
9310.513672 0.000000 6421.020996 0.000000 0.764709 0.000000 0.644376 1.000000 1.000000 1.000000
9318.177734 0.000000 6466.231934 0.000000 0.011609 0.000000 0.999933 1.000000 1.000000 1.000000
9315.037109 0.000000 6455.772461 0.000000 0.441198 0.000000 0.897410 1.000000 1.000000 1.000000
9300.112305 0.000000 6375.510742 0.000000 0.611640 0.000000 0.791136 1.000000 1.000000 1.000000
9315.001953 0.000000 6468.209961 0.000000 0.710095 0.000000 0.704106 1.000000 1.000000 1.000000
9295.728516 0.000000 6432.658203 0.000000 0.067810 0.000000 0.997698 1.000000 1.000000 1.000000
9332.761719 0.000000 6443.525391 0.000000 0.755597 0.000000 0.655036 1.000000 1.000000 1.000000
9320.431641 0.000000 6428.533203 0.000000 0.730636 0.000000 0.682767 1.000000 1.000000 1.000000
9329.431641 0.000000 6437.029785 0.000000 0.843863 0.000000 0.536559 1.000000 1.000000 1.000000
9311.602539 0.000000 6423.049805 0.000000 0.397606 0.000000 0.917556 1.000000 1.000000 1.000000
9318.040039 0.000000 6387.637695 0.000000 0.377511 0.000000 0.926005 1.000000 1.000000 1.000000
9318.615234 0.000000 6393.470215 0.000000 0.536293 0.000000 0.844032 1.000000 1.000000 1.000000
9304.438477 0.000000 6388.201660 0.000000 0.327080 0.000000 0.944997 1.000000 1.000000 1.000000
9297.563477 0.000000 6415.387695 0.000000 0.502294 0.000000 0.864697 1.000000 1.000000 1.000000
9310.219727 0.000000 6419.006836 0.000000 0.658183 0.000000 0.752858 1.000000 1.000000 1.000000
9332.645508 0.000000 6450.639160 0.000000 0.416964 0.000000 0.908923 1.000000 1.000000 1.000000
9310.183594 0.000000 6389.341797 0.000000 0.114491 0.000000 0.993424 1.000000 1.000000 1.000000
9318.367188 0.000000 6389.382324 0.000000 0.219361 0.000000 0.975644 1.000000 1.000000 1.000000
9290.598633 0.000000 6375.737793 0.000000 0.381470 0.000000 0.924381 1.000000 1.000000 1.000000
9310.937500 0.000000 6390.718262 0.000000 0.687431 0.000000 0.726250 1.000000 1.000000 1.000000
9319.810547 0.000000 6429.771484 0.000000 0.256600 0.000000 0.966518 1.000000 1.000000 1.000000
9323.146484 0.000000 6432.715332 0.000000 0.848971 0.000000 0.528440 1.000000 1.000000 1.000000
9318.873047 0.000000 6428.791504 0.000000 0.693483 0.000000 0.720473 1.000000 1.000000 1.000000
9311.352539 0.000000 6389.679199 0.000000 0.080194 0.000000 0.996779 1.000000 1.000000 1.000000
9236.904297 0.000000 6557.810547 0.000000 0.673792 0.000000 0.738922 1.000000 1.000000 1.000000
9261.227539 0.000000 6561.774902 0.000000 0.330061 0.000000 0.943960 1.000000 1.000000 1.000000
9236.509766 0.000000 6560.807129 0.000000 0.111030 0.000000 0.993817 1.000000 1.000000 1.000000
9258.048828 0.000000 6558.037109 0.000000 0.663442 0.000000 0.748228 1.000000 1.000000 1.000000
9297.979492 0.000000 6486.428223 0.000000 0.495135 0.000000 0.868816 1.000000 1.000000 1.000000
9315.242188 0.000000 6471.733887 0.000000 0.236808 0.000000 0.971556 1.000000 1.000000 1.000000
9310.790039 0.000000 6472.213379 0.000000 0.814358 0.000000 0.580362 1.000000 1.000000 1.000000
9322.463867 0.000000 6473.173828 0.000000 0.046024 0.000000 0.998940 1.000000 1.000000 1.000000
9296.298828 0.000000 6488.580566 0.000000 0.470028 0.000000 0.882652 1.000000 1.000000 1.000000
9317.889648 0.000000 6471.625977 0.000000 0.002933 0.000000 0.999996 1.000000 1.000000 1.000000
9299.068359 0.000000 6474.542969 0.000000 0.430067 0.000000 0.902797 1.000000 1.000000 1.000000
9298.133789 0.000000 6479.142090 0.000000 0.801634 0.000000 0.597815 1.000000 1.000000 1.000000
9312.708984 0.000000 6472.796875 0.000000 0.079964 0.000000 0.996798 1.000000 1.000000 1.000000
9311.655273 0.000000 6472.866211 0.000000 0.070688 0.000000 0.997499 1.000000 1.000000 1.000000
9141.438477 0.000000 6574.426758 0.000000 0.448274 0.000000 0.893896 1.000000 1.000000 1.000000
9145.684570 0.000000 6574.150879 0.000000 0.158628 0.000000 0.987338 1.000000 1.000000 1.000000
9211.728516 0.000000 6587.475098 0.000000 0.386715 0.000000 0.922199 1.000000 1.000000 1.000000
9259.623047 0.000000 6581.708984 0.000000 0.151804 0.000000 0.988411 1.000000 1.000000 1.000000
9254.318359 0.000000 6606.327637 0.000000 0.512356 0.000000 0.858773 1.000000 1.000000 1.000000
9220.022461 0.000000 6582.936523 0.000000 0.366926 0.000000 0.930250 1.000000 1.000000 1.000000
9234.862305 0.000000 6569.232422 0.000000 0.624667 0.000000 0.780891 1.000000 1.000000 1.000000
9269.768555 0.000000 6575.227539 0.000000 0.486749 0.000000 0.873542 1.000000 1.000000 1.000000
9210.818359 0.000000 6591.720703 0.000000 0.688317 0.000000 0.725410 1.000000 1.000000 1.000000
9228.070312 0.000000 6604.932129 0.000000 0.781234 0.000000 0.624238 1.000000 1.000000 1.000000
9238.100586 0.000000 6570.922363 0.000000 0.583827 0.000000 0.811878 1.000000 1.000000 1.000000
9257.771484 0.000000 6606.964355 0.000000 0.048812 0.000000 0.998808 1.000000 1.000000 1.000000
9239.770508 0.000000 6593.319824 0.000000 0.633258 0.000000 0.773941 1.000000 1.000000 1.000000
9221.925781 0.000000 6585.749023 0.000000 0.763538 0.000000 0.645763 1.000000 1.000000 1.000000
9259.210938 0.000000 6578.722168 0.000000 0.442542 0.000000 0.896748 1.000000 1.000000 1.000000
9229.730469 0.000000 6607.348145 0.000000 0.748605 0.000000 0.663016 1.000000 1.000000 1.000000
9266.058594 0.000000 6582.516602 0.000000 0.764570 0.000000 0.644540 1.000000 1.000000 1.000000
9230.957031 0.000000 6562.026367 0.000000 0.139916 0.000000 0.990163 1.000000 1.000000 1.000000
9219.053711 0.000000 6585.481445 0.000000 0.630318 0.000000 0.776337 1.000000 1.000000 1.000000
9268.044922 0.000000 6577.179688 0.000000 0.222891 0.000000 0.974843 1.000000 1.000000 1.000000
9257.299805 0.000000 6580.925781 0.000000 0.705675 0.000000 0.708535 1.000000 1.000000 1.000000
9226.514648 0.000000 6606.535156 0.000000 0.337420 0.000000 0.941354 1.000000 1.000000 1.000000
9263.923828 0.000000 6565.717285 0.000000 0.307503 0.000000 0.951547 1.000000 1.000000 1.000000
9267.526367 0.000000 6583.860840 0.000000 0.583701 0.000000 0.811969 1.000000 1.000000 1.000000
9230.568359 0.000000 6618.222656 0.000000 0.292239 0.000000 0.956345 1.000000 1.000000 1.000000
9258.656250 0.000000 6580.136230 0.000000 0.231059 0.000000 0.972940 1.000000 1.000000 1.000000
9267.393555 0.000000 6582.071289 0.000000 0.810945 0.000000 0.585122 1.000000 1.000000 1.000000
9262.633789 0.000000 6565.559570 0.000000 0.299339 0.000000 0.954147 1.000000 1.000000 1.000000
9263.425781 0.000000 6564.668457 0.000000 0.772199 0.000000 0.635381 1.000000 1.000000 1.000000
9230.108398 0.000000 6619.246094 0.000000 0.202867 0.000000 0.979206 1.000000 1.000000 1.000000
"}
object={
	name="tree_pine_01_a_generator_1_1"
	render_pass=Map
	clamp_to_water_level=no
	generated_content=yes
	layer="tree_high_layer"
	pdxmesh="tree_pine_single_01_b_mesh"
	count=395
	transform="5147.537598 0.000000 10560.496094 0.000000 0.877021 0.000000 -0.480451 1.000000 1.000000 1.000000
5131.792969 0.000000 10577.380859 0.000000 0.974529 0.000000 -0.224263 1.000000 1.000000 1.000000
5145.970215 0.000000 10582.978516 0.000000 0.965008 0.000000 0.262219 1.000000 1.000000 1.000000
5130.095215 0.000000 10577.245117 0.000000 0.954890 0.000000 0.296958 1.000000 1.000000 1.000000
5226.552246 0.000000 10551.328125 0.000000 0.893946 0.000000 0.448174 1.000000 1.000000 1.000000
5171.687988 0.000000 10569.199219 0.000000 0.999054 0.000000 0.043483 1.000000 1.000000 1.000000
5163.828613 0.000000 10572.525391 0.000000 0.980177 0.000000 0.198122 1.000000 1.000000 1.000000
5160.301758 0.000000 10551.832031 0.000000 0.906664 0.000000 -0.421853 1.000000 1.000000 1.000000
5219.274414 0.000000 10564.471680 0.000000 0.994773 0.000000 -0.102110 1.000000 1.000000 1.000000
5166.446777 0.000000 10575.522461 0.000000 0.901519 0.000000 0.432739 1.000000 1.000000 1.000000
5233.270996 0.000000 10563.061523 0.000000 0.995872 0.000000 -0.090771 1.000000 1.000000 1.000000
5226.400879 0.000000 10560.807617 0.000000 0.929157 0.000000 0.369686 1.000000 1.000000 1.000000
5196.535645 0.000000 10563.967773 0.000000 0.999923 0.000000 0.012441 1.000000 1.000000 1.000000
5165.925781 0.000000 10570.422852 0.000000 0.970016 0.000000 0.243042 1.000000 1.000000 1.000000
5182.198730 0.000000 10563.668945 0.000000 0.978546 0.000000 -0.206027 1.000000 1.000000 1.000000
5190.677246 0.000000 10565.794922 0.000000 0.994770 0.000000 0.102141 1.000000 1.000000 1.000000
5233.739746 0.000000 10560.259766 0.000000 0.938278 0.000000 0.345882 1.000000 1.000000 1.000000
5235.843750 0.000000 10548.641602 0.000000 0.984169 0.000000 -0.177234 1.000000 1.000000 1.000000
5170.589844 0.000000 10571.320312 0.000000 0.993526 0.000000 -0.113603 1.000000 1.000000 1.000000
5192.395996 0.000000 10568.253906 0.000000 0.992556 0.000000 -0.121788 1.000000 1.000000 1.000000
5225.359863 0.000000 10562.913086 0.000000 0.869182 0.000000 -0.494492 1.000000 1.000000 1.000000
5194.505371 0.000000 10562.537109 0.000000 0.986614 0.000000 0.163073 1.000000 1.000000 1.000000
5224.781738 0.000000 10567.385742 0.000000 0.999234 0.000000 -0.039128 1.000000 1.000000 1.000000
5196.950684 0.000000 10561.864258 0.000000 0.919192 0.000000 0.393810 1.000000 1.000000 1.000000
5220.717285 0.000000 10562.845703 0.000000 0.994467 0.000000 0.105054 1.000000 1.000000 1.000000
5190.173828 0.000000 10563.737305 0.000000 0.869927 0.000000 -0.493181 1.000000 1.000000 1.000000
5162.236328 0.000000 10573.642578 0.000000 0.920990 0.000000 0.389587 1.000000 1.000000 1.000000
5227.033691 0.000000 10565.947266 0.000000 0.998846 0.000000 0.048022 1.000000 1.000000 1.000000
5186.834473 0.000000 10563.079102 0.000000 0.983046 0.000000 -0.183358 1.000000 1.000000 1.000000
5158.981934 0.000000 10553.095703 0.000000 0.993698 0.000000 -0.112088 1.000000 1.000000 1.000000
5188.659668 0.000000 10562.854492 0.000000 0.924685 0.000000 -0.380733 1.000000 1.000000 1.000000
5220.495117 0.000000 10565.644531 0.000000 0.999897 0.000000 -0.014352 1.000000 1.000000 1.000000
5191.829590 0.000000 10564.947266 0.000000 0.971171 0.000000 0.238385 1.000000 1.000000 1.000000
5167.490234 0.000000 10570.470703 0.000000 0.937848 0.000000 0.347047 1.000000 1.000000 1.000000
5188.634766 0.000000 10567.944336 0.000000 0.876124 0.000000 -0.482085 1.000000 1.000000 1.000000
5195.644043 0.000000 10565.135742 0.000000 0.889830 0.000000 0.456293 1.000000 1.000000 1.000000
5231.937500 0.000000 10563.311523 0.000000 0.999533 0.000000 0.030563 1.000000 1.000000 1.000000
5195.005859 0.000000 10563.770508 0.000000 0.867355 0.000000 0.497690 1.000000 1.000000 1.000000
5191.265625 0.000000 10563.975586 0.000000 0.979411 0.000000 -0.201875 1.000000 1.000000 1.000000
5190.243164 0.000000 10562.652344 0.000000 0.961988 0.000000 0.273093 1.000000 1.000000 1.000000
5104.221680 0.000000 10615.302734 0.000000 0.990624 0.000000 -0.136618 1.000000 1.000000 1.000000
5125.532227 0.000000 10658.213867 0.000000 0.989886 0.000000 -0.141867 1.000000 1.000000 1.000000
5107.622559 0.000000 10614.265625 0.000000 0.989692 0.000000 0.143209 1.000000 1.000000 1.000000
5122.050781 0.000000 10665.563477 0.000000 0.984977 0.000000 0.172688 1.000000 1.000000 1.000000
5123.545898 0.000000 10660.173828 0.000000 0.994681 0.000000 -0.103002 1.000000 1.000000 1.000000
5108.477539 0.000000 10611.729492 0.000000 0.995898 0.000000 -0.090482 1.000000 1.000000 1.000000
5125.932129 0.000000 10660.764648 0.000000 0.986419 0.000000 0.164251 1.000000 1.000000 1.000000
5135.897949 0.000000 10599.565430 0.000000 0.962171 0.000000 0.272445 1.000000 1.000000 1.000000
5122.802734 0.000000 10663.606445 0.000000 0.986311 0.000000 -0.164894 1.000000 1.000000 1.000000
5116.255859 0.000000 10605.245117 0.000000 0.934295 0.000000 -0.356500 1.000000 1.000000 1.000000
5190.496094 0.000000 10666.730469 0.000000 0.939601 0.000000 0.342272 1.000000 1.000000 1.000000
5225.472656 0.000000 10594.964844 0.000000 0.887755 0.000000 -0.460317 1.000000 1.000000 1.000000
5177.855469 0.000000 10652.578125 0.000000 0.987427 0.000000 -0.158075 1.000000 1.000000 1.000000
5179.633789 0.000000 10603.789062 0.000000 0.882091 0.000000 -0.471078 1.000000 1.000000 1.000000
5243.188477 0.000000 10670.556641 0.000000 0.997673 0.000000 -0.068177 1.000000 1.000000 1.000000
5169.414062 0.000000 10602.655273 0.000000 0.950228 0.000000 0.311556 1.000000 1.000000 1.000000
5248.000000 0.000000 10671.860352 0.000000 0.998022 0.000000 0.062860 1.000000 1.000000 1.000000
5227.199707 0.000000 10598.735352 0.000000 0.960415 0.000000 -0.278574 1.000000 1.000000 1.000000
5180.993652 0.000000 10650.314453 0.000000 0.998273 0.000000 0.058738 1.000000 1.000000 1.000000
5158.597656 0.000000 10670.952148 0.000000 0.956672 0.000000 -0.291167 1.000000 1.000000 1.000000
5179.187988 0.000000 10667.963867 0.000000 0.925397 0.000000 0.378998 1.000000 1.000000 1.000000
5163.919922 0.000000 10612.831055 0.000000 0.877312 0.000000 0.479920 1.000000 1.000000 1.000000
5159.508789 0.000000 10659.468750 0.000000 0.952267 0.000000 -0.305266 1.000000 1.000000 1.000000
5224.236328 0.000000 10597.791016 0.000000 0.963849 0.000000 -0.266450 1.000000 1.000000 1.000000
5161.545898 0.000000 10655.854492 0.000000 0.870995 0.000000 0.491292 1.000000 1.000000 1.000000
5179.461426 0.000000 10662.116211 0.000000 0.900372 0.000000 0.435121 1.000000 1.000000 1.000000
5240.153809 0.000000 10598.517578 0.000000 0.993252 0.000000 -0.115972 1.000000 1.000000 1.000000
5248.843750 0.000000 10600.171875 0.000000 0.961576 0.000000 0.274538 1.000000 1.000000 1.000000
5178.655273 0.000000 10649.185547 0.000000 0.916152 0.000000 0.400830 1.000000 1.000000 1.000000
5161.890625 0.000000 10680.112305 0.000000 0.941883 0.000000 -0.335942 1.000000 1.000000 1.000000
5203.674316 0.000000 10668.005859 0.000000 0.870667 0.000000 -0.491872 1.000000 1.000000 1.000000
5206.785156 0.000000 10671.134766 0.000000 0.976360 0.000000 0.216150 1.000000 1.000000 1.000000
5156.138672 0.000000 10684.854492 0.000000 0.946741 0.000000 0.321996 1.000000 1.000000 1.000000
5208.077637 0.000000 10667.085938 0.000000 0.998530 0.000000 0.054201 1.000000 1.000000 1.000000
5227.570312 0.000000 10601.010742 0.000000 0.991722 0.000000 0.128407 1.000000 1.000000 1.000000
5189.733398 0.000000 10598.442383 0.000000 0.890366 0.000000 0.455245 1.000000 1.000000 1.000000
5206.079102 0.000000 10666.318359 0.000000 0.992015 0.000000 0.126122 1.000000 1.000000 1.000000
5247.465332 0.000000 10605.944336 0.000000 0.866695 0.000000 -0.498839 1.000000 1.000000 1.000000
5226.665039 0.000000 10596.729492 0.000000 0.871792 0.000000 -0.489876 1.000000 1.000000 1.000000
5192.536133 0.000000 10666.679688 0.000000 0.999284 0.000000 -0.037837 1.000000 1.000000 1.000000
5177.287109 0.000000 10667.345703 0.000000 0.951290 0.000000 0.308296 1.000000 1.000000 1.000000
5169.541016 0.000000 10657.727539 0.000000 0.983861 0.000000 -0.178935 1.000000 1.000000 1.000000
5236.504395 0.000000 10601.134766 0.000000 0.968970 0.000000 0.247180 1.000000 1.000000 1.000000
5235.197266 0.000000 10595.417969 0.000000 0.903033 0.000000 0.429571 1.000000 1.000000 1.000000
5157.548828 0.000000 10683.409180 0.000000 0.998564 0.000000 0.053574 1.000000 1.000000 1.000000
5180.375977 0.000000 10648.458008 0.000000 0.972217 0.000000 0.234082 1.000000 1.000000 1.000000
5164.974609 0.000000 10614.296875 0.000000 0.906712 0.000000 0.421750 1.000000 1.000000 1.000000
5239.673828 0.000000 10600.536133 0.000000 0.971393 0.000000 0.237476 1.000000 1.000000 1.000000
5246.515137 0.000000 10670.940430 0.000000 0.922244 0.000000 -0.386607 1.000000 1.000000 1.000000
5159.172363 0.000000 10674.857422 0.000000 0.995871 0.000000 -0.090775 1.000000 1.000000 1.000000
5246.989258 0.000000 10603.365234 0.000000 0.997057 0.000000 0.076665 1.000000 1.000000 1.000000
5220.208008 0.000000 10597.832031 0.000000 0.922753 0.000000 0.385393 1.000000 1.000000 1.000000
5169.996582 0.000000 10604.128906 0.000000 0.998919 0.000000 0.046481 1.000000 1.000000 1.000000
5243.117676 0.000000 10600.639648 0.000000 0.999165 0.000000 0.040857 1.000000 1.000000 1.000000
5177.364258 0.000000 10650.026367 0.000000 0.925810 0.000000 0.377990 1.000000 1.000000 1.000000
5238.571289 0.000000 10598.089844 0.000000 0.985906 0.000000 -0.167301 1.000000 1.000000 1.000000
5160.087891 0.000000 10656.597656 0.000000 0.975920 0.000000 -0.218131 1.000000 1.000000 1.000000
5178.112305 0.000000 10662.762695 0.000000 0.906719 0.000000 -0.421736 1.000000 1.000000 1.000000
5181.737305 0.000000 10651.667969 0.000000 0.954668 0.000000 0.297674 1.000000 1.000000 1.000000
5248.290039 0.000000 10601.526367 0.000000 0.999371 0.000000 0.035469 1.000000 1.000000 1.000000
5165.358398 0.000000 10612.881836 0.000000 0.936254 0.000000 -0.351324 1.000000 1.000000 1.000000
5156.994629 0.000000 10686.075195 0.000000 0.894725 0.000000 -0.446617 1.000000 1.000000 1.000000
5163.012207 0.000000 10618.465820 0.000000 0.986525 0.000000 -0.163612 1.000000 1.000000 1.000000
5244.758789 0.000000 10670.858398 0.000000 0.898325 0.000000 0.439332 1.000000 1.000000 1.000000
5179.899902 0.000000 10652.266602 0.000000 0.982242 0.000000 0.187620 1.000000 1.000000 1.000000
5179.710449 0.000000 10649.939453 0.000000 0.976141 0.000000 0.217139 1.000000 1.000000 1.000000
5225.383789 0.000000 10596.813477 0.000000 0.997179 0.000000 0.075063 1.000000 1.000000 1.000000
5242.474609 0.000000 10599.748047 0.000000 0.970156 0.000000 -0.242483 1.000000 1.000000 1.000000
5149.232910 0.000000 10703.607422 0.000000 0.946309 0.000000 0.323265 1.000000 1.000000 1.000000
5154.761230 0.000000 10689.758789 0.000000 0.918423 0.000000 -0.395600 1.000000 1.000000 1.000000
5154.495605 0.000000 10691.592773 0.000000 0.940441 0.000000 -0.339957 1.000000 1.000000 1.000000
5146.362793 0.000000 10698.699219 0.000000 0.933950 0.000000 0.357405 1.000000 1.000000 1.000000
5218.647461 0.000000 10717.722656 0.000000 0.887631 0.000000 -0.460556 1.000000 1.000000 1.000000
5156.947754 0.000000 10686.698242 0.000000 0.980761 0.000000 -0.195214 1.000000 1.000000 1.000000
5187.726562 0.000000 10703.221680 0.000000 0.868792 0.000000 0.495177 1.000000 1.000000 1.000000
5210.579590 0.000000 10706.548828 0.000000 0.997864 0.000000 -0.065319 1.000000 1.000000 1.000000
5234.817871 0.000000 10700.782227 0.000000 0.888302 0.000000 0.459260 1.000000 1.000000 1.000000
5184.462891 0.000000 10703.088867 0.000000 0.981181 0.000000 0.193091 1.000000 1.000000 1.000000
5163.584473 0.000000 10695.794922 0.000000 0.999959 0.000000 0.009052 1.000000 1.000000 1.000000
5248.287109 0.000000 10707.018555 0.000000 0.999978 0.000000 -0.006626 1.000000 1.000000 1.000000
5177.505859 0.000000 10721.363281 0.000000 0.989856 0.000000 -0.142075 1.000000 1.000000 1.000000
5158.771484 0.000000 10689.002930 0.000000 0.893519 0.000000 -0.449025 1.000000 1.000000 1.000000
5207.397461 0.000000 10705.879883 0.000000 0.968392 0.000000 -0.249433 1.000000 1.000000 1.000000
5174.717285 0.000000 10702.477539 0.000000 0.963564 0.000000 0.267477 1.000000 1.000000 1.000000
5174.173828 0.000000 10720.949219 0.000000 0.956072 0.000000 -0.293133 1.000000 1.000000 1.000000
5193.606445 0.000000 10703.405273 0.000000 0.967851 0.000000 0.251524 1.000000 1.000000 1.000000
5156.147949 0.000000 10688.947266 0.000000 0.931215 0.000000 0.364470 1.000000 1.000000 1.000000
5226.385254 0.000000 10705.582031 0.000000 0.897860 0.000000 0.440282 1.000000 1.000000 1.000000
5193.958496 0.000000 10705.611328 0.000000 0.940090 0.000000 -0.340927 1.000000 1.000000 1.000000
5214.687988 0.000000 10706.832031 0.000000 0.994616 0.000000 0.103627 1.000000 1.000000 1.000000
5179.475098 0.000000 10702.999023 0.000000 0.950359 0.000000 -0.311156 1.000000 1.000000 1.000000
5226.376953 0.000000 10703.609375 0.000000 0.870558 0.000000 0.492065 1.000000 1.000000 1.000000
5165.165527 0.000000 10700.308594 0.000000 0.999999 0.000000 -0.001395 1.000000 1.000000 1.000000
5163.612305 0.000000 10698.911133 0.000000 0.999854 0.000000 0.017106 1.000000 1.000000 1.000000
5160.965332 0.000000 10699.993164 0.000000 0.912009 0.000000 0.410170 1.000000 1.000000 1.000000
5158.824219 0.000000 10695.730469 0.000000 0.915550 0.000000 0.402203 1.000000 1.000000 1.000000
5160.704590 0.000000 10696.928711 0.000000 0.992427 0.000000 -0.122836 1.000000 1.000000 1.000000
5220.985840 0.000000 10707.293945 0.000000 0.979000 0.000000 -0.203862 1.000000 1.000000 1.000000
5161.992676 0.000000 10695.803711 0.000000 0.867471 0.000000 -0.497488 1.000000 1.000000 1.000000
5158.435547 0.000000 10699.066406 0.000000 0.899769 0.000000 0.436366 1.000000 1.000000 1.000000
5242.406250 0.000000 10705.185547 0.000000 0.904104 0.000000 -0.427313 1.000000 1.000000 1.000000
5221.191895 0.000000 10709.813477 0.000000 0.997894 0.000000 0.064862 1.000000 1.000000 1.000000
5179.500000 0.000000 10721.621094 0.000000 0.999347 0.000000 -0.036132 1.000000 1.000000 1.000000
5219.068848 0.000000 10709.584961 0.000000 0.902508 0.000000 -0.430672 1.000000 1.000000 1.000000
5221.530762 0.000000 10708.525391 0.000000 0.962109 0.000000 0.272667 1.000000 1.000000 1.000000
5164.366211 0.000000 10697.609375 0.000000 0.989944 0.000000 0.141462 1.000000 1.000000 1.000000
5216.774902 0.000000 10708.366211 0.000000 0.995820 0.000000 -0.091334 1.000000 1.000000 1.000000
5221.490234 0.000000 10706.045898 0.000000 0.996536 0.000000 0.083159 1.000000 1.000000 1.000000
5213.558105 0.000000 10707.446289 0.000000 0.937450 0.000000 0.348121 1.000000 1.000000 1.000000
5219.273438 0.000000 10708.100586 0.000000 0.927895 0.000000 0.372840 1.000000 1.000000 1.000000
5212.418945 0.000000 10709.099609 0.000000 0.916660 0.000000 0.399667 1.000000 1.000000 1.000000
5175.971191 0.000000 10703.513672 0.000000 0.985038 0.000000 0.172335 1.000000 1.000000 1.000000
5158.072266 0.000000 10696.883789 0.000000 0.998866 0.000000 0.047615 1.000000 1.000000 1.000000
5163.282227 0.000000 10694.708984 0.000000 0.935351 0.000000 -0.353722 1.000000 1.000000 1.000000
5230.999512 0.000000 10702.581055 0.000000 0.964134 0.000000 -0.265415 1.000000 1.000000 1.000000
5160.826660 0.000000 10697.974609 0.000000 0.917877 0.000000 0.396866 1.000000 1.000000 1.000000
5276.049316 0.000000 10575.960938 0.000000 0.998025 0.000000 -0.062816 1.000000 1.000000 1.000000
5255.075684 0.000000 10568.722656 0.000000 0.996290 0.000000 -0.086056 1.000000 1.000000 1.000000
5274.089844 0.000000 10570.922852 0.000000 0.929695 0.000000 0.368331 1.000000 1.000000 1.000000
5298.879395 0.000000 10584.223633 0.000000 0.989554 0.000000 -0.144164 1.000000 1.000000 1.000000
5305.228516 0.000000 10586.936523 0.000000 0.901216 0.000000 0.433370 1.000000 1.000000 1.000000
5279.790527 0.000000 10574.020508 0.000000 0.997426 0.000000 0.071707 1.000000 1.000000 1.000000
5301.933105 0.000000 10586.023438 0.000000 0.973783 0.000000 -0.227478 1.000000 1.000000 1.000000
5276.686523 0.000000 10572.744141 0.000000 0.891538 0.000000 0.452946 1.000000 1.000000 1.000000
5307.948730 0.000000 10587.169922 0.000000 0.944387 0.000000 0.328837 1.000000 1.000000 1.000000
5301.157715 0.000000 10565.757812 0.000000 0.999905 0.000000 0.013809 1.000000 1.000000 1.000000
5293.359375 0.000000 10580.356445 0.000000 0.980057 0.000000 -0.198715 1.000000 1.000000 1.000000
5310.593262 0.000000 10589.136719 0.000000 0.913258 0.000000 -0.407381 1.000000 1.000000 1.000000
5277.946289 0.000000 10575.060547 0.000000 0.911791 0.000000 -0.410655 1.000000 1.000000 1.000000
5271.029297 0.000000 10573.603516 0.000000 0.999283 0.000000 -0.037853 1.000000 1.000000 1.000000
5262.058594 0.000000 10566.972656 0.000000 0.872590 0.000000 -0.488453 1.000000 1.000000 1.000000
5269.878418 0.000000 10569.996094 0.000000 0.986382 0.000000 0.164471 1.000000 1.000000 1.000000
5299.511719 0.000000 10582.619141 0.000000 0.898556 0.000000 0.438859 1.000000 1.000000 1.000000
5271.854492 0.000000 10569.020508 0.000000 0.964025 0.000000 -0.265812 1.000000 1.000000 1.000000
5270.797363 0.000000 10569.396484 0.000000 0.993477 0.000000 0.114033 1.000000 1.000000 1.000000
5280.075195 0.000000 10575.036133 0.000000 0.901741 0.000000 0.432277 1.000000 1.000000 1.000000
5319.214844 0.000000 10594.964844 0.000000 0.999791 0.000000 -0.020457 1.000000 1.000000 1.000000
5284.097656 0.000000 10677.452148 0.000000 0.978975 0.000000 0.203979 1.000000 1.000000 1.000000
5327.958984 0.000000 10600.502930 0.000000 0.875239 0.000000 0.483690 1.000000 1.000000 1.000000
5278.884277 0.000000 10670.969727 0.000000 0.960770 0.000000 0.277347 1.000000 1.000000 1.000000
5260.491699 0.000000 10602.225586 0.000000 0.978937 0.000000 0.204163 1.000000 1.000000 1.000000
5254.536621 0.000000 10672.838867 0.000000 0.938891 0.000000 0.344215 1.000000 1.000000 1.000000
5275.421387 0.000000 10675.039062 0.000000 0.871931 0.000000 -0.489629 1.000000 1.000000 1.000000
5267.770020 0.000000 10673.958984 0.000000 0.970568 0.000000 -0.240826 1.000000 1.000000 1.000000
5323.024414 0.000000 10597.619141 0.000000 0.957645 0.000000 -0.287952 1.000000 1.000000 1.000000
5257.098633 0.000000 10596.130859 0.000000 0.977110 0.000000 -0.212733 1.000000 1.000000 1.000000
5319.088379 0.000000 10629.318359 0.000000 0.902329 0.000000 -0.431048 1.000000 1.000000 1.000000
5250.351074 0.000000 10600.386719 0.000000 0.999410 0.000000 -0.034338 1.000000 1.000000 1.000000
5346.691895 0.000000 10606.734375 0.000000 0.926581 0.000000 -0.376095 1.000000 1.000000 1.000000
5346.113281 0.000000 10622.965820 0.000000 0.938108 0.000000 0.346343 1.000000 1.000000 1.000000
5351.896973 0.000000 10641.871094 0.000000 0.975124 0.000000 -0.221661 1.000000 1.000000 1.000000
5355.295898 0.000000 10645.793945 0.000000 0.994590 0.000000 -0.103880 1.000000 1.000000 1.000000
5347.989746 0.000000 10640.302734 0.000000 0.938276 0.000000 -0.345888 1.000000 1.000000 1.000000
5356.907715 0.000000 10653.922852 0.000000 0.937634 0.000000 0.347624 1.000000 1.000000 1.000000
5353.410156 0.000000 10664.165039 0.000000 0.918910 0.000000 0.394468 1.000000 1.000000 1.000000
5346.813965 0.000000 10642.508789 0.000000 0.992049 0.000000 0.125856 1.000000 1.000000 1.000000
5348.628906 0.000000 10628.924805 0.000000 0.989696 0.000000 0.143186 1.000000 1.000000 1.000000
5353.045898 0.000000 10646.355469 0.000000 0.905104 0.000000 -0.425191 1.000000 1.000000 1.000000
5356.963867 0.000000 10652.041016 0.000000 0.953818 0.000000 0.300385 1.000000 1.000000 1.000000
5352.750977 0.000000 10665.688477 0.000000 0.970293 0.000000 0.241932 1.000000 1.000000 1.000000
5353.998535 0.000000 10645.266602 0.000000 0.963390 0.000000 -0.268104 1.000000 1.000000 1.000000
5354.351074 0.000000 10646.842773 0.000000 0.998743 0.000000 -0.050121 1.000000 1.000000 1.000000
5348.684082 0.000000 10610.969727 0.000000 0.954186 0.000000 -0.299215 1.000000 1.000000 1.000000
5286.202148 0.000000 10719.331055 0.000000 0.953396 0.000000 -0.301722 1.000000 1.000000 1.000000
5276.727539 0.000000 10706.217773 0.000000 0.999353 0.000000 -0.035976 1.000000 1.000000 1.000000
5257.662109 0.000000 10706.573242 0.000000 0.953677 0.000000 0.300834 1.000000 1.000000 1.000000
5279.877441 0.000000 10706.352539 0.000000 0.976043 0.000000 0.217578 1.000000 1.000000 1.000000
5280.567871 0.000000 10714.813477 0.000000 0.998911 0.000000 0.046655 1.000000 1.000000 1.000000
5271.164062 0.000000 10714.912109 0.000000 0.946370 0.000000 -0.323084 1.000000 1.000000 1.000000
5263.915039 0.000000 10709.099609 0.000000 0.936187 0.000000 -0.351502 1.000000 1.000000 1.000000
5265.384277 0.000000 10706.979492 0.000000 0.993522 0.000000 -0.113643 1.000000 1.000000 1.000000
5260.400879 0.000000 10707.377930 0.000000 0.911421 0.000000 -0.411476 1.000000 1.000000 1.000000
5275.237305 0.000000 10714.405273 0.000000 0.869207 0.000000 0.494448 1.000000 1.000000 1.000000
5280.041016 0.000000 10719.818359 0.000000 0.993781 0.000000 0.111353 1.000000 1.000000 1.000000
5262.011719 0.000000 10718.395508 0.000000 0.973595 0.000000 0.228283 1.000000 1.000000 1.000000
5279.849121 0.000000 10704.388672 0.000000 0.998789 0.000000 0.049190 1.000000 1.000000 1.000000
5278.247070 0.000000 10706.940430 0.000000 0.883490 0.000000 0.468451 1.000000 1.000000 1.000000
5285.733398 0.000000 10703.490234 0.000000 0.999942 0.000000 -0.010790 1.000000 1.000000 1.000000
5263.868652 0.000000 10707.502930 0.000000 0.973635 0.000000 -0.228110 1.000000 1.000000 1.000000
5276.410156 0.000000 10715.289062 0.000000 0.871113 0.000000 -0.491083 1.000000 1.000000 1.000000
5269.510254 0.000000 10717.245117 0.000000 0.962501 0.000000 -0.271277 1.000000 1.000000 1.000000
5272.690918 0.000000 10717.373047 0.000000 0.990443 0.000000 -0.137922 1.000000 1.000000 1.000000
5273.975098 0.000000 10715.051758 0.000000 0.904323 0.000000 0.426849 1.000000 1.000000 1.000000
5275.654297 0.000000 10707.044922 0.000000 0.999648 0.000000 0.026521 1.000000 1.000000 1.000000
5253.231445 0.000000 10706.704102 0.000000 0.998759 0.000000 -0.049807 1.000000 1.000000 1.000000
5264.943848 0.000000 10716.761719 0.000000 0.922561 0.000000 0.385852 1.000000 1.000000 1.000000
5267.330566 0.000000 10717.591797 0.000000 0.996009 0.000000 -0.089253 1.000000 1.000000 1.000000
5270.288574 0.000000 10717.961914 0.000000 0.969918 0.000000 -0.243433 1.000000 1.000000 1.000000
5269.045410 0.000000 10706.521484 0.000000 0.878376 0.000000 0.477971 1.000000 1.000000 1.000000
5263.176758 0.000000 10708.249023 0.000000 0.968970 0.000000 -0.247178 1.000000 1.000000 1.000000
5277.816895 0.000000 10707.851562 0.000000 0.996554 0.000000 0.082947 1.000000 1.000000 1.000000
5264.859863 0.000000 10709.402344 0.000000 0.996080 0.000000 0.088459 1.000000 1.000000 1.000000
9270.619141 0.000000 6276.901367 0.000000 0.952148 0.000000 0.305637 1.000000 1.000000 1.000000
9273.671875 0.000000 6279.466797 0.000000 0.998678 0.000000 -0.051395 1.000000 1.000000 1.000000
9274.806641 0.000000 6278.260254 0.000000 0.999998 0.000000 0.002031 1.000000 1.000000 1.000000
9272.094727 0.000000 6276.606445 0.000000 0.909775 0.000000 -0.415102 1.000000 1.000000 1.000000
9351.607422 0.000000 6272.391113 0.000000 0.887559 0.000000 -0.460694 1.000000 1.000000 1.000000
9328.200195 0.000000 6277.262207 0.000000 0.889090 0.000000 0.457732 1.000000 1.000000 1.000000
9298.369141 0.000000 6274.330078 0.000000 0.995891 0.000000 -0.090555 1.000000 1.000000 1.000000
9328.983398 0.000000 6277.916016 0.000000 0.966684 0.000000 -0.255974 1.000000 1.000000 1.000000
9224.389648 0.000000 6362.466309 0.000000 0.891548 0.000000 -0.452927 1.000000 1.000000 1.000000
9218.774414 0.000000 6360.223633 0.000000 0.938516 0.000000 0.345235 1.000000 1.000000 1.000000
9272.210938 0.000000 6283.213867 0.000000 0.939655 0.000000 -0.342124 1.000000 1.000000 1.000000
9249.576172 0.000000 6369.285645 0.000000 0.925621 0.000000 -0.378453 1.000000 1.000000 1.000000
9257.576172 0.000000 6372.987305 0.000000 0.979183 0.000000 -0.202978 1.000000 1.000000 1.000000
9224.435547 0.000000 6372.489746 0.000000 0.885522 0.000000 -0.464598 1.000000 1.000000 1.000000
9221.294922 0.000000 6362.030273 0.000000 0.996534 0.000000 -0.083188 1.000000 1.000000 1.000000
9254.694336 0.000000 6371.587891 0.000000 0.981115 0.000000 -0.193424 1.000000 1.000000 1.000000
9250.247070 0.000000 6361.992676 0.000000 0.990438 0.000000 -0.137956 1.000000 1.000000 1.000000
9224.883789 0.000000 6364.515625 0.000000 0.958661 0.000000 0.284551 1.000000 1.000000 1.000000
9225.778320 0.000000 6357.635254 0.000000 0.947098 0.000000 0.320944 1.000000 1.000000 1.000000
9233.091797 0.000000 6359.006348 0.000000 0.925708 0.000000 -0.378240 1.000000 1.000000 1.000000
9219.111328 0.000000 6362.110352 0.000000 0.924781 0.000000 -0.380500 1.000000 1.000000 1.000000
9275.819336 0.000000 6285.986328 0.000000 0.961698 0.000000 0.274113 1.000000 1.000000 1.000000
9256.477539 0.000000 6371.518066 0.000000 0.909193 0.000000 0.416376 1.000000 1.000000 1.000000
9250.928711 0.000000 6360.381836 0.000000 0.995338 0.000000 -0.096444 1.000000 1.000000 1.000000
9232.238281 0.000000 6367.357910 0.000000 0.940063 0.000000 -0.341001 1.000000 1.000000 1.000000
9256.082031 0.000000 6373.290039 0.000000 0.885785 0.000000 0.464096 1.000000 1.000000 1.000000
9232.905273 0.000000 6364.290527 0.000000 0.991305 0.000000 0.131587 1.000000 1.000000 1.000000
9252.686523 0.000000 6371.297363 0.000000 0.998143 0.000000 -0.060913 1.000000 1.000000 1.000000
9290.414062 0.000000 6287.599121 0.000000 0.997031 0.000000 -0.077005 1.000000 1.000000 1.000000
9288.640625 0.000000 6374.405762 0.000000 0.986135 0.000000 0.165944 1.000000 1.000000 1.000000
9336.684570 0.000000 6310.441406 0.000000 0.999530 0.000000 0.030641 1.000000 1.000000 1.000000
9353.219727 0.000000 6328.811035 0.000000 0.910380 0.000000 -0.413773 1.000000 1.000000 1.000000
9340.837891 0.000000 6331.852539 0.000000 0.920603 0.000000 -0.390500 1.000000 1.000000 1.000000
9328.579102 0.000000 6336.125000 0.000000 0.995591 0.000000 -0.093800 1.000000 1.000000 1.000000
9315.011719 0.000000 6365.311035 0.000000 0.999526 0.000000 -0.030799 1.000000 1.000000 1.000000
9316.833984 0.000000 6358.548340 0.000000 0.920398 0.000000 0.390983 1.000000 1.000000 1.000000
9342.677734 0.000000 6316.400391 0.000000 0.954908 0.000000 0.296903 1.000000 1.000000 1.000000
9335.001953 0.000000 6338.757812 0.000000 0.964329 0.000000 -0.264706 1.000000 1.000000 1.000000
9338.406250 0.000000 6322.161133 0.000000 0.907683 0.000000 -0.419657 1.000000 1.000000 1.000000
9335.485352 0.000000 6319.215820 0.000000 0.928790 0.000000 -0.370607 1.000000 1.000000 1.000000
9301.788086 0.000000 6288.285156 0.000000 0.964629 0.000000 0.263610 1.000000 1.000000 1.000000
9333.512695 0.000000 6312.093262 0.000000 0.922732 0.000000 0.385443 1.000000 1.000000 1.000000
9307.293945 0.000000 6321.276855 0.000000 0.938808 0.000000 0.344440 1.000000 1.000000 1.000000
9300.922852 0.000000 6320.744141 0.000000 0.998865 0.000000 -0.047640 1.000000 1.000000 1.000000
9330.649414 0.000000 6303.646484 0.000000 0.949022 0.000000 -0.315211 1.000000 1.000000 1.000000
9332.053711 0.000000 6299.997070 0.000000 0.999958 0.000000 0.009216 1.000000 1.000000 1.000000
9330.631836 0.000000 6306.470703 0.000000 0.941159 0.000000 -0.337964 1.000000 1.000000 1.000000
9296.286133 0.000000 6368.621582 0.000000 0.988168 0.000000 -0.153372 1.000000 1.000000 1.000000
9317.382812 0.000000 6366.374023 0.000000 0.869346 0.000000 -0.494204 1.000000 1.000000 1.000000
9348.982422 0.000000 6318.561035 0.000000 0.994113 0.000000 -0.108347 1.000000 1.000000 1.000000
9321.254883 0.000000 6321.306641 0.000000 0.988191 0.000000 0.153226 1.000000 1.000000 1.000000
9289.600586 0.000000 6318.621094 0.000000 0.932928 0.000000 0.360064 1.000000 1.000000 1.000000
9320.333008 0.000000 6319.138184 0.000000 0.966487 0.000000 -0.256717 1.000000 1.000000 1.000000
9319.137695 0.000000 6314.556641 0.000000 0.869829 0.000000 0.493353 1.000000 1.000000 1.000000
9298.133789 0.000000 6291.657715 0.000000 0.910645 0.000000 0.413190 1.000000 1.000000 1.000000
9324.008789 0.000000 6331.447266 0.000000 0.943490 0.000000 -0.331400 1.000000 1.000000 1.000000
9353.727539 0.000000 6333.270996 0.000000 0.964479 0.000000 0.264159 1.000000 1.000000 1.000000
9365.367188 0.000000 6337.165527 0.000000 0.939895 0.000000 0.341463 1.000000 1.000000 1.000000
9368.767578 0.000000 6312.652344 0.000000 0.981676 0.000000 -0.190558 1.000000 1.000000 1.000000
9338.003906 0.000000 6320.075684 0.000000 0.917987 0.000000 0.396612 1.000000 1.000000 1.000000
9352.951172 0.000000 6331.318359 0.000000 0.995937 0.000000 -0.090048 1.000000 1.000000 1.000000
9365.177734 0.000000 6312.491699 0.000000 0.985794 0.000000 0.167961 1.000000 1.000000 1.000000
9334.947266 0.000000 6334.284668 0.000000 0.999951 0.000000 -0.009874 1.000000 1.000000 1.000000
9347.551758 0.000000 6335.902344 0.000000 0.999193 0.000000 -0.040157 1.000000 1.000000 1.000000
9322.041992 0.000000 6300.505859 0.000000 0.992508 0.000000 -0.122183 1.000000 1.000000 1.000000
9358.064453 0.000000 6335.298340 0.000000 0.952953 0.000000 -0.303118 1.000000 1.000000 1.000000
9356.540039 0.000000 6332.867188 0.000000 0.958771 0.000000 -0.284179 1.000000 1.000000 1.000000
9339.983398 0.000000 6323.336914 0.000000 0.986294 0.000000 -0.164997 1.000000 1.000000 1.000000
9315.499023 0.000000 6330.724121 0.000000 0.938368 0.000000 0.345639 1.000000 1.000000 1.000000
9332.026367 0.000000 6305.284180 0.000000 0.985879 0.000000 -0.167460 1.000000 1.000000 1.000000
9333.849609 0.000000 6313.990234 0.000000 0.936090 0.000000 0.351762 1.000000 1.000000 1.000000
9309.437500 0.000000 6366.888184 0.000000 0.990341 0.000000 -0.138654 1.000000 1.000000 1.000000
9314.257812 0.000000 6328.622070 0.000000 0.943752 0.000000 0.330655 1.000000 1.000000 1.000000
9349.372070 0.000000 6330.890137 0.000000 0.999058 0.000000 0.043400 1.000000 1.000000 1.000000
9345.730469 0.000000 6332.670410 0.000000 0.999887 0.000000 -0.015046 1.000000 1.000000 1.000000
9339.926758 0.000000 6321.423828 0.000000 0.986116 0.000000 0.166058 1.000000 1.000000 1.000000
9366.676758 0.000000 6312.721680 0.000000 0.999082 0.000000 -0.042832 1.000000 1.000000 1.000000
9290.148438 0.000000 6289.202148 0.000000 0.993249 0.000000 0.115998 1.000000 1.000000 1.000000
9347.264648 0.000000 6332.602539 0.000000 0.970773 0.000000 -0.240000 1.000000 1.000000 1.000000
9291.530273 0.000000 6288.609863 0.000000 0.928991 0.000000 0.370102 1.000000 1.000000 1.000000
9318.793945 0.000000 6366.450684 0.000000 0.942975 0.000000 0.332864 1.000000 1.000000 1.000000
9306.272461 0.000000 6322.244141 0.000000 0.882384 0.000000 0.470530 1.000000 1.000000 1.000000
9296.976562 0.000000 6371.512695 0.000000 0.981215 0.000000 0.192915 1.000000 1.000000 1.000000
9307.518555 0.000000 6322.957031 0.000000 0.885371 0.000000 0.464885 1.000000 1.000000 1.000000
9320.071289 0.000000 6320.510254 0.000000 0.984038 0.000000 0.177957 1.000000 1.000000 1.000000
9318.762695 0.000000 6315.881836 0.000000 0.866312 0.000000 -0.499503 1.000000 1.000000 1.000000
9320.873047 0.000000 6317.688477 0.000000 0.867744 0.000000 0.497011 1.000000 1.000000 1.000000
9346.308594 0.000000 6335.350098 0.000000 0.948332 0.000000 0.317281 1.000000 1.000000 1.000000
9307.313477 0.000000 6370.862793 0.000000 0.902341 0.000000 -0.431023 1.000000 1.000000 1.000000
9316.029297 0.000000 6359.641113 0.000000 0.934041 0.000000 -0.357167 1.000000 1.000000 1.000000
9320.756836 0.000000 6291.596191 0.000000 0.996304 0.000000 0.085892 1.000000 1.000000 1.000000
9312.969727 0.000000 6364.463867 0.000000 0.883283 0.000000 -0.468839 1.000000 1.000000 1.000000
9309.041016 0.000000 6315.040527 0.000000 0.974052 0.000000 0.226326 1.000000 1.000000 1.000000
9321.018555 0.000000 6316.396484 0.000000 0.965720 0.000000 0.259585 1.000000 1.000000 1.000000
9328.496094 0.000000 6337.671387 0.000000 0.952694 0.000000 -0.303930 1.000000 1.000000 1.000000
9335.357422 0.000000 6320.426270 0.000000 0.992528 0.000000 0.122013 1.000000 1.000000 1.000000
9329.834961 0.000000 6316.145996 0.000000 0.924648 0.000000 -0.380824 1.000000 1.000000 1.000000
9314.737305 0.000000 6331.646973 0.000000 0.994407 0.000000 -0.105612 1.000000 1.000000 1.000000
9361.977539 0.000000 6335.485840 0.000000 0.944492 0.000000 -0.328535 1.000000 1.000000 1.000000
9344.402344 0.000000 6333.178223 0.000000 0.984905 0.000000 0.173097 1.000000 1.000000 1.000000
9368.534180 0.000000 6313.873535 0.000000 0.995154 0.000000 0.098332 1.000000 1.000000 1.000000
9315.910156 0.000000 6331.643066 0.000000 0.998798 0.000000 -0.049012 1.000000 1.000000 1.000000
9380.250977 0.000000 6292.397949 0.000000 0.934450 0.000000 0.356095 1.000000 1.000000 1.000000
9381.982422 0.000000 6289.912109 0.000000 0.892031 0.000000 -0.451973 1.000000 1.000000 1.000000
9380.829102 0.000000 6288.075684 0.000000 0.915011 0.000000 -0.403430 1.000000 1.000000 1.000000
9382.764648 0.000000 6291.727051 0.000000 0.913140 0.000000 0.407647 1.000000 1.000000 1.000000
9241.237305 0.000000 6441.742676 0.000000 0.932566 0.000000 -0.360999 1.000000 1.000000 1.000000
9238.189453 0.000000 6431.969238 0.000000 0.911635 0.000000 0.411001 1.000000 1.000000 1.000000
9240.281250 0.000000 6438.970703 0.000000 0.999196 0.000000 -0.040092 1.000000 1.000000 1.000000
9319.984375 0.000000 6435.718750 0.000000 0.976367 0.000000 -0.216118 1.000000 1.000000 1.000000
9304.215820 0.000000 6413.424805 0.000000 0.995529 0.000000 0.094457 1.000000 1.000000 1.000000
9309.673828 0.000000 6424.461426 0.000000 0.989392 0.000000 0.145268 1.000000 1.000000 1.000000
9291.868164 0.000000 6374.485840 0.000000 0.966993 0.000000 0.254804 1.000000 1.000000 1.000000
9299.664062 0.000000 6421.301758 0.000000 0.933317 0.000000 -0.359055 1.000000 1.000000 1.000000
9313.708008 0.000000 6424.049805 0.000000 0.918193 0.000000 -0.396133 1.000000 1.000000 1.000000
9316.535156 0.000000 6431.667480 0.000000 0.873407 0.000000 -0.486992 1.000000 1.000000 1.000000
9323.143555 0.000000 6429.335938 0.000000 0.965004 0.000000 0.262234 1.000000 1.000000 1.000000
9327.126953 0.000000 6436.384277 0.000000 0.937477 0.000000 0.348048 1.000000 1.000000 1.000000
9316.897461 0.000000 6434.858398 0.000000 0.979758 0.000000 0.200183 1.000000 1.000000 1.000000
9318.262695 0.000000 6391.264648 0.000000 0.999181 0.000000 -0.040464 1.000000 1.000000 1.000000
9309.419922 0.000000 6413.745605 0.000000 0.999996 0.000000 -0.002869 1.000000 1.000000 1.000000
9311.619141 0.000000 6388.125488 0.000000 0.998237 0.000000 -0.059353 1.000000 1.000000 1.000000
9315.524414 0.000000 6418.521484 0.000000 0.961572 0.000000 0.274552 1.000000 1.000000 1.000000
9319.161133 0.000000 6437.880371 0.000000 0.997456 0.000000 0.071280 1.000000 1.000000 1.000000
9319.876953 0.000000 6386.297852 0.000000 0.924960 0.000000 -0.380063 1.000000 1.000000 1.000000
9323.091797 0.000000 6427.185059 0.000000 0.982221 0.000000 0.187727 1.000000 1.000000 1.000000
9310.893555 0.000000 6440.729004 0.000000 0.989957 0.000000 -0.141371 1.000000 1.000000 1.000000
9307.467773 0.000000 6423.853516 0.000000 0.870895 0.000000 0.491470 1.000000 1.000000 1.000000
9312.409180 0.000000 6421.263184 0.000000 0.913834 0.000000 -0.406089 1.000000 1.000000 1.000000
9307.761719 0.000000 6374.580078 0.000000 0.970027 0.000000 0.242997 1.000000 1.000000 1.000000
9316.647461 0.000000 6391.350098 0.000000 0.974153 0.000000 0.225891 1.000000 1.000000 1.000000
9307.412109 0.000000 6413.320801 0.000000 0.891620 0.000000 -0.452784 1.000000 1.000000 1.000000
9298.951172 0.000000 6414.210449 0.000000 0.999952 0.000000 0.009779 1.000000 1.000000 1.000000
9317.415039 0.000000 6390.205566 0.000000 0.885273 0.000000 0.465073 1.000000 1.000000 1.000000
9316.085938 0.000000 6390.329590 0.000000 0.945163 0.000000 -0.326600 1.000000 1.000000 1.000000
9230.044922 0.000000 6555.122070 0.000000 0.887447 0.000000 -0.460909 1.000000 1.000000 1.000000
9259.980469 0.000000 6559.471191 0.000000 0.988273 0.000000 -0.152695 1.000000 1.000000 1.000000
9312.075195 0.000000 6468.734863 0.000000 0.975460 0.000000 0.220175 1.000000 1.000000 1.000000
9317.982422 0.000000 6468.410156 0.000000 0.980791 0.000000 -0.195060 1.000000 1.000000 1.000000
9294.105469 0.000000 6493.508301 0.000000 0.997220 0.000000 -0.074519 1.000000 1.000000 1.000000
9300.843750 0.000000 6478.816895 0.000000 0.870481 0.000000 0.492203 1.000000 1.000000 1.000000
9310.833008 0.000000 6478.445801 0.000000 0.958978 0.000000 0.283480 1.000000 1.000000 1.000000
9295.171875 0.000000 6468.215332 0.000000 0.994358 0.000000 -0.106074 1.000000 1.000000 1.000000
9311.091797 0.000000 6473.791992 0.000000 0.884161 0.000000 -0.467182 1.000000 1.000000 1.000000
9143.638672 0.000000 6573.159180 0.000000 0.955451 0.000000 0.295148 1.000000 1.000000 1.000000
9267.845703 0.000000 6592.023438 0.000000 0.990756 0.000000 0.135655 1.000000 1.000000 1.000000
9230.120117 0.000000 6596.612793 0.000000 0.915318 0.000000 -0.402733 1.000000 1.000000 1.000000
9261.974609 0.000000 6588.199219 0.000000 0.962598 0.000000 0.270935 1.000000 1.000000 1.000000
9224.125000 0.000000 6572.788086 0.000000 0.882932 0.000000 0.469500 1.000000 1.000000 1.000000
9224.291016 0.000000 6606.326172 0.000000 0.953429 0.000000 -0.301618 1.000000 1.000000 1.000000
9231.591797 0.000000 6574.710449 0.000000 0.890396 0.000000 -0.455187 1.000000 1.000000 1.000000
9260.024414 0.000000 6591.989258 0.000000 0.914783 0.000000 -0.403945 1.000000 1.000000 1.000000
9273.888672 0.000000 6578.950684 0.000000 0.999219 0.000000 0.039527 1.000000 1.000000 1.000000
9228.863281 0.000000 6577.711426 0.000000 0.916135 0.000000 -0.400870 1.000000 1.000000 1.000000
9223.999023 0.000000 6570.132812 0.000000 0.943839 0.000000 0.330406 1.000000 1.000000 1.000000
9208.293945 0.000000 6599.932129 0.000000 0.933906 0.000000 0.357520 1.000000 1.000000 1.000000
9228.926758 0.000000 6595.079590 0.000000 0.936063 0.000000 -0.351832 1.000000 1.000000 1.000000
9235.078125 0.000000 6613.291504 0.000000 0.927935 0.000000 0.372742 1.000000 1.000000 1.000000
9264.157227 0.000000 6579.857422 0.000000 0.999876 0.000000 0.015767 1.000000 1.000000 1.000000
9254.814453 0.000000 6595.964355 0.000000 0.935367 0.000000 0.353679 1.000000 1.000000 1.000000
9195.897461 0.000000 6596.990723 0.000000 0.947206 0.000000 0.320625 1.000000 1.000000 1.000000
9233.593750 0.000000 6606.051270 0.000000 0.994414 0.000000 -0.105550 1.000000 1.000000 1.000000
9266.347656 0.000000 6583.664062 0.000000 0.960698 0.000000 -0.277597 1.000000 1.000000 1.000000
"}
object={
	name="tree_pine_01_a_generator_1_2"
	render_pass=Map
	clamp_to_water_level=no
	generated_content=yes
	layer="tree_high_layer"
	pdxmesh="tree_pine_single_01_c_mesh"
	count=418
	transform="5145.126465 0.000000 10557.138672 0.000000 0.582009 0.000000 -0.813182 1.000000 1.000000 1.000000
5146.540039 0.000000 10580.046875 0.000000 0.446192 0.000000 -0.894937 1.000000 1.000000 1.000000
5147.746582 0.000000 10584.766602 0.000000 0.468439 0.000000 -0.883496 1.000000 1.000000 1.000000
5145.657715 0.000000 10559.083984 0.000000 0.784185 0.000000 -0.620527 1.000000 1.000000 1.000000
5144.553223 0.000000 10582.595703 0.000000 0.268050 0.000000 -0.963405 1.000000 1.000000 1.000000
5194.501953 0.000000 10567.283203 0.000000 0.545387 0.000000 -0.838184 1.000000 1.000000 1.000000
5164.412598 0.000000 10548.128906 0.000000 0.708885 0.000000 -0.705324 1.000000 1.000000 1.000000
5171.387695 0.000000 10547.936523 0.000000 0.350182 0.000000 -0.936682 1.000000 1.000000 1.000000
5233.271973 0.000000 10548.136719 0.000000 0.665208 0.000000 -0.746658 1.000000 1.000000 1.000000
5228.629883 0.000000 10564.960938 0.000000 0.694853 0.000000 -0.719152 1.000000 1.000000 1.000000
5222.260742 0.000000 10567.193359 0.000000 0.733350 0.000000 -0.679852 1.000000 1.000000 1.000000
5192.278320 0.000000 10563.520508 0.000000 0.131207 0.000000 -0.991355 1.000000 1.000000 1.000000
5187.053223 0.000000 10567.521484 0.000000 0.609500 0.000000 -0.792786 1.000000 1.000000 1.000000
5212.631348 0.000000 10564.163086 0.000000 0.045135 0.000000 -0.998981 1.000000 1.000000 1.000000
5226.412598 0.000000 10548.774414 0.000000 0.236452 0.000000 -0.971643 1.000000 1.000000 1.000000
5221.472168 0.000000 10560.437500 0.000000 0.322770 0.000000 -0.946477 1.000000 1.000000 1.000000
5163.810059 0.000000 10574.941406 0.000000 0.443003 0.000000 -0.896520 1.000000 1.000000 1.000000
5228.090332 0.000000 10562.473633 0.000000 0.351774 0.000000 -0.936085 1.000000 1.000000 1.000000
5194.161621 0.000000 10569.426758 0.000000 0.288796 0.000000 -0.957391 1.000000 1.000000 1.000000
5186.237305 0.000000 10565.384766 0.000000 0.633178 0.000000 -0.774007 1.000000 1.000000 1.000000
5217.737793 0.000000 10563.074219 0.000000 0.202428 0.000000 -0.979297 1.000000 1.000000 1.000000
5188.854004 0.000000 10566.583984 0.000000 0.123501 0.000000 -0.992344 1.000000 1.000000 1.000000
5192.711914 0.000000 10566.157227 0.000000 0.324028 0.000000 -0.946048 1.000000 1.000000 1.000000
5182.812012 0.000000 10548.509766 0.000000 0.207450 0.000000 -0.978246 1.000000 1.000000 1.000000
5223.511719 0.000000 10565.826172 0.000000 0.735673 0.000000 -0.677337 1.000000 1.000000 1.000000
5223.875977 0.000000 10564.120117 0.000000 0.249669 0.000000 -0.968331 1.000000 1.000000 1.000000
5166.855957 0.000000 10571.733398 0.000000 0.718516 0.000000 -0.695510 1.000000 1.000000 1.000000
5206.790039 0.000000 10567.343750 0.000000 0.421361 0.000000 -0.906893 1.000000 1.000000 1.000000
5191.239258 0.000000 10562.303711 0.000000 0.793090 0.000000 -0.609105 1.000000 1.000000 1.000000
5191.251465 0.000000 10567.232422 0.000000 0.663876 0.000000 -0.747843 1.000000 1.000000 1.000000
5187.439941 0.000000 10566.155273 0.000000 0.062077 0.000000 -0.998071 1.000000 1.000000 1.000000
5219.116211 0.000000 10562.808594 0.000000 0.322339 0.000000 -0.946624 1.000000 1.000000 1.000000
5222.834961 0.000000 10560.049805 0.000000 0.161781 0.000000 -0.986827 1.000000 1.000000 1.000000
5226.623535 0.000000 10562.354492 0.000000 0.523251 0.000000 -0.852179 1.000000 1.000000 1.000000
5220.456543 0.000000 10561.416016 0.000000 0.678651 0.000000 -0.734461 1.000000 1.000000 1.000000
5220.625000 0.000000 10564.242188 0.000000 0.796639 0.000000 -0.604455 1.000000 1.000000 1.000000
5193.568848 0.000000 10563.670898 0.000000 0.071475 0.000000 -0.997442 1.000000 1.000000 1.000000
5221.905762 0.000000 10563.507812 0.000000 0.770086 0.000000 -0.637940 1.000000 1.000000 1.000000
5189.989746 0.000000 10567.150391 0.000000 0.635470 0.000000 -0.772125 1.000000 1.000000 1.000000
5186.252930 0.000000 10564.152344 0.000000 0.603697 0.000000 -0.797213 1.000000 1.000000 1.000000
5225.622070 0.000000 10564.069336 0.000000 0.418400 0.000000 -0.908263 1.000000 1.000000 1.000000
5222.762695 0.000000 10564.169922 0.000000 0.704078 0.000000 -0.710122 1.000000 1.000000 1.000000
5188.379883 0.000000 10565.597656 0.000000 0.106385 0.000000 -0.994325 1.000000 1.000000 1.000000
5187.151367 0.000000 10564.848633 0.000000 0.288570 0.000000 -0.957459 1.000000 1.000000 1.000000
5124.491699 0.000000 10662.950195 0.000000 0.738785 0.000000 -0.673941 1.000000 1.000000 1.000000
5138.786621 0.000000 10677.322266 0.000000 0.047569 0.000000 -0.998868 1.000000 1.000000 1.000000
5139.641113 0.000000 10594.753906 0.000000 0.651465 0.000000 -0.758679 1.000000 1.000000 1.000000
5107.325195 0.000000 10616.599609 0.000000 0.627589 0.000000 -0.778545 1.000000 1.000000 1.000000
5120.836426 0.000000 10645.381836 0.000000 0.291935 0.000000 -0.956438 1.000000 1.000000 1.000000
5134.670898 0.000000 10670.233398 0.000000 0.041790 0.000000 -0.999126 1.000000 1.000000 1.000000
5137.158203 0.000000 10684.524414 0.000000 0.633267 0.000000 -0.773934 1.000000 1.000000 1.000000
5124.033691 0.000000 10644.787109 0.000000 0.587505 0.000000 -0.809221 1.000000 1.000000 1.000000
5120.943359 0.000000 10643.229492 0.000000 0.247018 0.000000 -0.969011 1.000000 1.000000 1.000000
5124.523438 0.000000 10661.298828 0.000000 0.757748 0.000000 -0.652547 1.000000 1.000000 1.000000
5158.712891 0.000000 10655.883789 0.000000 0.666708 0.000000 -0.745319 1.000000 1.000000 1.000000
5172.479004 0.000000 10648.260742 0.000000 0.545732 0.000000 -0.837960 1.000000 1.000000 1.000000
5217.280273 0.000000 10673.771484 0.000000 0.780694 0.000000 -0.624913 1.000000 1.000000 1.000000
5160.421387 0.000000 10612.035156 0.000000 0.777859 0.000000 -0.628439 1.000000 1.000000 1.000000
5159.419434 0.000000 10678.909180 0.000000 0.556911 0.000000 -0.830572 1.000000 1.000000 1.000000
5176.059082 0.000000 10649.196289 0.000000 0.683382 0.000000 -0.730061 1.000000 1.000000 1.000000
5177.131836 0.000000 10600.425781 0.000000 0.315594 0.000000 -0.948894 1.000000 1.000000 1.000000
5204.067871 0.000000 10665.551758 0.000000 0.399877 0.000000 -0.916569 1.000000 1.000000 1.000000
5171.212402 0.000000 10656.591797 0.000000 0.332554 0.000000 -0.943084 1.000000 1.000000 1.000000
5182.107910 0.000000 10662.046875 0.000000 0.806375 0.000000 -0.591404 1.000000 1.000000 1.000000
5169.423340 0.000000 10653.922852 0.000000 0.426736 0.000000 -0.904376 1.000000 1.000000 1.000000
5180.383301 0.000000 10601.162109 0.000000 0.831997 0.000000 -0.554780 1.000000 1.000000 1.000000
5158.788086 0.000000 10681.525391 0.000000 0.762569 0.000000 -0.646907 1.000000 1.000000 1.000000
5176.729004 0.000000 10646.653320 0.000000 0.832087 0.000000 -0.554645 1.000000 1.000000 1.000000
5168.760742 0.000000 10605.160156 0.000000 0.408567 0.000000 -0.912728 1.000000 1.000000 1.000000
5229.640137 0.000000 10599.565430 0.000000 0.634963 0.000000 -0.772542 1.000000 1.000000 1.000000
5158.712891 0.000000 10661.756836 0.000000 0.069464 0.000000 -0.997584 1.000000 1.000000 1.000000
5167.842773 0.000000 10616.124023 0.000000 0.840847 0.000000 -0.541273 1.000000 1.000000 1.000000
5241.362305 0.000000 10600.554688 0.000000 0.828324 0.000000 -0.560249 1.000000 1.000000 1.000000
5163.364746 0.000000 10616.226562 0.000000 0.800978 0.000000 -0.598694 1.000000 1.000000 1.000000
5159.382812 0.000000 10683.500977 0.000000 0.376139 0.000000 -0.926563 1.000000 1.000000 1.000000
5246.651367 0.000000 10673.873047 0.000000 0.292436 0.000000 -0.956285 1.000000 1.000000 1.000000
5182.626953 0.000000 10664.483398 0.000000 0.433147 0.000000 -0.901323 1.000000 1.000000 1.000000
5228.413086 0.000000 10670.233398 0.000000 0.466839 0.000000 -0.884342 1.000000 1.000000 1.000000
5176.418457 0.000000 10651.212891 0.000000 0.788835 0.000000 -0.614605 1.000000 1.000000 1.000000
5178.942383 0.000000 10599.860352 0.000000 0.276615 0.000000 -0.960981 1.000000 1.000000 1.000000
5162.032227 0.000000 10612.914062 0.000000 0.272280 0.000000 -0.962218 1.000000 1.000000 1.000000
5175.133789 0.000000 10647.536133 0.000000 0.175011 0.000000 -0.984567 1.000000 1.000000 1.000000
5179.432617 0.000000 10653.615234 0.000000 0.463282 0.000000 -0.886211 1.000000 1.000000 1.000000
5169.479492 0.000000 10652.041016 0.000000 0.244687 0.000000 -0.969602 1.000000 1.000000 1.000000
5172.711914 0.000000 10651.815430 0.000000 0.057596 0.000000 -0.998340 1.000000 1.000000 1.000000
5226.441406 0.000000 10672.652344 0.000000 0.841514 0.000000 -0.540235 1.000000 1.000000 1.000000
5221.154297 0.000000 10594.909180 0.000000 0.410285 0.000000 -0.911957 1.000000 1.000000 1.000000
5159.516113 0.000000 10672.111328 0.000000 0.372367 0.000000 -0.928086 1.000000 1.000000 1.000000
5180.814453 0.000000 10599.780273 0.000000 0.479101 0.000000 -0.877760 1.000000 1.000000 1.000000
5178.783203 0.000000 10601.216797 0.000000 0.766470 0.000000 -0.642280 1.000000 1.000000 1.000000
5247.141113 0.000000 10604.680664 0.000000 0.002965 0.000000 -0.999996 1.000000 1.000000 1.000000
5178.011230 0.000000 10646.741211 0.000000 0.773493 0.000000 -0.633805 1.000000 1.000000 1.000000
5161.880371 0.000000 10657.225586 0.000000 0.578385 0.000000 -0.815764 1.000000 1.000000 1.000000
5226.930176 0.000000 10599.895508 0.000000 0.777664 0.000000 -0.628680 1.000000 1.000000 1.000000
5243.938965 0.000000 10598.877930 0.000000 0.853695 0.000000 -0.520773 1.000000 1.000000 1.000000
5227.530273 0.000000 10673.249023 0.000000 0.750188 0.000000 -0.661225 1.000000 1.000000 1.000000
5176.284180 0.000000 10647.768555 0.000000 0.848893 0.000000 -0.528565 1.000000 1.000000 1.000000
5248.025391 0.000000 10603.962891 0.000000 0.754708 0.000000 -0.656061 1.000000 1.000000 1.000000
5248.591309 0.000000 10605.711914 0.000000 0.025972 0.000000 -0.999663 1.000000 1.000000 1.000000
5145.112305 0.000000 10699.883789 0.000000 0.728058 0.000000 -0.685515 1.000000 1.000000 1.000000
5151.580078 0.000000 10703.713867 0.000000 0.056551 0.000000 -0.998400 1.000000 1.000000 1.000000
5154.011719 0.000000 10688.292969 0.000000 0.339478 0.000000 -0.940614 1.000000 1.000000 1.000000
5184.583496 0.000000 10699.833984 0.000000 0.103099 0.000000 -0.994671 1.000000 1.000000 1.000000
5177.405762 0.000000 10702.971680 0.000000 0.585929 0.000000 -0.810363 1.000000 1.000000 1.000000
5238.854492 0.000000 10699.883789 0.000000 0.674186 0.000000 -0.738562 1.000000 1.000000 1.000000
5165.402344 0.000000 10698.382812 0.000000 0.414560 0.000000 -0.910022 1.000000 1.000000 1.000000
5175.303711 0.000000 10723.413086 0.000000 0.685961 0.000000 -0.727639 1.000000 1.000000 1.000000
5222.894043 0.000000 10716.475586 0.000000 0.207931 0.000000 -0.978144 1.000000 1.000000 1.000000
5219.770996 0.000000 10713.581055 0.000000 0.321912 0.000000 -0.946770 1.000000 1.000000 1.000000
5181.243652 0.000000 10701.906250 0.000000 0.215940 0.000000 -0.976407 1.000000 1.000000 1.000000
5204.362793 0.000000 10702.587891 0.000000 0.060170 0.000000 -0.998188 1.000000 1.000000 1.000000
5191.104004 0.000000 10704.842773 0.000000 0.833051 0.000000 -0.553196 1.000000 1.000000 1.000000
5157.662598 0.000000 10694.189453 0.000000 0.634392 0.000000 -0.773012 1.000000 1.000000 1.000000
5158.963379 0.000000 10697.557617 0.000000 0.634502 0.000000 -0.772921 1.000000 1.000000 1.000000
5202.219727 0.000000 10705.471680 0.000000 0.037997 0.000000 -0.999278 1.000000 1.000000 1.000000
5189.270996 0.000000 10701.166016 0.000000 0.523264 0.000000 -0.852170 1.000000 1.000000 1.000000
5232.799316 0.000000 10702.986328 0.000000 0.220845 0.000000 -0.975309 1.000000 1.000000 1.000000
5208.548828 0.000000 10708.104492 0.000000 0.641934 0.000000 -0.766760 1.000000 1.000000 1.000000
5186.962891 0.000000 10700.266602 0.000000 0.501725 0.000000 -0.865027 1.000000 1.000000 1.000000
5183.166504 0.000000 10701.409180 0.000000 0.525882 0.000000 -0.850558 1.000000 1.000000 1.000000
5185.526855 0.000000 10701.482422 0.000000 0.863381 0.000000 -0.504553 1.000000 1.000000 1.000000
5210.068359 0.000000 10709.054688 0.000000 0.344730 0.000000 -0.938702 1.000000 1.000000 1.000000
5165.161621 0.000000 10696.639648 0.000000 0.154068 0.000000 -0.988060 1.000000 1.000000 1.000000
5233.251465 0.000000 10701.340820 0.000000 0.776204 0.000000 -0.630482 1.000000 1.000000 1.000000
5156.076172 0.000000 10695.051758 0.000000 0.373784 0.000000 -0.927516 1.000000 1.000000 1.000000
5168.584473 0.000000 10700.566406 0.000000 0.694139 0.000000 -0.719841 1.000000 1.000000 1.000000
5229.569336 0.000000 10702.496094 0.000000 0.069069 0.000000 -0.997612 1.000000 1.000000 1.000000
5163.164551 0.000000 10697.415039 0.000000 0.023034 0.000000 -0.999735 1.000000 1.000000 1.000000
5166.581055 0.000000 10699.388672 0.000000 0.077946 0.000000 -0.996958 1.000000 1.000000 1.000000
5189.600586 0.000000 10704.358398 0.000000 0.133031 0.000000 -0.991112 1.000000 1.000000 1.000000
5172.680664 0.000000 10700.014648 0.000000 0.632740 0.000000 -0.774364 1.000000 1.000000 1.000000
5205.859375 0.000000 10705.677734 0.000000 0.828507 0.000000 -0.559978 1.000000 1.000000 1.000000
5161.668457 0.000000 10701.325195 0.000000 0.717273 0.000000 -0.696792 1.000000 1.000000 1.000000
5175.768066 0.000000 10717.245117 0.000000 0.049900 0.000000 -0.998754 1.000000 1.000000 1.000000
5220.048340 0.000000 10717.342773 0.000000 0.187658 0.000000 -0.982234 1.000000 1.000000 1.000000
5218.018555 0.000000 10706.226562 0.000000 0.649936 0.000000 -0.759989 1.000000 1.000000 1.000000
5218.207031 0.000000 10707.568359 0.000000 0.493822 0.000000 -0.869563 1.000000 1.000000 1.000000
5231.222656 0.000000 10700.177734 0.000000 0.608143 0.000000 -0.793827 1.000000 1.000000 1.000000
5231.950195 0.000000 10702.014648 0.000000 0.339949 0.000000 -0.940444 1.000000 1.000000 1.000000
5159.388184 0.000000 10694.565430 0.000000 0.331605 0.000000 -0.943418 1.000000 1.000000 1.000000
5156.275879 0.000000 10687.735352 0.000000 0.822205 0.000000 -0.569192 1.000000 1.000000 1.000000
5216.863281 0.000000 10709.522461 0.000000 0.700761 0.000000 -0.713396 1.000000 1.000000 1.000000
5215.665039 0.000000 10709.996094 0.000000 0.447448 0.000000 -0.894310 1.000000 1.000000 1.000000
5159.653320 0.000000 10696.482422 0.000000 0.832840 0.000000 -0.553514 1.000000 1.000000 1.000000
5228.508789 0.000000 10702.196289 0.000000 0.822007 0.000000 -0.569477 1.000000 1.000000 1.000000
5164.736328 0.000000 10699.227539 0.000000 0.561462 0.000000 -0.827502 1.000000 1.000000 1.000000
5229.606934 0.000000 10703.703125 0.000000 0.399912 0.000000 -0.916553 1.000000 1.000000 1.000000
5167.685059 0.000000 10698.838867 0.000000 0.008042 0.000000 -0.999968 1.000000 1.000000 1.000000
5295.436035 0.000000 10581.072266 0.000000 0.467886 0.000000 -0.883789 1.000000 1.000000 1.000000
5294.345703 0.000000 10563.723633 0.000000 0.565920 0.000000 -0.824460 1.000000 1.000000 1.000000
5249.970215 0.000000 10566.831055 0.000000 0.329219 0.000000 -0.944254 1.000000 1.000000 1.000000
5292.217285 0.000000 10582.830078 0.000000 0.809052 0.000000 -0.587738 1.000000 1.000000 1.000000
5282.448730 0.000000 10575.629883 0.000000 0.012656 0.000000 -0.999920 1.000000 1.000000 1.000000
5288.763672 0.000000 10577.986328 0.000000 0.710738 0.000000 -0.703457 1.000000 1.000000 1.000000
5298.107910 0.000000 10581.580078 0.000000 0.624872 0.000000 -0.780727 1.000000 1.000000 1.000000
5268.117188 0.000000 10569.447266 0.000000 0.590856 0.000000 -0.806777 1.000000 1.000000 1.000000
5257.226562 0.000000 10569.973633 0.000000 0.468413 0.000000 -0.883509 1.000000 1.000000 1.000000
5261.680664 0.000000 10565.126953 0.000000 0.349829 0.000000 -0.936814 1.000000 1.000000 1.000000
5303.993164 0.000000 10585.116211 0.000000 0.377791 0.000000 -0.925891 1.000000 1.000000 1.000000
5285.369141 0.000000 10574.865234 0.000000 0.813446 0.000000 -0.581640 1.000000 1.000000 1.000000
5268.102051 0.000000 10567.281250 0.000000 0.318501 0.000000 -0.947922 1.000000 1.000000 1.000000
5278.774902 0.000000 10572.175781 0.000000 0.751032 0.000000 -0.660266 1.000000 1.000000 1.000000
5274.977539 0.000000 10574.053711 0.000000 0.557905 0.000000 -0.829905 1.000000 1.000000 1.000000
5251.303223 0.000000 10565.061523 0.000000 0.651239 0.000000 -0.758873 1.000000 1.000000 1.000000
5299.227051 0.000000 10565.405273 0.000000 0.148489 0.000000 -0.988914 1.000000 1.000000 1.000000
5272.538574 0.000000 10572.294922 0.000000 0.418560 0.000000 -0.908189 1.000000 1.000000 1.000000
5288.606445 0.000000 10576.033203 0.000000 0.714679 0.000000 -0.699453 1.000000 1.000000 1.000000
5300.696777 0.000000 10584.487305 0.000000 0.864823 0.000000 -0.502077 1.000000 1.000000 1.000000
5283.602539 0.000000 10574.454102 0.000000 0.466031 0.000000 -0.884768 1.000000 1.000000 1.000000
5281.115723 0.000000 10574.725586 0.000000 0.159089 0.000000 -0.987264 1.000000 1.000000 1.000000
5273.020996 0.000000 10569.916992 0.000000 0.843616 0.000000 -0.536947 1.000000 1.000000 1.000000
5269.523926 0.000000 10567.118164 0.000000 0.458453 0.000000 -0.888718 1.000000 1.000000 1.000000
5269.085449 0.000000 10568.416992 0.000000 0.025011 0.000000 -0.999687 1.000000 1.000000 1.000000
5267.090332 0.000000 10566.460938 0.000000 0.735850 0.000000 -0.677145 1.000000 1.000000 1.000000
5282.392578 0.000000 10574.501953 0.000000 0.108623 0.000000 -0.994083 1.000000 1.000000 1.000000
5287.217285 0.000000 10674.607422 0.000000 0.763198 0.000000 -0.646165 1.000000 1.000000 1.000000
5281.603027 0.000000 10672.364258 0.000000 0.150166 0.000000 -0.988661 1.000000 1.000000 1.000000
5274.834473 0.000000 10677.336914 0.000000 0.352216 0.000000 -0.935919 1.000000 1.000000 1.000000
5323.498535 0.000000 10601.940430 0.000000 0.269734 0.000000 -0.962935 1.000000 1.000000 1.000000
5265.786621 0.000000 10674.189453 0.000000 0.160580 0.000000 -0.987023 1.000000 1.000000 1.000000
5272.670410 0.000000 10674.692383 0.000000 0.561876 0.000000 -0.827221 1.000000 1.000000 1.000000
5269.929199 0.000000 10603.473633 0.000000 0.720835 0.000000 -0.693106 1.000000 1.000000 1.000000
5284.123047 0.000000 10674.170898 0.000000 0.682629 0.000000 -0.730765 1.000000 1.000000 1.000000
5287.585938 0.000000 10668.213867 0.000000 0.534420 0.000000 -0.845219 1.000000 1.000000 1.000000
5318.879883 0.000000 10627.735352 0.000000 0.792319 0.000000 -0.610107 1.000000 1.000000 1.000000
5249.577637 0.000000 10672.123047 0.000000 0.790088 0.000000 -0.612993 1.000000 1.000000 1.000000
5299.717285 0.000000 10618.611328 0.000000 0.122754 0.000000 -0.992437 1.000000 1.000000 1.000000
5263.343750 0.000000 10675.445312 0.000000 0.823337 0.000000 -0.567553 1.000000 1.000000 1.000000
5283.013184 0.000000 10607.423828 0.000000 0.534816 0.000000 -0.844969 1.000000 1.000000 1.000000
5276.346191 0.000000 10600.055664 0.000000 0.204969 0.000000 -0.978768 1.000000 1.000000 1.000000
5252.291016 0.000000 10673.283203 0.000000 0.169674 0.000000 -0.985500 1.000000 1.000000 1.000000
5299.454590 0.000000 10621.084961 0.000000 0.760493 0.000000 -0.649346 1.000000 1.000000 1.000000
5267.219727 0.000000 10603.798828 0.000000 0.445850 0.000000 -0.895108 1.000000 1.000000 1.000000
5279.979980 0.000000 10673.886719 0.000000 0.234140 0.000000 -0.972203 1.000000 1.000000 1.000000
5320.407227 0.000000 10596.729492 0.000000 0.046943 0.000000 -0.998898 1.000000 1.000000 1.000000
5298.069336 0.000000 10619.560547 0.000000 0.233621 0.000000 -0.972328 1.000000 1.000000 1.000000
5287.453125 0.000000 10607.781250 0.000000 0.769355 0.000000 -0.638822 1.000000 1.000000 1.000000
5257.919434 0.000000 10670.566406 0.000000 0.107870 0.000000 -0.994165 1.000000 1.000000 1.000000
5269.893066 0.000000 10599.016602 0.000000 0.734883 0.000000 -0.678194 1.000000 1.000000 1.000000
5321.003906 0.000000 10594.750977 0.000000 0.847216 0.000000 -0.531249 1.000000 1.000000 1.000000
5326.965332 0.000000 10601.818359 0.000000 0.622976 0.000000 -0.782241 1.000000 1.000000 1.000000
5249.818359 0.000000 10601.309570 0.000000 0.079956 0.000000 -0.996798 1.000000 1.000000 1.000000
5251.022949 0.000000 10602.349609 0.000000 0.843360 0.000000 -0.537349 1.000000 1.000000 1.000000
5249.616211 0.000000 10604.447266 0.000000 0.857022 0.000000 -0.515279 1.000000 1.000000 1.000000
5251.610840 0.000000 10601.489258 0.000000 0.449118 0.000000 -0.893472 1.000000 1.000000 1.000000
5351.312988 0.000000 10666.267578 0.000000 0.594053 0.000000 -0.804426 1.000000 1.000000 1.000000
5346.082031 0.000000 10670.952148 0.000000 0.826487 0.000000 -0.562956 1.000000 1.000000 1.000000
5358.696777 0.000000 10656.591797 0.000000 0.077054 0.000000 -0.997027 1.000000 1.000000 1.000000
5349.207520 0.000000 10642.964844 0.000000 0.601040 0.000000 -0.799219 1.000000 1.000000 1.000000
5345.949707 0.000000 10620.929688 0.000000 0.633547 0.000000 -0.773704 1.000000 1.000000 1.000000
5355.492188 0.000000 10647.560547 0.000000 0.726062 0.000000 -0.687630 1.000000 1.000000 1.000000
5347.172363 0.000000 10608.458984 0.000000 0.208263 0.000000 -0.978073 1.000000 1.000000 1.000000
5352.264648 0.000000 10643.179688 0.000000 0.630104 0.000000 -0.776511 1.000000 1.000000 1.000000
5266.926270 0.000000 10709.217773 0.000000 0.594382 0.000000 -0.804183 1.000000 1.000000 1.000000
5257.414551 0.000000 10722.252930 0.000000 0.635960 0.000000 -0.771722 1.000000 1.000000 1.000000
5259.209961 0.000000 10709.691406 0.000000 0.324297 0.000000 -0.945955 1.000000 1.000000 1.000000
5262.812988 0.000000 10706.411133 0.000000 0.653226 0.000000 -0.757163 1.000000 1.000000 1.000000
5273.646484 0.000000 10716.376953 0.000000 0.717781 0.000000 -0.696269 1.000000 1.000000 1.000000
5282.007812 0.000000 10720.818359 0.000000 0.614786 0.000000 -0.788694 1.000000 1.000000 1.000000
5265.702637 0.000000 10719.225586 0.000000 0.818787 0.000000 -0.574098 1.000000 1.000000 1.000000
5273.660645 0.000000 10704.970703 0.000000 0.224390 0.000000 -0.974499 1.000000 1.000000 1.000000
5255.103027 0.000000 10708.554688 0.000000 0.462855 0.000000 -0.886434 1.000000 1.000000 1.000000
5284.708496 0.000000 10716.878906 0.000000 0.024646 0.000000 -0.999696 1.000000 1.000000 1.000000
5251.698730 0.000000 10706.742188 0.000000 0.368360 0.000000 -0.929683 1.000000 1.000000 1.000000
5274.371582 0.000000 10707.442383 0.000000 0.681229 0.000000 -0.732071 1.000000 1.000000 1.000000
5283.013184 0.000000 10701.166016 0.000000 0.632699 0.000000 -0.774398 1.000000 1.000000 1.000000
5283.659180 0.000000 10719.111328 0.000000 0.104221 0.000000 -0.994554 1.000000 1.000000 1.000000
5264.157227 0.000000 10717.744141 0.000000 0.429415 0.000000 -0.903107 1.000000 1.000000 1.000000
5270.971680 0.000000 10717.075195 0.000000 0.586851 0.000000 -0.809695 1.000000 1.000000 1.000000
5279.295898 0.000000 10712.997070 0.000000 0.827463 0.000000 -0.561520 1.000000 1.000000 1.000000
5284.129883 0.000000 10702.952148 0.000000 0.267294 0.000000 -0.963615 1.000000 1.000000 1.000000
5271.833008 0.000000 10706.104492 0.000000 0.500237 0.000000 -0.865888 1.000000 1.000000 1.000000
5256.988281 0.000000 10708.191406 0.000000 0.100470 0.000000 -0.994940 1.000000 1.000000 1.000000
5269.467773 0.000000 10715.269531 0.000000 0.732472 0.000000 -0.680797 1.000000 1.000000 1.000000
5275.405762 0.000000 10716.441406 0.000000 0.576634 0.000000 -0.817003 1.000000 1.000000 1.000000
5258.716797 0.000000 10708.039062 0.000000 0.044102 0.000000 -0.999027 1.000000 1.000000 1.000000
5269.544922 0.000000 10707.417969 0.000000 0.166999 0.000000 -0.985957 1.000000 1.000000 1.000000
5275.111328 0.000000 10705.793945 0.000000 0.484144 0.000000 -0.874989 1.000000 1.000000 1.000000
5276.799316 0.000000 10707.839844 0.000000 0.060342 0.000000 -0.998178 1.000000 1.000000 1.000000
5250.074219 0.000000 10706.621094 0.000000 0.385640 0.000000 -0.922649 1.000000 1.000000 1.000000
5260.988281 0.000000 10716.963867 0.000000 0.863510 0.000000 -0.504331 1.000000 1.000000 1.000000
5260.505371 0.000000 10708.882812 0.000000 0.227182 0.000000 -0.973852 1.000000 1.000000 1.000000
5272.920410 0.000000 10707.136719 0.000000 0.811880 0.000000 -0.583824 1.000000 1.000000 1.000000
5270.872559 0.000000 10707.052734 0.000000 0.597442 0.000000 -0.801912 1.000000 1.000000 1.000000
5278.992676 0.000000 10714.771484 0.000000 0.562033 0.000000 -0.827115 1.000000 1.000000 1.000000
5266.795898 0.000000 10706.125000 0.000000 0.692315 0.000000 -0.721595 1.000000 1.000000 1.000000
5262.959473 0.000000 10717.542969 0.000000 0.072817 0.000000 -0.997345 1.000000 1.000000 1.000000
5268.495605 0.000000 10717.844727 0.000000 0.117323 0.000000 -0.993094 1.000000 1.000000 1.000000
5277.755371 0.000000 10705.970703 0.000000 0.656445 0.000000 -0.754374 1.000000 1.000000 1.000000
5252.184082 0.000000 10707.667969 0.000000 0.209407 0.000000 -0.977829 1.000000 1.000000 1.000000
9300.416016 0.000000 6274.762695 0.000000 0.395762 0.000000 -0.918353 1.000000 1.000000 1.000000
9327.367188 0.000000 6274.905273 0.000000 0.815448 0.000000 -0.578831 1.000000 1.000000 1.000000
9298.401367 0.000000 6276.694336 0.000000 0.437036 0.000000 -0.899444 1.000000 1.000000 1.000000
9297.479492 0.000000 6279.114258 0.000000 0.720327 0.000000 -0.693634 1.000000 1.000000 1.000000
9351.806641 0.000000 6274.520508 0.000000 0.442137 0.000000 -0.896947 1.000000 1.000000 1.000000
9353.149414 0.000000 6273.424805 0.000000 0.394741 0.000000 -0.918792 1.000000 1.000000 1.000000
9329.120117 0.000000 6275.895508 0.000000 0.173697 0.000000 -0.984799 1.000000 1.000000 1.000000
9300.583984 0.000000 6273.141602 0.000000 0.470718 0.000000 -0.882284 1.000000 1.000000 1.000000
9336.344727 0.000000 6273.217773 0.000000 0.006704 0.000000 -0.999978 1.000000 1.000000 1.000000
9299.192383 0.000000 6275.500977 0.000000 0.697921 0.000000 -0.716175 1.000000 1.000000 1.000000
9299.619141 0.000000 6273.928711 0.000000 0.349337 0.000000 -0.936997 1.000000 1.000000 1.000000
9329.488281 0.000000 6276.979004 0.000000 0.605953 0.000000 -0.795500 1.000000 1.000000 1.000000
9232.608398 0.000000 6362.674316 0.000000 0.344869 0.000000 -0.938651 1.000000 1.000000 1.000000
9227.642578 0.000000 6356.941406 0.000000 0.480483 0.000000 -0.877004 1.000000 1.000000 1.000000
9252.255859 0.000000 6361.439453 0.000000 0.490459 0.000000 -0.871464 1.000000 1.000000 1.000000
9218.122070 0.000000 6363.723145 0.000000 0.422695 0.000000 -0.906272 1.000000 1.000000 1.000000
9232.711914 0.000000 6365.743652 0.000000 0.095418 0.000000 -0.995437 1.000000 1.000000 1.000000
9224.757812 0.000000 6356.073730 0.000000 0.087193 0.000000 -0.996191 1.000000 1.000000 1.000000
9250.297852 0.000000 6366.972656 0.000000 0.018540 0.000000 -0.999828 1.000000 1.000000 1.000000
9251.585938 0.000000 6363.779785 0.000000 0.543783 0.000000 -0.839226 1.000000 1.000000 1.000000
9234.456055 0.000000 6366.896973 0.000000 0.713143 0.000000 -0.701018 1.000000 1.000000 1.000000
9273.602539 0.000000 6284.635742 0.000000 0.735811 0.000000 -0.677187 1.000000 1.000000 1.000000
9251.428711 0.000000 6368.743652 0.000000 0.710111 0.000000 -0.704089 1.000000 1.000000 1.000000
9218.997070 0.000000 6358.687500 0.000000 0.035815 0.000000 -0.999358 1.000000 1.000000 1.000000
9272.392578 0.000000 6285.604492 0.000000 0.400296 0.000000 -0.916386 1.000000 1.000000 1.000000
9223.441406 0.000000 6364.895508 0.000000 0.460216 0.000000 -0.887807 1.000000 1.000000 1.000000
9277.102539 0.000000 6285.321289 0.000000 0.031606 0.000000 -0.999500 1.000000 1.000000 1.000000
9274.610352 0.000000 6285.449219 0.000000 0.642620 0.000000 -0.766185 1.000000 1.000000 1.000000
9250.250977 0.000000 6368.235352 0.000000 0.699303 0.000000 -0.714826 1.000000 1.000000 1.000000
9233.743164 0.000000 6365.839844 0.000000 0.531955 0.000000 -0.846772 1.000000 1.000000 1.000000
9251.889648 0.000000 6369.674805 0.000000 0.454075 0.000000 -0.890963 1.000000 1.000000 1.000000
9317.116211 0.000000 6313.448242 0.000000 0.819288 0.000000 -0.573382 1.000000 1.000000 1.000000
9346.709961 0.000000 6334.041992 0.000000 0.454856 0.000000 -0.890565 1.000000 1.000000 1.000000
9309.586914 0.000000 6312.198242 0.000000 0.147974 0.000000 -0.988991 1.000000 1.000000 1.000000
9333.788086 0.000000 6304.710449 0.000000 0.766841 0.000000 -0.641838 1.000000 1.000000 1.000000
9298.305664 0.000000 6289.409668 0.000000 0.822082 0.000000 -0.569369 1.000000 1.000000 1.000000
9366.185547 0.000000 6307.715332 0.000000 0.646703 0.000000 -0.762742 1.000000 1.000000 1.000000
9320.600586 0.000000 6298.784180 0.000000 0.663856 0.000000 -0.747860 1.000000 1.000000 1.000000
9351.208984 0.000000 6332.930176 0.000000 0.818563 0.000000 -0.574417 1.000000 1.000000 1.000000
9284.650391 0.000000 6319.396973 0.000000 0.739492 0.000000 -0.673165 1.000000 1.000000 1.000000
9344.553711 0.000000 6322.300781 0.000000 0.706285 0.000000 -0.707927 1.000000 1.000000 1.000000
9319.808594 0.000000 6316.869629 0.000000 0.159851 0.000000 -0.987141 1.000000 1.000000 1.000000
9337.399414 0.000000 6334.208984 0.000000 0.283670 0.000000 -0.958922 1.000000 1.000000 1.000000
9317.867188 0.000000 6291.561523 0.000000 0.574937 0.000000 -0.818198 1.000000 1.000000 1.000000
9325.751953 0.000000 6311.273438 0.000000 0.518290 0.000000 -0.855205 1.000000 1.000000 1.000000
9360.094727 0.000000 6335.218750 0.000000 0.027406 0.000000 -0.999624 1.000000 1.000000 1.000000
9369.312500 0.000000 6314.720703 0.000000 0.764647 0.000000 -0.644449 1.000000 1.000000 1.000000
9355.192383 0.000000 6331.580566 0.000000 0.075595 0.000000 -0.997139 1.000000 1.000000 1.000000
9358.039062 0.000000 6282.613770 0.000000 0.795141 0.000000 -0.606425 1.000000 1.000000 1.000000
9332.596680 0.000000 6321.138672 0.000000 0.445024 0.000000 -0.895519 1.000000 1.000000 1.000000
9358.480469 0.000000 6332.669922 0.000000 0.326122 0.000000 -0.945328 1.000000 1.000000 1.000000
9369.528320 0.000000 6317.726074 0.000000 0.009343 0.000000 -0.999956 1.000000 1.000000 1.000000
9339.837891 0.000000 6335.819824 0.000000 0.774340 0.000000 -0.632770 1.000000 1.000000 1.000000
9366.950195 0.000000 6316.922852 0.000000 0.083106 0.000000 -0.996541 1.000000 1.000000 1.000000
9306.285156 0.000000 6369.918457 0.000000 0.063464 0.000000 -0.997984 1.000000 1.000000 1.000000
9339.164062 0.000000 6311.083496 0.000000 0.648588 0.000000 -0.761139 1.000000 1.000000 1.000000
9309.419922 0.000000 6320.003418 0.000000 0.794749 0.000000 -0.606939 1.000000 1.000000 1.000000
9351.068359 0.000000 6330.375977 0.000000 0.814003 0.000000 -0.580861 1.000000 1.000000 1.000000
9333.205078 0.000000 6302.221191 0.000000 0.670563 0.000000 -0.741853 1.000000 1.000000 1.000000
9307.945312 0.000000 6314.460449 0.000000 0.137942 0.000000 -0.990440 1.000000 1.000000 1.000000
9348.785156 0.000000 6332.655273 0.000000 0.517063 0.000000 -0.855948 1.000000 1.000000 1.000000
9351.861328 0.000000 6320.508789 0.000000 0.289234 0.000000 -0.957258 1.000000 1.000000 1.000000
9321.505859 0.000000 6315.273926 0.000000 0.710380 0.000000 -0.703819 1.000000 1.000000 1.000000
9302.036133 0.000000 6318.705566 0.000000 0.787147 0.000000 -0.616765 1.000000 1.000000 1.000000
9336.228516 0.000000 6321.395508 0.000000 0.405024 0.000000 -0.914306 1.000000 1.000000 1.000000
9318.040039 0.000000 6293.895508 0.000000 0.496448 0.000000 -0.868067 1.000000 1.000000 1.000000
9341.351562 0.000000 6334.048828 0.000000 0.733849 0.000000 -0.679313 1.000000 1.000000 1.000000
9329.528320 0.000000 6317.366699 0.000000 0.020550 0.000000 -0.999789 1.000000 1.000000 1.000000
9319.876953 0.000000 6292.555664 0.000000 0.418045 0.000000 -0.908426 1.000000 1.000000 1.000000
9302.384766 0.000000 6286.091797 0.000000 0.630794 0.000000 -0.775951 1.000000 1.000000 1.000000
9362.201172 0.000000 6334.421875 0.000000 0.349367 0.000000 -0.936986 1.000000 1.000000 1.000000
9339.234375 0.000000 6333.241699 0.000000 0.562684 0.000000 -0.826672 1.000000 1.000000 1.000000
9320.260742 0.000000 6310.312012 0.000000 0.003057 0.000000 -0.999995 1.000000 1.000000 1.000000
9309.757812 0.000000 6368.710938 0.000000 0.658296 0.000000 -0.752759 1.000000 1.000000 1.000000
9303.598633 0.000000 6287.720215 0.000000 0.624813 0.000000 -0.780775 1.000000 1.000000 1.000000
9367.536133 0.000000 6314.046875 0.000000 0.850102 0.000000 -0.526618 1.000000 1.000000 1.000000
9321.324219 0.000000 6293.653809 0.000000 0.715553 0.000000 -0.698559 1.000000 1.000000 1.000000
9306.263672 0.000000 6371.681641 0.000000 0.710785 0.000000 -0.703409 1.000000 1.000000 1.000000
9368.792969 0.000000 6310.578125 0.000000 0.078378 0.000000 -0.996924 1.000000 1.000000 1.000000
9321.697266 0.000000 6311.217773 0.000000 0.821304 0.000000 -0.570491 1.000000 1.000000 1.000000
9354.225586 0.000000 6330.182617 0.000000 0.542328 0.000000 -0.840167 1.000000 1.000000 1.000000
9343.289062 0.000000 6314.930664 0.000000 0.309946 0.000000 -0.950754 1.000000 1.000000 1.000000
9309.386719 0.000000 6313.802246 0.000000 0.079827 0.000000 -0.996809 1.000000 1.000000 1.000000
9319.358398 0.000000 6291.107910 0.000000 0.480013 0.000000 -0.877261 1.000000 1.000000 1.000000
9321.496094 0.000000 6290.520508 0.000000 0.470275 0.000000 -0.882520 1.000000 1.000000 1.000000
9349.808594 0.000000 6333.784668 0.000000 0.642080 0.000000 -0.766638 1.000000 1.000000 1.000000
9367.109375 0.000000 6315.469238 0.000000 0.214566 0.000000 -0.976710 1.000000 1.000000 1.000000
9357.467773 0.000000 6333.962891 0.000000 0.367844 0.000000 -0.929888 1.000000 1.000000 1.000000
9304.948242 0.000000 6369.469727 0.000000 0.787504 0.000000 -0.616310 1.000000 1.000000 1.000000
9355.954102 0.000000 6318.115234 0.000000 0.354041 0.000000 -0.935230 1.000000 1.000000 1.000000
9355.090820 0.000000 6319.891113 0.000000 0.203636 0.000000 -0.979047 1.000000 1.000000 1.000000
9331.307617 0.000000 6307.990234 0.000000 0.751428 0.000000 -0.659815 1.000000 1.000000 1.000000
9318.757812 0.000000 6289.935547 0.000000 0.713050 0.000000 -0.701114 1.000000 1.000000 1.000000
9363.117188 0.000000 6335.366699 0.000000 0.782591 0.000000 -0.622537 1.000000 1.000000 1.000000
9318.565430 0.000000 6292.686523 0.000000 0.605493 0.000000 -0.795851 1.000000 1.000000 1.000000
9360.892578 0.000000 6334.256348 0.000000 0.637029 0.000000 -0.770839 1.000000 1.000000 1.000000
9330.155273 0.000000 6307.756836 0.000000 0.620754 0.000000 -0.784006 1.000000 1.000000 1.000000
9328.311523 0.000000 6317.501465 0.000000 0.173881 0.000000 -0.984767 1.000000 1.000000 1.000000
9348.048828 0.000000 6331.728516 0.000000 0.824253 0.000000 -0.566221 1.000000 1.000000 1.000000
9369.494141 0.000000 6313.611816 0.000000 0.761225 0.000000 -0.648488 1.000000 1.000000 1.000000
9377.606445 0.000000 6294.593262 0.000000 0.756172 0.000000 -0.654373 1.000000 1.000000 1.000000
9389.049805 0.000000 6317.027832 0.000000 0.064598 0.000000 -0.997911 1.000000 1.000000 1.000000
9378.929688 0.000000 6289.177734 0.000000 0.189780 0.000000 -0.981827 1.000000 1.000000 1.000000
9388.210938 0.000000 6314.614746 0.000000 0.197236 0.000000 -0.980356 1.000000 1.000000 1.000000
9386.927734 0.000000 6316.409668 0.000000 0.620578 0.000000 -0.784145 1.000000 1.000000 1.000000
9380.391602 0.000000 6289.921387 0.000000 0.055829 0.000000 -0.998440 1.000000 1.000000 1.000000
9389.517578 0.000000 6314.436035 0.000000 0.011372 0.000000 -0.999935 1.000000 1.000000 1.000000
9388.308594 0.000000 6315.883301 0.000000 0.346150 0.000000 -0.938179 1.000000 1.000000 1.000000
9239.018555 0.000000 6437.099609 0.000000 0.159092 0.000000 -0.987264 1.000000 1.000000 1.000000
9256.678711 0.000000 6374.506348 0.000000 0.522431 0.000000 -0.852682 1.000000 1.000000 1.000000
9317.695312 0.000000 6428.284180 0.000000 0.511801 0.000000 -0.859104 1.000000 1.000000 1.000000
9316.509766 0.000000 6389.262207 0.000000 0.831156 0.000000 -0.556040 1.000000 1.000000 1.000000
9303.040039 0.000000 6374.616699 0.000000 0.715863 0.000000 -0.698241 1.000000 1.000000 1.000000
9337.199219 0.000000 6446.335938 0.000000 0.766004 0.000000 -0.642835 1.000000 1.000000 1.000000
9326.113281 0.000000 6450.934570 0.000000 0.785576 0.000000 -0.618765 1.000000 1.000000 1.000000
9306.264648 0.000000 6425.424316 0.000000 0.365062 0.000000 -0.930983 1.000000 1.000000 1.000000
9312.494141 0.000000 6431.085449 0.000000 0.479502 0.000000 -0.877541 1.000000 1.000000 1.000000
9322.031250 0.000000 6433.707031 0.000000 0.528871 0.000000 -0.848702 1.000000 1.000000 1.000000
9312.159180 0.000000 6418.577637 0.000000 0.786819 0.000000 -0.617184 1.000000 1.000000 1.000000
9288.962891 0.000000 6375.351074 0.000000 0.660015 0.000000 -0.751253 1.000000 1.000000 1.000000
9328.331055 0.000000 6449.607422 0.000000 0.845282 0.000000 -0.534320 1.000000 1.000000 1.000000
9297.310547 0.000000 6421.221680 0.000000 0.012554 0.000000 -0.999921 1.000000 1.000000 1.000000
9302.036133 0.000000 6412.447754 0.000000 0.614746 0.000000 -0.788725 1.000000 1.000000 1.000000
9307.030273 0.000000 6391.811523 0.000000 0.016488 0.000000 -0.999864 1.000000 1.000000 1.000000
9299.390625 0.000000 6415.491211 0.000000 0.146525 0.000000 -0.989207 1.000000 1.000000 1.000000
9298.550781 0.000000 6374.838379 0.000000 0.850381 0.000000 -0.526168 1.000000 1.000000 1.000000
9308.277344 0.000000 6391.843750 0.000000 0.513233 0.000000 -0.858249 1.000000 1.000000 1.000000
9310.364258 0.000000 6388.139160 0.000000 0.289381 0.000000 -0.957214 1.000000 1.000000 1.000000
9306.743164 0.000000 6375.336914 0.000000 0.269042 0.000000 -0.963129 1.000000 1.000000 1.000000
9226.953125 0.000000 6557.283691 0.000000 0.591096 0.000000 -0.806601 1.000000 1.000000 1.000000
9238.553711 0.000000 6559.812988 0.000000 0.722555 0.000000 -0.691314 1.000000 1.000000 1.000000
9323.692383 0.000000 6470.741211 0.000000 0.857081 0.000000 -0.515181 1.000000 1.000000 1.000000
9298.305664 0.000000 6476.894043 0.000000 0.725712 0.000000 -0.687998 1.000000 1.000000 1.000000
9301.788086 0.000000 6475.769531 0.000000 0.262148 0.000000 -0.965028 1.000000 1.000000 1.000000
9312.300781 0.000000 6474.672852 0.000000 0.694988 0.000000 -0.719021 1.000000 1.000000 1.000000
9299.374023 0.000000 6484.079590 0.000000 0.180029 0.000000 -0.983661 1.000000 1.000000 1.000000
9315.576172 0.000000 6469.293457 0.000000 0.476968 0.000000 -0.878921 1.000000 1.000000 1.000000
9298.699219 0.000000 6488.613770 0.000000 0.745633 0.000000 -0.666357 1.000000 1.000000 1.000000
9322.238281 0.000000 6476.670898 0.000000 0.749019 0.000000 -0.662548 1.000000 1.000000 1.000000
9324.803711 0.000000 6472.625488 0.000000 0.490677 0.000000 -0.871342 1.000000 1.000000 1.000000
9311.435547 0.000000 6476.464844 0.000000 0.817025 0.000000 -0.576602 1.000000 1.000000 1.000000
9300.205078 0.000000 6476.986816 0.000000 0.535724 0.000000 -0.844393 1.000000 1.000000 1.000000
9323.718750 0.000000 6476.962891 0.000000 0.632292 0.000000 -0.774730 1.000000 1.000000 1.000000
9310.354492 0.000000 6477.175293 0.000000 0.221013 0.000000 -0.975271 1.000000 1.000000 1.000000
9311.845703 0.000000 6477.633789 0.000000 0.667471 0.000000 -0.744636 1.000000 1.000000 1.000000
9132.585938 0.000000 6568.243652 0.000000 0.657482 0.000000 -0.753470 1.000000 1.000000 1.000000
9150.727539 0.000000 6574.775391 0.000000 0.178198 0.000000 -0.983995 1.000000 1.000000 1.000000
9125.224609 0.000000 6566.539062 0.000000 0.292023 0.000000 -0.956411 1.000000 1.000000 1.000000
9236.227539 0.000000 6592.594238 0.000000 0.645418 0.000000 -0.763829 1.000000 1.000000 1.000000
9229.950195 0.000000 6564.483398 0.000000 0.650559 0.000000 -0.759456 1.000000 1.000000 1.000000
9194.585938 0.000000 6597.596191 0.000000 0.022680 0.000000 -0.999743 1.000000 1.000000 1.000000
9225.054688 0.000000 6602.247559 0.000000 0.759152 0.000000 -0.650914 1.000000 1.000000 1.000000
9265.797852 0.000000 6579.857910 0.000000 0.173871 0.000000 -0.984769 1.000000 1.000000 1.000000
9211.430664 0.000000 6596.043945 0.000000 0.288268 0.000000 -0.957550 1.000000 1.000000 1.000000
9253.349609 0.000000 6595.750488 0.000000 0.706464 0.000000 -0.707749 1.000000 1.000000 1.000000
9227.069336 0.000000 6594.234375 0.000000 0.224706 0.000000 -0.974427 1.000000 1.000000 1.000000
9232.423828 0.000000 6606.835938 0.000000 0.566117 0.000000 -0.824325 1.000000 1.000000 1.000000
9208.335938 0.000000 6590.256348 0.000000 0.066842 0.000000 -0.997764 1.000000 1.000000 1.000000
9214.203125 0.000000 6595.687012 0.000000 0.132239 0.000000 -0.991218 1.000000 1.000000 1.000000
9229.320312 0.000000 6575.380859 0.000000 0.141166 0.000000 -0.989986 1.000000 1.000000 1.000000
9254.086914 0.000000 6597.934570 0.000000 0.425958 0.000000 -0.904743 1.000000 1.000000 1.000000
9210.302734 0.000000 6589.286621 0.000000 0.122782 0.000000 -0.992434 1.000000 1.000000 1.000000
9237.054688 0.000000 6568.877930 0.000000 0.835277 0.000000 -0.549829 1.000000 1.000000 1.000000
9260.531250 0.000000 6589.879395 0.000000 0.847844 0.000000 -0.530246 1.000000 1.000000 1.000000
9213.009766 0.000000 6597.397461 0.000000 0.710292 0.000000 -0.703907 1.000000 1.000000 1.000000
9266.307617 0.000000 6577.980469 0.000000 0.109842 0.000000 -0.993949 1.000000 1.000000 1.000000
9267.326172 0.000000 6590.200684 0.000000 0.590184 0.000000 -0.807269 1.000000 1.000000 1.000000
9265.128906 0.000000 6578.686523 0.000000 0.134300 0.000000 -0.990941 1.000000 1.000000 1.000000
"}
