object={
	name="tree_leaf_high_generator_2_0"
	render_pass=Map
	clamp_to_water_level=no
	generated_content=yes
	layer="tree_high_layer"
	pdxmesh="tree_leaf_01_b_mesh"
	count=1049
	transform="9141.820312 0.000000 6408.740234 0.000000 0.795166 0.000000 0.606392 0.382108 0.382108 0.382108
9147.111328 0.000000 6548.760254 0.000000 0.489904 0.000000 -0.871776 0.443352 0.443352 0.443352
9272.193359 0.000000 6435.839355 0.000000 0.607952 0.000000 -0.793974 0.416489 0.416489 0.416489
9243.544922 0.000000 6439.506836 0.000000 0.320680 0.000000 -0.947188 0.441007 0.441007 0.441007
9366.144531 0.000000 7116.306152 0.000000 0.990812 0.000000 -0.135246 0.402777 0.402777 0.402777
9351.057617 0.000000 7092.347168 0.000000 0.542967 0.000000 -0.839754 0.427375 0.427375 0.427375
9349.856445 0.000000 7104.001465 0.000000 0.999441 0.000000 -0.033424 0.400951 0.400951 0.400951
9357.745117 0.000000 7112.414551 0.000000 0.453166 0.000000 0.891426 0.354943 0.354943 0.354943
9337.416992 0.000000 7123.445312 0.000000 0.495151 0.000000 0.868807 0.347433 0.347433 0.347433
9437.967773 0.000000 7089.811523 0.000000 0.645461 0.000000 0.763794 0.389584 0.389584 0.389584
9444.951172 0.000000 7082.867676 0.000000 0.680321 0.000000 -0.732914 0.410679 0.410679 0.410679
9381.441406 0.000000 7096.128418 0.000000 0.999487 0.000000 -0.032013 0.400544 0.400544 0.400544
9466.754883 0.000000 7093.463379 0.000000 0.962420 0.000000 -0.271566 0.404669 0.404669 0.404669
9451.668945 0.000000 7094.600098 0.000000 0.439378 0.000000 0.898302 0.377156 0.377156 0.377156
9448.389648 0.000000 7088.090820 0.000000 0.853947 0.000000 -0.520360 0.411750 0.411750 0.411750
9455.978516 0.000000 7118.279297 0.000000 0.377534 0.000000 -0.925996 0.441962 0.441962 0.441962
9377.186523 0.000000 7119.322754 0.000000 0.429023 0.000000 0.903293 0.355530 0.355530 0.355530
9379.809570 0.000000 7123.140625 0.000000 0.821905 0.000000 0.569624 0.377607 0.377607 0.377607
9493.133789 0.000000 7088.111816 0.000000 0.169921 0.000000 0.985458 0.372737 0.372737 0.372737
9232.423828 0.000000 7169.289062 0.000000 0.968197 0.000000 -0.250190 0.406313 0.406313 0.406313
9205.432617 0.000000 7183.124023 0.000000 0.998028 0.000000 -0.062768 0.402321 0.402321 0.402321
9189.702148 0.000000 7213.064941 0.000000 0.986684 0.000000 -0.162651 0.407831 0.407831 0.407831
9211.100586 0.000000 7166.039062 0.000000 0.999749 0.000000 -0.022404 0.401040 0.401040 0.401040
9226.590820 0.000000 7162.817871 0.000000 0.947727 0.000000 -0.319082 0.417999 0.417999 0.417999
9208.903320 0.000000 7186.316406 0.000000 0.443783 0.000000 0.896134 0.325112 0.325112 0.325112
9347.341797 0.000000 7201.257812 0.000000 0.844791 0.000000 -0.535097 0.400846 0.400846 0.400846
9351.855469 0.000000 7130.274414 0.000000 0.779784 0.000000 -0.626048 0.413511 0.413511 0.413511
9324.416016 0.000000 7150.261230 0.000000 0.206417 0.000000 -0.978464 0.431984 0.431984 0.431984
9373.771484 0.000000 7177.810547 0.000000 0.999087 0.000000 -0.042727 0.400896 0.400896 0.400896
9341.873047 0.000000 7217.845215 0.000000 0.957779 0.000000 -0.287506 0.407863 0.407863 0.407863
9335.003906 0.000000 7198.975586 0.000000 0.432952 0.000000 -0.901417 0.430841 0.430841 0.430841
9327.586914 0.000000 7182.493164 0.000000 0.861909 0.000000 0.507064 0.381414 0.381414 0.381414
9337.617188 0.000000 7134.452637 0.000000 0.200427 0.000000 -0.979709 0.447849 0.447849 0.447849
9335.271484 0.000000 7151.507812 0.000000 0.725673 0.000000 0.688040 0.370069 0.370069 0.370069
9286.202148 0.000000 7187.394043 0.000000 0.217650 0.000000 0.976027 0.346694 0.346694 0.346694
9347.462891 0.000000 7146.902344 0.000000 0.018667 0.000000 0.999826 0.333351 0.333351 0.333351
9333.205078 0.000000 7145.900879 0.000000 0.441216 0.000000 0.897401 0.344385 0.344385 0.344385
9328.250977 0.000000 7146.954590 0.000000 0.660163 0.000000 -0.751123 0.435641 0.435641 0.435641
9318.978516 0.000000 7190.125488 0.000000 0.530887 0.000000 0.847443 0.345978 0.345978 0.345978
9347.229492 0.000000 7144.499023 0.000000 0.976886 0.000000 -0.213760 0.410971 0.410971 0.410971
9334.256836 0.000000 7142.196289 0.000000 0.575079 0.000000 0.818098 0.351205 0.351205 0.351205
9319.247070 0.000000 7211.731934 0.000000 0.657971 0.000000 0.753044 0.349336 0.349336 0.349336
9321.589844 0.000000 7211.372070 0.000000 0.999560 0.000000 -0.029660 0.401763 0.401763 0.401763
9272.402344 0.000000 7303.790527 0.000000 0.711114 0.000000 0.703076 0.385206 0.385206 0.385206
9268.494141 0.000000 7305.763672 0.000000 0.369969 0.000000 0.929044 0.356559 0.356559 0.356559
9276.445312 0.000000 7309.604980 0.000000 0.972728 0.000000 0.231950 0.390182 0.390182 0.390182
9220.184570 0.000000 7232.705566 0.000000 0.280803 0.000000 -0.959766 0.468073 0.468073 0.468073
9277.147461 0.000000 7305.447266 0.000000 0.848179 0.000000 0.529710 0.365993 0.365993 0.365993
9271.907227 0.000000 7309.659180 0.000000 0.960451 0.000000 0.278451 0.382106 0.382106 0.382106
9338.979492 0.000000 7236.017090 0.000000 0.169868 0.000000 0.985467 0.389514 0.389514 0.389514
9351.607422 0.000000 7303.555176 0.000000 0.896804 0.000000 -0.442428 0.408925 0.408925 0.408925
9329.018555 0.000000 7234.127441 0.000000 0.236192 0.000000 -0.971706 0.432598 0.432598 0.432598
9330.649414 0.000000 7241.068359 0.000000 0.633114 0.000000 -0.774058 0.426962 0.426962 0.426962
9346.528320 0.000000 7227.565918 0.000000 0.612558 0.000000 0.790426 0.366321 0.366321 0.366321
9321.470703 0.000000 7288.522949 0.000000 0.633080 0.000000 -0.774086 0.430058 0.430058 0.430058
9343.950195 0.000000 7291.074219 0.000000 0.210325 0.000000 -0.977632 0.457673 0.457673 0.457673
9337.441406 0.000000 7225.125488 0.000000 0.525560 0.000000 -0.850756 0.443689 0.443689 0.443689
9314.713867 0.000000 7296.683105 0.000000 0.998106 0.000000 0.061510 0.396343 0.396343 0.396343
9316.283203 0.000000 7293.888184 0.000000 0.886335 0.000000 0.463044 0.370674 0.370674 0.370674
9238.311523 0.000000 7331.161133 0.000000 0.999408 0.000000 0.034396 0.398626 0.398626 0.398626
9241.929688 0.000000 7325.278809 0.000000 0.994111 0.000000 -0.108362 0.405638 0.405638 0.405638
9241.401367 0.000000 7322.748535 0.000000 0.448849 0.000000 0.893607 0.345914 0.345914 0.345914
9357.928711 0.000000 7360.902344 0.000000 0.743132 0.000000 -0.669145 0.409517 0.409517 0.409517
9349.583984 0.000000 7400.777344 0.000000 0.771152 0.000000 0.636651 0.390007 0.390007 0.390007
9367.821289 0.000000 7325.649414 0.000000 0.079291 0.000000 0.996852 0.376170 0.376170 0.376170
9343.318359 0.000000 7400.449707 0.000000 0.999980 0.000000 0.006309 0.399871 0.399871 0.399871
9363.733398 0.000000 7355.274902 0.000000 0.352026 0.000000 -0.935990 0.421164 0.421164 0.421164
9363.231445 0.000000 7329.229004 0.000000 0.856194 0.000000 0.516654 0.388072 0.388072 0.388072
9370.193359 0.000000 7338.509766 0.000000 0.756711 0.000000 -0.653749 0.419923 0.419923 0.419923
9353.986328 0.000000 7394.925293 0.000000 0.862464 0.000000 -0.506118 0.414573 0.414573 0.414573
9369.189453 0.000000 7315.403320 0.000000 0.753948 0.000000 0.656934 0.372443 0.372443 0.372443
9371.715820 0.000000 7344.730957 0.000000 0.904936 0.000000 -0.425548 0.416242 0.416242 0.416242
9360.500000 0.000000 7361.407227 0.000000 0.931672 0.000000 -0.363302 0.414666 0.414666 0.414666
9357.142578 0.000000 7368.206543 0.000000 0.966321 0.000000 -0.257338 0.410916 0.410916 0.410916
9368.049805 0.000000 7312.880859 0.000000 0.296770 0.000000 0.954949 0.337247 0.337247 0.337247
9344.040039 0.000000 7398.136719 0.000000 0.997961 0.000000 0.063822 0.396397 0.396397 0.396397
9348.785156 0.000000 7363.819336 0.000000 0.277001 0.000000 -0.960869 0.484386 0.484386 0.484386
9351.041992 0.000000 7330.863281 0.000000 0.950423 0.000000 -0.310960 0.417367 0.417367 0.417367
9364.825195 0.000000 7333.807129 0.000000 0.411718 0.000000 -0.911312 0.463541 0.463541 0.463541
9361.094727 0.000000 7324.357422 0.000000 0.705691 0.000000 0.708520 0.361078 0.361078 0.361078
9347.796875 0.000000 7386.421875 0.000000 0.065219 0.000000 0.997871 0.299269 0.299269 0.299269
9351.817383 0.000000 7333.187500 0.000000 0.911386 0.000000 -0.411554 0.422873 0.422873 0.422873
9367.799805 0.000000 7356.375488 0.000000 0.654118 0.000000 -0.756393 0.452681 0.452681 0.452681
9362.828125 0.000000 7367.788086 0.000000 0.999049 0.000000 0.043597 0.397256 0.397256 0.397256
9369.978516 0.000000 7328.994629 0.000000 0.817086 0.000000 -0.576516 0.436510 0.436510 0.436510
9359.867188 0.000000 7374.520996 0.000000 0.591947 0.000000 0.805977 0.340094 0.340094 0.340094
9363.295898 0.000000 7323.099121 0.000000 0.287640 0.000000 0.957739 0.323364 0.323364 0.323364
9337.441406 0.000000 7412.609863 0.000000 0.831797 0.000000 0.555079 0.374144 0.374144 0.374144
9334.707031 0.000000 7411.404785 0.000000 0.999437 0.000000 0.033551 0.397621 0.397621 0.397621
9401.646484 0.000000 7161.588867 0.000000 0.725093 0.000000 0.688651 0.382932 0.382932 0.382932
9411.775391 0.000000 7168.779297 0.000000 0.442138 0.000000 0.896947 0.382220 0.382220 0.382220
9409.706055 0.000000 7161.877441 0.000000 0.913573 0.000000 0.406675 0.390799 0.390799 0.390799
9400.006836 0.000000 7175.361816 0.000000 0.999415 0.000000 -0.034195 0.400905 0.400905 0.400905
9458.004883 0.000000 7217.923828 0.000000 0.317709 0.000000 0.948188 0.363250 0.363250 0.363250
9410.639648 0.000000 7184.795898 0.000000 0.930737 0.000000 -0.365690 0.413646 0.413646 0.413646
9389.470703 0.000000 7182.595703 0.000000 0.971099 0.000000 0.238677 0.392178 0.392178 0.392178
9376.060547 0.000000 7131.986328 0.000000 0.999514 0.000000 -0.031183 0.401106 0.401106 0.401106
9440.392578 0.000000 7213.581543 0.000000 0.968397 0.000000 -0.249414 0.407804 0.407804 0.407804
9426.503906 0.000000 7193.462891 0.000000 0.985805 0.000000 -0.167892 0.406065 0.406065 0.406065
9384.307617 0.000000 7175.491211 0.000000 0.037005 0.000000 -0.999315 0.475817 0.475817 0.475817
9377.133789 0.000000 7160.835449 0.000000 0.305326 0.000000 0.952248 0.337061 0.337061 0.337061
9388.534180 0.000000 7166.960938 0.000000 0.721812 0.000000 -0.692089 0.437021 0.437021 0.437021
9386.241211 0.000000 7147.662598 0.000000 0.484371 0.000000 0.874863 0.348943 0.348943 0.348943
9451.051758 0.000000 7239.980469 0.000000 0.110798 0.000000 -0.993843 0.428426 0.428426 0.428426
9438.169922 0.000000 7245.120117 0.000000 0.138865 0.000000 -0.990311 0.422157 0.422157 0.422157
9441.032227 0.000000 7230.572266 0.000000 0.998976 0.000000 -0.045238 0.400768 0.400768 0.400768
9434.370117 0.000000 7246.310059 0.000000 0.973536 0.000000 -0.228533 0.405411 0.405411 0.405411
9426.318359 0.000000 7245.789551 0.000000 0.555246 0.000000 -0.831686 0.418635 0.418635 0.418635
9432.682617 0.000000 7265.627441 0.000000 0.665274 0.000000 -0.746600 0.416415 0.416415 0.416415
9436.505859 0.000000 7218.985352 0.000000 0.496088 0.000000 -0.868272 0.437284 0.437284 0.437284
9456.091797 0.000000 7309.798828 0.000000 0.897648 0.000000 0.440712 0.382225 0.382225 0.382225
9459.244141 0.000000 7296.711426 0.000000 0.014998 0.000000 0.999888 0.333970 0.333970 0.333970
9533.799805 0.000000 7303.447754 0.000000 0.864992 0.000000 -0.501786 0.402362 0.402362 0.402362
9517.361328 0.000000 7286.602539 0.000000 0.160875 0.000000 0.986975 0.385224 0.385224 0.385224
9520.375977 0.000000 7290.094727 0.000000 0.965513 0.000000 0.260356 0.395002 0.395002 0.395002
9478.586914 0.000000 7294.545898 0.000000 0.812538 0.000000 -0.582908 0.411497 0.411497 0.411497
9508.675781 0.000000 7282.991699 0.000000 0.611879 0.000000 -0.790951 0.421411 0.421411 0.421411
9514.611328 0.000000 7280.063965 0.000000 0.650250 0.000000 -0.759721 0.428436 0.428436 0.428436
9495.084961 0.000000 7291.767578 0.000000 0.962377 0.000000 -0.271717 0.410030 0.410030 0.410030
9449.165039 0.000000 7326.758789 0.000000 0.998356 0.000000 0.057326 0.399141 0.399141 0.399141
9374.827148 0.000000 7357.960449 0.000000 0.933912 0.000000 0.357503 0.393428 0.393428 0.393428
9456.973633 0.000000 7329.229004 0.000000 0.640311 0.000000 -0.768116 0.421430 0.421430 0.421430
9461.111328 0.000000 7317.697754 0.000000 0.601747 0.000000 -0.798687 0.422172 0.422172 0.422172
9400.770508 0.000000 7359.289551 0.000000 0.676062 0.000000 0.736845 0.379319 0.379319 0.379319
9453.486328 0.000000 7316.425293 0.000000 0.773861 0.000000 -0.633355 0.417466 0.417466 0.417466
9458.077148 0.000000 7336.151855 0.000000 0.752027 0.000000 -0.659133 0.422638 0.422638 0.422638
9376.060547 0.000000 7319.470703 0.000000 0.340029 0.000000 0.940415 0.354169 0.354169 0.354169
9377.362305 0.000000 7322.839355 0.000000 0.999111 0.000000 0.042162 0.398168 0.398168 0.398168
9399.028320 0.000000 7332.723633 0.000000 0.997160 0.000000 0.075314 0.396688 0.396688 0.396688
9403.162109 0.000000 7351.167480 0.000000 0.205385 0.000000 0.978681 0.332578 0.332578 0.332578
9392.810547 0.000000 7318.222656 0.000000 0.060469 0.000000 0.998170 0.317049 0.317049 0.317049
9398.235352 0.000000 7335.137695 0.000000 0.858626 0.000000 0.512602 0.370439 0.370439 0.370439
9401.784180 0.000000 7337.098145 0.000000 0.066030 0.000000 -0.997818 0.478137 0.478137 0.478137
9427.371094 0.000000 7495.110352 0.000000 0.257916 0.000000 -0.966167 0.451671 0.451671 0.451671
9562.311523 0.000000 7357.960449 0.000000 0.212302 0.000000 -0.977204 0.427777 0.427777 0.427777
9366.583984 0.000000 7733.168945 0.000000 0.788337 0.000000 0.615243 0.396029 0.396029 0.396029
9364.361328 0.000000 7776.776367 0.000000 0.269831 0.000000 -0.962908 0.415549 0.415549 0.415549
9372.934570 0.000000 7758.690918 0.000000 0.141736 0.000000 0.989904 0.365761 0.365761 0.365761
9309.541992 0.000000 7851.453613 0.000000 0.929950 0.000000 0.367685 0.397556 0.397556 0.397556
9332.891602 0.000000 7852.547852 0.000000 0.500591 0.000000 0.865684 0.377531 0.377531 0.377531
9342.734375 0.000000 7835.772461 0.000000 0.070820 0.000000 0.997489 0.376783 0.376783 0.376783
9349.416016 0.000000 7801.467773 0.000000 0.461421 0.000000 0.887181 0.380930 0.380930 0.380930
9344.427734 0.000000 7807.573242 0.000000 0.288338 0.000000 0.957529 0.375746 0.375746 0.375746
9348.849609 0.000000 7829.091309 0.000000 0.770229 0.000000 -0.637768 0.414503 0.414503 0.414503
9344.870117 0.000000 7802.831055 0.000000 0.992997 0.000000 -0.118143 0.402188 0.402188 0.402188
9343.930664 0.000000 7845.948242 0.000000 0.667055 0.000000 0.745008 0.380274 0.380274 0.380274
9347.091797 0.000000 7814.398926 0.000000 0.832194 0.000000 -0.554484 0.411445 0.411445 0.411445
9349.207031 0.000000 7821.140625 0.000000 0.995163 0.000000 -0.098241 0.401965 0.401965 0.401965
9357.425781 0.000000 7821.234863 0.000000 0.712818 0.000000 -0.701349 0.414748 0.414748 0.414748
9347.927734 0.000000 7840.207520 0.000000 0.872304 0.000000 0.488963 0.388266 0.388266 0.388266
9355.041992 0.000000 7825.500977 0.000000 0.866221 0.000000 -0.499662 0.410450 0.410450 0.410450
9338.176758 0.000000 7802.658203 0.000000 0.225158 0.000000 -0.974322 0.426166 0.426166 0.426166
9320.695312 0.000000 7869.674316 0.000000 0.818631 0.000000 -0.574320 0.416495 0.416495 0.416495
9311.864258 0.000000 7863.598145 0.000000 0.029703 0.000000 0.999559 0.354601 0.354601 0.354601
9303.844727 0.000000 7855.698242 0.000000 0.533172 0.000000 0.846007 0.371299 0.371299 0.371299
9341.081055 0.000000 7840.957031 0.000000 0.794680 0.000000 -0.607028 0.415634 0.415634 0.415634
9307.899414 0.000000 7867.771484 0.000000 0.998980 0.000000 -0.045166 0.401286 0.401286 0.401286
9362.832031 0.000000 7784.348145 0.000000 0.994981 0.000000 0.100062 0.397197 0.397197 0.397197
9308.918945 0.000000 7864.890137 0.000000 0.693689 0.000000 0.720275 0.377514 0.377514 0.377514
9343.707031 0.000000 7818.910156 0.000000 0.739988 0.000000 -0.672620 0.435363 0.435363 0.435363
9331.441406 0.000000 7858.868652 0.000000 0.966779 0.000000 -0.255615 0.410712 0.410712 0.410712
9344.040039 0.000000 7866.847656 0.000000 0.200623 0.000000 -0.979668 0.462878 0.462878 0.462878
9336.362305 0.000000 7859.495605 0.000000 0.991000 0.000000 0.133865 0.391687 0.391687 0.391687
9459.927734 0.000000 7526.363770 0.000000 0.998195 0.000000 0.060049 0.399460 0.399460 0.399460
9458.086914 0.000000 7536.778320 0.000000 0.575783 0.000000 -0.817602 0.428677 0.428677 0.428677
9439.202148 0.000000 7514.550781 0.000000 0.899746 0.000000 -0.436414 0.413304 0.413304 0.413304
9410.903320 0.000000 7505.202637 0.000000 0.972244 0.000000 0.233970 0.392571 0.392571 0.392571
9465.749023 0.000000 7588.725098 0.000000 0.047942 0.000000 0.998850 0.330807 0.330807 0.330807
9449.159180 0.000000 7510.972656 0.000000 0.844856 0.000000 0.534993 0.376324 0.376324 0.376324
9456.091797 0.000000 7591.025391 0.000000 0.425703 0.000000 -0.904863 0.459863 0.459863 0.459863
9463.177734 0.000000 7521.108398 0.000000 0.780746 0.000000 -0.624848 0.439092 0.439092 0.439092
9455.529297 0.000000 7514.601562 0.000000 0.907641 0.000000 0.419747 0.374478 0.374478 0.374478
9429.951172 0.000000 7523.072266 0.000000 0.460266 0.000000 0.887781 0.330176 0.330176 0.330176
9450.924805 0.000000 7512.556152 0.000000 0.893702 0.000000 -0.448661 0.427413 0.427413 0.427413
9435.102539 0.000000 7512.696777 0.000000 0.524073 0.000000 0.851674 0.336899 0.336899 0.336899
9428.885742 0.000000 7510.232910 0.000000 0.984982 0.000000 0.172657 0.389170 0.389170 0.389170
9441.736328 0.000000 7514.140625 0.000000 0.820372 0.000000 -0.571830 0.437082 0.437082 0.437082
9458.567383 0.000000 7521.291504 0.000000 0.362272 0.000000 -0.932073 0.470708 0.470708 0.470708
9464.631836 0.000000 7586.673828 0.000000 0.409443 0.000000 0.912336 0.339190 0.339190 0.339190
9454.836914 0.000000 7511.841797 0.000000 0.446272 0.000000 0.894897 0.343560 0.343560 0.343560
9426.729492 0.000000 7506.495605 0.000000 0.399661 0.000000 0.916663 0.327622 0.327622 0.327622
9437.343750 0.000000 7513.114746 0.000000 0.999448 0.000000 -0.033233 0.402041 0.402041 0.402041
9439.292969 0.000000 7510.608887 0.000000 0.809485 0.000000 0.587140 0.361774 0.361774 0.361774
9500.284180 0.000000 7564.751953 0.000000 0.895419 0.000000 -0.445223 0.402074 0.402074 0.402074
9476.560547 0.000000 7580.939453 0.000000 0.481986 0.000000 -0.876179 0.421328 0.421328 0.421328
9471.810547 0.000000 7533.541016 0.000000 0.829474 0.000000 -0.558545 0.413612 0.413612 0.413612
9510.616211 0.000000 7583.080078 0.000000 0.636968 0.000000 -0.770891 0.421536 0.421536 0.421536
9530.601562 0.000000 7583.309570 0.000000 0.824503 0.000000 -0.565858 0.421323 0.421323 0.421323
9497.625977 0.000000 7558.528809 0.000000 0.580124 0.000000 0.814528 0.368155 0.368155 0.368155
9496.136719 0.000000 7552.308594 0.000000 0.232544 0.000000 0.972586 0.357971 0.357971 0.357971
9544.265625 0.000000 7589.671387 0.000000 0.164169 0.000000 -0.986432 0.442118 0.442118 0.442118
9472.412109 0.000000 7526.809570 0.000000 0.205983 0.000000 0.978556 0.357795 0.357795 0.357795
9505.984375 0.000000 7574.722168 0.000000 0.536463 0.000000 0.843924 0.367899 0.367899 0.367899
9487.819336 0.000000 7575.512695 0.000000 0.978819 0.000000 -0.204728 0.408236 0.408236 0.408236
9522.080078 0.000000 7579.924316 0.000000 0.191412 0.000000 0.981510 0.339443 0.339443 0.339443
9485.467773 0.000000 7538.229980 0.000000 0.923999 0.000000 0.382395 0.383934 0.383934 0.383934
9475.903320 0.000000 7567.554688 0.000000 0.978582 0.000000 0.205859 0.392339 0.392339 0.392339
9515.493164 0.000000 7569.605957 0.000000 0.979093 0.000000 -0.203413 0.407876 0.407876 0.407876
9515.815430 0.000000 7574.513672 0.000000 0.293240 0.000000 0.956039 0.340879 0.340879 0.340879
9495.429688 0.000000 7533.108887 0.000000 0.983428 0.000000 -0.181301 0.409285 0.409285 0.409285
9531.524414 0.000000 7585.621094 0.000000 0.587592 0.000000 0.809157 0.359990 0.359990 0.359990
9523.846680 0.000000 7578.269043 0.000000 0.994100 0.000000 -0.108471 0.404776 0.404776 0.404776
9477.544922 0.000000 7542.164062 0.000000 0.635309 0.000000 0.772258 0.351976 0.351976 0.351976
9469.294922 0.000000 7543.042969 0.000000 0.637757 0.000000 -0.770237 0.451802 0.451802 0.451802
9469.488281 0.000000 7533.874023 0.000000 0.813161 0.000000 -0.582039 0.435982 0.435982 0.435982
9471.060547 0.000000 7583.100586 0.000000 0.882085 0.000000 0.471090 0.373058 0.373058 0.373058
9505.079102 0.000000 7535.261719 0.000000 0.855837 0.000000 0.517245 0.371227 0.371227 0.371227
9436.476562 0.000000 7648.288086 0.000000 0.925654 0.000000 -0.378370 0.407944 0.407944 0.407944
9452.615234 0.000000 7600.753418 0.000000 0.131511 0.000000 0.991315 0.348989 0.348989 0.348989
9437.865234 0.000000 7644.518555 0.000000 0.769253 0.000000 -0.638945 0.421803 0.421803 0.421803
9437.482422 0.000000 7655.364746 0.000000 0.756332 0.000000 0.654188 0.373295 0.373295 0.373295
9446.780273 0.000000 7647.814453 0.000000 0.099346 0.000000 -0.995053 0.440405 0.440405 0.440405
9435.496094 0.000000 7650.828125 0.000000 0.656345 0.000000 -0.754461 0.432866 0.432866 0.432866
9454.785156 0.000000 7650.276855 0.000000 0.856312 0.000000 0.516459 0.371276 0.371276 0.371276
9442.527344 0.000000 7645.045898 0.000000 0.626728 0.000000 -0.779238 0.448626 0.448626 0.448626
9445.603516 0.000000 7632.899414 0.000000 0.951717 0.000000 -0.306978 0.419474 0.419474 0.419474
9435.600586 0.000000 7635.155273 0.000000 0.103900 0.000000 -0.994588 0.484219 0.484219 0.484219
9438.745117 0.000000 7647.923340 0.000000 0.856453 0.000000 0.516226 0.365874 0.365874 0.365874
9437.777344 0.000000 7613.320801 0.000000 0.488604 0.000000 -0.872506 0.466707 0.466707 0.466707
9459.750977 0.000000 7593.443359 0.000000 0.767317 0.000000 0.641268 0.355508 0.355508 0.355508
9429.029297 0.000000 7665.617676 0.000000 0.422202 0.000000 -0.906502 0.471968 0.471968 0.471968
9547.579102 0.000000 7673.564453 0.000000 0.447917 0.000000 0.894075 0.382875 0.382875 0.382875
9494.778320 0.000000 7633.667480 0.000000 0.298546 0.000000 0.954395 0.372151 0.372151 0.372151
9497.553711 0.000000 7628.275391 0.000000 0.999596 0.000000 -0.028437 0.400966 0.400966 0.400966
9549.720703 0.000000 7680.732422 0.000000 0.975054 0.000000 -0.221970 0.408159 0.408159 0.408159
9540.815430 0.000000 7666.160156 0.000000 0.004110 0.000000 -0.999992 0.467275 0.467275 0.467275
9520.203125 0.000000 7653.348145 0.000000 0.999273 0.000000 0.038135 0.398686 0.398686 0.398686
9548.197266 0.000000 7682.468262 0.000000 0.348606 0.000000 0.937269 0.332070 0.332070 0.332070
9567.739258 0.000000 7594.954590 0.000000 0.076954 0.000000 0.997035 0.388812 0.388812 0.388812
9633.637695 0.000000 7616.763672 0.000000 0.796101 0.000000 0.605164 0.386045 0.386045 0.386045
9576.784180 0.000000 7633.352539 0.000000 0.920724 0.000000 0.390214 0.390192 0.390192 0.390192
9596.986328 0.000000 7611.351074 0.000000 0.827128 0.000000 0.562013 0.383312 0.383312 0.383312
9645.561523 0.000000 7617.378418 0.000000 0.669029 0.000000 -0.743236 0.428867 0.428867 0.428867
9588.423828 0.000000 7615.939453 0.000000 0.129226 0.000000 0.991615 0.364739 0.364739 0.364739
9618.896484 0.000000 7643.506836 0.000000 0.613241 0.000000 0.789896 0.370900 0.370900 0.370900
9624.966797 0.000000 7655.364746 0.000000 0.372993 0.000000 -0.927834 0.442729 0.442729 0.442729
9634.179688 0.000000 7609.886230 0.000000 0.320326 0.000000 0.947307 0.362710 0.362710 0.362710
9630.120117 0.000000 7611.066406 0.000000 0.569033 0.000000 -0.822314 0.432298 0.432298 0.432298
9618.843750 0.000000 7603.163574 0.000000 0.999875 0.000000 -0.015841 0.400688 0.400688 0.400688
9632.449219 0.000000 7635.527832 0.000000 0.225138 0.000000 0.974327 0.350351 0.350351 0.350351
9596.720703 0.000000 7628.007812 0.000000 0.614296 0.000000 0.789076 0.358230 0.358230 0.358230
9618.667969 0.000000 7600.094238 0.000000 0.493523 0.000000 0.869733 0.354712 0.354712 0.354712
9629.364258 0.000000 7663.485352 0.000000 0.983714 0.000000 0.179743 0.392330 0.392330 0.392330
9497.998047 0.000000 7733.411621 0.000000 0.109205 0.000000 -0.994019 0.443051 0.443051 0.443051
9505.662109 0.000000 7778.622559 0.000000 0.116169 0.000000 0.993230 0.367322 0.367322 0.367322
9524.993164 0.000000 7771.932129 0.000000 0.986620 0.000000 0.163038 0.393704 0.393704 0.393704
9512.674805 0.000000 7766.138184 0.000000 0.847553 0.000000 -0.530711 0.423743 0.423743 0.423743
9537.278320 0.000000 7721.727539 0.000000 0.666766 0.000000 0.745268 0.366829 0.366829 0.366829
9527.322266 0.000000 7741.952637 0.000000 0.730387 0.000000 -0.683033 0.424403 0.424403 0.424403
9531.434570 0.000000 7759.785156 0.000000 0.858047 0.000000 -0.513571 0.424506 0.424506 0.424506
9493.197266 0.000000 7731.683105 0.000000 0.649901 0.000000 -0.760019 0.437504 0.437504 0.437504
9529.238281 0.000000 7744.570312 0.000000 0.355077 0.000000 0.934837 0.343915 0.343915 0.343915
9555.534180 0.000000 7687.849609 0.000000 0.163382 0.000000 -0.986563 0.466023 0.466023 0.466023
9495.429688 0.000000 7720.593262 0.000000 0.974769 0.000000 -0.223216 0.410678 0.410678 0.410678
9530.733398 0.000000 7778.046387 0.000000 0.285017 0.000000 0.958522 0.336000 0.336000 0.336000
9527.083008 0.000000 7757.267578 0.000000 0.985841 0.000000 0.167681 0.392597 0.392597 0.392597
9499.298828 0.000000 7737.975098 0.000000 0.433167 0.000000 0.901314 0.337771 0.337771 0.337771
9531.593750 0.000000 7743.800293 0.000000 0.970338 0.000000 -0.241752 0.412801 0.412801 0.412801
9543.989258 0.000000 7725.588867 0.000000 0.927436 0.000000 0.373982 0.375694 0.375694 0.375694
9525.400391 0.000000 7742.790039 0.000000 0.530343 0.000000 0.847783 0.332809 0.332809 0.332809
9449.182617 0.000000 7860.544922 0.000000 0.695270 0.000000 -0.718749 0.403604 0.403604 0.403604
9389.049805 0.000000 7816.902832 0.000000 0.204386 0.000000 -0.978890 0.411586 0.411586 0.411586
9422.733398 0.000000 7827.650879 0.000000 0.169817 0.000000 -0.985476 0.412584 0.412584 0.412584
9407.949219 0.000000 7807.865234 0.000000 0.792720 0.000000 -0.609586 0.405892 0.405892 0.405892
9435.678711 0.000000 7861.506348 0.000000 0.070419 0.000000 0.997517 0.388763 0.388763 0.388763
9428.592773 0.000000 7823.076660 0.000000 0.216649 0.000000 -0.976250 0.413506 0.413506 0.413506
9397.749023 0.000000 7834.359375 0.000000 0.443173 0.000000 -0.896436 0.412211 0.412211 0.412211
9398.746094 0.000000 7852.398926 0.000000 0.983078 0.000000 0.183189 0.397056 0.397056 0.397056
9378.392578 0.000000 7819.271973 0.000000 0.425826 0.000000 -0.904805 0.417505 0.417505 0.417505
9396.928711 0.000000 7824.318848 0.000000 0.233354 0.000000 0.972392 0.382665 0.382665 0.382665
9402.587891 0.000000 7847.314453 0.000000 0.302728 0.000000 -0.953077 0.419553 0.419553 0.419553
9432.682617 0.000000 7828.080566 0.000000 0.177704 0.000000 0.984084 0.365244 0.365244 0.365244
9389.464844 0.000000 7825.451172 0.000000 0.842635 0.000000 -0.538485 0.411073 0.411073 0.411073
9467.513672 0.000000 7834.005859 0.000000 0.711927 0.000000 -0.702254 0.418271 0.418271 0.418271
9410.277344 0.000000 7837.800293 0.000000 0.779415 0.000000 -0.626508 0.416565 0.416565 0.416565
9418.705078 0.000000 7870.885742 0.000000 0.972416 0.000000 -0.233255 0.407288 0.407288 0.407288
9443.598633 0.000000 7853.938965 0.000000 0.236866 0.000000 -0.971542 0.445879 0.445879 0.445879
9406.236328 0.000000 7837.218262 0.000000 0.293362 0.000000 -0.956002 0.528401 0.528401 0.528401
9402.394531 0.000000 7833.535156 0.000000 0.866639 0.000000 -0.498935 0.414345 0.414345 0.414345
9426.009766 0.000000 7814.791992 0.000000 0.965175 0.000000 0.261607 0.374361 0.374361 0.374361
9442.635742 0.000000 7798.550781 0.000000 0.953524 0.000000 0.301317 0.371727 0.371727 0.371727
9432.947266 0.000000 7785.770020 0.000000 0.492117 0.000000 -0.870529 0.497043 0.497043 0.497043
9443.536133 0.000000 7815.469727 0.000000 0.833431 0.000000 -0.552624 0.419587 0.419587 0.419587
9437.692383 0.000000 7853.527344 0.000000 0.258070 0.000000 0.966126 0.352259 0.352259 0.352259
9426.460938 0.000000 7840.832520 0.000000 0.929045 0.000000 -0.369966 0.413624 0.413624 0.413624
9435.496094 0.000000 7838.312500 0.000000 0.752948 0.000000 0.658080 0.374537 0.374537 0.374537
9443.710938 0.000000 7792.920898 0.000000 0.925555 0.000000 -0.378612 0.435480 0.435480 0.435480
9429.414062 0.000000 7793.989746 0.000000 0.263091 0.000000 0.964771 0.350495 0.350495 0.350495
9439.275391 0.000000 7855.544434 0.000000 0.927400 0.000000 0.374072 0.379900 0.379900 0.379900
9425.813477 0.000000 7847.234375 0.000000 0.977408 0.000000 -0.211360 0.415631 0.415631 0.415631
9438.341797 0.000000 7813.871582 0.000000 0.500308 0.000000 -0.865848 0.490950 0.490950 0.490950
9442.243164 0.000000 7788.365723 0.000000 0.425201 0.000000 0.905099 0.338977 0.338977 0.338977
9440.635742 0.000000 7827.469238 0.000000 0.848090 0.000000 -0.529853 0.427046 0.427046 0.427046
9424.322266 0.000000 7851.418945 0.000000 0.776821 0.000000 -0.629721 0.453060 0.453060 0.453060
9442.724609 0.000000 7818.436035 0.000000 0.465637 0.000000 0.884976 0.312662 0.312662 0.312662
9450.374023 0.000000 7823.574707 0.000000 0.311697 0.000000 -0.950181 0.497663 0.497663 0.497663
9401.687500 0.000000 7814.335449 0.000000 0.484235 0.000000 0.874938 0.336170 0.336170 0.336170
9432.339844 0.000000 7783.266602 0.000000 0.809765 0.000000 0.586754 0.361803 0.361803 0.361803
9407.958984 0.000000 7819.998535 0.000000 0.395168 0.000000 0.918609 0.341853 0.341853 0.341853
9466.958008 0.000000 7826.971680 0.000000 0.122746 0.000000 0.992438 0.326267 0.326267 0.326267
9444.784180 0.000000 7799.574219 0.000000 0.686586 0.000000 0.727048 0.360575 0.360575 0.360575
9391.052734 0.000000 7827.354492 0.000000 0.474548 0.000000 -0.880230 0.455893 0.455893 0.455893
9415.248047 0.000000 7815.148926 0.000000 0.874307 0.000000 -0.485374 0.426064 0.426064 0.426064
9405.556641 0.000000 7831.717285 0.000000 0.645155 0.000000 0.764052 0.342688 0.342688 0.342688
9428.502930 0.000000 7851.012695 0.000000 0.578988 0.000000 -0.815336 0.452360 0.452360 0.452360
9453.006836 0.000000 7810.646484 0.000000 0.975848 0.000000 -0.218451 0.410996 0.410996 0.410996
9435.600586 0.000000 7822.639648 0.000000 0.475520 0.000000 -0.879705 0.475700 0.475700 0.475700
9443.337891 0.000000 7826.902832 0.000000 0.913858 0.000000 -0.406034 0.425887 0.425887 0.425887
9405.344727 0.000000 7829.182617 0.000000 0.377167 0.000000 -0.926145 0.491638 0.491638 0.491638
9419.351562 0.000000 7840.745117 0.000000 0.483503 0.000000 0.875342 0.321214 0.321214 0.321214
9411.336914 0.000000 7816.488281 0.000000 0.862177 0.000000 0.506606 0.364456 0.364456 0.364456
9438.745117 0.000000 7835.407715 0.000000 0.526297 0.000000 0.850301 0.345182 0.345182 0.345182
9447.469727 0.000000 7833.145996 0.000000 0.737836 0.000000 -0.674980 0.451424 0.451424 0.451424
9429.740234 0.000000 7832.431641 0.000000 0.777995 0.000000 -0.628270 0.446131 0.446131 0.446131
9442.141602 0.000000 7791.176758 0.000000 0.597967 0.000000 0.801521 0.341501 0.341501 0.341501
9450.875977 0.000000 7826.235352 0.000000 0.805992 0.000000 -0.591927 0.436689 0.436689 0.436689
9408.232422 0.000000 7838.152344 0.000000 0.576326 0.000000 0.817220 0.335521 0.335521 0.335521
9522.078125 0.000000 7872.581543 0.000000 0.470558 0.000000 -0.882369 0.418889 0.418889 0.418889
9530.802734 0.000000 7869.160645 0.000000 0.941557 0.000000 0.336855 0.392623 0.392623 0.392623
9534.774414 0.000000 7793.025391 0.000000 0.821113 0.000000 -0.570766 0.413952 0.413952 0.413952
9516.502930 0.000000 7796.580566 0.000000 0.508757 0.000000 -0.860910 0.425373 0.425373 0.425373
9510.616211 0.000000 7864.306641 0.000000 0.979811 0.000000 -0.199928 0.404824 0.404824 0.404824
9504.645508 0.000000 7786.429199 0.000000 0.980095 0.000000 0.198530 0.394112 0.394112 0.394112
9534.134766 0.000000 7869.776855 0.000000 0.513434 0.000000 -0.858129 0.440693 0.440693 0.440693
9478.466797 0.000000 7841.885742 0.000000 0.842096 0.000000 0.539328 0.381228 0.381228 0.381228
9507.559570 0.000000 7789.636230 0.000000 0.810816 0.000000 0.585302 0.370342 0.370342 0.370342
9509.948242 0.000000 7785.564453 0.000000 0.199720 0.000000 -0.979853 0.462236 0.462236 0.462236
9524.244141 0.000000 7849.828125 0.000000 0.138675 0.000000 -0.990338 0.467196 0.467196 0.467196
9508.021484 0.000000 7801.535645 0.000000 0.327995 0.000000 0.944679 0.346899 0.346899 0.346899
9506.009766 0.000000 7827.600586 0.000000 0.994964 0.000000 -0.100228 0.404111 0.404111 0.404111
9523.068359 0.000000 7836.135254 0.000000 0.498389 0.000000 -0.866953 0.447666 0.447666 0.447666
9519.555664 0.000000 7847.234375 0.000000 0.763387 0.000000 -0.645941 0.437869 0.437869 0.437869
9506.138672 0.000000 7832.080078 0.000000 0.721764 0.000000 0.692139 0.367174 0.367174 0.367174
9515.684570 0.000000 7870.879395 0.000000 0.751246 0.000000 0.660022 0.364367 0.364367 0.364367
9507.311523 0.000000 7829.709961 0.000000 0.555718 0.000000 -0.831371 0.477437 0.477437 0.477437
9530.733398 0.000000 7871.788574 0.000000 0.932541 0.000000 -0.361064 0.418260 0.418260 0.418260
9531.524414 0.000000 7866.847656 0.000000 0.110178 0.000000 -0.993912 0.499899 0.499899 0.499899
9510.546875 0.000000 7794.029297 0.000000 0.532071 0.000000 -0.846700 0.457476 0.457476 0.457476
9495.361328 0.000000 7838.863281 0.000000 0.951617 0.000000 -0.307286 0.425732 0.425732 0.425732
9534.713867 0.000000 7800.694336 0.000000 0.956890 0.000000 -0.290450 0.418246 0.418246 0.418246
9550.729492 0.000000 7852.095703 0.000000 0.804838 0.000000 0.593494 0.355267 0.355267 0.355267
9535.920898 0.000000 7871.462891 0.000000 0.811894 0.000000 0.583804 0.362336 0.362336 0.362336
9506.731445 0.000000 7867.927246 0.000000 0.549332 0.000000 0.835604 0.335295 0.335295 0.335295
9544.870117 0.000000 7856.802734 0.000000 0.591508 0.000000 0.806299 0.340528 0.340528 0.340528
9518.219727 0.000000 7854.052734 0.000000 0.527445 0.000000 0.849589 0.340692 0.340692 0.340692
9522.771484 0.000000 7853.102051 0.000000 0.662022 0.000000 -0.749484 0.454151 0.454151 0.454151
9568.411133 0.000000 7724.915527 0.000000 0.934912 0.000000 0.354881 0.383154 0.383154 0.383154
9567.613281 0.000000 7727.369629 0.000000 0.435371 0.000000 0.900251 0.350773 0.350773 0.350773
9564.671875 0.000000 7727.920410 0.000000 0.973688 0.000000 -0.227886 0.411365 0.411365 0.411365
9611.199219 0.000000 7783.284180 0.000000 0.906261 0.000000 0.422719 0.384746 0.384746 0.384746
9605.113281 0.000000 7799.846191 0.000000 0.383351 0.000000 -0.923603 0.442915 0.442915 0.442915
9612.401367 0.000000 7794.605957 0.000000 0.865658 0.000000 0.500635 0.378532 0.378532 0.378532
9604.289062 0.000000 7794.029297 0.000000 0.858932 0.000000 0.512089 0.369935 0.369935 0.369935
9605.902344 0.000000 7817.495117 0.000000 0.642476 0.000000 0.766306 0.359894 0.359894 0.359894
9152.054688 0.000000 8058.839355 0.000000 0.820735 0.000000 -0.571309 0.468013 0.468013 0.468013
9144.155273 0.000000 8005.573242 0.000000 0.547384 0.000000 0.836881 0.392574 0.392574 0.392574
9178.279297 0.000000 8001.842773 0.000000 0.141669 0.000000 0.989914 0.385733 0.385733 0.385733
9179.079102 0.000000 8018.819824 0.000000 0.905613 0.000000 0.424105 0.390378 0.390378 0.390378
9161.365234 0.000000 8016.575684 0.000000 0.932306 0.000000 0.361671 0.392794 0.392794 0.392794
9150.358398 0.000000 8048.948242 0.000000 0.834623 0.000000 -0.550821 0.410194 0.410194 0.410194
9148.000977 0.000000 8006.575195 0.000000 0.497283 0.000000 -0.867589 0.424649 0.424649 0.424649
9172.259766 0.000000 7972.620605 0.000000 0.586156 0.000000 -0.810198 0.420750 0.420750 0.420750
9181.904297 0.000000 8018.296387 0.000000 0.644996 0.000000 0.764186 0.364823 0.364823 0.364823
9152.353516 0.000000 8023.179199 0.000000 0.934176 0.000000 -0.356812 0.413117 0.413117 0.413117
9183.212891 0.000000 7976.874512 0.000000 0.462970 0.000000 0.886374 0.295557 0.295557 0.295557
9156.465820 0.000000 8041.011719 0.000000 0.955589 0.000000 -0.294701 0.428678 0.428678 0.428678
9159.224609 0.000000 8018.434082 0.000000 0.405810 0.000000 -0.913957 0.503045 0.503045 0.503045
9176.896484 0.000000 7997.963867 0.000000 0.840356 0.000000 0.542035 0.354235 0.354235 0.354235
9177.326172 0.000000 7973.736816 0.000000 0.246337 0.000000 -0.969184 0.454123 0.454123 0.454123
9158.643555 0.000000 8029.398438 0.000000 0.510137 0.000000 0.860093 0.315727 0.315727 0.315727
9155.764648 0.000000 8059.272949 0.000000 0.252295 0.000000 -0.967650 0.501173 0.501173 0.501173
9156.845703 0.000000 8035.983398 0.000000 0.548745 0.000000 0.835990 0.345629 0.345629 0.345629
9159.018555 0.000000 8033.706543 0.000000 0.565933 0.000000 -0.824451 0.451298 0.451298 0.451298
9149.932617 0.000000 8060.867188 0.000000 0.065951 0.000000 0.997823 0.297064 0.297064 0.297064
9177.340820 0.000000 7990.002441 0.000000 0.396126 0.000000 0.918196 0.309953 0.309953 0.309953
9153.666016 0.000000 8005.462891 0.000000 0.939081 0.000000 -0.343696 0.418920 0.418920 0.418920
9182.676758 0.000000 7982.086914 0.000000 0.990095 0.000000 0.140402 0.391138 0.391138 0.391138
9265.131836 0.000000 7918.625488 0.000000 0.235773 0.000000 -0.971808 0.545738 0.545738 0.545738
9263.056641 0.000000 7948.327148 0.000000 0.030992 0.000000 -0.999520 0.415377 0.415377 0.415377
9257.466797 0.000000 7926.547363 0.000000 0.824466 0.000000 0.565911 0.332420 0.332420 0.332420
9208.907227 0.000000 7952.793457 0.000000 0.161582 0.000000 -0.986859 0.423208 0.423208 0.423208
9248.992188 0.000000 7929.514648 0.000000 0.977007 0.000000 0.213208 0.396567 0.396567 0.396567
9226.953125 0.000000 7963.416504 0.000000 0.426773 0.000000 -0.904359 0.425387 0.425387 0.425387
9260.905273 0.000000 7931.770508 0.000000 0.937921 0.000000 -0.346850 0.409197 0.409197 0.409197
9267.411133 0.000000 7935.008789 0.000000 0.381213 0.000000 0.924487 0.278660 0.278660 0.278660
9247.166992 0.000000 7952.312500 0.000000 0.060933 0.000000 -0.998142 0.547759 0.547759 0.547759
9219.621094 0.000000 7950.848633 0.000000 0.983990 0.000000 -0.178225 0.406710 0.406710 0.406710
9264.399414 0.000000 7945.473633 0.000000 0.776334 0.000000 -0.630322 0.425879 0.425879 0.425879
9221.294922 0.000000 7955.647461 0.000000 0.406108 0.000000 0.913825 0.356837 0.356837 0.356837
9235.398438 0.000000 7913.990723 0.000000 0.111642 0.000000 0.993748 0.348280 0.348280 0.348280
9238.854492 0.000000 7914.755859 0.000000 0.323787 0.000000 0.946130 0.353524 0.353524 0.353524
9216.055664 0.000000 7952.446289 0.000000 0.011482 0.000000 0.999934 0.343942 0.343942 0.343942
9277.952148 0.000000 7930.145020 0.000000 0.432048 0.000000 -0.901851 0.432552 0.432552 0.432552
9238.525391 0.000000 7908.534180 0.000000 0.115647 0.000000 0.993290 0.345517 0.345517 0.345517
9225.935547 0.000000 7953.205566 0.000000 0.342769 0.000000 0.939420 0.354278 0.354278 0.354278
9263.498047 0.000000 7903.228027 0.000000 0.649847 0.000000 0.760065 0.370253 0.370253 0.370253
9199.964844 0.000000 7962.554688 0.000000 0.843591 0.000000 -0.536986 0.420096 0.420096 0.420096
9237.980469 0.000000 7922.830078 0.000000 0.492274 0.000000 0.870440 0.360451 0.360451 0.360451
9273.640625 0.000000 7927.954590 0.000000 0.352768 0.000000 0.935711 0.289413 0.289413 0.289413
9276.496094 0.000000 7919.398438 0.000000 0.561286 0.000000 -0.827622 0.441861 0.441861 0.441861
9256.051758 0.000000 7909.211914 0.000000 0.765270 0.000000 -0.643709 0.420951 0.420951 0.420951
9275.786133 0.000000 7911.343262 0.000000 0.936057 0.000000 0.351847 0.387972 0.387972 0.387972
9269.160156 0.000000 7907.060547 0.000000 0.519649 0.000000 0.854380 0.365220 0.365220 0.365220
9275.646484 0.000000 7924.554199 0.000000 0.466989 0.000000 0.884263 0.366414 0.366414 0.366414
9266.201172 0.000000 7912.062500 0.000000 0.598645 0.000000 -0.801014 0.488596 0.488596 0.488596
9264.654297 0.000000 7935.478027 0.000000 0.209077 0.000000 -0.977899 0.457727 0.457727 0.457727
9264.298828 0.000000 7898.895996 0.000000 0.974272 0.000000 -0.225374 0.407832 0.407832 0.407832
9228.289062 0.000000 7933.582031 0.000000 0.241894 0.000000 0.970303 0.350326 0.350326 0.350326
9238.976562 0.000000 7934.574707 0.000000 0.897354 0.000000 -0.441312 0.417116 0.417116 0.417116
9267.343750 0.000000 7916.884766 0.000000 0.974736 0.000000 -0.223361 0.410123 0.410123 0.410123
9206.450195 0.000000 7954.142578 0.000000 0.954566 0.000000 -0.297999 0.411332 0.411332 0.411332
9252.966797 0.000000 7924.691895 0.000000 0.881775 0.000000 0.471670 0.358307 0.358307 0.358307
9258.963867 0.000000 7942.822266 0.000000 0.878022 0.000000 0.478620 0.353400 0.353400 0.353400
9258.781250 0.000000 7933.743164 0.000000 0.474880 0.000000 -0.880051 0.452650 0.452650 0.452650
9254.986328 0.000000 7960.665527 0.000000 0.045974 0.000000 0.998943 0.278184 0.278184 0.278184
9231.551758 0.000000 7948.266602 0.000000 0.042823 0.000000 -0.999083 0.454168 0.454168 0.454168
9267.300781 0.000000 7931.503418 0.000000 0.878921 0.000000 0.476967 0.357300 0.357300 0.357300
9200.515625 0.000000 7956.921387 0.000000 0.980850 0.000000 0.194763 0.391779 0.391779 0.391779
9266.757812 0.000000 7923.860352 0.000000 0.808244 0.000000 0.588848 0.351900 0.351900 0.351900
9265.597656 0.000000 7921.209961 0.000000 0.983952 0.000000 0.178436 0.391222 0.391222 0.391222
9228.841797 0.000000 7923.395020 0.000000 0.742546 0.000000 0.669795 0.345031 0.345031 0.345031
9246.148438 0.000000 7949.826172 0.000000 0.701223 0.000000 0.712942 0.359974 0.359974 0.359974
9272.208008 0.000000 7933.155762 0.000000 0.184999 0.000000 0.982739 0.336391 0.336391 0.336391
9251.754883 0.000000 7944.616211 0.000000 0.694243 0.000000 -0.719740 0.439715 0.439715 0.439715
9272.539062 0.000000 7917.227539 0.000000 0.470357 0.000000 0.882476 0.348719 0.348719 0.348719
9257.326172 0.000000 7923.993164 0.000000 0.556031 0.000000 0.831162 0.325042 0.325042 0.325042
9252.385742 0.000000 7935.656250 0.000000 0.905618 0.000000 0.424095 0.375071 0.375071 0.375071
9226.084961 0.000000 7923.452148 0.000000 0.605529 0.000000 0.795823 0.353586 0.353586 0.353586
9250.587891 0.000000 7942.241211 0.000000 0.923423 0.000000 0.383784 0.382299 0.382299 0.382299
9261.493164 0.000000 7941.850586 0.000000 0.989259 0.000000 0.146173 0.390917 0.390917 0.390917
9267.551758 0.000000 7949.512695 0.000000 0.495766 0.000000 -0.868456 0.445702 0.445702 0.445702
9262.613281 0.000000 7933.488770 0.000000 0.037565 0.000000 0.999294 0.285933 0.285933 0.285933
9256.963867 0.000000 7899.764648 0.000000 0.282083 0.000000 -0.959390 0.469285 0.469285 0.469285
9279.473633 0.000000 7920.713867 0.000000 0.707507 0.000000 0.706706 0.363556 0.363556 0.363556
9197.069336 0.000000 7967.041016 0.000000 0.597255 0.000000 -0.802051 0.444148 0.444148 0.444148
9212.592773 0.000000 7956.515137 0.000000 0.489844 0.000000 0.871810 0.320693 0.320693 0.320693
9244.042969 0.000000 7948.735352 0.000000 0.999468 0.000000 -0.032618 0.402541 0.402541 0.402541
9256.274414 0.000000 7938.131836 0.000000 0.327986 0.000000 -0.944683 0.498793 0.498793 0.498793
9266.970703 0.000000 7963.694824 0.000000 0.985798 0.000000 0.167938 0.391912 0.391912 0.391912
9254.752930 0.000000 7931.688965 0.000000 0.656031 0.000000 -0.754734 0.451244 0.451244 0.451244
9250.367188 0.000000 7931.284668 0.000000 0.024199 0.000000 0.999707 0.305788 0.305788 0.305788
9272.800781 0.000000 7922.896973 0.000000 0.263555 0.000000 0.964644 0.322514 0.322514 0.322514
9259.985352 0.000000 7926.888184 0.000000 0.507237 0.000000 -0.861806 0.475729 0.475729 0.475729
9271.625000 0.000000 7930.782715 0.000000 0.477310 0.000000 -0.878735 0.460552 0.460552 0.460552
9217.152344 0.000000 7955.363281 0.000000 0.422855 0.000000 0.906197 0.336572 0.336572 0.336572
9274.057617 0.000000 7918.828613 0.000000 0.743729 0.000000 0.668481 0.358690 0.358690 0.358690
9255.108398 0.000000 7935.926270 0.000000 0.314088 0.000000 -0.949394 0.485596 0.485596 0.485596
9205.829102 0.000000 7959.155273 0.000000 0.926595 0.000000 0.376061 0.375552 0.375552 0.375552
9325.786133 0.000000 7915.748535 0.000000 0.952468 0.000000 -0.304639 0.435550 0.435550 0.435550
9322.620117 0.000000 7896.779297 0.000000 0.726015 0.000000 -0.687679 0.483675 0.483675 0.483675
9284.908203 0.000000 7917.534668 0.000000 0.662884 0.000000 -0.748722 0.493369 0.493369 0.493369
9325.553711 0.000000 7890.942871 0.000000 0.453924 0.000000 -0.891040 0.528479 0.528479 0.528479
9334.850586 0.000000 7916.818848 0.000000 0.691020 0.000000 0.722835 0.306010 0.306010 0.306010
9309.673828 0.000000 7924.336426 0.000000 0.716066 0.000000 0.698032 0.393442 0.393442 0.393442
9310.343750 0.000000 7898.715332 0.000000 0.963795 0.000000 0.266645 0.396226 0.396226 0.396226
9288.898438 0.000000 7914.652832 0.000000 0.671787 0.000000 -0.740744 0.492466 0.492466 0.492466
9348.849609 0.000000 7922.833496 0.000000 0.889075 0.000000 0.457762 0.347295 0.347295 0.347295
9284.326172 0.000000 7908.509766 0.000000 0.370382 0.000000 -0.928880 0.421415 0.421415 0.421415
9340.627930 0.000000 7902.505371 0.000000 0.671449 0.000000 -0.741051 0.420837 0.420837 0.420837
9296.616211 0.000000 7906.959473 0.000000 0.601990 0.000000 -0.798504 0.423550 0.423550 0.423550
9360.094727 0.000000 7928.835938 0.000000 0.991538 0.000000 0.129821 0.397270 0.397270 0.397270
9347.091797 0.000000 7908.141113 0.000000 0.770872 0.000000 0.636991 0.383104 0.383104 0.383104
9355.041992 0.000000 7919.243164 0.000000 0.430287 0.000000 -0.902692 0.425862 0.425862 0.425862
9327.039062 0.000000 7878.355469 0.000000 0.164459 0.000000 0.986384 0.362803 0.362803 0.362803
9307.028320 0.000000 7921.742676 0.000000 0.029703 0.000000 0.999559 0.360756 0.360756 0.360756
9325.333984 0.000000 7887.101074 0.000000 0.598381 0.000000 -0.801212 0.424593 0.424593 0.424593
9320.037109 0.000000 7888.518066 0.000000 0.469904 0.000000 0.882717 0.377317 0.377317 0.377317
9331.842773 0.000000 7883.312988 0.000000 0.295259 0.000000 0.955417 0.366998 0.366998 0.366998
9302.016602 0.000000 7899.349121 0.000000 0.869615 0.000000 -0.493730 0.415212 0.415212 0.415212
9296.666016 0.000000 7903.531250 0.000000 0.843599 0.000000 0.536973 0.382735 0.382735 0.382735
9315.667969 0.000000 7898.139648 0.000000 0.355037 0.000000 -0.934852 0.433773 0.433773 0.433773
9291.285156 0.000000 7901.212891 0.000000 0.606232 0.000000 0.795288 0.371535 0.371535 0.371535
9309.119141 0.000000 7890.823730 0.000000 0.993847 0.000000 -0.110760 0.402882 0.402882 0.402882
9307.197266 0.000000 7897.166016 0.000000 0.497488 0.000000 0.867471 0.369589 0.369589 0.369589
9332.267578 0.000000 7908.534180 0.000000 0.995630 0.000000 -0.093389 0.403549 0.403549 0.403549
9302.162109 0.000000 7909.097168 0.000000 0.598853 0.000000 -0.800859 0.427823 0.427823 0.427823
9290.458008 0.000000 7905.049316 0.000000 0.988207 0.000000 -0.153123 0.404836 0.404836 0.404836
9297.082031 0.000000 7899.773438 0.000000 0.313465 0.000000 -0.949600 0.438132 0.438132 0.438132
9281.886719 0.000000 7913.386719 0.000000 0.999916 0.000000 0.012925 0.399581 0.399581 0.399581
9358.396484 0.000000 7935.478027 0.000000 0.993479 0.000000 0.114011 0.389902 0.389902 0.389902
9371.686523 0.000000 7939.466797 0.000000 0.920070 0.000000 0.391755 0.367037 0.367037 0.367037
9315.494141 0.000000 7909.234375 0.000000 0.745341 0.000000 0.666683 0.339514 0.339514 0.339514
9318.262695 0.000000 7891.139648 0.000000 0.316035 0.000000 -0.948747 0.509782 0.509782 0.509782
9326.875977 0.000000 7893.206055 0.000000 0.999249 0.000000 0.038737 0.396614 0.396614 0.396614
9316.965820 0.000000 7916.403320 0.000000 0.791651 0.000000 -0.610973 0.430194 0.430194 0.430194
9298.717773 0.000000 7923.528320 0.000000 0.995835 0.000000 0.091173 0.395441 0.395441 0.395441
9351.068359 0.000000 7923.993164 0.000000 0.712920 0.000000 -0.701245 0.433371 0.433371 0.433371
9286.395508 0.000000 7919.561523 0.000000 0.486900 0.000000 -0.873458 0.446144 0.446144 0.446144
9314.216797 0.000000 7913.740723 0.000000 0.922079 0.000000 0.387002 0.376190 0.376190 0.376190
9328.250977 0.000000 7896.892090 0.000000 0.979714 0.000000 -0.200402 0.411686 0.411686 0.411686
9321.254883 0.000000 7914.923828 0.000000 0.175462 0.000000 -0.984486 0.468232 0.468232 0.468232
9324.978516 0.000000 7902.563965 0.000000 0.771854 0.000000 -0.635800 0.452983 0.452983 0.452983
9294.791992 0.000000 7916.898438 0.000000 0.539489 0.000000 -0.841993 0.482466 0.482466 0.482466
9320.425781 0.000000 7897.721680 0.000000 0.477255 0.000000 0.878765 0.319616 0.319616 0.319616
9323.520508 0.000000 7915.524414 0.000000 0.528639 0.000000 0.848847 0.338750 0.338750 0.338750
9350.196289 0.000000 7933.852051 0.000000 0.609305 0.000000 -0.792936 0.465833 0.465833 0.465833
9319.137695 0.000000 7908.173828 0.000000 0.573405 0.000000 -0.819272 0.467596 0.467596 0.467596
9317.594727 0.000000 7910.230469 0.000000 0.567599 0.000000 0.823305 0.340116 0.340116 0.340116
9316.622070 0.000000 7914.048340 0.000000 0.743063 0.000000 0.669222 0.346919 0.346919 0.346919
9319.479492 0.000000 7916.826172 0.000000 0.961396 0.000000 -0.275169 0.417399 0.417399 0.417399
9353.727539 0.000000 7926.888184 0.000000 0.780855 0.000000 -0.624712 0.448853 0.448853 0.448853
9352.951172 0.000000 7924.935547 0.000000 0.864981 0.000000 -0.501804 0.433072 0.433072 0.433072
9309.012695 0.000000 7922.384766 0.000000 0.775769 0.000000 -0.631017 0.441938 0.441938 0.441938
9188.932617 0.000000 7991.320801 0.000000 0.937591 0.000000 -0.347739 0.439191 0.439191 0.439191
9269.783203 0.000000 8026.099121 0.000000 0.979460 0.000000 -0.201636 0.422201 0.422201 0.422201
9186.754883 0.000000 7986.619629 0.000000 0.651213 0.000000 0.758895 0.302342 0.302342 0.302342
9196.316406 0.000000 7979.859375 0.000000 0.942616 0.000000 -0.333878 0.437224 0.437224 0.437224
9212.157227 0.000000 7983.382812 0.000000 0.397041 0.000000 -0.917801 0.423798 0.423798 0.423798
9271.723633 0.000000 8033.818848 0.000000 0.852203 0.000000 -0.523211 0.460209 0.460209 0.460209
9186.887695 0.000000 8000.709473 0.000000 0.228159 0.000000 0.973624 0.362515 0.362515 0.362515
9197.907227 0.000000 7982.426270 0.000000 0.987891 0.000000 -0.155150 0.414779 0.414779 0.414779
9264.738281 0.000000 8020.029297 0.000000 0.235779 0.000000 0.971807 0.352752 0.352752 0.352752
9259.588867 0.000000 8041.128906 0.000000 0.430657 0.000000 -0.902516 0.451705 0.451705 0.451705
9193.972656 0.000000 7982.218262 0.000000 0.372881 0.000000 -0.927879 0.504460 0.504460 0.504460
9188.871094 0.000000 7988.219238 0.000000 0.851454 0.000000 0.524430 0.375468 0.375468 0.375468
9267.300781 0.000000 8025.245605 0.000000 0.366985 0.000000 0.930227 0.352861 0.352861 0.352861
9254.395508 0.000000 8038.454102 0.000000 0.855547 0.000000 0.517725 0.377447 0.377447 0.377447
9257.326172 0.000000 8017.735352 0.000000 0.428108 0.000000 -0.903728 0.450708 0.450708 0.450708
9249.506836 0.000000 8059.272949 0.000000 0.956894 0.000000 0.290438 0.376605 0.376605 0.376605
9250.297852 0.000000 8054.332031 0.000000 0.979692 0.000000 0.200509 0.385787 0.385787 0.385787
9267.551758 0.000000 8043.254883 0.000000 0.910083 0.000000 -0.414426 0.431364 0.431364 0.431364
9187.221680 0.000000 7997.474609 0.000000 0.860494 0.000000 0.509460 0.368505 0.368505 0.368505
9258.048828 0.000000 8057.912109 0.000000 0.068026 0.000000 0.997684 0.319716 0.319716 0.319716
9265.366211 0.000000 8042.438477 0.000000 0.593513 0.000000 -0.804825 0.471925 0.471925 0.471925
9188.261719 0.000000 8002.584961 0.000000 0.477279 0.000000 -0.878752 0.466449 0.466449 0.466449
9276.943359 0.000000 8030.712402 0.000000 0.933809 0.000000 -0.357773 0.419913 0.419913 0.419913
9241.165039 0.000000 8054.077148 0.000000 0.924250 0.000000 -0.381787 0.423080 0.423080 0.423080
9189.067383 0.000000 8000.322754 0.000000 0.731976 0.000000 -0.681331 0.444538 0.444538 0.444538
9194.278320 0.000000 7991.445801 0.000000 0.812983 0.000000 -0.582287 0.442827 0.442827 0.442827
9267.767578 0.000000 8045.666016 0.000000 0.646612 0.000000 -0.762819 0.453721 0.453721 0.453721
9317.240234 0.000000 8017.403809 0.000000 0.812918 0.000000 0.582378 0.331092 0.331092 0.331092
9353.986328 0.000000 8051.120605 0.000000 0.322187 0.000000 -0.946676 0.529068 0.529068 0.529068
9308.652344 0.000000 8021.019531 0.000000 0.998109 0.000000 -0.061464 0.402088 0.402088 0.402088
9312.159180 0.000000 8012.194824 0.000000 0.168203 0.000000 -0.985752 0.462294 0.462294 0.462294
9305.712891 0.000000 8012.909668 0.000000 0.875685 0.000000 0.482883 0.357727 0.357727 0.357727
9306.665039 0.000000 8022.928711 0.000000 0.713185 0.000000 -0.700976 0.464770 0.464770 0.464770
9357.903320 0.000000 8047.022461 0.000000 0.929775 0.000000 0.368127 0.382494 0.382494 0.382494
9359.902344 0.000000 8051.125488 0.000000 0.510129 0.000000 -0.860098 0.490995 0.490995 0.490995
9345.497070 0.000000 8038.358398 0.000000 0.622449 0.000000 0.782660 0.334020 0.334020 0.334020
9315.524414 0.000000 8012.138672 0.000000 0.604939 0.000000 0.796272 0.338831 0.338831 0.338831
9359.649414 0.000000 8053.447754 0.000000 0.486759 0.000000 0.873536 0.315124 0.315124 0.315124
9311.814453 0.000000 8019.201660 0.000000 0.885063 0.000000 0.465472 0.365672 0.365672 0.365672
9347.796875 0.000000 8042.617188 0.000000 0.170349 0.000000 -0.985384 0.476174 0.476174 0.476174
9295.071289 0.000000 7999.221191 0.000000 0.962690 0.000000 0.270605 0.380708 0.380708 0.380708
9309.012695 0.000000 8016.126953 0.000000 0.997474 0.000000 -0.071027 0.404437 0.404437 0.404437
9162.947266 0.000000 8071.488770 0.000000 0.107203 0.000000 -0.994237 0.563673 0.563673 0.563673
9176.026367 0.000000 8075.102539 0.000000 0.999662 0.000000 0.026006 0.397091 0.397091 0.397091
9148.898438 0.000000 8065.739258 0.000000 0.269437 0.000000 -0.963018 0.549711 0.549711 0.549711
9161.408203 0.000000 8066.751465 0.000000 0.224792 0.000000 0.974407 0.265779 0.265779 0.265779
9159.873047 0.000000 8064.241699 0.000000 0.999891 0.000000 0.014763 0.398592 0.398592 0.398592
9186.015625 0.000000 8069.132324 0.000000 0.096229 0.000000 0.995359 0.328589 0.328589 0.328589
9174.302734 0.000000 8077.054688 0.000000 0.975643 0.000000 -0.219364 0.412699 0.412699 0.412699
9151.113281 0.000000 8064.493164 0.000000 0.192695 0.000000 -0.981259 0.468062 0.468062 0.468062
9147.222656 0.000000 8067.600098 0.000000 0.998313 0.000000 -0.058057 0.404728 0.404728 0.404728
9169.698242 0.000000 8075.009277 0.000000 0.307783 0.000000 0.951457 0.345355 0.345355 0.345355
9160.915039 0.000000 8072.403320 0.000000 0.984723 0.000000 -0.174129 0.409788 0.409788 0.409788
9164.934570 0.000000 8072.262207 0.000000 0.411220 0.000000 0.911536 0.320393 0.320393 0.320393
9163.836914 0.000000 8065.690918 0.000000 0.213854 0.000000 -0.976866 0.487295 0.487295 0.487295
9149.045898 0.000000 8063.742676 0.000000 0.029362 0.000000 -0.999569 0.496976 0.496976 0.496976
9186.754883 0.000000 8080.361816 0.000000 0.998936 0.000000 -0.046114 0.405229 0.405229 0.405229
9251.629883 0.000000 8061.932617 0.000000 0.371978 0.000000 -0.928242 0.533058 0.533058 0.533058
9200.328125 0.000000 8071.616211 0.000000 0.180854 0.000000 0.983510 0.242573 0.242573 0.242573
9187.572266 0.000000 8074.586914 0.000000 0.999990 0.000000 -0.004364 0.400176 0.400176 0.400176
9228.721680 0.000000 8066.791016 0.000000 0.617961 0.000000 0.786209 0.359347 0.359347 0.359347
9197.663086 0.000000 8071.186035 0.000000 0.019365 0.000000 -0.999812 0.531689 0.531689 0.531689
9229.475586 0.000000 8093.111328 0.000000 0.825759 0.000000 -0.564023 0.427228 0.427228 0.427228
9241.929688 0.000000 8075.216309 0.000000 0.991589 0.000000 -0.129428 0.405314 0.405314 0.405314
9199.369141 0.000000 8069.166992 0.000000 0.793013 0.000000 0.609205 0.375796 0.375796 0.375796
9235.545898 0.000000 8071.639648 0.000000 0.999107 0.000000 -0.042246 0.403819 0.403819 0.403819
9243.699219 0.000000 8068.805176 0.000000 0.818997 0.000000 0.573798 0.345074 0.345074 0.345074
9205.326172 0.000000 8068.160156 0.000000 0.991638 0.000000 -0.129048 0.409692 0.409692 0.409692
9186.996094 0.000000 8083.520020 0.000000 0.887769 0.000000 -0.460289 0.431764 0.431764 0.431764
9202.236328 0.000000 8069.603516 0.000000 0.528724 0.000000 0.848794 0.357483 0.357483 0.357483
9203.376953 0.000000 8076.781250 0.000000 0.145987 0.000000 0.989287 0.293326 0.293326 0.293326
9231.236328 0.000000 8090.048340 0.000000 0.086702 0.000000 -0.996234 0.467428 0.467428 0.467428
9229.320312 0.000000 8075.255859 0.000000 0.094401 0.000000 -0.995534 0.506881 0.506881 0.506881
9235.723633 0.000000 8066.834961 0.000000 0.339637 0.000000 0.940557 0.338871 0.338871 0.338871
9246.620117 0.000000 8062.643066 0.000000 0.997619 0.000000 0.068967 0.396140 0.396140 0.396140
9228.496094 0.000000 8070.288086 0.000000 0.360193 0.000000 -0.932878 0.492451 0.492451 0.492451
9224.436523 0.000000 8099.908691 0.000000 0.961707 0.000000 0.274078 0.384613 0.384613 0.384613
9214.391602 0.000000 8091.737793 0.000000 0.840871 0.000000 0.541235 0.360307 0.360307 0.360307
9424.508789 0.000000 7950.015625 0.000000 0.535030 0.000000 0.844833 0.393971 0.393971 0.393971
9422.733398 0.000000 7921.393066 0.000000 0.939279 0.000000 -0.343155 0.402623 0.402623 0.402623
9391.854492 0.000000 7952.336914 0.000000 0.212125 0.000000 -0.977243 0.418295 0.418295 0.418295
9404.085938 0.000000 7898.715332 0.000000 0.640641 0.000000 -0.767841 0.411365 0.411365 0.411365
9406.125000 0.000000 7890.956543 0.000000 0.812853 0.000000 -0.582468 0.408072 0.408072 0.408072
9408.130859 0.000000 7916.158691 0.000000 0.089817 0.000000 -0.995958 0.425140 0.425140 0.425140
9407.450195 0.000000 7923.924805 0.000000 0.930918 0.000000 0.365227 0.390853 0.390853 0.390853
9404.648438 0.000000 7916.061035 0.000000 0.103616 0.000000 0.994617 0.365573 0.365573 0.365573
9458.004883 0.000000 7967.861328 0.000000 0.266217 0.000000 0.963913 0.369461 0.369461 0.369461
9415.425781 0.000000 7874.436523 0.000000 0.837183 0.000000 0.546923 0.341056 0.341056 0.341056
9410.639648 0.000000 7934.733398 0.000000 0.950689 0.000000 0.310146 0.391970 0.391970 0.391970
9384.324219 0.000000 7945.641602 0.000000 0.460618 0.000000 0.887598 0.358012 0.358012 0.358012
9455.978516 0.000000 7961.958984 0.000000 0.007334 0.000000 0.999973 0.337548 0.337548 0.337548
9384.724609 0.000000 7935.627930 0.000000 0.551478 0.000000 0.834189 0.365515 0.365515 0.365515
9386.996094 0.000000 7944.688965 0.000000 0.325941 0.000000 0.945390 0.292374 0.292374 0.292374
9379.944336 0.000000 7937.331543 0.000000 0.363926 0.000000 0.931428 0.293497 0.293497 0.293497
9415.773438 0.000000 7933.582031 0.000000 0.814049 0.000000 -0.580796 0.457553 0.457553 0.457553
9382.161133 0.000000 7942.523438 0.000000 0.579053 0.000000 -0.815290 0.480437 0.480437 0.480437
9416.326172 0.000000 7923.395020 0.000000 0.541356 0.000000 -0.840794 0.480288 0.480288 0.480288
9418.013672 0.000000 7884.430664 0.000000 0.995597 0.000000 0.093734 0.393438 0.393438 0.393438
9374.291992 0.000000 7944.443848 0.000000 0.984842 0.000000 0.173453 0.385985 0.385985 0.385985
9409.266602 0.000000 7918.396484 0.000000 0.869962 0.000000 0.493119 0.366528 0.366528 0.366528
9413.592773 0.000000 7901.891602 0.000000 0.193113 0.000000 -0.981177 0.474226 0.474226 0.474226
9404.626953 0.000000 7928.699707 0.000000 0.211017 0.000000 0.977482 0.320656 0.320656 0.320656
9410.793945 0.000000 7943.472168 0.000000 0.997142 0.000000 -0.075553 0.405815 0.405815 0.405815
9380.085938 0.000000 7941.614258 0.000000 0.945083 0.000000 0.326829 0.380550 0.380550 0.380550
9419.351562 0.000000 7934.487305 0.000000 0.741609 0.000000 -0.670832 0.453238 0.453238 0.453238
9415.980469 0.000000 7882.803711 0.000000 0.940903 0.000000 0.338676 0.377918 0.377918 0.377918
9376.716797 0.000000 7947.939941 0.000000 0.794065 0.000000 0.607833 0.356287 0.356287 0.356287
9409.403320 0.000000 7896.127441 0.000000 0.918998 0.000000 0.394263 0.373087 0.373087 0.373087
9507.554688 0.000000 7880.634277 0.000000 0.849118 0.000000 -0.528203 0.405557 0.405557 0.405557
9520.653320 0.000000 7886.541504 0.000000 0.952450 0.000000 0.304696 0.393507 0.393507 0.393507
9539.339844 0.000000 7880.211914 0.000000 0.986272 0.000000 -0.165126 0.403148 0.403148 0.403148
9514.195312 0.000000 7884.262207 0.000000 0.888504 0.000000 0.458868 0.383100 0.383100 0.383100
9536.376953 0.000000 7879.267090 0.000000 0.786003 0.000000 -0.618223 0.423960 0.423960 0.423960
9498.317383 0.000000 7884.578613 0.000000 0.413322 0.000000 -0.910585 0.436580 0.436580 0.436580
9515.518555 0.000000 7927.210449 0.000000 0.943811 0.000000 -0.330485 0.414463 0.414463 0.414463
9531.814453 0.000000 7942.241211 0.000000 0.832722 0.000000 -0.553691 0.440140 0.440140 0.440140
9522.245117 0.000000 7944.754883 0.000000 0.737772 0.000000 0.675050 0.358929 0.358929 0.358929
9512.288086 0.000000 7878.758301 0.000000 0.440544 0.000000 -0.897731 0.464557 0.464557 0.464557
9521.098633 0.000000 7888.706055 0.000000 0.931026 0.000000 0.364952 0.377056 0.377056 0.377056
9524.743164 0.000000 7937.168945 0.000000 0.370326 0.000000 -0.928902 0.464249 0.464249 0.464249
9505.844727 0.000000 7897.482422 0.000000 0.576863 0.000000 0.816841 0.334610 0.334610 0.334610
9451.197266 0.000000 7984.462891 0.000000 0.838303 0.000000 -0.545205 0.429944 0.429944 0.429944
9500.000977 0.000000 8047.583008 0.000000 0.999867 0.000000 -0.016279 0.400179 0.400179 0.400179
9500.036133 0.000000 8059.960938 0.000000 0.764722 0.000000 0.644361 0.393008 0.393008 0.393008
9478.731445 0.000000 8058.082520 0.000000 0.108002 0.000000 0.994151 0.377361 0.377361 0.377361
9560.140625 0.000000 8047.079102 0.000000 0.996441 0.000000 0.084289 0.398820 0.398820 0.398820
9505.662109 0.000000 8059.849121 0.000000 0.917980 0.000000 0.396626 0.387374 0.387374 0.387374
9520.332031 0.000000 8054.983887 0.000000 0.414743 0.000000 0.909939 0.366324 0.366324 0.366324
9557.812500 0.000000 8035.557129 0.000000 0.321023 0.000000 -0.947071 0.435405 0.435405 0.435405
9504.381836 0.000000 8028.475586 0.000000 0.988927 0.000000 0.148405 0.396281 0.396281 0.396281
9542.775391 0.000000 8044.910156 0.000000 0.451062 0.000000 -0.892493 0.439647 0.439647 0.439647
9531.224609 0.000000 8030.333496 0.000000 0.778001 0.000000 -0.628264 0.422387 0.422387 0.422387
9497.282227 0.000000 8046.188477 0.000000 0.523091 0.000000 0.852277 0.361281 0.361281 0.361281
9508.955078 0.000000 8038.460449 0.000000 0.650523 0.000000 -0.759486 0.424979 0.424979 0.424979
9559.943359 0.000000 8050.768066 0.000000 0.638538 0.000000 -0.769590 0.429818 0.429818 0.429818
9557.470703 0.000000 8047.369141 0.000000 0.991109 0.000000 0.133050 0.394936 0.394936 0.394936
9533.017578 0.000000 8043.028809 0.000000 0.977248 0.000000 -0.212099 0.409924 0.409924 0.409924
9483.770508 0.000000 8055.980957 0.000000 0.900239 0.000000 0.435396 0.376383 0.376383 0.376383
9484.963867 0.000000 8060.215820 0.000000 0.163860 0.000000 -0.986484 0.511638 0.511638 0.511638
9519.555664 0.000000 8034.718750 0.000000 0.855355 0.000000 -0.518042 0.439698 0.439698 0.439698
9515.493164 0.000000 8038.316895 0.000000 0.487895 0.000000 -0.872902 0.443976 0.443976 0.443976
9515.684570 0.000000 8058.363770 0.000000 0.279705 0.000000 0.960086 0.305513 0.305513 0.305513
9533.612305 0.000000 8029.398438 0.000000 0.577030 0.000000 -0.816723 0.449151 0.449151 0.449151
9535.818359 0.000000 8048.004883 0.000000 0.892023 0.000000 0.451989 0.367450 0.367450 0.367450
9552.986328 0.000000 8046.648926 0.000000 0.923974 0.000000 -0.382456 0.417048 0.417048 0.417048
9506.142578 0.000000 8026.822754 0.000000 0.020362 0.000000 -0.999793 0.493672 0.493672 0.493672
9537.076172 0.000000 8044.034668 0.000000 0.740500 0.000000 0.672057 0.349218 0.349218 0.349218
9532.812500 0.000000 8051.139160 0.000000 0.987164 0.000000 0.159710 0.392632 0.392632 0.392632
9492.156250 0.000000 8045.363281 0.000000 0.395131 0.000000 0.918625 0.308706 0.308706 0.308706
9519.780273 0.000000 8059.687988 0.000000 0.719393 0.000000 0.694604 0.344023 0.344023 0.344023
9517.247070 0.000000 8055.507812 0.000000 0.361076 0.000000 -0.932536 0.465984 0.465984 0.465984
9500.339844 0.000000 8042.387207 0.000000 0.510492 0.000000 -0.859882 0.479588 0.479588 0.479588
9531.593750 0.000000 8025.026855 0.000000 0.067356 0.000000 -0.997729 0.505843 0.505843 0.505843
9522.391602 0.000000 8054.077148 0.000000 0.653996 0.000000 -0.756498 0.447122 0.447122 0.447122
9535.281250 0.000000 8042.617188 0.000000 0.239387 0.000000 0.970924 0.307758 0.307758 0.307758
9524.743164 0.000000 8030.911133 0.000000 0.385527 0.000000 0.922697 0.330183 0.330183 0.330183
9475.486328 0.000000 8047.799805 0.000000 0.533144 0.000000 0.846025 0.340582 0.340582 0.340582
9524.817383 0.000000 8050.939941 0.000000 0.604788 0.000000 0.796387 0.340198 0.340198 0.340198
9627.999023 0.000000 7946.828125 0.000000 0.697582 0.000000 -0.716505 0.411566 0.411566 0.411566
9682.610352 0.000000 7893.952148 0.000000 0.923628 0.000000 -0.383291 0.402750 0.402750 0.402750
9746.220703 0.000000 7880.229980 0.000000 0.159601 0.000000 -0.987182 0.423241 0.423241 0.423241
9668.222656 0.000000 7944.688965 0.000000 0.512123 0.000000 -0.858912 0.436110 0.436110 0.436110
9680.254883 0.000000 7895.176758 0.000000 0.956316 0.000000 -0.292334 0.413480 0.413480 0.413480
9671.254883 0.000000 7962.238770 0.000000 0.649490 0.000000 0.760370 0.362473 0.362473 0.362473
9684.547852 0.000000 7896.300293 0.000000 0.495430 0.000000 0.868648 0.354806 0.354806 0.354806
9686.587891 0.000000 7888.000488 0.000000 0.965608 0.000000 -0.260003 0.411688 0.411688 0.411688
9683.010742 0.000000 7899.551270 0.000000 0.998766 0.000000 0.049671 0.397767 0.397767 0.397767
9562.434570 0.000000 8042.976562 0.000000 0.799242 0.000000 0.601010 0.398712 0.398712 0.398712
9640.766602 0.000000 7985.990723 0.000000 0.288756 0.000000 0.957403 0.390429 0.390429 0.390429
9569.391602 0.000000 8029.129395 0.000000 0.556383 0.000000 0.830926 0.386288 0.386288 0.386288
9614.118164 0.000000 8040.032227 0.000000 0.953877 0.000000 -0.300197 0.405176 0.405176 0.405176
9602.417969 0.000000 8032.929199 0.000000 0.454832 0.000000 -0.890577 0.426330 0.426330 0.426330
9604.681641 0.000000 8029.668945 0.000000 0.852025 0.000000 -0.523501 0.414305 0.414305 0.414305
9585.898438 0.000000 8030.646484 0.000000 0.906483 0.000000 -0.422243 0.414583 0.414583 0.414583
9615.072266 0.000000 8019.590332 0.000000 0.771930 0.000000 -0.635707 0.422703 0.422703 0.422703
9627.754883 0.000000 7977.503418 0.000000 0.836737 0.000000 0.547605 0.382060 0.382060 0.382060
9565.440430 0.000000 8023.724609 0.000000 0.951916 0.000000 -0.306360 0.410416 0.410416 0.410416
9576.955078 0.000000 8026.275391 0.000000 0.171697 0.000000 0.985150 0.348336 0.348336 0.348336
9596.781250 0.000000 8019.951172 0.000000 0.999988 0.000000 0.004969 0.399779 0.399779 0.399779
9608.813477 0.000000 8026.172852 0.000000 0.007577 0.000000 -0.999971 0.451515 0.451515 0.451515
9596.103516 0.000000 8023.140625 0.000000 0.291942 0.000000 -0.956436 0.445820 0.445820 0.445820
9587.891602 0.000000 8022.928711 0.000000 0.411011 0.000000 -0.911630 0.451554 0.451554 0.451554
9609.260742 0.000000 8020.952637 0.000000 0.289188 0.000000 0.957272 0.330477 0.330477 0.330477
9584.538086 0.000000 8024.403809 0.000000 0.557574 0.000000 0.830127 0.358925 0.358925 0.358925
9598.609375 0.000000 8053.733398 0.000000 0.987036 0.000000 0.160496 0.392273 0.392273 0.392273
9611.936523 0.000000 8021.991211 0.000000 0.320296 0.000000 -0.947318 0.467124 0.467124 0.467124
9599.880859 0.000000 8019.564453 0.000000 0.101247 0.000000 -0.994861 0.482905 0.482905 0.482905
9581.608398 0.000000 8029.171875 0.000000 0.850466 0.000000 0.526030 0.372895 0.372895 0.372895
9649.930664 0.000000 8015.869629 0.000000 0.668104 0.000000 -0.744068 0.438966 0.438966 0.438966
9570.479492 0.000000 8031.520508 0.000000 0.642039 0.000000 0.766672 0.362485 0.362485 0.362485
9569.367188 0.000000 8038.934570 0.000000 0.672315 0.000000 0.740266 0.348397 0.348397 0.348397
9601.652344 0.000000 7991.463867 0.000000 0.634902 0.000000 -0.772593 0.450257 0.450257 0.450257
9629.945312 0.000000 8000.010254 0.000000 0.341780 0.000000 0.939780 0.337765 0.337765 0.337765
9601.077148 0.000000 7995.633789 0.000000 0.979554 0.000000 -0.201183 0.411429 0.411429 0.411429
9640.491211 0.000000 7998.130859 0.000000 0.968344 0.000000 0.249620 0.387781 0.387781 0.387781
9598.278320 0.000000 8037.214355 0.000000 0.015974 0.000000 0.999872 0.320814 0.320814 0.320814
9565.851562 0.000000 8029.012695 0.000000 0.289630 0.000000 0.957139 0.325401 0.325401 0.325401
9571.444336 0.000000 8021.574219 0.000000 0.563165 0.000000 -0.826344 0.453904 0.453904 0.453904
9606.835938 0.000000 8028.229492 0.000000 0.991535 0.000000 0.129841 0.392848 0.392848 0.392848
9594.082031 0.000000 8042.387207 0.000000 0.985813 0.000000 0.167849 0.391074 0.391074 0.391074
9599.769531 0.000000 8023.913086 0.000000 0.560132 0.000000 -0.828404 0.455082 0.455082 0.455082
9567.531250 0.000000 8022.546387 0.000000 0.219964 0.000000 -0.975508 0.482850 0.482850 0.482850
9714.291992 0.000000 8035.947266 0.000000 0.512374 0.000000 0.858763 0.379372 0.379372 0.379372
9669.047852 0.000000 8029.142090 0.000000 0.950283 0.000000 -0.311388 0.409487 0.409487 0.409487
9664.701172 0.000000 8026.509766 0.000000 0.975907 0.000000 -0.218186 0.406150 0.406150 0.406150
9694.646484 0.000000 8046.947754 0.000000 0.039595 0.000000 0.999216 0.344189 0.344189 0.344189
9659.182617 0.000000 8023.724609 0.000000 0.126022 0.000000 0.992027 0.350957 0.350957 0.350957
9686.451172 0.000000 7996.290527 0.000000 0.327792 0.000000 -0.944750 0.448787 0.448787 0.448787
9663.387695 0.000000 8036.265625 0.000000 0.409159 0.000000 0.912463 0.360979 0.360979 0.360979
9687.127930 0.000000 8012.194824 0.000000 0.487425 0.000000 0.873165 0.358653 0.358653 0.358653
9464.994141 0.000000 8067.714355 0.000000 0.905916 0.000000 0.423457 0.393669 0.393669 0.393669
9457.475586 0.000000 8105.212402 0.000000 0.707857 0.000000 0.706355 0.382377 0.382377 0.382377
9422.466797 0.000000 8134.512695 0.000000 0.274972 0.000000 -0.961452 0.437423 0.437423 0.437423
9446.780273 0.000000 8116.525391 0.000000 0.952369 0.000000 0.304949 0.387776 0.387776 0.387776
9466.902344 0.000000 8064.977051 0.000000 0.682078 0.000000 -0.731279 0.427439 0.427439 0.427439
9428.337891 0.000000 8142.377441 0.000000 0.888258 0.000000 0.459345 0.380698 0.380698 0.380698
9463.270508 0.000000 8098.827637 0.000000 0.474632 0.000000 -0.880185 0.435467 0.435467 0.435467
9435.686523 0.000000 8129.135254 0.000000 0.967617 0.000000 -0.252424 0.410958 0.410958 0.410958
9465.458008 0.000000 8094.668457 0.000000 0.983715 0.000000 0.179737 0.391518 0.391518 0.391518
9450.884766 0.000000 8118.144043 0.000000 0.996067 0.000000 -0.088607 0.407664 0.407664 0.407664
9441.879883 0.000000 8132.196289 0.000000 0.597571 0.000000 0.801816 0.363303 0.363303 0.363303
9466.557617 0.000000 8091.330566 0.000000 0.703489 0.000000 0.710706 0.355793 0.355793 0.355793
9422.073242 0.000000 8136.966797 0.000000 0.803694 0.000000 -0.595042 0.450597 0.450597 0.450597
9450.097656 0.000000 8120.973145 0.000000 0.150495 0.000000 0.988611 0.331947 0.331947 0.331947
9546.358398 0.000000 8106.109863 0.000000 0.707181 0.000000 -0.707032 0.402745 0.402745 0.402745
9525.696289 0.000000 8074.650391 0.000000 0.452478 0.000000 -0.891775 0.410997 0.410997 0.410997
9481.589844 0.000000 8087.125488 0.000000 0.383073 0.000000 0.923718 0.381183 0.381183 0.381183
9499.867188 0.000000 8078.440918 0.000000 0.815297 0.000000 0.579042 0.389208 0.389208 0.389208
9547.228516 0.000000 8066.362793 0.000000 0.932231 0.000000 0.361865 0.389832 0.389832 0.389832
9516.502930 0.000000 8077.807129 0.000000 0.626140 0.000000 0.779711 0.379462 0.379462 0.379462
9503.244141 0.000000 8080.062012 0.000000 0.596397 0.000000 -0.802690 0.426054 0.426054 0.426054
9479.133789 0.000000 8076.168457 0.000000 0.978981 0.000000 -0.203949 0.406666 0.406666 0.406666
9489.758789 0.000000 8075.152832 0.000000 0.638421 0.000000 0.769688 0.375440 0.375440 0.375440
9497.553711 0.000000 8096.986328 0.000000 0.430951 0.000000 -0.902375 0.438206 0.438206 0.438206
9484.942383 0.000000 8065.967773 0.000000 0.230854 0.000000 -0.972988 0.446092 0.446092 0.446092
9525.101562 0.000000 8071.874512 0.000000 0.793667 0.000000 0.608352 0.371591 0.371591 0.371591
9486.858398 0.000000 8077.696777 0.000000 0.884453 0.000000 0.466630 0.378184 0.378184 0.378184
9509.948242 0.000000 8066.791016 0.000000 0.945756 0.000000 -0.324879 0.410739 0.410739 0.410739
9518.659180 0.000000 8075.832520 0.000000 0.321544 0.000000 -0.946895 0.451531 0.451531 0.451531
9479.891602 0.000000 8066.313965 0.000000 0.431223 0.000000 -0.902246 0.447183 0.447183 0.447183
9512.183594 0.000000 8061.901367 0.000000 0.999946 0.000000 -0.010345 0.400403 0.400403 0.400403
9502.978516 0.000000 8096.718750 0.000000 0.993963 0.000000 -0.109718 0.405270 0.405270 0.405270
9523.156250 0.000000 8075.216309 0.000000 0.771114 0.000000 0.636697 0.373119 0.373119 0.373119
9480.901367 0.000000 8074.121094 0.000000 0.919366 0.000000 0.393404 0.369515 0.369515 0.369515
9480.595703 0.000000 8069.166992 0.000000 0.991707 0.000000 -0.128519 0.405212 0.405212 0.405212
9514.360352 0.000000 8080.690430 0.000000 0.103879 0.000000 0.994590 0.339215 0.339215 0.339215
9473.871094 0.000000 8102.338379 0.000000 0.986479 0.000000 -0.163889 0.406987 0.406987 0.406987
9481.953125 0.000000 8095.716309 0.000000 0.939347 0.000000 0.342968 0.375179 0.375179 0.375179
9497.063477 0.000000 8083.784668 0.000000 0.567591 0.000000 -0.823310 0.474373 0.474373 0.474373
9486.584961 0.000000 8091.750488 0.000000 0.051744 0.000000 -0.998660 0.510736 0.510736 0.510736
9526.082031 0.000000 8064.493164 0.000000 0.850211 0.000000 -0.526441 0.432111 0.432111 0.432111
9522.191406 0.000000 8067.600098 0.000000 0.536391 0.000000 -0.843970 0.441635 0.441635 0.441635
9478.302734 0.000000 8097.622559 0.000000 0.804095 0.000000 -0.594501 0.444504 0.444504 0.444504
9468.222656 0.000000 8083.520020 0.000000 0.687467 0.000000 0.726215 0.354952 0.354952 0.354952
9484.603516 0.000000 8076.781250 0.000000 0.274633 0.000000 0.961549 0.297381 0.297381 0.297381
9514.590820 0.000000 8076.240723 0.000000 0.886607 0.000000 -0.462523 0.427850 0.427850 0.427850
9468.448242 0.000000 8091.216797 0.000000 0.325773 0.000000 0.945448 0.316485 0.316485 0.316485
9469.825195 0.000000 8120.682617 0.000000 0.038711 0.000000 0.999250 0.331152 0.331152 0.331152
9469.294922 0.000000 8105.496094 0.000000 0.365969 0.000000 -0.930627 0.456140 0.456140 0.456140
9468.289062 0.000000 8064.166504 0.000000 0.874701 0.000000 -0.484663 0.438401 0.438401 0.438401
9522.627930 0.000000 8072.686035 0.000000 0.316979 0.000000 -0.948433 0.489127 0.489127 0.489127
9517.661133 0.000000 8061.903320 0.000000 0.838928 0.000000 0.544242 0.358048 0.358048 0.358048
9479.983398 0.000000 8085.084473 0.000000 0.611717 0.000000 -0.791076 0.461513 0.461513 0.461513
9477.084961 0.000000 8099.722656 0.000000 0.009694 0.000000 0.999953 0.290094 0.290094 0.290094
9513.565430 0.000000 8063.742676 0.000000 0.457817 0.000000 -0.889047 0.461250 0.461250 0.461250
9506.099609 0.000000 8080.829590 0.000000 0.999897 0.000000 0.014357 0.399018 0.399018 0.399018
9482.555664 0.000000 8092.963379 0.000000 0.697876 0.000000 0.716219 0.349772 0.349772 0.349772
9520.471680 0.000000 8068.948730 0.000000 0.415494 0.000000 -0.909596 0.482133 0.482133 0.482133
9651.689453 0.000000 8092.339844 0.000000 0.443780 0.000000 0.896136 0.396117 0.396117 0.396117
9631.554688 0.000000 8076.993652 0.000000 0.931278 0.000000 -0.364309 0.403538 0.403538 0.403538
9569.391602 0.000000 8122.871582 0.000000 0.995843 0.000000 -0.091092 0.401139 0.401139 0.401139
9640.701172 0.000000 8076.000977 0.000000 0.993017 0.000000 0.117969 0.396635 0.396635 0.396635
9634.113281 0.000000 8074.312012 0.000000 0.174922 0.000000 0.984582 0.358209 0.358209 0.358209
9614.739258 0.000000 8093.194824 0.000000 0.879525 0.000000 -0.475853 0.414115 0.414115 0.414115
9630.120117 0.000000 8079.777344 0.000000 0.795821 0.000000 0.605532 0.374993 0.374993 0.374993
9581.561523 0.000000 8137.965820 0.000000 0.972788 0.000000 0.231697 0.390310 0.390310 0.390310
9567.428711 0.000000 8124.815918 0.000000 0.979415 0.000000 0.201856 0.391678 0.391678 0.391678
9571.639648 0.000000 8127.531738 0.000000 0.154690 0.000000 -0.987963 0.452301 0.452301 0.452301
9641.027344 0.000000 8082.391602 0.000000 0.671094 0.000000 -0.741372 0.439196 0.439196 0.439196
9636.643555 0.000000 8073.425781 0.000000 0.966989 0.000000 -0.254819 0.412222 0.412222 0.412222
9638.681641 0.000000 8078.205078 0.000000 0.980642 0.000000 0.195809 0.392324 0.392324 0.392324
9647.507812 0.000000 8104.711914 0.000000 0.184753 0.000000 -0.982785 0.457397 0.457397 0.457397
9654.041992 0.000000 8091.330566 0.000000 0.428453 0.000000 -0.903564 0.449564 0.449564 0.449564
9648.812500 0.000000 8142.130859 0.000000 0.416977 0.000000 -0.908917 0.446703 0.446703 0.446703
9647.859375 0.000000 8150.000977 0.000000 0.127886 0.000000 -0.991789 0.464826 0.464826 0.464826
9638.409180 0.000000 8075.009277 0.000000 0.346725 0.000000 -0.937967 0.457107 0.457107 0.457107
9635.523438 0.000000 8068.525879 0.000000 0.479032 0.000000 -0.877797 0.451349 0.451349 0.451349
9579.069336 0.000000 8134.205078 0.000000 0.659627 0.000000 0.751593 0.349467 0.349467 0.349467
9587.561523 0.000000 8143.999512 0.000000 0.703085 0.000000 -0.711106 0.445424 0.445424 0.445424
9576.472656 0.000000 8134.022949 0.000000 0.915150 0.000000 0.403114 0.378247 0.378247 0.378247
9585.898438 0.000000 8139.105469 0.000000 0.206248 0.000000 0.978500 0.326497 0.326497 0.326497
9633.453125 0.000000 8069.971680 0.000000 0.950472 0.000000 -0.310810 0.415307 0.415307 0.415307
9672.192383 0.000000 8122.536621 0.000000 0.801561 0.000000 -0.597913 0.408000 0.408000 0.408000
9685.672852 0.000000 8136.724121 0.000000 0.899516 0.000000 0.436889 0.391647 0.391647 0.391647
9695.780273 0.000000 8094.109375 0.000000 0.567088 0.000000 -0.823657 0.422713 0.422713 0.422713
9661.477539 0.000000 8073.499512 0.000000 0.994025 0.000000 -0.109154 0.403004 0.403004 0.403004
9690.005859 0.000000 8143.131836 0.000000 0.484076 0.000000 -0.875026 0.434581 0.434581 0.434581
9684.766602 0.000000 8139.930664 0.000000 0.466067 0.000000 -0.884750 0.440667 0.440667 0.440667
9680.846680 0.000000 8141.651855 0.000000 0.999829 0.000000 0.018518 0.399408 0.399408 0.399408
9689.479492 0.000000 8124.360352 0.000000 0.040300 0.000000 -0.999188 0.456550 0.456550 0.456550
9696.433594 0.000000 8087.669434 0.000000 0.986914 0.000000 0.161249 0.394258 0.394258 0.394258
9690.301758 0.000000 8128.498047 0.000000 0.088952 0.000000 -0.996036 0.454008 0.454008 0.454008
9662.153320 0.000000 8099.884277 0.000000 0.985898 0.000000 0.167349 0.392948 0.392948 0.392948
9655.932617 0.000000 8091.216797 0.000000 0.769264 0.000000 -0.638931 0.430455 0.430455 0.430455
9615.933594 0.000000 8161.342285 0.000000 0.206361 0.000000 -0.978476 0.470775 0.470775 0.470775
9704.765625 0.000000 8215.447266 0.000000 0.803092 0.000000 0.595855 0.397450 0.397450 0.397450
9686.435547 0.000000 8217.716797 0.000000 0.780332 0.000000 -0.625366 0.420240 0.420240 0.420240
9699.931641 0.000000 8245.854492 0.000000 0.083201 0.000000 -0.996533 0.442335 0.442335 0.442335
9682.166016 0.000000 8178.392578 0.000000 0.510876 0.000000 -0.859654 0.426862 0.426862 0.426862
9691.866211 0.000000 8215.959961 0.000000 0.072640 0.000000 -0.997358 0.455353 0.455353 0.455353
9688.332031 0.000000 8232.075195 0.000000 0.640707 0.000000 -0.767785 0.433218 0.433218 0.433218
9692.129883 0.000000 8161.397949 0.000000 0.346984 0.000000 -0.937871 0.443124 0.443124 0.443124
9689.845703 0.000000 8210.625000 0.000000 0.980266 0.000000 -0.197681 0.407353 0.407353 0.407353
9695.505859 0.000000 8176.504395 0.000000 0.984867 0.000000 -0.173313 0.406262 0.406262 0.406262
9825.509766 0.000000 7667.100586 0.000000 0.121508 0.000000 -0.992590 0.411576 0.411576 0.411576
9832.236328 0.000000 7838.614746 0.000000 0.950229 0.000000 -0.311551 0.401266 0.401266 0.401266
9830.609375 0.000000 7844.427246 0.000000 0.345252 0.000000 0.938510 0.389659 0.389659 0.389659
9760.579102 0.000000 7874.360840 0.000000 0.998472 0.000000 0.055261 0.399282 0.399282 0.399282
9856.348633 0.000000 7959.644043 0.000000 0.893135 0.000000 0.449788 0.395574 0.395574 0.395574
9839.930664 0.000000 8015.981445 0.000000 0.998631 0.000000 0.052302 0.399451 0.399451 0.399451
9797.929688 0.000000 7988.113281 0.000000 0.030403 0.000000 -0.999538 0.420767 0.420767 0.420767
9699.252930 0.000000 8256.687500 0.000000 0.669540 0.000000 0.742776 0.386623 0.386623 0.386623
10944.048828 0.000000 7884.004395 0.000000 0.840640 0.000000 -0.541595 0.403143 0.403143 0.403143
11006.517578 0.000000 7942.501465 0.000000 0.973347 0.000000 -0.229336 0.401618 0.401618 0.401618
11034.451172 0.000000 8001.883301 0.000000 0.454897 0.000000 -0.890544 0.419746 0.419746 0.419746
11049.257812 0.000000 8219.395508 0.000000 0.967655 0.000000 0.252276 0.397199 0.397199 0.397199
11067.577148 0.000000 8086.638184 0.000000 0.964696 0.000000 0.263368 0.394943 0.394943 0.394943
11076.659180 0.000000 8102.063477 0.000000 0.643718 0.000000 0.765263 0.382160 0.382160 0.382160
11101.466797 0.000000 8158.517090 0.000000 0.871045 0.000000 -0.491203 0.412563 0.412563 0.412563
11202.763672 0.000000 8183.834961 0.000000 0.756016 0.000000 0.654553 0.380047 0.380047 0.380047
11337.696289 0.000000 8028.952148 0.000000 0.309031 0.000000 0.951052 0.368628 0.368628 0.368628
11341.600586 0.000000 8018.510254 0.000000 0.424590 0.000000 0.905386 0.362686 0.362686 0.362686
11342.489258 0.000000 8016.437988 0.000000 0.971986 0.000000 -0.235038 0.415045 0.415045 0.415045
11350.524414 0.000000 8020.286621 0.000000 0.882472 0.000000 0.470366 0.388263 0.388263 0.388263
11344.204102 0.000000 8021.635254 0.000000 0.369641 0.000000 -0.929175 0.439883 0.439883 0.439883
11355.489258 0.000000 8017.967285 0.000000 0.434871 0.000000 0.900493 0.362502 0.362502 0.362502
11358.056641 0.000000 8026.275391 0.000000 0.773114 0.000000 -0.634267 0.421613 0.421613 0.421613
11356.586914 0.000000 8023.669922 0.000000 0.559037 0.000000 0.829143 0.363392 0.363392 0.363392
11348.707031 0.000000 8018.183594 0.000000 0.937266 0.000000 0.348616 0.388621 0.388621 0.388621
11368.094727 0.000000 8028.206543 0.000000 0.300487 0.000000 -0.953786 0.448026 0.448026 0.448026
11371.941406 0.000000 8032.208008 0.000000 0.493352 0.000000 -0.869830 0.451090 0.451090 0.451090
11365.639648 0.000000 8024.403809 0.000000 0.990933 0.000000 0.134358 0.392733 0.392733 0.392733
11352.893555 0.000000 8019.170898 0.000000 0.912438 0.000000 0.409214 0.366109 0.366109 0.366109
11346.314453 0.000000 8017.727539 0.000000 0.027300 0.000000 0.999627 0.285169 0.285169 0.285169
11349.286133 0.000000 8025.882812 0.000000 0.797530 0.000000 0.603280 0.365401 0.365401 0.365401
11370.205078 0.000000 8026.347656 0.000000 0.886386 0.000000 0.462948 0.369719 0.369719 0.369719
11348.632812 0.000000 8022.546387 0.000000 0.862725 0.000000 0.505673 0.368499 0.368499 0.368499
11353.544922 0.000000 8017.222168 0.000000 0.799544 0.000000 0.600607 0.355929 0.355929 0.355929
11533.066406 0.000000 8046.170898 0.000000 0.757669 0.000000 -0.652639 0.419527 0.419527 0.419527
11553.778320 0.000000 8055.736328 0.000000 0.112235 0.000000 -0.993682 0.444417 0.444417 0.444417
11555.690430 0.000000 8047.909668 0.000000 0.967055 0.000000 0.254566 0.392289 0.392289 0.392289
11538.492188 0.000000 8056.751465 0.000000 0.729615 0.000000 0.683858 0.372176 0.372176 0.372176
11548.213867 0.000000 8057.795898 0.000000 0.987913 0.000000 -0.155011 0.413366 0.413366 0.413366
11552.750977 0.000000 8061.092773 0.000000 0.296540 0.000000 -0.955020 0.480516 0.480516 0.480516
11556.147461 0.000000 8050.257324 0.000000 0.999803 0.000000 0.019873 0.398839 0.398839 0.398839
11537.488281 0.000000 8051.721191 0.000000 0.936027 0.000000 0.351928 0.379170 0.379170 0.379170
11537.814453 0.000000 8047.799805 0.000000 0.995520 0.000000 -0.094547 0.405390 0.405390 0.405390
11428.472656 0.000000 8147.470215 0.000000 0.967687 0.000000 0.252153 0.395673 0.395673 0.395673
11420.469727 0.000000 8132.958008 0.000000 0.995523 0.000000 -0.094522 0.403261 0.403261 0.403261
11415.659180 0.000000 8134.871094 0.000000 0.273419 0.000000 0.961895 0.350902 0.350902 0.350902
11429.106445 0.000000 8144.808105 0.000000 0.978221 0.000000 0.207565 0.392692 0.392692 0.392692
11417.592773 0.000000 8125.531250 0.000000 0.792364 0.000000 0.610049 0.369205 0.369205 0.369205
11428.105469 0.000000 8137.769043 0.000000 0.977230 0.000000 -0.212181 0.408861 0.408861 0.408861
11428.923828 0.000000 8132.681641 0.000000 0.973382 0.000000 0.229188 0.388685 0.388685 0.388685
11273.041016 0.000000 8246.618164 0.000000 0.154539 0.000000 0.987987 0.394345 0.394345 0.394345
11254.576172 0.000000 8225.167969 0.000000 0.812242 0.000000 -0.583320 0.403421 0.403421 0.403421
11251.871094 0.000000 8185.668945 0.000000 0.520067 0.000000 0.854125 0.393865 0.393865 0.393865
11287.744141 0.000000 8223.728516 0.000000 0.263087 0.000000 0.964772 0.390881 0.390881 0.390881
11269.001953 0.000000 8243.348633 0.000000 0.746133 0.000000 -0.665797 0.407276 0.407276 0.407276
11282.974609 0.000000 8197.385742 0.000000 0.266834 0.000000 0.963742 0.372723 0.372723 0.372723
11251.223633 0.000000 8226.905273 0.000000 0.890707 0.000000 0.454578 0.389868 0.389868 0.389868
11282.293945 0.000000 8205.151367 0.000000 0.989727 0.000000 -0.142970 0.403080 0.403080 0.403080
11328.089844 0.000000 8221.551758 0.000000 0.382309 0.000000 -0.924035 0.442956 0.442956 0.442956
11301.791016 0.000000 8177.064941 0.000000 0.975130 0.000000 -0.221636 0.409820 0.409820 0.409820
11308.184570 0.000000 8225.978516 0.000000 0.797475 0.000000 -0.603352 0.430723 0.430723 0.430723
11335.296875 0.000000 8219.280273 0.000000 0.906195 0.000000 -0.422861 0.423326 0.423326 0.423326
11321.333008 0.000000 8218.918945 0.000000 0.648868 0.000000 -0.760901 0.441448 0.441448 0.441448
11325.081055 0.000000 8221.250977 0.000000 0.927310 0.000000 0.374295 0.371842 0.371842 0.371842
11328.453125 0.000000 8218.200195 0.000000 0.326331 0.000000 0.945256 0.327655 0.327655 0.327655
11342.929688 0.000000 8216.052734 0.000000 0.618626 0.000000 -0.785686 0.422564 0.422564 0.422564
11354.922852 0.000000 8221.572266 0.000000 0.473844 0.000000 -0.880609 0.472607 0.472607 0.472607
11453.667969 0.000000 8147.220703 0.000000 0.530981 0.000000 0.847383 0.372235 0.372235 0.372235
11447.237305 0.000000 8145.696777 0.000000 0.999106 0.000000 -0.042287 0.401267 0.401267 0.401267
11449.777344 0.000000 8150.039062 0.000000 0.968354 0.000000 -0.249580 0.410076 0.410076 0.410076
11439.514648 0.000000 8150.486816 0.000000 0.881834 0.000000 -0.471559 0.422803 0.422803 0.422803
11529.058594 0.000000 8061.963867 0.000000 0.992577 0.000000 -0.121618 0.405235 0.405235 0.405235
11444.541016 0.000000 8153.014648 0.000000 0.448885 0.000000 -0.893589 0.450221 0.450221 0.450221
11443.746094 0.000000 8145.463379 0.000000 0.803441 0.000000 -0.595384 0.439486 0.439486 0.439486
11541.769531 0.000000 8095.379883 0.000000 0.983429 0.000000 0.181296 0.395813 0.395813 0.395813
11546.428711 0.000000 8094.443848 0.000000 0.514775 0.000000 -0.857325 0.424173 0.424173 0.424173
11538.388672 0.000000 8081.792480 0.000000 0.783368 0.000000 -0.621558 0.417750 0.417750 0.417750
11536.321289 0.000000 8073.499512 0.000000 0.176638 0.000000 0.984276 0.362435 0.362435 0.362435
11546.478516 0.000000 8091.015625 0.000000 0.872294 0.000000 -0.488983 0.413776 0.413776 0.413776
11554.387695 0.000000 8080.188965 0.000000 0.754308 0.000000 0.656520 0.379617 0.379617 0.379617
11541.097656 0.000000 8088.697266 0.000000 0.458458 0.000000 -0.888716 0.428965 0.428965 0.428965
11544.007812 0.000000 8064.094238 0.000000 0.523050 0.000000 -0.852302 0.428531 0.428531 0.428531
11535.728516 0.000000 8078.009277 0.000000 0.450295 0.000000 0.892880 0.370792 0.370792 0.370792
11541.461914 0.000000 8076.168457 0.000000 0.611964 0.000000 0.790886 0.375403 0.375403 0.375403
11538.052734 0.000000 8071.013672 0.000000 0.947422 0.000000 -0.319986 0.408782 0.408782 0.408782
11551.890625 0.000000 8090.131348 0.000000 0.552096 0.000000 0.833780 0.358649 0.358649 0.358649
11554.627930 0.000000 8064.365723 0.000000 0.180264 0.000000 0.983618 0.356290 0.356290 0.356290
11530.617188 0.000000 8064.166504 0.000000 0.952756 0.000000 0.303737 0.375499 0.375499 0.375499
11552.127930 0.000000 8064.311035 0.000000 0.997060 0.000000 -0.076631 0.406243 0.406243 0.406243
11551.848633 0.000000 8099.807129 0.000000 0.521406 0.000000 -0.853309 0.466358 0.466358 0.466358
11534.873047 0.000000 8093.835449 0.000000 0.984545 0.000000 0.175133 0.388925 0.388925 0.388925
11553.857422 0.000000 8089.161621 0.000000 0.088380 0.000000 0.996087 0.316366 0.316366 0.316366
11470.277344 0.000000 8182.833984 0.000000 0.977162 0.000000 -0.212496 0.401818 0.401818 0.401818
11458.756836 0.000000 8177.037109 0.000000 0.874501 0.000000 -0.485023 0.406574 0.406574 0.406574
11486.248047 0.000000 8198.150391 0.000000 0.997828 0.000000 0.065867 0.399013 0.399013 0.399013
11473.310547 0.000000 8204.887695 0.000000 0.352612 0.000000 -0.935769 0.415110 0.415110 0.415110
11490.664062 0.000000 8247.550781 0.000000 0.992850 0.000000 0.119368 0.398208 0.398208 0.398208
11460.630859 0.000000 8185.337891 0.000000 0.987571 0.000000 0.157172 0.397005 0.397005 0.397005
11468.992188 0.000000 8189.779785 0.000000 0.738661 0.000000 -0.674077 0.410342 0.410342 0.410342
11473.937500 0.000000 8166.405273 0.000000 0.054489 0.000000 0.998514 0.372745 0.372745 0.372745
11481.822266 0.000000 8186.117188 0.000000 0.945818 0.000000 0.324698 0.394716 0.394716 0.394716
11493.913086 0.000000 8236.432617 0.000000 0.959739 0.000000 -0.280892 0.404691 0.404691 0.404691
11473.901367 0.000000 8176.723145 0.000000 0.554623 0.000000 0.832102 0.379388 0.379388 0.379388
11500.940430 0.000000 8177.799805 0.000000 0.398955 0.000000 0.916970 0.380300 0.380300 0.380300
11488.631836 0.000000 8201.201172 0.000000 0.185766 0.000000 0.982594 0.373741 0.373741 0.373741
11474.089844 0.000000 8184.620605 0.000000 0.048289 0.000000 0.998833 0.361230 0.361230 0.361230
11476.881836 0.000000 8187.851562 0.000000 0.992119 0.000000 -0.125300 0.402572 0.402572 0.402572
11507.583984 0.000000 8200.582031 0.000000 0.903849 0.000000 0.427852 0.390066 0.390066 0.390066
11492.118164 0.000000 8171.532227 0.000000 0.952208 0.000000 0.305451 0.391010 0.391010 0.391010
11511.262695 0.000000 8206.423828 0.000000 0.599159 0.000000 -0.800630 0.424104 0.424104 0.424104
11484.754883 0.000000 8233.980469 0.000000 0.872286 0.000000 0.488996 0.386479 0.386479 0.386479
11465.189453 0.000000 8172.050293 0.000000 0.889485 0.000000 0.456964 0.385071 0.385071 0.385071
11479.957031 0.000000 8174.814941 0.000000 0.256547 0.000000 -0.966532 0.449762 0.449762 0.449762
11466.139648 0.000000 8190.728516 0.000000 0.689960 0.000000 0.723848 0.370095 0.370095 0.370095
11450.899414 0.000000 8178.061035 0.000000 0.697642 0.000000 -0.716446 0.435094 0.435094 0.435094
11488.105469 0.000000 8238.961914 0.000000 0.589000 0.000000 -0.808133 0.444165 0.444165 0.444165
11492.830078 0.000000 8224.796875 0.000000 0.935083 0.000000 0.354428 0.384985 0.384985 0.384985
11474.333008 0.000000 8172.366211 0.000000 0.328644 0.000000 0.944454 0.332118 0.332118 0.332118
11491.654297 0.000000 8211.103516 0.000000 0.983540 0.000000 0.180689 0.391291 0.391291 0.391291
11504.208008 0.000000 8225.938477 0.000000 0.972167 0.000000 -0.234287 0.410627 0.410627 0.410627
11495.960938 0.000000 8231.052734 0.000000 0.602651 0.000000 0.798005 0.350174 0.350174 0.350174
11487.511719 0.000000 8233.837891 0.000000 0.916897 0.000000 -0.399123 0.427880 0.427880 0.427880
11492.432617 0.000000 8234.464844 0.000000 0.784475 0.000000 -0.620160 0.438745 0.438745 0.438745
11493.855469 0.000000 8229.961914 0.000000 0.158213 0.000000 -0.987405 0.501518 0.501518 0.501518
11481.586914 0.000000 8194.624023 0.000000 0.744858 0.000000 0.667223 0.361338 0.361338 0.361338
11477.576172 0.000000 8190.117676 0.000000 0.355676 0.000000 0.934609 0.342136 0.342136 0.342136
11476.403320 0.000000 8193.981445 0.000000 0.188925 0.000000 0.981992 0.334506 0.334506 0.334506
11488.803711 0.000000 8229.789062 0.000000 0.626210 0.000000 -0.779654 0.459823 0.459823 0.459823
11471.851562 0.000000 8168.204102 0.000000 0.162058 0.000000 0.986781 0.326181 0.326181 0.326181
11451.242188 0.000000 8155.574707 0.000000 0.937550 0.000000 -0.347850 0.421287 0.421287 0.421287
11469.109375 0.000000 8174.385742 0.000000 0.701167 0.000000 0.712997 0.359178 0.359178 0.359178
11486.805664 0.000000 8229.021484 0.000000 0.273176 0.000000 -0.961964 0.481416 0.481416 0.481416
11490.369141 0.000000 8202.138672 0.000000 0.445721 0.000000 0.895172 0.330795 0.330795 0.330795
11178.809570 0.000000 8336.962891 0.000000 0.208372 0.000000 -0.978050 0.439411 0.439411 0.439411
11168.186523 0.000000 8341.787109 0.000000 0.987124 0.000000 -0.159957 0.406096 0.406096 0.406096
11166.711914 0.000000 8343.071289 0.000000 0.962911 0.000000 -0.269819 0.403410 0.403410 0.403410
11219.597656 0.000000 8485.050781 0.000000 0.959274 0.000000 0.282477 0.395996 0.395996 0.395996
11217.578125 0.000000 8491.967773 0.000000 0.889947 0.000000 0.456065 0.392670 0.392670 0.392670
11222.771484 0.000000 8496.402344 0.000000 0.474857 0.000000 -0.880063 0.425788 0.425788 0.425788
11216.597656 0.000000 8494.507812 0.000000 0.886336 0.000000 -0.463042 0.417067 0.417067 0.417067
11177.238281 0.000000 8615.515625 0.000000 0.115505 0.000000 -0.993307 0.455941 0.455941 0.455941
11168.186523 0.000000 8623.013672 0.000000 0.252365 0.000000 0.967632 0.361241 0.361241 0.361241
11171.129883 0.000000 8618.434570 0.000000 0.933797 0.000000 0.357803 0.385749 0.385749 0.385749
11215.206055 0.000000 8531.354492 0.000000 0.867572 0.000000 0.497311 0.374011 0.374011 0.374011
10756.841797 0.000000 8694.553711 0.000000 0.681468 0.000000 0.731848 0.395901 0.395901 0.395901
10855.139648 0.000000 8969.210938 0.000000 0.006415 0.000000 -0.999979 0.454678 0.454678 0.454678
10846.002930 0.000000 8966.820312 0.000000 0.935289 0.000000 0.353884 0.378869 0.378869 0.378869
10843.124023 0.000000 8996.694336 0.000000 0.974734 0.000000 0.223368 0.386840 0.386840 0.386840
10843.915039 0.000000 8991.753906 0.000000 0.865859 0.000000 -0.500289 0.430608 0.430608 0.430608
10855.110352 0.000000 8973.014648 0.000000 0.426552 0.000000 -0.904463 0.468278 0.468278 0.468278
10851.736328 0.000000 8945.290039 0.000000 0.566156 0.000000 0.824298 0.343394 0.343394 0.343394
10852.622070 0.000000 8968.856445 0.000000 0.225823 0.000000 -0.974168 0.487846 0.487846 0.487846
10849.891602 0.000000 8969.295898 0.000000 0.091852 0.000000 0.995773 0.304010 0.304010 0.304010
10850.071289 0.000000 8965.015625 0.000000 0.358159 0.000000 0.933660 0.321816 0.321816 0.321816
10848.370117 0.000000 8962.853516 0.000000 0.333598 0.000000 -0.942716 0.479269 0.479269 0.479269
10849.312500 0.000000 8973.768555 0.000000 0.002685 0.000000 -0.999996 0.502569 0.502569 0.502569
10853.602539 0.000000 8958.052734 0.000000 0.562592 0.000000 0.826735 0.337310 0.337310 0.337310
10839.799805 0.000000 8985.522461 0.000000 0.905458 0.000000 -0.424435 0.425607 0.425607 0.425607
10841.381836 0.000000 8995.519531 0.000000 0.495625 0.000000 0.868537 0.329072 0.329072 0.329072
10852.826172 0.000000 8956.099609 0.000000 0.958560 0.000000 0.284890 0.381536 0.381536 0.381536
10848.725586 0.000000 8967.089844 0.000000 0.751986 0.000000 0.659180 0.353282 0.353282 0.353282
10851.150391 0.000000 8953.011719 0.000000 0.521513 0.000000 0.853243 0.335182 0.335182 0.335182
11154.114258 0.000000 8687.081055 0.000000 0.096051 0.000000 -0.995376 0.422825 0.422825 0.422825
11169.787109 0.000000 8629.798828 0.000000 0.961829 0.000000 -0.273652 0.403875 0.403875 0.403875
11158.918945 0.000000 8710.323242 0.000000 0.148227 0.000000 0.988953 0.374439 0.374439 0.374439
11158.830078 0.000000 8673.922852 0.000000 0.414213 0.000000 -0.910180 0.476523 0.476523 0.476523
11164.412109 0.000000 8657.884766 0.000000 0.306261 0.000000 0.951947 0.312583 0.312583 0.312583
11165.019531 0.000000 8671.273438 0.000000 0.726042 0.000000 0.687650 0.348889 0.348889 0.348889
11160.742188 0.000000 8709.115234 0.000000 0.976752 0.000000 0.214371 0.388026 0.388026 0.388026
11413.537109 0.000000 8301.515625 0.000000 0.887411 0.000000 0.460979 0.393780 0.393780 0.393780
11428.263672 0.000000 8310.683594 0.000000 0.833360 0.000000 0.552731 0.388303 0.388303 0.388303
11358.994141 0.000000 8278.500000 0.000000 0.978210 0.000000 0.207617 0.393212 0.393212 0.393212
11398.740234 0.000000 8294.663086 0.000000 0.033383 0.000000 -0.999443 0.449897 0.449897 0.449897
11406.451172 0.000000 8300.713867 0.000000 0.176157 0.000000 0.984362 0.351983 0.351983 0.351983
11415.659180 0.000000 8322.355469 0.000000 0.020340 0.000000 0.999793 0.348906 0.348906 0.348906
11413.550781 0.000000 8291.722656 0.000000 0.131309 0.000000 0.991342 0.339641 0.339641 0.339641
11422.230469 0.000000 8332.352539 0.000000 0.966109 0.000000 -0.258134 0.411081 0.411081 0.411081
11418.993164 0.000000 8336.493164 0.000000 0.383775 0.000000 -0.923427 0.459352 0.459352 0.459352
11410.823242 0.000000 8306.658203 0.000000 0.230113 0.000000 0.973164 0.305759 0.305759 0.305759
11419.713867 0.000000 8325.513672 0.000000 0.674684 0.000000 -0.738107 0.455136 0.455136 0.455136
11319.294922 0.000000 8413.327148 0.000000 0.072556 0.000000 -0.997364 0.408229 0.408229 0.408229
11331.017578 0.000000 8394.483398 0.000000 0.687050 0.000000 -0.726610 0.407310 0.407310 0.407310
11335.149414 0.000000 8393.789062 0.000000 0.990038 0.000000 0.140799 0.397602 0.397602 0.397602
11333.049805 0.000000 8397.488281 0.000000 0.748004 0.000000 0.663694 0.379345 0.379345 0.379345
11309.981445 0.000000 8382.861328 0.000000 0.170824 0.000000 0.985302 0.367864 0.367864 0.367864
11335.818359 0.000000 8411.214844 0.000000 0.750464 0.000000 -0.660911 0.421271 0.421271 0.421271
11327.066406 0.000000 8394.998047 0.000000 0.999925 0.000000 -0.012250 0.400459 0.400459 0.400459
11332.791016 0.000000 8392.185547 0.000000 0.918037 0.000000 0.396495 0.386361 0.386361 0.386361
11328.529297 0.000000 8380.773438 0.000000 0.981718 0.000000 0.190343 0.393498 0.393498 0.393498
11317.556641 0.000000 8370.652344 0.000000 0.901722 0.000000 -0.432316 0.434599 0.434599 0.434599
11329.085938 0.000000 8392.571289 0.000000 0.877410 0.000000 0.479742 0.359277 0.359277 0.359277
11311.512695 0.000000 8361.289062 0.000000 0.755955 0.000000 0.654624 0.370067 0.370067 0.370067
11316.048828 0.000000 8365.550781 0.000000 0.944496 0.000000 -0.328522 0.425906 0.425906 0.425906
11315.382812 0.000000 8369.788086 0.000000 0.960923 0.000000 -0.276816 0.421567 0.421567 0.421567
11366.334961 0.000000 8396.812500 0.000000 0.190997 0.000000 0.981591 0.384168 0.384168 0.384168
11417.634766 0.000000 8343.357422 0.000000 0.752671 0.000000 0.658396 0.387799 0.387799 0.387799
11374.710938 0.000000 8359.666992 0.000000 0.748223 0.000000 -0.663447 0.412315 0.412315 0.412315
11358.050781 0.000000 8387.904297 0.000000 0.877064 0.000000 0.480373 0.386990 0.386990 0.386990
11352.060547 0.000000 8401.478516 0.000000 0.731620 0.000000 -0.681713 0.429588 0.429588 0.429588
11373.810547 0.000000 8371.258789 0.000000 0.394362 0.000000 0.918955 0.358103 0.358103 0.358103
11374.487305 0.000000 8387.163086 0.000000 0.477864 0.000000 -0.878434 0.446593 0.446593 0.446593
11417.745117 0.000000 8354.652344 0.000000 0.687181 0.000000 0.726486 0.365893 0.365893 0.365893
11352.388672 0.000000 8385.843750 0.000000 0.013364 0.000000 0.999911 0.325346 0.325346 0.325346
11349.286133 0.000000 8400.851562 0.000000 0.656970 0.000000 -0.753917 0.457992 0.457992 0.457992
11357.120117 0.000000 8385.609375 0.000000 0.110080 0.000000 -0.993923 0.505740 0.505740 0.505740
11418.840820 0.000000 8350.951172 0.000000 0.107001 0.000000 -0.994259 0.467963 0.467963 0.467963
11474.052734 0.000000 8249.511719 0.000000 0.802657 0.000000 0.596441 0.393299 0.393299 0.393299
11287.977539 0.000000 8509.251953 0.000000 0.709270 0.000000 0.704937 0.388281 0.388281 0.388281
11257.662109 0.000000 8518.361328 0.000000 0.979404 0.000000 -0.201909 0.403654 0.403654 0.403654
11338.654297 0.000000 8456.150391 0.000000 0.201534 0.000000 -0.979482 0.428003 0.428003 0.428003
11303.587891 0.000000 8494.828125 0.000000 0.829400 0.000000 -0.558655 0.410951 0.410951 0.410951
11254.166016 0.000000 8519.433594 0.000000 0.965905 0.000000 0.258897 0.394639 0.394639 0.394639
11312.708984 0.000000 8488.198242 0.000000 0.153589 0.000000 -0.988135 0.445976 0.445976 0.445976
11331.658203 0.000000 8464.131836 0.000000 0.858982 0.000000 0.512006 0.383360 0.383360 0.383360
11338.824219 0.000000 8481.851562 0.000000 0.850156 0.000000 0.526530 0.379511 0.379511 0.379511
11317.962891 0.000000 8491.302734 0.000000 0.446274 0.000000 0.894896 0.366247 0.366247 0.366247
11285.315430 0.000000 8508.364258 0.000000 0.988863 0.000000 -0.148832 0.405072 0.405072 0.405072
11334.867188 0.000000 8479.680664 0.000000 0.217080 0.000000 -0.976154 0.476281 0.476281 0.476281
11336.385742 0.000000 8481.282227 0.000000 0.174874 0.000000 0.984591 0.324773 0.324773 0.324773
11268.157227 0.000000 8521.608398 0.000000 0.946365 0.000000 0.323100 0.379959 0.379959 0.379959
11287.404297 0.000000 8507.098633 0.000000 0.197065 0.000000 -0.980390 0.484973 0.484973 0.484973
11270.860352 0.000000 8543.863281 0.000000 0.799133 0.000000 -0.601154 0.423830 0.423830 0.423830
11267.654297 0.000000 8536.871094 0.000000 0.734070 0.000000 0.679074 0.365708 0.365708 0.365708
11278.276367 0.000000 8532.742188 0.000000 0.984068 0.000000 0.177793 0.388665 0.388665 0.388665
10835.173828 0.000000 9007.669922 0.000000 0.955311 0.000000 -0.295603 0.401199 0.401199 0.401199
10818.137695 0.000000 9016.045898 0.000000 0.738586 0.000000 0.674160 0.371556 0.371556 0.371556
10838.472656 0.000000 9001.915039 0.000000 0.027273 0.000000 -0.999628 0.467050 0.467050 0.467050
10850.581055 0.000000 9024.670898 0.000000 0.479857 0.000000 -0.877346 0.457182 0.457182 0.457182
10850.019531 0.000000 9022.409180 0.000000 0.404845 0.000000 -0.914385 0.464534 0.464534 0.464534
10853.195312 0.000000 9025.216797 0.000000 0.838119 0.000000 -0.545488 0.431113 0.431113 0.431113
10840.237305 0.000000 9000.065430 0.000000 0.753552 0.000000 0.657388 0.351288 0.351288 0.351288
10854.148438 0.000000 9027.176758 0.000000 0.632042 0.000000 -0.774934 0.457107 0.457107 0.457107
"}
