object={
	name="tree_azshara_generator_1_0"
	render_pass=Map
	clamp_to_water_level=no
	generated_content=yes
	layer="tree_high_layer"
	pdxmesh="tree_azshara_mesh"
	count=1906
	transform="3737.367432 0.000000 8219.395508 0.000000 0.821242 0.000000 -0.570580 0.831531 0.831531 0.831531
3719.399414 0.000000 8220.916992 0.000000 0.954554 0.000000 0.298039 0.716587 0.716587 0.716587
3736.622070 0.000000 8216.235352 0.000000 0.785985 0.000000 -0.618246 0.885195 0.885195 0.885195
3721.971436 0.000000 8221.191406 0.000000 0.905259 0.000000 0.424860 0.709730 0.709730 0.709730
3730.704346 0.000000 8223.077148 0.000000 0.192192 0.000000 -0.981357 0.973313 0.973313 0.973313
3735.335449 0.000000 8218.200195 0.000000 0.838598 0.000000 -0.544751 0.893198 0.893198 0.893198
3760.313721 0.000000 8231.967773 0.000000 0.995599 0.000000 0.093719 0.765883 0.765883 0.765883
3765.911865 0.000000 8236.892578 0.000000 0.821816 0.000000 0.569754 0.707984 0.707984 0.707984
3764.880615 0.000000 8234.622070 0.000000 0.922281 0.000000 -0.386520 0.925233 0.925233 0.925233
3918.393799 0.000000 8235.513672 0.000000 0.860762 0.000000 -0.509007 0.849063 0.849063 0.849063
3922.642090 0.000000 8247.012695 0.000000 0.323423 0.000000 -0.946254 1.030591 1.030591 1.030591
3935.853760 0.000000 8241.212891 0.000000 0.592140 0.000000 -0.805835 0.846790 0.846790 0.846790
3927.891602 0.000000 8236.492188 0.000000 0.486049 0.000000 -0.873932 1.010229 1.010229 1.010229
3914.560547 0.000000 8240.977539 0.000000 0.931365 0.000000 -0.364088 0.925039 0.925039 0.925039
3919.734131 0.000000 8245.867188 0.000000 0.373887 0.000000 -0.927474 1.236433 1.236433 1.236433
3925.511719 0.000000 8237.666992 0.000000 0.977199 0.000000 0.212325 0.741458 0.741458 0.741458
3925.302490 0.000000 8247.220703 0.000000 0.632942 0.000000 -0.774199 1.059963 1.059963 1.059963
3936.167969 0.000000 8243.210938 0.000000 0.896878 0.000000 -0.442279 0.910716 0.910716 0.910716
3915.162354 0.000000 8239.188477 0.000000 0.927828 0.000000 0.373008 0.609903 0.609903 0.609903
3918.956787 0.000000 8244.327148 0.000000 0.191982 0.000000 -0.981399 1.306262 1.306262 1.306262
3988.334961 0.000000 8193.057617 0.000000 0.978555 0.000000 0.205986 0.756491 0.756491 0.756491
4000.921387 0.000000 8214.717773 0.000000 0.861672 0.000000 0.507466 0.741534 0.741534 0.741534
3986.873291 0.000000 8198.150391 0.000000 0.990097 0.000000 -0.140386 0.813784 0.813784 0.813784
3947.942383 0.000000 8245.566406 0.000000 0.984513 0.000000 -0.175309 0.846106 0.846106 0.846106
3970.041992 0.000000 8167.459473 0.000000 0.053644 0.000000 -0.998560 1.087856 1.087856 1.087856
3974.562744 0.000000 8166.405273 0.000000 0.950607 0.000000 0.310398 0.667626 0.667626 0.667626
3989.256592 0.000000 8201.201172 0.000000 0.041768 0.000000 0.999127 0.555695 0.555695 0.555695
3937.197510 0.000000 8241.183594 0.000000 0.920327 0.000000 -0.391149 0.845751 0.845751 0.845751
3972.455566 0.000000 8173.804199 0.000000 0.070757 0.000000 -0.997494 1.162494 1.162494 1.162494
3989.291992 0.000000 8195.982422 0.000000 0.634913 0.000000 -0.772584 0.995733 0.995733 0.995733
3980.582520 0.000000 8174.814941 0.000000 0.898054 0.000000 0.439885 0.602599 0.602599 0.602599
3945.375244 0.000000 8244.236328 0.000000 0.986588 0.000000 0.163231 0.786573 0.786573 0.786573
3947.856445 0.000000 8242.507812 0.000000 0.687928 0.000000 0.725779 0.697808 0.697808 0.697808
3989.219482 0.000000 8198.478516 0.000000 0.668553 0.000000 0.743664 0.682767 0.682767 0.682767
4000.804932 0.000000 8212.511719 0.000000 0.713757 0.000000 -0.700393 1.023165 1.023165 1.023165
4006.133057 0.000000 8223.831055 0.000000 0.606158 0.000000 -0.795344 0.963458 0.963458 0.963458
3975.310303 0.000000 8174.571777 0.000000 0.850415 0.000000 0.526113 0.536649 0.536649 0.536649
4004.863281 0.000000 8222.271484 0.000000 0.789174 0.000000 0.614170 0.669237 0.669237 0.669237
3947.063721 0.000000 8244.055664 0.000000 0.748463 0.000000 -0.663177 0.989702 0.989702 0.989702
3946.248047 0.000000 8245.559570 0.000000 0.780857 0.000000 0.624710 0.623457 0.623457 0.623457
3741.508789 0.000000 8269.126953 0.000000 0.537874 0.000000 -0.843025 0.816024 0.816024 0.816024
3744.644287 0.000000 8338.273438 0.000000 0.711122 0.000000 -0.703068 0.905893 0.905893 0.905893
3737.056641 0.000000 8279.382812 0.000000 0.926849 0.000000 -0.375434 0.923755 0.923755 0.923755
3738.993896 0.000000 8307.326172 0.000000 0.882631 0.000000 0.470066 0.777520 0.777520 0.777520
3735.008545 0.000000 8267.216797 0.000000 0.886495 0.000000 -0.462738 0.890318 0.890318 0.890318
3746.688232 0.000000 8297.208008 0.000000 0.983951 0.000000 -0.178441 0.824365 0.824365 0.824365
3740.934570 0.000000 8315.044922 0.000000 0.552813 0.000000 0.833305 0.611130 0.611130 0.611130
3742.882568 0.000000 8341.794922 0.000000 0.949083 0.000000 0.315027 0.770556 0.770556 0.770556
3737.989258 0.000000 8269.927734 0.000000 0.911670 0.000000 0.410923 0.727264 0.727264 0.727264
3736.622070 0.000000 8309.977539 0.000000 0.195843 0.000000 -0.980635 0.890538 0.890538 0.890538
3743.099854 0.000000 8266.310547 0.000000 0.989824 0.000000 0.142297 0.759791 0.759791 0.759791
3738.541016 0.000000 8276.647461 0.000000 0.150862 0.000000 -0.988555 0.938905 0.938905 0.938905
3744.856934 0.000000 8299.523438 0.000000 0.920434 0.000000 -0.390897 0.860960 0.860960 0.860960
3739.849609 0.000000 8279.190430 0.000000 0.141115 0.000000 0.989993 0.577351 0.577351 0.577351
3735.269043 0.000000 8269.875977 0.000000 0.566615 0.000000 0.823982 0.697491 0.697491 0.697491
3742.179443 0.000000 8313.022461 0.000000 0.996473 0.000000 -0.083919 0.815606 0.815606 0.815606
3746.075195 0.000000 8321.752930 0.000000 0.225684 0.000000 0.974200 0.561249 0.561249 0.561249
3743.829346 0.000000 8315.656250 0.000000 0.556081 0.000000 0.831128 0.588368 0.588368 0.588368
3742.719238 0.000000 8339.583008 0.000000 0.427732 0.000000 0.903905 0.493387 0.493387 0.493387
3736.947510 0.000000 8268.092773 0.000000 0.743675 0.000000 -0.668542 0.925772 0.925772 0.925772
3743.579102 0.000000 8269.199219 0.000000 0.999557 0.000000 -0.029746 0.808556 0.808556 0.808556
3739.524658 0.000000 8309.271484 0.000000 0.972736 0.000000 -0.231914 0.891152 0.891152 0.891152
3746.808838 0.000000 8298.989258 0.000000 0.586773 0.000000 -0.809751 1.150582 1.150582 1.150582
3736.966797 0.000000 8266.327148 0.000000 0.925323 0.000000 0.379179 0.701354 0.701354 0.701354
3733.348145 0.000000 8258.263672 0.000000 0.382928 0.000000 0.923778 0.303641 0.303641 0.303641
3738.915039 0.000000 8419.757812 0.000000 0.972703 0.000000 -0.232052 0.881852 0.881852 0.881852
3738.993896 0.000000 8401.068359 0.000000 0.963526 0.000000 -0.267615 0.909840 0.909840 0.909840
3737.470459 0.000000 8427.664062 0.000000 0.960296 0.000000 0.278985 0.735060 0.735060 0.735060
3737.367432 0.000000 8406.879883 0.000000 0.738402 0.000000 0.674361 0.491066 0.491066 0.491066
3733.396973 0.000000 8392.066406 0.000000 0.019639 0.000000 0.999807 0.552158 0.552158 0.552158
3748.125000 0.000000 8422.047852 0.000000 0.924965 0.000000 -0.380052 0.898886 0.898886 0.898886
3741.661621 0.000000 8416.561523 0.000000 0.083407 0.000000 -0.996516 1.281217 1.281217 1.281217
3732.249756 0.000000 8433.351562 0.000000 0.959710 0.000000 -0.280993 0.829012 0.829012 0.829012
3738.889160 0.000000 8416.920898 0.000000 0.465290 0.000000 0.885158 0.478741 0.478741 0.478741
3742.246826 0.000000 8426.034180 0.000000 0.373264 0.000000 -0.927725 0.932903 0.932903 0.932903
3731.365479 0.000000 8390.440430 0.000000 0.994077 0.000000 0.108681 0.786081 0.786081 0.786081
3732.134277 0.000000 8430.235352 0.000000 0.702661 0.000000 0.711525 0.396808 0.396808 0.396808
3739.837158 0.000000 8426.908203 0.000000 0.580917 0.000000 0.813963 0.602477 0.602477 0.602477
3736.762695 0.000000 8418.223633 0.000000 0.329527 0.000000 -0.944146 1.044191 1.044191 1.044191
3739.524658 0.000000 8403.013672 0.000000 0.670460 0.000000 -0.741946 1.073819 1.073819 1.073819
3740.500977 0.000000 8414.890625 0.000000 0.456452 0.000000 0.889748 0.372841 0.372841 0.372841
3733.540771 0.000000 8429.259766 0.000000 0.982100 0.000000 -0.188358 0.856390 0.856390 0.856390
3733.208740 0.000000 8390.203125 0.000000 0.824689 0.000000 0.565586 0.591091 0.591091 0.591091
3739.777344 0.000000 8418.304688 0.000000 0.161682 0.000000 0.986843 0.307740 0.307740 0.307740
3725.597900 0.000000 8438.894531 0.000000 0.596475 0.000000 -0.802631 1.027019 1.027019 1.027019
3749.607422 0.000000 8468.553711 0.000000 0.611282 0.000000 -0.791413 1.265047 1.265047 1.265047
3722.826416 0.000000 8439.209961 0.000000 0.763694 0.000000 0.645578 0.655633 0.655633 0.655633
3748.284668 0.000000 8466.298828 0.000000 0.998130 0.000000 -0.061130 0.808796 0.808796 0.808796
3816.552490 0.000000 8326.164062 0.000000 0.272115 0.000000 0.962265 0.724982 0.724982 0.724982
3784.363037 0.000000 8323.175781 0.000000 0.799134 0.000000 0.601154 0.559124 0.559124 0.559124
3819.919678 0.000000 8319.584961 0.000000 0.975617 0.000000 0.219482 0.701444 0.701444 0.701444
3755.200928 0.000000 8318.910156 0.000000 0.169780 0.000000 0.985482 0.422471 0.422471 0.422471
3776.852295 0.000000 8268.920898 0.000000 0.834385 0.000000 -0.551182 0.945744 0.945744 0.945744
3820.136963 0.000000 8306.347656 0.000000 0.996908 0.000000 -0.078573 0.808326 0.808326 0.808326
3827.987793 0.000000 8307.675781 0.000000 0.992459 0.000000 -0.122574 0.806872 0.806872 0.806872
3799.388916 0.000000 8291.892578 0.000000 0.659526 0.000000 0.751682 0.568954 0.568954 0.568954
3834.149414 0.000000 8330.234375 0.000000 0.501510 0.000000 0.865152 0.664279 0.664279 0.664279
3779.915527 0.000000 8324.208008 0.000000 0.471673 0.000000 0.881774 0.692188 0.692188 0.692188
3770.638672 0.000000 8318.403320 0.000000 0.957556 0.000000 -0.288248 0.834455 0.834455 0.834455
3770.829346 0.000000 8313.107422 0.000000 0.060434 0.000000 0.998172 0.462154 0.462154 0.462154
3823.858887 0.000000 8306.739258 0.000000 0.973869 0.000000 -0.227112 0.813270 0.813270 0.813270
3792.354248 0.000000 8304.179688 0.000000 0.748619 0.000000 0.663001 0.689979 0.689979 0.689979
3765.877197 0.000000 8278.500000 0.000000 0.999205 0.000000 -0.039863 0.811468 0.811468 0.811468
3792.342285 0.000000 8333.017578 0.000000 0.976971 0.000000 -0.213371 0.827485 0.827485 0.827485
3819.402344 0.000000 8327.568359 0.000000 0.943886 0.000000 0.330272 0.726724 0.726724 0.726724
3822.248779 0.000000 8304.009766 0.000000 0.980222 0.000000 -0.197901 0.828250 0.828250 0.828250
3798.351074 0.000000 8288.959961 0.000000 0.611946 0.000000 0.790899 0.581356 0.581356 0.581356
3779.009277 0.000000 8327.415039 0.000000 0.968058 0.000000 0.250727 0.778741 0.778741 0.778741
3756.916992 0.000000 8254.497070 0.000000 0.043500 0.000000 -0.999053 1.047078 1.047078 1.047078
3768.033936 0.000000 8312.368164 0.000000 0.461245 0.000000 0.887273 0.481752 0.481752 0.481752
3821.971680 0.000000 8328.639648 0.000000 0.694490 0.000000 0.719502 0.633189 0.633189 0.633189
3750.525146 0.000000 8262.071289 0.000000 0.999089 0.000000 0.042669 0.795823 0.795823 0.795823
3789.642090 0.000000 8303.376953 0.000000 0.420265 0.000000 0.907402 0.484334 0.484334 0.484334
3768.242188 0.000000 8319.634766 0.000000 0.836149 0.000000 -0.548503 0.867253 0.867253 0.867253
3774.496582 0.000000 8270.145508 0.000000 0.961017 0.000000 0.276489 0.731181 0.731181 0.731181
3755.392334 0.000000 8321.701172 0.000000 0.089412 0.000000 -0.995995 1.220098 1.220098 1.220098
3752.656250 0.000000 8290.373047 0.000000 0.831287 0.000000 -0.555844 1.057791 1.057791 1.057791
3770.072998 0.000000 8315.804688 0.000000 0.912135 0.000000 -0.409891 0.879289 0.879289 0.879289
3818.802734 0.000000 8325.260742 0.000000 0.302591 0.000000 0.953121 0.567858 0.567858 0.567858
3797.180176 0.000000 8291.364258 0.000000 0.912833 0.000000 -0.408334 0.894091 0.894091 0.894091
3776.241211 0.000000 8266.655273 0.000000 0.368817 0.000000 0.929502 0.635585 0.635585 0.635585
3793.484375 0.000000 8330.543945 0.000000 0.760203 0.000000 0.649686 0.554244 0.554244 0.554244
3792.302246 0.000000 8302.028320 0.000000 0.478118 0.000000 -0.878295 1.018444 1.018444 1.018444
3768.226807 0.000000 8317.468750 0.000000 0.868785 0.000000 -0.495190 0.877601 0.877601 0.877601
3821.788330 0.000000 8330.780273 0.000000 0.978553 0.000000 0.205994 0.768507 0.768507 0.768507
3828.374756 0.000000 8305.691406 0.000000 0.424123 0.000000 0.905604 0.571490 0.571490 0.571490
3757.223633 0.000000 8252.576172 0.000000 0.756456 0.000000 0.654044 0.626288 0.626288 0.626288
3780.699463 0.000000 8326.318359 0.000000 0.288094 0.000000 0.957602 0.496123 0.496123 0.496123
3820.386963 0.000000 8304.419922 0.000000 0.504891 0.000000 0.863183 0.517092 0.517092 0.517092
3799.776855 0.000000 8290.090820 0.000000 0.997508 0.000000 -0.070552 0.819180 0.819180 0.819180
3800.283936 0.000000 8284.984375 0.000000 0.717512 0.000000 0.696546 0.464494 0.464494 0.464494
3823.535156 0.000000 8330.632812 0.000000 0.523969 0.000000 0.851738 0.498706 0.498706 0.498706
3764.162842 0.000000 8278.545898 0.000000 0.642002 0.000000 0.766703 0.548725 0.548725 0.548725
3751.037109 0.000000 8260.501953 0.000000 0.457733 0.000000 -0.889090 1.143466 1.143466 1.143466
3776.924561 0.000000 8270.542969 0.000000 0.680943 0.000000 -0.732336 1.037977 1.037977 1.037977
3788.363525 0.000000 8302.379883 0.000000 0.248100 0.000000 -0.968734 1.166475 1.166475 1.166475
3826.950928 0.000000 8296.460938 0.000000 0.469766 0.000000 -0.882791 1.260198 1.260198 1.260198
3924.074463 0.000000 8250.414062 0.000000 0.992064 0.000000 -0.125734 0.825934 0.825934 0.825934
3930.829834 0.000000 8258.655273 0.000000 0.451840 0.000000 -0.892099 0.830813 0.830813 0.830813
3901.803467 0.000000 8307.095703 0.000000 0.352925 0.000000 0.935652 0.611485 0.611485 0.611485
3858.607666 0.000000 8339.704102 0.000000 0.852466 0.000000 0.522783 0.783519 0.783519 0.783519
3870.594482 0.000000 8268.920898 0.000000 0.938825 0.000000 0.344395 0.724863 0.724863 0.724863
3896.134033 0.000000 8303.952148 0.000000 0.903866 0.000000 0.427816 0.657848 0.657848 0.657848
3867.243164 0.000000 8260.234375 0.000000 0.982594 0.000000 -0.185767 0.872772 0.872772 0.872772
3860.176758 0.000000 8310.020508 0.000000 0.814409 0.000000 0.580291 0.686245 0.686245 0.686245
3848.976074 0.000000 8339.061523 0.000000 0.743620 0.000000 0.668602 0.691765 0.691765 0.691765
3912.537109 0.000000 8338.199219 0.000000 0.858429 0.000000 0.512932 0.730079 0.730079 0.730079
3875.892334 0.000000 8302.482422 0.000000 0.130624 0.000000 0.991432 0.575702 0.575702 0.575702
3859.297363 0.000000 8319.386719 0.000000 0.995589 0.000000 -0.093823 0.814262 0.814262 0.814262
3907.507080 0.000000 8290.886719 0.000000 0.525346 0.000000 -0.850889 0.871139 0.871139 0.871139
3866.139648 0.000000 8293.030273 0.000000 0.460563 0.000000 -0.887627 0.865440 0.865440 0.865440
3867.513672 0.000000 8279.080078 0.000000 0.944993 0.000000 -0.327091 0.918464 0.918464 0.918464
3878.195312 0.000000 8252.834961 0.000000 0.959091 0.000000 0.283099 0.684776 0.684776 0.684776
3900.352051 0.000000 8302.794922 0.000000 0.674667 0.000000 -0.738122 1.176428 1.176428 1.176428
3879.887451 0.000000 8313.708008 0.000000 0.718669 0.000000 0.695352 0.669466 0.669466 0.669466
3880.820557 0.000000 8260.147461 0.000000 0.012408 0.000000 -0.999923 0.871587 0.871587 0.871587
3928.418945 0.000000 8315.044922 0.000000 0.164109 0.000000 -0.986442 1.224008 1.224008 1.224008
3854.055908 0.000000 8325.709961 0.000000 0.780783 0.000000 -0.624802 1.035881 1.035881 1.035881
3863.668701 0.000000 8305.641602 0.000000 0.658923 0.000000 0.752211 0.398689 0.398689 0.398689
3848.532959 0.000000 8331.949219 0.000000 0.973925 0.000000 -0.226871 0.894619 0.894619 0.894619
3846.149902 0.000000 8341.830078 0.000000 0.907055 0.000000 0.421012 0.744453 0.744453 0.744453
3904.349121 0.000000 8289.119141 0.000000 0.944159 0.000000 0.329491 0.726904 0.726904 0.726904
3878.621338 0.000000 8273.108398 0.000000 0.653608 0.000000 -0.756833 1.208060 1.208060 1.208060
3896.799316 0.000000 8300.816406 0.000000 0.878360 0.000000 0.478000 0.582012 0.582012 0.582012
3879.850830 0.000000 8309.702148 0.000000 0.983425 0.000000 -0.181316 0.825490 0.825490 0.825490
3854.120361 0.000000 8333.181641 0.000000 0.702243 0.000000 -0.711937 1.021525 1.021525 1.021525
3856.295898 0.000000 8341.787109 0.000000 0.951042 0.000000 -0.309060 0.905427 0.905427 0.905427
3857.032471 0.000000 8310.368164 0.000000 0.450086 0.000000 -0.892985 1.086627 1.086627 1.086627
3873.785889 0.000000 8259.546875 0.000000 0.613881 0.000000 -0.789399 0.968995 0.968995 0.968995
3904.817139 0.000000 8296.580078 0.000000 0.951864 0.000000 0.306520 0.753334 0.753334 0.753334
3883.028320 0.000000 8258.346680 0.000000 0.004046 0.000000 0.999992 0.421370 0.421370 0.421370
3877.830078 0.000000 8304.367188 0.000000 0.997471 0.000000 -0.071069 0.810655 0.810655 0.810655
3849.020996 0.000000 8341.789062 0.000000 0.908574 0.000000 -0.417723 0.889511 0.889511 0.889511
3929.284180 0.000000 8260.829102 0.000000 0.302522 0.000000 0.953142 0.396251 0.396251 0.396251
3922.456543 0.000000 8315.293945 0.000000 0.785308 0.000000 0.619106 0.714665 0.714665 0.714665
3898.536621 0.000000 8304.845703 0.000000 0.440016 0.000000 0.897990 0.463681 0.463681 0.463681
3923.362549 0.000000 8319.241211 0.000000 0.884810 0.000000 -0.465952 0.911329 0.911329 0.911329
3863.335205 0.000000 8310.398438 0.000000 0.942563 0.000000 0.334030 0.692527 0.692527 0.692527
3930.539062 0.000000 8329.615234 0.000000 0.363259 0.000000 0.931688 0.615604 0.615604 0.615604
3919.585205 0.000000 8292.286133 0.000000 0.995057 0.000000 0.099308 0.770994 0.770994 0.770994
3901.446533 0.000000 8293.262695 0.000000 0.156529 0.000000 -0.987673 1.279968 1.279968 1.279968
3877.526367 0.000000 8281.814453 0.000000 0.418646 0.000000 0.908149 0.411054 0.411054 0.411054
3914.743896 0.000000 8339.138672 0.000000 0.773095 0.000000 -0.634290 0.959185 0.959185 0.959185
3881.931152 0.000000 8315.031250 0.000000 0.959333 0.000000 -0.282278 0.868014 0.868014 0.868014
3929.663818 0.000000 8313.022461 0.000000 0.955745 0.000000 0.294195 0.762427 0.762427 0.762427
3873.838135 0.000000 8303.668945 0.000000 0.865460 0.000000 0.500979 0.637559 0.637559 0.637559
3864.186523 0.000000 8298.759766 0.000000 0.460149 0.000000 0.887841 0.385373 0.385373 0.385373
3859.776855 0.000000 8317.146484 0.000000 0.998342 0.000000 -0.057560 0.815988 0.815988 0.815988
3854.237305 0.000000 8330.523438 0.000000 0.109940 0.000000 -0.993938 1.045048 1.045048 1.045048
3882.830322 0.000000 8261.141602 0.000000 0.623319 0.000000 0.781968 0.672686 0.672686 0.672686
3914.760010 0.000000 8336.848633 0.000000 0.420847 0.000000 0.907131 0.577570 0.577570 0.577570
3893.688232 0.000000 8322.763672 0.000000 0.854775 0.000000 -0.518999 0.958029 0.958029 0.958029
3855.946777 0.000000 8324.597656 0.000000 0.128017 0.000000 -0.991772 1.304152 1.304152 1.304152
3900.868652 0.000000 8305.243164 0.000000 0.987661 0.000000 -0.156609 0.831408 0.831408 0.831408
3897.900879 0.000000 8302.871094 0.000000 0.833761 0.000000 -0.552125 0.988081 0.988081 0.988081
3869.318359 0.000000 8292.256836 0.000000 0.694633 0.000000 0.719365 0.487306 0.487306 0.487306
3931.445312 0.000000 8260.546875 0.000000 0.412792 0.000000 -0.910825 0.996716 0.996716 0.996716
3896.408936 0.000000 8298.780273 0.000000 0.225651 0.000000 -0.974208 1.384820 1.384820 1.384820
3922.806885 0.000000 8251.863281 0.000000 0.827885 0.000000 0.560897 0.614470 0.614470 0.614470
3922.591553 0.000000 8317.388672 0.000000 0.235346 0.000000 0.971912 0.296738 0.296738 0.296738
3849.816406 0.000000 8330.545898 0.000000 0.860236 0.000000 -0.509895 1.021210 1.021210 1.021210
3905.262695 0.000000 8294.786133 0.000000 0.851559 0.000000 0.524259 0.609325 0.609325 0.609325
3918.509766 0.000000 8340.969727 0.000000 0.302009 0.000000 0.953305 0.464241 0.464241 0.464241
3871.958252 0.000000 8267.703125 0.000000 0.389088 0.000000 0.921201 0.264352 0.264352 0.264352
3856.778809 0.000000 8340.040039 0.000000 0.709531 0.000000 0.704674 0.537623 0.537623 0.537623
3898.540771 0.000000 8312.832031 0.000000 0.667495 0.000000 0.744614 0.447705 0.447705 0.447705
3898.512695 0.000000 8314.776367 0.000000 0.490201 0.000000 -0.871610 1.030429 1.030429 1.030429
3879.673584 0.000000 8304.624023 0.000000 0.326029 0.000000 0.945360 0.364581 0.364581 0.364581
3855.880371 0.000000 8333.061523 0.000000 0.492882 0.000000 0.870096 0.504897 0.504897 0.504897
3878.119873 0.000000 8310.159180 0.000000 0.601150 0.000000 0.799136 0.489342 0.489342 0.489342
3868.978516 0.000000 8268.497070 0.000000 0.468357 0.000000 -0.883539 1.096433 1.096433 1.096433
3899.396729 0.000000 8306.313477 0.000000 0.177571 0.000000 -0.984108 1.269941 1.269941 1.269941
3852.667725 0.000000 8309.437500 0.000000 0.892691 0.000000 0.450670 0.680481 0.680481 0.680481
3927.261719 0.000000 8324.562500 0.000000 0.420721 0.000000 -0.907190 1.303934 1.303934 1.303934
3784.363037 0.000000 8416.917969 0.000000 0.988141 0.000000 0.153550 0.772905 0.772905 0.772905
3840.754150 0.000000 8417.900391 0.000000 0.826807 0.000000 0.562485 0.634155 0.634155 0.634155
3769.697510 0.000000 8375.204102 0.000000 0.270627 0.000000 0.962684 0.781871 0.781871 0.781871
3835.794922 0.000000 8389.364258 0.000000 0.667356 0.000000 -0.744739 1.013102 1.013102 1.013102
3799.977295 0.000000 8418.726562 0.000000 0.820026 0.000000 0.572326 0.596762 0.596762 0.596762
3755.723633 0.000000 8344.892578 0.000000 0.553926 0.000000 0.832566 0.426701 0.426701 0.426701
3799.087646 0.000000 8411.508789 0.000000 0.793596 0.000000 0.608445 0.679812 0.679812 0.679812
3774.383301 0.000000 8377.145508 0.000000 0.474800 0.000000 0.880094 0.698990 0.698990 0.698990
3796.454346 0.000000 8435.934570 0.000000 0.090559 0.000000 0.995891 0.566465 0.566465 0.566465
3769.170898 0.000000 8379.858398 0.000000 0.711855 0.000000 -0.702327 0.992841 0.992841 0.992841
3840.462646 0.000000 8348.940430 0.000000 0.961107 0.000000 0.276175 0.747468 0.747468 0.747468
3837.055664 0.000000 8420.744141 0.000000 1.000000 0.000000 -0.000685 0.800242 0.800242 0.800242
3797.790039 0.000000 8398.453125 0.000000 0.998924 0.000000 0.046380 0.785637 0.785637 0.785637
3831.287354 0.000000 8390.178711 0.000000 0.140395 0.000000 -0.990095 1.148423 1.148423 1.148423
3778.056885 0.000000 8409.767578 0.000000 0.910771 0.000000 0.412911 0.697985 0.697985 0.697985
3753.930908 0.000000 8401.662109 0.000000 0.967989 0.000000 -0.250993 0.903876 0.903876 0.903876
3818.060791 0.000000 8391.543945 0.000000 0.865787 0.000000 -0.500412 0.850242 0.850242 0.850242
3807.053467 0.000000 8423.916992 0.000000 0.345289 0.000000 0.938497 0.602916 0.602916 0.602916
3785.175049 0.000000 8380.526367 0.000000 0.209947 0.000000 -0.977713 1.188216 1.188216 1.188216
3789.370361 0.000000 8428.334961 0.000000 0.709156 0.000000 0.705051 0.760929 0.760929 0.760929
3823.836182 0.000000 8413.532227 0.000000 0.873808 0.000000 -0.486270 0.831441 0.831441 0.831441
3751.848877 0.000000 8414.389648 0.000000 0.018888 0.000000 -0.999822 0.914683 0.914683 0.914683
3810.684570 0.000000 8363.479492 0.000000 0.841820 0.000000 -0.539759 0.887682 0.887682 0.887682
3805.259277 0.000000 8359.016602 0.000000 0.604894 0.000000 -0.796306 0.950862 0.950862 0.950862
3802.723633 0.000000 8374.420898 0.000000 0.372707 0.000000 0.927949 0.731141 0.731141 0.731141
3796.337891 0.000000 8404.969727 0.000000 0.540152 0.000000 -0.841568 1.007750 1.007750 1.007750
3779.352539 0.000000 8402.208984 0.000000 0.952367 0.000000 -0.304954 0.861893 0.861893 0.861893
3784.247803 0.000000 8424.358398 0.000000 0.333654 0.000000 0.942696 0.620578 0.620578 0.620578
3799.463135 0.000000 8435.651367 0.000000 0.668189 0.000000 0.743992 0.719565 0.719565 0.719565
3842.370605 0.000000 8346.204102 0.000000 0.389776 0.000000 -0.920910 1.286218 1.286218 1.286218
3801.478516 0.000000 8377.245117 0.000000 0.989457 0.000000 0.144827 0.773004 0.773004 0.773004
3784.212646 0.000000 8436.795898 0.000000 0.883314 0.000000 -0.468781 0.870162 0.870162 0.870162
3839.449219 0.000000 8388.109375 0.000000 0.300461 0.000000 -0.953794 1.100802 1.100802 1.100802
3838.599121 0.000000 8393.265625 0.000000 0.796715 0.000000 0.604355 0.723529 0.723529 0.723529
3833.929443 0.000000 8383.744141 0.000000 0.680043 0.000000 -0.733172 0.933138 0.933138 0.933138
3838.400391 0.000000 8346.567383 0.000000 0.999752 0.000000 0.022276 0.796885 0.796885 0.796885
3749.702637 0.000000 8422.310547 0.000000 0.315323 0.000000 -0.948984 1.117061 1.117061 1.117061
3750.525146 0.000000 8355.813477 0.000000 0.897482 0.000000 0.441051 0.754386 0.754386 0.754386
3768.040771 0.000000 8377.394531 0.000000 0.539698 0.000000 -0.841859 1.027849 1.027849 1.027849
3778.824463 0.000000 8407.176758 0.000000 0.297263 0.000000 0.954796 0.500936 0.500936 0.500936
3804.882812 0.000000 8356.443359 0.000000 0.174074 0.000000 -0.984733 1.095508 1.095508 1.095508
3797.245361 0.000000 8395.920898 0.000000 0.334653 0.000000 0.942342 0.669847 0.669847 0.669847
3835.492676 0.000000 8385.938477 0.000000 0.799230 0.000000 -0.601025 0.879843 0.879843 0.879843
3837.915039 0.000000 8390.837891 0.000000 0.381758 0.000000 0.924262 0.670478 0.670478 0.670478
3777.156494 0.000000 8376.789062 0.000000 0.843183 0.000000 0.537627 0.697970 0.697970 0.697970
3835.844238 0.000000 8431.227539 0.000000 0.934435 0.000000 -0.356133 0.850907 0.850907 0.850907
3808.809326 0.000000 8413.462891 0.000000 0.994346 0.000000 -0.106189 0.814449 0.814449 0.814449
3842.473633 0.000000 8419.698242 0.000000 0.760134 0.000000 -0.649766 1.061331 1.061331 1.061331
3753.835693 0.000000 8403.981445 0.000000 0.834250 0.000000 -0.551387 1.083445 1.083445 1.083445
3833.565918 0.000000 8388.740234 0.000000 0.197443 0.000000 0.980314 0.454721 0.454721 0.454721
3782.066406 0.000000 8417.355469 0.000000 0.518477 0.000000 -0.855091 1.107293 1.107293 1.107293
3809.136230 0.000000 8369.096680 0.000000 0.177057 0.000000 -0.984201 1.042013 1.042013 1.042013
3790.800781 0.000000 8430.020508 0.000000 0.964574 0.000000 0.263814 0.745079 0.745079 0.745079
3771.096924 0.000000 8373.520508 0.000000 0.519823 0.000000 -0.854274 1.162050 1.162050 1.162050
3808.233887 0.000000 8367.091797 0.000000 0.033957 0.000000 0.999423 0.324240 0.324240 0.324240
3787.389648 0.000000 8381.135742 0.000000 0.662020 0.000000 -0.749486 1.063988 1.063988 1.063988
3811.748779 0.000000 8365.323242 0.000000 0.794383 0.000000 -0.607417 1.020343 1.020343 1.020343
3815.280518 0.000000 8421.643555 0.000000 0.666420 0.000000 0.745577 0.648757 0.648757 0.648757
3840.361084 0.000000 8346.340820 0.000000 0.329404 0.000000 0.944189 0.452176 0.452176 0.452176
3753.822998 0.000000 8414.245117 0.000000 0.732620 0.000000 -0.680638 1.066145 1.066145 1.066145
3832.209717 0.000000 8384.633789 0.000000 0.205153 0.000000 0.978730 0.475774 0.475774 0.475774
3799.352295 0.000000 8409.334961 0.000000 0.889829 0.000000 0.456293 0.680761 0.680761 0.680761
3796.871338 0.000000 8403.085938 0.000000 0.860845 0.000000 -0.508867 0.958873 0.958873 0.958873
3752.550049 0.000000 8400.348633 0.000000 0.305823 0.000000 0.952088 0.284116 0.284116 0.284116
3803.060791 0.000000 8376.318359 0.000000 0.971889 0.000000 0.235441 0.748259 0.748259 0.748259
3831.355469 0.000000 8391.950195 0.000000 0.983745 0.000000 0.179571 0.756006 0.756006 0.756006
3798.439453 0.000000 8419.789062 0.000000 0.345110 0.000000 0.938562 0.393603 0.393603 0.393603
3777.458740 0.000000 8403.016602 0.000000 0.126455 0.000000 0.991972 0.474106 0.474106 0.474106
3838.016602 0.000000 8389.078125 0.000000 0.731117 0.000000 0.682252 0.621547 0.621547 0.621547
3769.746094 0.000000 8377.041016 0.000000 0.077008 0.000000 -0.997030 1.140096 1.140096 1.140096
3840.856445 0.000000 8353.552734 0.000000 0.870051 0.000000 -0.492961 0.940020 0.940020 0.940020
3753.811768 0.000000 8415.894531 0.000000 0.178293 0.000000 -0.983977 1.294706 1.294706 1.294706
3782.964844 0.000000 8416.028320 0.000000 0.748998 0.000000 0.662572 0.583026 0.583026 0.583026
3796.561279 0.000000 8399.459961 0.000000 0.079916 0.000000 -0.996802 1.261508 1.261508 1.261508
3845.628418 0.000000 8366.289062 0.000000 0.900295 0.000000 -0.435280 0.989785 0.989785 0.989785
3843.967773 0.000000 8347.884766 0.000000 0.421280 0.000000 0.906930 0.328102 0.328102 0.328102
3895.462402 0.000000 8359.386719 0.000000 0.226656 0.000000 -0.973975 1.078782 1.078782 1.078782
3933.181885 0.000000 8396.022461 0.000000 0.634868 0.000000 -0.772620 1.140351 1.140351 1.140351
3913.082275 0.000000 8345.152344 0.000000 0.421913 0.000000 0.906636 0.743316 0.743316 0.743316
3888.426025 0.000000 8395.519531 0.000000 0.974250 0.000000 0.225471 0.740497 0.740497 0.740497
3921.827393 0.000000 8387.335938 0.000000 0.819464 0.000000 -0.573130 0.923115 0.923115 0.923115
3892.750244 0.000000 8402.931641 0.000000 0.601026 0.000000 0.799230 0.494838 0.494838 0.494838
3858.607666 0.000000 8433.446289 0.000000 0.602172 0.000000 -0.798366 1.025285 1.025285 1.025285
3926.478271 0.000000 8401.068359 0.000000 0.331702 0.000000 -0.943384 0.918175 0.918175 0.918175
3909.268555 0.000000 8428.354492 0.000000 0.005261 0.000000 0.999986 0.684310 0.684310 0.684310
3913.661865 0.000000 8413.327148 0.000000 0.674712 0.000000 0.738081 0.673981 0.673981 0.673981
3908.527344 0.000000 8361.419922 0.000000 0.828923 0.000000 0.559363 0.642316 0.642316 0.642316
3884.078125 0.000000 8389.988281 0.000000 0.164751 0.000000 -0.986335 1.075057 1.075057 1.075057
3852.022217 0.000000 8392.058594 0.000000 0.825284 0.000000 -0.564718 0.937831 0.937831 0.937831
3896.134033 0.000000 8397.694336 0.000000 0.852727 0.000000 -0.522356 0.814270 0.814270 0.814270
3919.019043 0.000000 8347.866211 0.000000 0.192141 0.000000 0.981367 0.508383 0.508383 0.508383
3890.958252 0.000000 8368.072266 0.000000 0.148725 0.000000 -0.988879 0.890851 0.890851 0.890851
3848.140381 0.000000 8351.505859 0.000000 0.887408 0.000000 0.460984 0.745458 0.745458 0.745458
3934.172607 0.000000 8390.950195 0.000000 0.833457 0.000000 -0.552585 0.860804 0.860804 0.860804
3903.374268 0.000000 8428.819336 0.000000 0.444278 0.000000 0.895889 0.587092 0.587092 0.587092
3853.011963 0.000000 8354.828125 0.000000 0.437115 0.000000 -0.899406 1.266849 1.266849 1.266849
3848.031006 0.000000 8362.222656 0.000000 0.683305 0.000000 0.730133 0.760765 0.760765 0.760765
3861.793213 0.000000 8356.246094 0.000000 0.771635 0.000000 -0.636065 1.079505 1.079505 1.079505
3850.651855 0.000000 8408.518555 0.000000 0.780809 0.000000 -0.624770 0.867391 0.867391 0.867391
3925.029541 0.000000 8390.178711 0.000000 0.984450 0.000000 0.175664 0.781308 0.781308 0.781308
3847.673096 0.000000 8401.662109 0.000000 0.346059 0.000000 -0.938213 0.941027 0.941027 0.941027
3914.809082 0.000000 8348.922852 0.000000 0.253872 0.000000 0.967238 0.563786 0.563786 0.563786
3884.766113 0.000000 8386.034180 0.000000 0.497961 0.000000 -0.867200 0.953023 0.953023 0.953023
3907.823242 0.000000 8365.284180 0.000000 0.194196 0.000000 -0.980963 0.942840 0.942840 0.942840
3905.289062 0.000000 8358.569336 0.000000 0.901459 0.000000 -0.432866 0.903716 0.903716 0.903716
3873.743408 0.000000 8347.056641 0.000000 0.958903 0.000000 -0.283735 0.871822 0.871822 0.871822
3891.972168 0.000000 8359.033203 0.000000 0.909012 0.000000 -0.416770 0.826616 0.826616 0.826616
3847.719727 0.000000 8348.027344 0.000000 0.584672 0.000000 -0.811270 0.920962 0.920962 0.920962
3851.529541 0.000000 8363.018555 0.000000 0.914008 0.000000 0.405697 0.692372 0.692372 0.692372
3929.974121 0.000000 8373.438477 0.000000 0.770045 0.000000 -0.637990 1.052880 1.052880 1.052880
3887.916260 0.000000 8433.338867 0.000000 0.970784 0.000000 -0.239955 0.826134 0.826134 0.826134
3912.853516 0.000000 8409.166992 0.000000 0.267739 0.000000 -0.963491 0.989502 0.989502 0.989502
3890.080078 0.000000 8404.969727 0.000000 0.976301 0.000000 -0.216416 0.884522 0.884522 0.884522
3906.070068 0.000000 8426.989258 0.000000 0.837963 0.000000 0.545726 0.667414 0.667414 0.667414
3906.351562 0.000000 8351.466797 0.000000 0.296205 0.000000 0.955124 0.650338 0.650338 0.650338
3920.992676 0.000000 8344.941406 0.000000 0.988565 0.000000 -0.150792 0.829023 0.829023 0.829023
3926.025391 0.000000 8370.389648 0.000000 0.933824 0.000000 0.357732 0.707936 0.707936 0.707936
3908.413330 0.000000 8358.230469 0.000000 0.962698 0.000000 -0.270580 0.872782 0.872782 0.872782
3909.481445 0.000000 8352.472656 0.000000 0.821243 0.000000 0.570579 0.710257 0.710257 0.710257
3890.635498 0.000000 8393.072266 0.000000 0.967479 0.000000 -0.252951 0.833710 0.833710 0.833710
3847.166992 0.000000 8398.693359 0.000000 0.421248 0.000000 -0.906945 1.181161 1.181161 1.181161
3911.847168 0.000000 8361.003906 0.000000 0.065128 0.000000 0.997877 0.604539 0.604539 0.604539
3850.659180 0.000000 8348.239258 0.000000 0.821307 0.000000 -0.570486 0.869114 0.869114 0.869114
3853.411377 0.000000 8373.759766 0.000000 0.177195 0.000000 0.984176 0.218671 0.218671 0.218671
3867.768799 0.000000 8345.591797 0.000000 0.018088 0.000000 0.999836 0.551910 0.551910 0.551910
3921.349365 0.000000 8404.189453 0.000000 0.997167 0.000000 -0.075225 0.836393 0.836393 0.836393
3886.425781 0.000000 8388.450195 0.000000 0.057658 0.000000 0.998336 0.340651 0.340651 0.340651
3849.155518 0.000000 8406.041992 0.000000 0.611491 0.000000 -0.791252 1.022429 1.022429 1.022429
3915.659180 0.000000 8411.533203 0.000000 0.475303 0.000000 -0.879822 0.961100 0.961100 0.961100
3893.584717 0.000000 8368.798828 0.000000 0.510343 0.000000 -0.859971 0.938527 0.938527 0.938527
3845.566162 0.000000 8363.187500 0.000000 0.864549 0.000000 -0.502549 0.864150 0.864150 0.864150
3902.643555 0.000000 8358.075195 0.000000 0.613702 0.000000 0.789538 0.576436 0.576436 0.576436
3890.987549 0.000000 8395.920898 0.000000 0.946419 0.000000 0.322941 0.740235 0.740235 0.740235
3861.670654 0.000000 8392.239258 0.000000 0.279853 0.000000 0.960043 0.517217 0.517217 0.517217
3906.993164 0.000000 8429.300781 0.000000 0.270114 0.000000 0.962828 0.584948 0.584948 0.584948
3845.294189 0.000000 8401.909180 0.000000 0.974071 0.000000 -0.226241 0.841022 0.841022 0.841022
3927.308105 0.000000 8388.740234 0.000000 0.152339 0.000000 -0.988328 1.026545 1.026545 1.026545
3878.196045 0.000000 8430.028320 0.000000 0.180516 0.000000 -0.983572 1.277254 1.277254 1.277254
3893.572266 0.000000 8360.606445 0.000000 0.644570 0.000000 -0.764546 0.979042 0.979042 0.979042
3850.173096 0.000000 8361.128906 0.000000 0.972239 0.000000 -0.233990 0.852831 0.852831 0.852831
3913.201904 0.000000 8426.694336 0.000000 0.278039 0.000000 -0.960570 1.119242 1.119242 1.119242
3853.129395 0.000000 8390.046875 0.000000 0.957764 0.000000 -0.287557 0.908353 0.908353 0.908353
3918.590820 0.000000 8345.697266 0.000000 0.040280 0.000000 -0.999188 1.145417 1.145417 1.145417
3912.390869 0.000000 8411.315430 0.000000 0.252055 0.000000 -0.967713 1.309900 1.309900 1.309900
3884.542969 0.000000 8430.020508 0.000000 0.773292 0.000000 0.634050 0.703984 0.703984 0.703984
3850.039551 0.000000 8350.404297 0.000000 0.999623 0.000000 0.027459 0.790017 0.790017 0.790017
3909.974365 0.000000 8359.746094 0.000000 0.914481 0.000000 0.404628 0.689345 0.689345 0.689345
3922.819824 0.000000 8405.684570 0.000000 0.359387 0.000000 0.933189 0.576516 0.576516 0.576516
3903.235107 0.000000 8365.266602 0.000000 0.722840 0.000000 0.691015 0.658298 0.658298 0.658298
3906.420166 0.000000 8367.358398 0.000000 0.587941 0.000000 0.808904 0.515823 0.515823 0.515823
3936.856689 0.000000 8391.406250 0.000000 0.655515 0.000000 -0.755182 1.053006 1.053006 1.053006
3844.131348 0.000000 8367.813477 0.000000 0.988103 0.000000 0.153795 0.734930 0.734930 0.734930
3854.169434 0.000000 8392.190430 0.000000 0.561764 0.000000 -0.827297 1.010154 1.010154 1.010154
3844.213379 0.000000 8420.311523 0.000000 0.935179 0.000000 0.354176 0.683586 0.683586 0.683586
3914.274414 0.000000 8346.916992 0.000000 0.808749 0.000000 -0.588154 1.047395 1.047395 1.047395
3928.131104 0.000000 8374.819336 0.000000 0.688252 0.000000 -0.725471 1.075603 1.075603 1.075603
3927.009033 0.000000 8403.013672 0.000000 0.852584 0.000000 0.522590 0.651736 0.651736 0.651736
3906.984619 0.000000 8359.608398 0.000000 0.489577 0.000000 0.871960 0.560953 0.560953 0.560953
3860.645752 0.000000 8393.902344 0.000000 0.842171 0.000000 0.539210 0.674883 0.674883 0.674883
3869.025879 0.000000 8347.119141 0.000000 0.999927 0.000000 -0.012070 0.803134 0.803134 0.803134
3852.774658 0.000000 8356.753906 0.000000 0.812005 0.000000 -0.583651 0.925716 0.925716 0.925716
3914.447266 0.000000 8408.033203 0.000000 0.114206 0.000000 -0.993457 1.134496 1.134496 1.134496
3890.379395 0.000000 8360.062500 0.000000 0.531813 0.000000 -0.846862 0.993663 0.993663 0.993663
3924.021973 0.000000 8371.301758 0.000000 0.875418 0.000000 -0.483366 0.915874 0.915874 0.915874
3866.602539 0.000000 8346.991211 0.000000 0.118026 0.000000 0.993011 0.347447 0.347447 0.347447
3888.950439 0.000000 8393.761719 0.000000 0.854565 0.000000 0.519344 0.662577 0.662577 0.662577
3914.643311 0.000000 8409.876953 0.000000 0.382560 0.000000 0.923931 0.529381 0.529381 0.529381
3887.966309 0.000000 8389.409180 0.000000 0.356923 0.000000 0.934134 0.433935 0.433935 0.433935
3907.600098 0.000000 8352.746094 0.000000 0.098827 0.000000 0.995105 0.485468 0.485468 0.485468
3851.753418 0.000000 8350.397461 0.000000 0.055541 0.000000 0.998456 0.249219 0.249219 0.249219
3845.509766 0.000000 8346.958984 0.000000 0.923333 0.000000 -0.384001 0.950348 0.950348 0.950348
3930.337891 0.000000 8403.492188 0.000000 0.975401 0.000000 0.220437 0.729418 0.729418 0.729418
3902.820801 0.000000 8355.590820 0.000000 0.408869 0.000000 0.912593 0.336210 0.336210 0.336210
3889.621338 0.000000 8396.949219 0.000000 0.999969 0.000000 0.007854 0.797835 0.797835 0.797835
3911.446777 0.000000 8421.174805 0.000000 0.827646 0.000000 0.561251 0.622668 0.622668 0.622668
3892.255859 0.000000 8367.004883 0.000000 0.894503 0.000000 -0.447063 0.916635 0.916635 0.916635
3893.848633 0.000000 8358.887695 0.000000 0.867666 0.000000 0.497147 0.592164 0.592164 0.592164
3849.024902 0.000000 8349.039062 0.000000 0.997952 0.000000 0.063975 0.769825 0.769825 0.769825
3927.441162 0.000000 8371.222656 0.000000 0.083802 0.000000 0.996482 0.425820 0.425820 0.425820
3913.999756 0.000000 8411.325195 0.000000 0.924053 0.000000 -0.382263 0.951981 0.951981 0.951981
3849.128418 0.000000 8385.216797 0.000000 0.997374 0.000000 -0.072425 0.820703 0.820703 0.820703
3991.674561 0.000000 8316.586914 0.000000 0.647484 0.000000 0.762079 0.749811 0.749811 0.749811
3953.830566 0.000000 8304.706055 0.000000 0.730482 0.000000 0.682932 0.724927 0.724927 0.724927
4018.283203 0.000000 8279.382812 0.000000 0.728710 0.000000 -0.684823 1.099821 1.099821 1.099821
3995.545654 0.000000 8307.095703 0.000000 0.643224 0.000000 0.765678 0.665883 0.665883 0.665883
4015.569580 0.000000 8293.593750 0.000000 0.388339 0.000000 0.921516 0.582315 0.582315 0.582315
3961.472412 0.000000 8254.818359 0.000000 0.524022 0.000000 -0.851705 1.062598 1.062598 1.062598
3944.865234 0.000000 8305.034180 0.000000 0.467682 0.000000 -0.883897 0.968891 0.968891 0.968891
3975.492432 0.000000 8289.606445 0.000000 0.998352 0.000000 0.057395 0.788760 0.788760 0.788760
3988.334961 0.000000 8286.799805 0.000000 0.683946 0.000000 0.729533 0.654661 0.654661 0.654661
4026.122559 0.000000 8331.253906 0.000000 0.241685 0.000000 -0.970355 0.834446 0.834446 0.834446
4019.126709 0.000000 8300.741211 0.000000 0.151579 0.000000 -0.988445 0.848167 0.848167 0.848167
4010.366943 0.000000 8290.714844 0.000000 0.572361 0.000000 -0.820002 0.884488 0.884488 0.884488
4022.458740 0.000000 8283.069336 0.000000 0.999972 0.000000 0.007485 0.798385 0.798385 0.798385
4014.623535 0.000000 8298.324219 0.000000 0.564892 0.000000 0.825165 0.509254 0.509254 0.509254
4012.117676 0.000000 8264.180664 0.000000 0.706068 0.000000 0.708144 0.586268 0.586268 0.586268
3986.873291 0.000000 8291.892578 0.000000 0.969913 0.000000 -0.243452 0.841258 0.841258 0.841258
3987.245605 0.000000 8300.445312 0.000000 0.946060 0.000000 -0.323992 0.838221 0.838221 0.838221
3977.934082 0.000000 8300.575195 0.000000 0.698510 0.000000 0.715600 0.678950 0.678950 0.678950
3996.018311 0.000000 8317.173828 0.000000 0.991952 0.000000 -0.126613 0.822820 0.822820 0.822820
3981.714844 0.000000 8297.563477 0.000000 0.813034 0.000000 -0.582217 0.838477 0.838477 0.838477
3982.447510 0.000000 8279.859375 0.000000 0.284532 0.000000 -0.958667 1.307081 1.307081 1.307081
3972.659424 0.000000 8286.784180 0.000000 0.890693 0.000000 0.454606 0.700089 0.700089 0.700089
3979.722412 0.000000 8287.922852 0.000000 0.758701 0.000000 -0.651439 0.933198 0.933198 0.933198
4007.752441 0.000000 8310.995117 0.000000 0.981611 0.000000 0.190891 0.782738 0.782738 0.782738
3985.999756 0.000000 8283.583984 0.000000 0.081033 0.000000 -0.996711 1.106449 1.106449 1.106449
3977.506836 0.000000 8281.593750 0.000000 0.559692 0.000000 0.828700 0.669292 0.669292 0.669292
4021.159424 0.000000 8303.746094 0.000000 0.242014 0.000000 -0.970273 0.945698 0.945698 0.945698
4016.276123 0.000000 8276.342773 0.000000 0.998838 0.000000 0.048189 0.796534 0.796534 0.796534
3981.111328 0.000000 8275.166992 0.000000 0.530898 0.000000 -0.847436 0.864623 0.864623 0.864623
3979.838623 0.000000 8304.179688 0.000000 0.063331 0.000000 0.997993 0.577209 0.577209 0.577209
3997.776123 0.000000 8309.667969 0.000000 0.369271 0.000000 -0.929322 1.026276 1.026276 1.026276
3944.891602 0.000000 8301.513672 0.000000 0.959591 0.000000 0.281400 0.780630 0.780630 0.780630
4017.848633 0.000000 8309.977539 0.000000 0.533251 0.000000 -0.845957 1.027574 1.027574 1.027574
3964.031006 0.000000 8259.143555 0.000000 0.978317 0.000000 -0.207114 0.825417 0.825417 0.825417
3993.982666 0.000000 8314.350586 0.000000 0.488664 0.000000 0.872472 0.526836 0.526836 0.526836
4015.568359 0.000000 8256.948242 0.000000 0.750942 0.000000 -0.660368 0.971434 0.971434 0.971434
4019.767578 0.000000 8276.647461 0.000000 0.991311 0.000000 0.131536 0.747569 0.747569 0.747569
4009.733154 0.000000 8304.009766 0.000000 0.981849 0.000000 -0.189666 0.843828 0.843828 0.843828
3989.291992 0.000000 8289.724609 0.000000 0.641480 0.000000 0.767139 0.693474 0.693474 0.693474
3956.807373 0.000000 8250.354492 0.000000 0.290089 0.000000 0.957000 0.703122 0.703122 0.703122
3952.424072 0.000000 8307.501953 0.000000 0.832821 0.000000 0.553543 0.579738 0.579738 0.579738
4029.154053 0.000000 8331.994141 0.000000 0.054439 0.000000 -0.998517 1.333011 1.333011 1.333011
3961.734619 0.000000 8257.607422 0.000000 0.250092 0.000000 -0.968222 1.131683 1.131683 1.131683
3977.126465 0.000000 8303.376953 0.000000 0.965056 0.000000 0.262043 0.702564 0.702564 0.702564
4009.218994 0.000000 8308.711914 0.000000 0.457548 0.000000 -0.889185 1.047255 1.047255 1.047255
4023.645752 0.000000 8285.508789 0.000000 0.999475 0.000000 -0.032413 0.804791 0.804791 0.804791
3942.763184 0.000000 8341.789062 0.000000 0.973081 0.000000 -0.230463 0.908685 0.908685 0.908685
3984.729736 0.000000 8302.178711 0.000000 0.463397 0.000000 -0.886151 0.945721 0.945721 0.945721
3987.404785 0.000000 8303.217773 0.000000 0.789194 0.000000 0.614144 0.576789 0.576789 0.576789
4014.150879 0.000000 8265.689453 0.000000 0.241790 0.000000 -0.970329 1.064951 1.064951 1.064951
3966.274658 0.000000 8271.269531 0.000000 0.403702 0.000000 -0.914890 1.019192 1.019192 1.019192
3955.180664 0.000000 8302.685547 0.000000 0.999871 0.000000 0.016067 0.794673 0.794673 0.794673
4013.877441 0.000000 8262.493164 0.000000 0.423800 0.000000 0.905756 0.657419 0.657419 0.657419
3989.219482 0.000000 8292.220703 0.000000 0.959663 0.000000 -0.281152 0.892780 0.892780 0.892780
3959.011230 0.000000 8251.795898 0.000000 0.109537 0.000000 0.993983 0.289342 0.289342 0.289342
3976.174805 0.000000 8291.794922 0.000000 0.154061 0.000000 0.988061 0.078777 0.078777 0.078777
4018.896973 0.000000 8303.007812 0.000000 0.385221 0.000000 -0.922824 0.966669 0.966669 0.966669
3984.541260 0.000000 8280.750977 0.000000 0.567565 0.000000 0.823329 0.307383 0.307383 0.307383
3979.786621 0.000000 8302.028320 0.000000 0.195751 0.000000 0.980654 0.328075 0.328075 0.328075
3974.874023 0.000000 8287.393555 0.000000 0.752869 0.000000 -0.658170 0.970740 0.970740 0.970740
4016.562012 0.000000 8311.942383 0.000000 0.092902 0.000000 -0.995675 1.103998 1.103998 1.103998
4018.235840 0.000000 8275.162109 0.000000 0.437646 0.000000 0.899147 0.561117 0.561117 0.561117
3983.183105 0.000000 8276.016602 0.000000 0.133954 0.000000 0.990988 0.068428 0.068428 0.068428
3968.408203 0.000000 8270.967773 0.000000 0.379766 0.000000 0.925083 0.441395 0.441395 0.441395
3965.582275 0.000000 8260.488281 0.000000 0.861108 0.000000 -0.508422 0.981089 0.981089 0.981089
4028.002686 0.000000 8330.318359 0.000000 0.963894 0.000000 -0.266285 0.894746 0.894746 0.894746
4030.556152 0.000000 8330.592773 0.000000 0.622082 0.000000 0.782952 0.512590 0.512590 0.512590
4017.855957 0.000000 8257.580078 0.000000 0.989329 0.000000 -0.145699 0.835336 0.835336 0.835336
3960.293945 0.000000 8256.305664 0.000000 0.254445 0.000000 0.967087 0.469449 0.469449 0.469449
4009.496826 0.000000 8305.970703 0.000000 0.801564 0.000000 0.597909 0.652799 0.652799 0.652799
4007.871338 0.000000 8304.419922 0.000000 0.786330 0.000000 0.617807 0.569899 0.569899 0.569899
4012.127930 0.000000 8285.396484 0.000000 0.663333 0.000000 -0.748324 1.029667 1.029667 1.029667
3987.677002 0.000000 8305.208008 0.000000 0.133000 0.000000 0.991116 0.182771 0.182771 0.182771
4016.542725 0.000000 8274.330078 0.000000 0.423579 0.000000 -0.905859 1.135024 1.135024 1.135024
4009.707031 0.000000 8310.837891 0.000000 0.664509 0.000000 0.747281 0.370174 0.370174 0.370174
3992.254883 0.000000 8314.776367 0.000000 0.253479 0.000000 0.967341 0.461322 0.461322 0.461322
3944.701416 0.000000 8303.274414 0.000000 0.845699 0.000000 0.533660 0.518927 0.518927 0.518927
3985.837158 0.000000 8281.875977 0.000000 0.976921 0.000000 -0.213600 0.909630 0.909630 0.909630
4014.120605 0.000000 8299.948242 0.000000 0.972505 0.000000 -0.232882 0.870415 0.870415 0.870415
4015.742920 0.000000 8299.604492 0.000000 0.809035 0.000000 0.587761 0.611774 0.611774 0.611774
3983.959961 0.000000 8279.093750 0.000000 0.517323 0.000000 -0.855790 1.206161 1.206161 1.206161
4019.620850 0.000000 8278.276367 0.000000 0.998827 0.000000 -0.048424 0.819254 0.819254 0.819254
3988.297607 0.000000 8293.565430 0.000000 0.475823 0.000000 -0.879541 1.149932 1.149932 1.149932
4101.633301 0.000000 8281.464844 0.000000 0.204297 0.000000 0.978909 0.290176 0.290176 0.290176
4085.620850 0.000000 8297.853516 0.000000 0.540938 0.000000 -0.841063 0.827940 0.827940 0.827940
4031.250000 0.000000 8285.764648 0.000000 0.150099 0.000000 -0.988671 0.822691 0.822691 0.822691
4065.589600 0.000000 8323.175781 0.000000 0.080633 0.000000 0.996744 0.582749 0.582749 0.582749
4076.224121 0.000000 8290.717773 0.000000 0.681543 0.000000 0.731778 0.718021 0.718021 0.718021
4062.407227 0.000000 8287.794922 0.000000 0.049292 0.000000 -0.998784 0.836465 0.836465 0.836465
4060.024170 0.000000 8280.784180 0.000000 0.830136 0.000000 -0.557562 0.861425 0.861425 0.861425
4032.282959 0.000000 8331.550781 0.000000 0.140510 0.000000 0.990079 0.665782 0.665782 0.665782
4114.951172 0.000000 8318.770508 0.000000 0.431662 0.000000 0.902036 0.714659 0.714659 0.714659
4052.949219 0.000000 8309.023438 0.000000 0.385094 0.000000 0.922878 0.267066 0.267066 0.267066
4081.203857 0.000000 8324.984375 0.000000 0.691776 0.000000 0.722112 0.603400 0.603400 0.603400
4124.083984 0.000000 8317.950195 0.000000 0.820761 0.000000 0.571271 0.724705 0.724705 0.724705
4048.800537 0.000000 8315.373047 0.000000 0.651797 0.000000 0.758394 0.437225 0.437225 0.437225
4096.062500 0.000000 8341.143555 0.000000 0.470281 0.000000 -0.882517 1.035373 1.035373 1.035373
4085.287842 0.000000 8291.788086 0.000000 0.994880 0.000000 0.101066 0.796967 0.796967 0.796967
4047.661133 0.000000 8310.020508 0.000000 0.998708 0.000000 -0.050824 0.804265 0.804265 0.804265
4092.984131 0.000000 8324.651367 0.000000 0.362516 0.000000 -0.931978 0.955763 0.955763 0.955763
4055.609863 0.000000 8283.403320 0.000000 0.445766 0.000000 0.895149 0.534264 0.534264 0.534264
4105.407227 0.000000 8342.875977 0.000000 0.131441 0.000000 0.991324 0.486737 0.486737 0.486737
4101.815918 0.000000 8286.573242 0.000000 0.364252 0.000000 -0.931301 0.843067 0.843067 0.843067
4080.615479 0.000000 8291.892578 0.000000 0.800523 0.000000 0.599302 0.493248 0.493248 0.493248
4044.542725 0.000000 8274.610352 0.000000 0.994814 0.000000 -0.101714 0.815262 0.815262 0.815262
4111.497559 0.000000 8321.734375 0.000000 0.059854 0.000000 0.998207 0.691365 0.691365 0.691365
4039.335693 0.000000 8289.621094 0.000000 0.844761 0.000000 0.535144 0.753760 0.753760 0.753760
4097.354492 0.000000 8317.380859 0.000000 0.930702 0.000000 -0.365778 0.859084 0.859084 0.859084
4069.829102 0.000000 8321.767578 0.000000 0.897555 0.000000 -0.440903 0.976006 0.976006 0.976006
4072.667480 0.000000 8329.799805 0.000000 0.936543 0.000000 0.350553 0.643342 0.643342 0.643342
4087.836426 0.000000 8302.794922 0.000000 0.411094 0.000000 0.911593 0.751887 0.751887 0.751887
4065.448975 0.000000 8333.897461 0.000000 0.050709 0.000000 -0.998713 1.398079 1.398079 1.398079
4116.630371 0.000000 8322.819336 0.000000 0.995344 0.000000 0.096388 0.789974 0.789974 0.789974
4064.826416 0.000000 8291.127930 0.000000 0.264094 0.000000 0.964497 0.479774 0.479774 0.479774
4031.521973 0.000000 8295.381836 0.000000 0.059411 0.000000 -0.998234 0.896593 0.896593 0.896593
4068.470459 0.000000 8293.685547 0.000000 0.966392 0.000000 0.257072 0.722110 0.722110 0.722110
4070.596924 0.000000 8334.592773 0.000000 0.302836 0.000000 0.953043 0.686475 0.686475 0.686475
4094.368164 0.000000 8314.659180 0.000000 0.717595 0.000000 -0.696460 0.875400 0.875400 0.875400
4115.903320 0.000000 8315.044922 0.000000 0.657935 0.000000 -0.753074 1.179789 1.179789 1.179789
4089.377686 0.000000 8296.791992 0.000000 0.547816 0.000000 -0.836599 0.928658 0.928658 0.928658
4107.863770 0.000000 8289.945312 0.000000 0.178446 0.000000 0.983950 0.633264 0.633264 0.633264
4085.439453 0.000000 8307.343750 0.000000 0.903345 0.000000 -0.428914 0.827446 0.827446 0.827446
4088.843262 0.000000 8290.747070 0.000000 0.478473 0.000000 -0.878102 0.898477 0.898477 0.898477
4077.804688 0.000000 8337.233398 0.000000 0.772638 0.000000 0.634847 0.659880 0.659880 0.659880
4062.302002 0.000000 8332.308594 0.000000 0.146068 0.000000 0.989275 0.652087 0.652087 0.652087
4112.022461 0.000000 8316.817383 0.000000 0.622557 0.000000 -0.782575 1.035158 1.035158 1.035158
4123.372559 0.000000 8321.143555 0.000000 0.052473 0.000000 0.998622 0.329977 0.329977 0.329977
4055.109131 0.000000 8311.873047 0.000000 0.861406 0.000000 -0.507917 0.865972 0.865972 0.865972
4046.306396 0.000000 8313.037109 0.000000 0.968029 0.000000 -0.250838 0.855197 0.855197 0.855197
4076.959229 0.000000 8317.465820 0.000000 0.687766 0.000000 -0.725932 1.025532 1.025532 1.025532
4073.568848 0.000000 8333.017578 0.000000 0.239384 0.000000 -0.970925 0.914142 0.914142 0.914142
4079.122559 0.000000 8327.722656 0.000000 0.999713 0.000000 -0.023973 0.804214 0.804214 0.804214
4062.978027 0.000000 8321.182617 0.000000 0.646597 0.000000 -0.762832 0.902245 0.902245 0.902245
4058.038330 0.000000 8322.931641 0.000000 0.837299 0.000000 0.546745 0.748009 0.748009 0.748009
4088.300293 0.000000 8310.038086 0.000000 0.671041 0.000000 0.741420 0.688240 0.688240 0.688240
4065.474365 0.000000 8330.616211 0.000000 0.997371 0.000000 0.072463 0.790295 0.790295 0.790295
4076.891602 0.000000 8334.330078 0.000000 0.722830 0.000000 0.691026 0.530303 0.530303 0.530303
4117.669922 0.000000 8317.472656 0.000000 0.950486 0.000000 0.310769 0.705330 0.705330 0.705330
4049.260498 0.000000 8312.368164 0.000000 0.952187 0.000000 -0.305515 0.956265 0.956265 0.956265
4090.275635 0.000000 8304.405273 0.000000 0.618891 0.000000 0.785477 0.444526 0.444526 0.444526
4094.387451 0.000000 8322.238281 0.000000 0.002402 0.000000 0.999997 0.608920 0.608920 0.608920
4065.770752 0.000000 8315.982422 0.000000 0.995136 0.000000 -0.098513 0.818328 0.818328 0.818328
4119.337402 0.000000 8323.420898 0.000000 0.720064 0.000000 0.693908 0.484473 0.484473 0.484473
4095.970947 0.000000 8324.255859 0.000000 0.635673 0.000000 0.771958 0.662611 0.662611 0.662611
4086.020996 0.000000 8304.845703 0.000000 0.168698 0.000000 0.985668 0.167493 0.167493 0.167493
4082.509277 0.000000 8315.945312 0.000000 0.694880 0.000000 0.719126 0.476220 0.476220 0.476220
4051.299561 0.000000 8315.804688 0.000000 0.927276 0.000000 -0.374379 0.958643 0.958643 0.958643
4044.906006 0.000000 8283.201172 0.000000 0.738856 0.000000 -0.673864 0.900423 0.900423 0.900423
4081.879150 0.000000 8327.580078 0.000000 0.300312 0.000000 0.953841 0.473881 0.473881 0.473881
4058.383057 0.000000 8283.046875 0.000000 0.976555 0.000000 -0.215270 0.848100 0.848100 0.848100
4096.939941 0.000000 8314.933594 0.000000 0.130125 0.000000 -0.991498 1.012870 1.012870 1.012870
4079.040283 0.000000 8293.732422 0.000000 0.444853 0.000000 0.895603 0.607164 0.607164 0.607164
4117.033203 0.000000 8320.166016 0.000000 0.527121 0.000000 0.849790 0.516028 0.516028 0.516028
4073.965088 0.000000 8326.837891 0.000000 0.898369 0.000000 0.439241 0.705542 0.705542 0.705542
4058.479492 0.000000 8274.519531 0.000000 0.995889 0.000000 -0.090581 0.814312 0.814312 0.814312
4082.961670 0.000000 8292.220703 0.000000 0.397791 0.000000 0.917476 0.584224 0.584224 0.584224
4051.670898 0.000000 8298.759766 0.000000 0.995461 0.000000 -0.095168 0.813706 0.813706 0.813706
4121.043945 0.000000 8321.752930 0.000000 0.386845 0.000000 -0.922145 0.954700 0.954700 0.954700
4067.489502 0.000000 8318.441406 0.000000 0.149698 0.000000 0.988732 0.499263 0.499263 0.499263
4086.666260 0.000000 8289.981445 0.000000 0.968977 0.000000 -0.247150 0.871825 0.871825 0.871825
4078.406738 0.000000 8291.364258 0.000000 0.691310 0.000000 0.722558 0.504865 0.504865 0.504865
4113.683105 0.000000 8320.806641 0.000000 0.035880 0.000000 -0.999356 1.180132 1.180132 1.180132
4063.292969 0.000000 8323.613281 0.000000 0.707001 0.000000 -0.707213 0.922376 0.922376 0.922376
4103.920898 0.000000 8281.740234 0.000000 0.599091 0.000000 0.800681 0.670199 0.670199 0.670199
4114.228516 0.000000 8316.657227 0.000000 0.745188 0.000000 0.666854 0.571103 0.571103 0.571103
4118.797852 0.000000 8315.656250 0.000000 0.999950 0.000000 0.010037 0.795489 0.795489 0.795489
4061.392578 0.000000 8282.521484 0.000000 0.347575 0.000000 0.937652 0.608167 0.608167 0.608167
4066.815186 0.000000 8332.264648 0.000000 0.800249 0.000000 -0.599667 0.978531 0.978531 0.978531
4060.126465 0.000000 8322.363281 0.000000 0.975327 0.000000 0.220766 0.726644 0.726644 0.726644
4058.571045 0.000000 8279.221680 0.000000 0.898143 0.000000 0.439703 0.700889 0.700889 0.700889
4086.277588 0.000000 8309.257812 0.000000 0.336002 0.000000 0.941861 0.356032 0.356032 0.356032
4070.826416 0.000000 8323.716797 0.000000 0.791956 0.000000 0.610578 0.659641 0.659641 0.659641
4112.933594 0.000000 8318.918945 0.000000 0.485256 0.000000 -0.874372 1.146431 1.146431 1.146431
4087.343262 0.000000 8296.778320 0.000000 0.750360 0.000000 0.661030 0.570661 0.570661 0.570661
4122.768555 0.000000 8316.424805 0.000000 0.550041 0.000000 -0.835138 0.967793 0.967793 0.967793
4072.094238 0.000000 8327.622070 0.000000 0.920108 0.000000 0.391666 0.716408 0.716408 0.716408
4118.449219 0.000000 8321.661133 0.000000 0.178176 0.000000 0.983999 0.560964 0.560964 0.560964
4063.062988 0.000000 8290.061523 0.000000 0.289750 0.000000 -0.957102 1.149369 1.149369 1.149369
4067.805664 0.000000 8316.344727 0.000000 0.854532 0.000000 0.519398 0.600387 0.600387 0.600387
4124.298340 0.000000 8330.592773 0.000000 0.610211 0.000000 -0.792239 1.037434 1.037434 1.037434
4050.289551 0.000000 8314.108398 0.000000 0.664011 0.000000 0.747723 0.450808 0.450808 0.450808
4075.302490 0.000000 8316.241211 0.000000 0.954810 0.000000 0.297218 0.715016 0.715016 0.715016
4103.602051 0.000000 8285.607422 0.000000 0.015662 0.000000 0.999877 0.358952 0.358952 0.358952
4030.951172 0.000000 8332.959961 0.000000 0.981893 0.000000 -0.189438 0.835020 0.835020 0.835020
4083.082520 0.000000 8325.482422 0.000000 0.468355 0.000000 -0.883540 1.050994 1.050994 1.050994
4046.864990 0.000000 8315.083984 0.000000 0.983122 0.000000 0.182949 0.706665 0.706665 0.706665
4064.388184 0.000000 8332.240234 0.000000 0.994698 0.000000 0.102840 0.759465 0.759465 0.759465
4111.394043 0.000000 8342.240234 0.000000 0.891054 0.000000 -0.453896 0.948673 0.948673 0.948673
4090.421143 0.000000 8291.922852 0.000000 0.648809 0.000000 0.760951 0.371662 0.371662 0.371662
4081.003418 0.000000 8290.090820 0.000000 0.396099 0.000000 -0.918208 1.355400 1.355400 1.355400
4093.663330 0.000000 8289.552734 0.000000 0.961058 0.000000 0.276347 0.714441 0.714441 0.714441
4047.968994 0.000000 8313.681641 0.000000 0.824621 0.000000 0.565686 0.669105 0.669105 0.669105
4076.879639 0.000000 8292.418945 0.000000 0.902918 0.000000 -0.429814 0.958835 0.958835 0.958835
4073.091797 0.000000 8334.869141 0.000000 0.983157 0.000000 -0.182762 0.862037 0.862037 0.862037
4115.914551 0.000000 8317.294922 0.000000 0.631015 0.000000 -0.775771 1.078427 1.078427 1.078427
4071.581055 0.000000 8321.465820 0.000000 0.966516 0.000000 0.256607 0.724846 0.724846 0.724846
4073.908203 0.000000 8328.595703 0.000000 0.896065 0.000000 0.443923 0.598811 0.598811 0.598811
4031.076172 0.000000 8330.293945 0.000000 0.150038 0.000000 0.988680 0.346167 0.346167 0.346167
4062.896973 0.000000 8291.765625 0.000000 0.968902 0.000000 -0.247445 0.868417 0.868417 0.868417
4059.217041 0.000000 8272.873047 0.000000 0.979345 0.000000 -0.202198 0.859370 0.859370 0.859370
4124.003906 0.000000 8333.369141 0.000000 0.278626 0.000000 0.960400 0.491203 0.491203 0.491203
4061.849365 0.000000 8322.433594 0.000000 0.019760 0.000000 -0.999805 1.311135 1.311135 1.311135
4090.364014 0.000000 8290.009766 0.000000 0.680835 0.000000 0.732437 0.392903 0.392903 0.392903
4076.417969 0.000000 8335.943359 0.000000 0.862971 0.000000 0.505253 0.612754 0.612754 0.612754
3938.215820 0.000000 8393.112305 0.000000 0.347125 0.000000 0.937819 0.481771 0.481771 0.481771
3947.109131 0.000000 8349.926758 0.000000 0.928556 0.000000 -0.371192 0.958743 0.958743 0.958743
3958.757324 0.000000 8359.416992 0.000000 0.988593 0.000000 -0.150614 0.857071 0.857071 0.857071
3945.117920 0.000000 8371.492188 0.000000 0.973640 0.000000 0.228091 0.793566 0.793566 0.793566
3941.653320 0.000000 8395.761719 0.000000 0.459924 0.000000 -0.887958 1.120865 1.120865 1.120865
3954.675049 0.000000 8361.272461 0.000000 0.885101 0.000000 -0.465400 0.901518 0.901518 0.901518
3941.856934 0.000000 8390.490234 0.000000 0.215628 0.000000 -0.976476 0.962191 0.962191 0.962191
3962.595215 0.000000 8358.351562 0.000000 0.850978 0.000000 -0.525201 0.950195 0.950195 0.950195
3947.980469 0.000000 8369.923828 0.000000 0.626433 0.000000 -0.779475 1.058852 1.058852 1.058852
3958.969727 0.000000 8356.378906 0.000000 0.368099 0.000000 0.929787 0.602097 0.602097 0.602097
3952.700928 0.000000 8355.276367 0.000000 0.676451 0.000000 -0.736488 1.014947 1.014947 1.014947
3948.823730 0.000000 8360.226562 0.000000 0.994776 0.000000 -0.102081 0.810008 0.810008 0.810008
3956.069092 0.000000 8358.922852 0.000000 0.402234 0.000000 -0.915537 0.954803 0.954803 0.954803
3948.010254 0.000000 8363.823242 0.000000 0.880569 0.000000 -0.473918 0.971583 0.971583 0.971583
3940.681152 0.000000 8392.696289 0.000000 0.397394 0.000000 0.917648 0.245273 0.245273 0.245273
3949.194336 0.000000 8366.311523 0.000000 0.965278 0.000000 0.261224 0.735074 0.735074 0.735074
3955.394531 0.000000 8363.457031 0.000000 0.962664 0.000000 -0.270700 0.874458 0.874458 0.874458
3939.036377 0.000000 8390.980469 0.000000 0.304616 0.000000 0.952475 0.459930 0.459930 0.459930
3961.133789 0.000000 8356.788086 0.000000 0.789715 0.000000 -0.613474 0.927951 0.927951 0.927951
3948.028809 0.000000 8367.946289 0.000000 0.726411 0.000000 -0.687261 0.986140 0.986140 0.986140
3960.826416 0.000000 8359.444336 0.000000 0.880433 0.000000 -0.474170 0.913468 0.913468 0.913468
3946.253662 0.000000 8348.194336 0.000000 0.038777 0.000000 0.999248 0.160504 0.160504 0.160504
3946.234619 0.000000 8370.182617 0.000000 0.521254 0.000000 -0.853401 1.026676 1.026676 1.026676
3948.838379 0.000000 8362.008789 0.000000 0.872954 0.000000 -0.487802 0.977086 0.977086 0.977086
3937.331055 0.000000 8390.975586 0.000000 0.569377 0.000000 0.822077 0.514740 0.514740 0.514740
3941.649170 0.000000 8394.005859 0.000000 0.964665 0.000000 0.263480 0.721719 0.721719 0.721719
4111.558594 0.000000 8344.156250 0.000000 0.843990 0.000000 -0.536359 0.868971 0.868971 0.868971
4108.381348 0.000000 8353.758789 0.000000 0.449335 0.000000 -0.893363 1.113323 1.113323 1.113323
4106.503418 0.000000 8347.866211 0.000000 0.719140 0.000000 0.694865 0.414880 0.414880 0.414880
4095.809570 0.000000 8343.159180 0.000000 0.953724 0.000000 0.300682 0.776211 0.776211 0.776211
4105.744629 0.000000 8343.357422 0.000000 0.890110 0.000000 -0.455747 0.903018 0.903018 0.903018
4103.745605 0.000000 8345.951172 0.000000 0.549620 0.000000 -0.835415 0.920478 0.920478 0.920478
4108.477051 0.000000 8344.941406 0.000000 0.999497 0.000000 -0.031713 0.813810 0.813810 0.813810
4102.555664 0.000000 8343.139648 0.000000 0.961335 0.000000 -0.275381 0.834547 0.834547 0.834547
4106.949707 0.000000 8350.951172 0.000000 0.379476 0.000000 0.925202 0.455459 0.455459 0.455459
4106.075195 0.000000 8345.697266 0.000000 0.154974 0.000000 0.987919 0.528658 0.528658 0.528658
4109.592773 0.000000 8343.055664 0.000000 0.651917 0.000000 -0.758290 0.951272 0.951272 0.951272
4104.375977 0.000000 8347.806641 0.000000 0.990871 0.000000 0.134811 0.736803 0.736803 0.736803
4106.595215 0.000000 8352.908203 0.000000 0.977543 0.000000 -0.210734 0.852584 0.852584 0.852584
4104.131836 0.000000 8344.144531 0.000000 0.137080 0.000000 -0.990560 1.094849 1.094849 1.094849
4108.316895 0.000000 8352.005859 0.000000 0.294809 0.000000 -0.955556 1.160619 1.160619 1.160619
3783.341553 0.000000 8482.849609 0.000000 0.971210 0.000000 0.238226 0.743792 0.743792 0.743792
3752.580078 0.000000 8499.813477 0.000000 0.999417 0.000000 0.034150 0.793451 0.793451 0.793451
3812.652588 0.000000 8448.444336 0.000000 0.440876 0.000000 0.897568 0.795549 0.795549 0.795549
3838.249512 0.000000 8500.982422 0.000000 0.592832 0.000000 -0.805326 0.981377 0.981377 0.981377
3817.270996 0.000000 8481.171875 0.000000 0.500494 0.000000 -0.865740 0.908699 0.908699 0.908699
3778.436279 0.000000 8492.792969 0.000000 0.255543 0.000000 0.966798 0.283633 0.283633 0.283633
3773.988037 0.000000 8442.302734 0.000000 0.801628 0.000000 -0.597824 0.830715 0.830715 0.830715
3815.526367 0.000000 8522.096680 0.000000 0.975136 0.000000 0.221608 0.722788 0.722788 0.722788
3773.665771 0.000000 8527.844727 0.000000 0.387284 0.000000 -0.921961 0.830459 0.830459 0.830459
3757.539551 0.000000 8472.440430 0.000000 0.547489 0.000000 0.836813 0.516841 0.516841 0.516841
3771.722656 0.000000 8496.507812 0.000000 0.734335 0.000000 0.678787 0.420010 0.420010 0.420010
3810.049072 0.000000 8487.922852 0.000000 0.887689 0.000000 0.460444 0.778975 0.778975 0.778975
3814.835938 0.000000 8528.627930 0.000000 0.214933 0.000000 0.976629 0.594450 0.594450 0.594450
3777.094727 0.000000 8498.605469 0.000000 0.146635 0.000000 0.989191 0.720387 0.720387 0.720387
3766.434570 0.000000 8497.504883 0.000000 0.999497 0.000000 -0.031729 0.808366 0.808366 0.808366
3757.375488 0.000000 8497.840820 0.000000 0.881205 0.000000 -0.472734 1.022253 1.022253 1.022253
3840.430420 0.000000 8484.692383 0.000000 0.719187 0.000000 -0.694816 0.859834 0.859834 0.859834
3806.410156 0.000000 8508.664062 0.000000 0.694813 0.000000 -0.719191 1.086947 1.086947 1.086947
3813.964844 0.000000 8485.050781 0.000000 0.442223 0.000000 0.896905 0.522204 0.522204 0.522204
3796.958496 0.000000 8437.167969 0.000000 0.324280 0.000000 -0.945961 1.191471 1.191471 1.191471
3769.298096 0.000000 8529.014648 0.000000 0.727520 0.000000 -0.686086 0.857384 0.857384 0.857384
3836.936279 0.000000 8493.549805 0.000000 0.442188 0.000000 -0.896922 0.908900 0.908900 0.908900
3782.557617 0.000000 8448.686523 0.000000 0.625772 0.000000 -0.780006 0.891131 0.891131 0.891131
3811.945801 0.000000 8491.967773 0.000000 0.988369 0.000000 -0.152075 0.828967 0.828967 0.828967
3812.529785 0.000000 8525.356445 0.000000 0.749114 0.000000 -0.662441 0.878092 0.878092 0.878092
3774.860840 0.000000 8494.244141 0.000000 0.363922 0.000000 -0.931429 0.962747 0.962747 0.962747
3763.841553 0.000000 8503.661133 0.000000 0.999715 0.000000 -0.023869 0.804386 0.804386 0.804386
3749.841064 0.000000 8469.420898 0.000000 0.335817 0.000000 -0.941927 1.425580 1.425580 1.425580
3811.083740 0.000000 8530.235352 0.000000 0.999651 0.000000 -0.026414 0.802110 0.802110 0.802110
3765.079834 0.000000 8500.521484 0.000000 0.070532 0.000000 0.997510 0.062918 0.062918 0.062918
3792.342285 0.000000 8520.501953 0.000000 0.896510 0.000000 -0.443023 0.909083 0.909083 0.909083
3760.496094 0.000000 8463.666016 0.000000 0.575856 0.000000 -0.817551 1.161301 1.161301 1.161301
3812.327881 0.000000 8520.731445 0.000000 0.325393 0.000000 -0.945579 0.968321 0.968321 0.968321
3825.605713 0.000000 8455.674805 0.000000 0.880163 0.000000 -0.474672 1.007442 1.007442 1.007442
3777.863037 0.000000 8489.730469 0.000000 0.860865 0.000000 0.508833 0.716838 0.716838 0.716838
3815.739258 0.000000 8446.214844 0.000000 0.506764 0.000000 -0.862085 1.206870 1.206870 1.206870
3763.290283 0.000000 8497.852539 0.000000 0.799014 0.000000 -0.601313 0.901792 0.901792 0.901792
3783.721680 0.000000 8499.329102 0.000000 0.434362 0.000000 -0.900739 1.039663 1.039663 1.039663
3776.151855 0.000000 8529.498047 0.000000 0.363813 0.000000 0.931472 0.515166 0.515166 0.515166
3768.033936 0.000000 8499.852539 0.000000 0.788498 0.000000 0.615037 0.605514 0.605514 0.605514
3818.587646 0.000000 8491.302734 0.000000 0.990043 0.000000 -0.140765 0.828490 0.828490 0.828490
3815.861816 0.000000 8525.971680 0.000000 0.044919 0.000000 0.998991 0.589722 0.589722 0.589722
3775.876221 0.000000 8491.639648 0.000000 0.942284 0.000000 0.334815 0.673171 0.673171 0.673171
3774.977783 0.000000 8496.916992 0.000000 0.535641 0.000000 0.844446 0.526874 0.526874 0.526874
3766.690186 0.000000 8528.926758 0.000000 0.944036 0.000000 0.329843 0.764419 0.764419 0.764419
3769.593018 0.000000 8497.882812 0.000000 0.999834 0.000000 0.018239 0.790710 0.790710 0.790710
3784.787354 0.000000 8437.878906 0.000000 0.895435 0.000000 0.445193 0.733652 0.733652 0.733652
3812.459961 0.000000 8527.983398 0.000000 0.081286 0.000000 -0.996691 0.969559 0.969559 0.969559
3813.250977 0.000000 8523.042969 0.000000 0.361007 0.000000 -0.932563 0.994366 0.994366 0.994366
3842.427002 0.000000 8483.166992 0.000000 0.905591 0.000000 -0.424152 0.862989 0.862989 0.862989
3799.387695 0.000000 8436.872070 0.000000 0.512751 0.000000 -0.858537 1.026817 1.026817 1.026817
3814.538574 0.000000 8519.850586 0.000000 0.661827 0.000000 -0.749657 1.014979 1.014979 1.014979
3789.636475 0.000000 8460.174805 0.000000 0.363464 0.000000 -0.931608 1.128021 1.128021 1.128021
3758.779541 0.000000 8470.400391 0.000000 0.967777 0.000000 0.251811 0.749669 0.749669 0.749669
3784.992188 0.000000 8449.430664 0.000000 0.882479 0.000000 -0.470352 1.025924 1.025924 1.025924
3839.896729 0.000000 8499.422852 0.000000 0.970826 0.000000 -0.239786 0.851748 0.851748 0.851748
3817.706299 0.000000 8494.142578 0.000000 0.924088 0.000000 -0.382180 0.901819 0.901819 0.901819
3810.562500 0.000000 8490.119141 0.000000 0.918388 0.000000 -0.395681 0.877187 0.877187 0.877187
3813.320557 0.000000 8493.738281 0.000000 0.582841 0.000000 -0.812586 1.091758 1.091758 1.091758
3754.732666 0.000000 8501.794922 0.000000 0.533229 0.000000 -0.845971 1.094041 1.094041 1.094041
3814.762207 0.000000 8448.030273 0.000000 0.836168 0.000000 -0.548473 0.904352 0.904352 0.904352
3808.445801 0.000000 8489.311523 0.000000 0.999096 0.000000 0.042503 0.787942 0.787942 0.787942
3773.028076 0.000000 8495.021484 0.000000 0.226055 0.000000 -0.974115 1.328321 1.328321 1.328321
3808.788818 0.000000 8498.571289 0.000000 0.645399 0.000000 0.763845 0.536113 0.536113 0.536113
3760.674072 0.000000 8465.698242 0.000000 0.934941 0.000000 -0.354804 0.984724 0.984724 0.984724
3812.795654 0.000000 8490.203125 0.000000 0.566890 0.000000 -0.823794 1.105488 1.105488 1.105488
3816.763184 0.000000 8491.972656 0.000000 0.792552 0.000000 0.609804 0.628414 0.628414 0.628414
3809.554932 0.000000 8482.871094 0.000000 0.971956 0.000000 0.235163 0.739787 0.739787 0.739787
3765.638428 0.000000 8502.568359 0.000000 0.132313 0.000000 0.991208 0.524267 0.524267 0.524267
3775.283691 0.000000 8440.861328 0.000000 0.795687 0.000000 -0.605708 1.035212 1.035212 1.035212
3815.434814 0.000000 8495.458008 0.000000 0.975684 0.000000 -0.219182 0.849430 0.849430 0.849430
3781.620117 0.000000 8483.591797 0.000000 0.069321 0.000000 -0.997594 1.138852 1.138852 1.138852
3812.956787 0.000000 8529.816406 0.000000 0.996890 0.000000 -0.078807 0.827730 0.827730 0.827730
3793.577637 0.000000 8521.962891 0.000000 0.653381 0.000000 -0.757029 1.004101 1.004101 1.004101
3767.805664 0.000000 8530.421875 0.000000 0.809112 0.000000 0.587654 0.608049 0.608049 0.608049
3757.351807 0.000000 8496.023438 0.000000 0.019956 0.000000 -0.999801 1.500011 1.500011 1.500011
3766.742432 0.000000 8501.166016 0.000000 0.967771 0.000000 0.251830 0.670348 0.670348 0.670348
3774.243164 0.000000 8492.387695 0.000000 0.881395 0.000000 0.472381 0.574980 0.574980 0.574980
3773.300049 0.000000 8497.544922 0.000000 0.760516 0.000000 -0.649319 1.030063 1.030063 1.030063
3763.421875 0.000000 8499.656250 0.000000 0.800824 0.000000 -0.598900 0.968005 0.968005 0.968005
3765.000732 0.000000 8498.667969 0.000000 0.418536 0.000000 -0.908200 1.327749 1.327749 1.327749
3807.903320 0.000000 8509.614258 0.000000 0.310229 0.000000 -0.950662 1.248799 1.248799 1.248799
3811.643066 0.000000 8488.716797 0.000000 0.070112 0.000000 -0.997539 1.321497 1.321497 1.321497
3819.046631 0.000000 8481.116211 0.000000 0.673132 0.000000 0.739522 0.434267 0.434267 0.434267
3782.462646 0.000000 8498.057617 0.000000 0.987856 0.000000 0.155374 0.766661 0.766661 0.766661
3774.192871 0.000000 8529.517578 0.000000 0.779969 0.000000 0.625818 0.481284 0.481284 0.481284
3782.527100 0.000000 8500.526367 0.000000 0.998942 0.000000 -0.045977 0.811115 0.811115 0.811115
3786.239258 0.000000 8461.598633 0.000000 0.887180 0.000000 0.461423 0.687929 0.687929 0.687929
3777.602783 0.000000 8491.345703 0.000000 0.210037 0.000000 0.977693 0.433527 0.433527 0.433527
3918.393799 0.000000 8516.740234 0.000000 0.152682 0.000000 0.988275 0.618809 0.618809 0.618809
3881.084473 0.000000 8518.537109 0.000000 0.953611 0.000000 0.301041 0.704727 0.704727 0.704727
3851.593262 0.000000 8530.475586 0.000000 0.014572 0.000000 0.999894 0.582429 0.582429 0.582429
3863.439697 0.000000 8468.946289 0.000000 0.865883 0.000000 -0.500246 0.860686 0.860686 0.860686
3903.932373 0.000000 8480.999023 0.000000 0.932736 0.000000 0.360560 0.718224 0.718224 0.718224
3858.997070 0.000000 8485.608398 0.000000 0.629193 0.000000 0.777249 0.767994 0.767994 0.767994
3850.009766 0.000000 8514.577148 0.000000 0.460976 0.000000 -0.887413 0.878494 0.878494 0.878494
3861.807373 0.000000 8479.557617 0.000000 0.376083 0.000000 0.926586 0.560914 0.560914 0.560914
3913.879150 0.000000 8493.832031 0.000000 0.368285 0.000000 -0.929713 1.164747 1.164747 1.164747
3886.740479 0.000000 8523.708008 0.000000 0.910515 0.000000 -0.413475 0.868109 0.868109 0.868109
3872.541504 0.000000 8444.286133 0.000000 0.724225 0.000000 0.689564 0.687544 0.687544 0.687544
3927.314941 0.000000 8526.713867 0.000000 0.886226 0.000000 -0.463253 0.828860 0.828860 0.828860
3917.922852 0.000000 8530.360352 0.000000 0.539471 0.000000 -0.842004 0.989925 0.989925 0.989925
3903.118896 0.000000 8444.686523 0.000000 0.624825 0.000000 0.780765 0.588862 0.588862 0.588862
3907.707031 0.000000 8485.050781 0.000000 0.362531 0.000000 -0.931972 1.207373 1.207373 1.207373
3862.913086 0.000000 8473.600586 0.000000 0.996368 0.000000 0.085147 0.782973 0.782973 0.782973
3863.439453 0.000000 8440.919922 0.000000 0.550862 0.000000 0.834596 0.652095 0.652095 0.652095
3851.851318 0.000000 8477.105469 0.000000 0.976043 0.000000 0.217576 0.781164 0.781164 0.781164
3871.564453 0.000000 8517.966797 0.000000 0.810193 0.000000 0.586164 0.514794 0.514794 0.514794
3882.344727 0.000000 8509.251953 0.000000 0.988542 0.000000 0.150946 0.786684 0.786684 0.786684
3885.183105 0.000000 8517.284180 0.000000 0.369539 0.000000 -0.929215 0.895251 0.895251 0.895251
3900.352051 0.000000 8490.279297 0.000000 0.999542 0.000000 0.030273 0.792623 0.792623 0.792623
3895.244629 0.000000 8441.861328 0.000000 0.684308 0.000000 0.729194 0.409945 0.409945 0.409945
3896.122314 0.000000 8448.994141 0.000000 0.564177 0.000000 0.825654 0.648677 0.648677 0.648677
3911.802979 0.000000 8485.286133 0.000000 0.445932 0.000000 0.895067 0.605159 0.605159 0.605159
3858.510254 0.000000 8477.032227 0.000000 0.595933 0.000000 0.803034 0.468535 0.468535 0.468535
3922.125732 0.000000 8524.466797 0.000000 0.036210 0.000000 -0.999344 1.134076 1.134076 1.134076
3892.257568 0.000000 8471.068359 0.000000 0.998994 0.000000 0.044835 0.789072 0.789072 0.789072
3845.591064 0.000000 8508.131836 0.000000 0.937483 0.000000 -0.348031 0.937732 0.937732 0.937732
3859.654053 0.000000 8518.119141 0.000000 0.742659 0.000000 -0.669669 1.060859 1.060859 1.060859
3863.876221 0.000000 8476.814453 0.000000 0.964832 0.000000 0.262866 0.775031 0.775031 0.775031
3927.215576 0.000000 8530.314453 0.000000 0.951066 0.000000 -0.308989 0.858975 0.858975 0.858975
3886.084473 0.000000 8520.501953 0.000000 0.602055 0.000000 0.798454 0.672564 0.672564 0.672564
3885.507324 0.000000 8509.994141 0.000000 0.643653 0.000000 -0.765317 0.904440 0.904440 0.904440
3871.872314 0.000000 8521.085938 0.000000 0.789194 0.000000 0.614144 0.706225 0.706225 0.706225
3892.926025 0.000000 8439.479492 0.000000 0.097765 0.000000 -0.995210 0.908842 0.908842 0.908842
3889.407227 0.000000 8521.814453 0.000000 0.227137 0.000000 0.973863 0.577592 0.577592 0.577592
3865.115234 0.000000 8471.550781 0.000000 0.426246 0.000000 0.904607 0.657759 0.657759 0.657759
3884.423584 0.000000 8507.170898 0.000000 0.329688 0.000000 -0.944090 1.014563 1.014563 1.014563
3902.791260 0.000000 8491.889648 0.000000 0.683440 0.000000 -0.730006 0.979784 0.979784 0.979784
3860.936523 0.000000 8475.651367 0.000000 0.820632 0.000000 0.571457 0.668793 0.668793 0.668793
3865.856934 0.000000 8487.854492 0.000000 0.796252 0.000000 -0.604965 0.876561 0.876561 0.876561
3909.662354 0.000000 8487.144531 0.000000 0.688415 0.000000 0.725317 0.705997 0.705997 0.705997
3846.397461 0.000000 8525.455078 0.000000 0.997112 0.000000 -0.075949 0.813969 0.813969 0.813969
3861.782959 0.000000 8471.136719 0.000000 0.548057 0.000000 0.836441 0.703040 0.703040 0.703040
3875.111816 0.000000 8480.905273 0.000000 0.847700 0.000000 -0.530476 0.947415 0.947415 0.947415
3894.128174 0.000000 8450.800781 0.000000 0.515450 0.000000 0.856920 0.668436 0.668436 0.668436
3883.640137 0.000000 8519.512695 0.000000 0.992570 0.000000 -0.121679 0.849212 0.849212 0.849212
3869.238037 0.000000 8525.988281 0.000000 0.541516 0.000000 -0.840690 1.047300 1.047300 1.047300
3863.656982 0.000000 8481.317383 0.000000 0.838074 0.000000 -0.545557 0.959047 0.959047 0.959047
3909.847168 0.000000 8483.664062 0.000000 0.405643 0.000000 -0.914032 1.080971 1.080971 1.080971
3862.021484 0.000000 8443.128906 0.000000 0.446084 0.000000 0.894991 0.633968 0.633968 0.633968
3851.419189 0.000000 8512.613281 0.000000 0.391302 0.000000 -0.920262 1.019422 1.019422 1.019422
3922.602783 0.000000 8522.158203 0.000000 0.853270 0.000000 -0.521469 0.889842 0.889842 0.889842
3864.988770 0.000000 8474.775391 0.000000 0.942327 0.000000 -0.334695 0.947912 0.947912 0.947912
3888.677002 0.000000 8460.529297 0.000000 0.910415 0.000000 -0.413696 0.885184 0.885184 0.885184
3894.076416 0.000000 8448.002930 0.000000 0.674628 0.000000 -0.738157 0.950912 0.950912 0.950912
3892.481934 0.000000 8473.437500 0.000000 0.250963 0.000000 -0.967997 1.255095 1.255095 1.255095
3865.337646 0.000000 8442.162109 0.000000 0.347836 0.000000 -0.937555 1.025777 1.025777 1.025777
3857.842041 0.000000 8483.694336 0.000000 0.994981 0.000000 -0.100067 0.824824 0.824824 0.824824
3848.009277 0.000000 8513.620117 0.000000 0.481782 0.000000 -0.876291 0.994127 0.994127 0.994127
3887.226562 0.000000 8518.028320 0.000000 0.685623 0.000000 -0.727957 0.951443 0.951443 0.951443
3895.939941 0.000000 8443.916992 0.000000 0.983817 0.000000 0.179178 0.768337 0.768337 0.768337
3893.814941 0.000000 8469.345703 0.000000 0.793459 0.000000 0.608624 0.634031 0.634031 0.634031
3889.440918 0.000000 8463.500977 0.000000 0.066004 0.000000 0.997819 0.126805 0.126805 0.126805
3860.516602 0.000000 8477.715820 0.000000 0.999864 0.000000 -0.016462 0.807727 0.807727 0.807727
3846.992188 0.000000 8527.430664 0.000000 0.474581 0.000000 -0.880212 1.042910 1.042910 1.042910
3881.579102 0.000000 8520.585938 0.000000 0.862936 0.000000 0.505314 0.700545 0.700545 0.700545
3854.416260 0.000000 8465.698242 0.000000 0.369822 0.000000 -0.929102 1.166623 1.166623 1.166623
3918.972900 0.000000 8519.644531 0.000000 0.483107 0.000000 -0.875561 1.096105 1.096105 1.096105
3861.637207 0.000000 8517.888672 0.000000 0.998894 0.000000 -0.047012 0.813056 0.813056 0.813056
3894.838867 0.000000 8439.967773 0.000000 0.773283 0.000000 0.634061 0.636769 0.636769 0.636769
3873.782959 0.000000 8521.438477 0.000000 0.843896 0.000000 -0.536506 1.006976 1.006976 1.006976
3872.801025 0.000000 8519.434570 0.000000 0.537336 0.000000 -0.843368 0.992410 0.992410 0.992410
3903.641357 0.000000 8442.970703 0.000000 0.760382 0.000000 0.649476 0.653169 0.653169 0.653169
3908.932129 0.000000 8482.070312 0.000000 0.692106 0.000000 0.721795 0.603512 0.603512 0.603512
3860.330811 0.000000 8516.505859 0.000000 0.903381 0.000000 0.428838 0.676959 0.676959 0.676959
3892.094971 0.000000 8469.360352 0.000000 0.082349 0.000000 0.996603 0.422480 0.422480 0.422480
3909.428223 0.000000 8485.353516 0.000000 0.278742 0.000000 0.960366 0.367725 0.367725 0.367725
3921.025146 0.000000 8523.001953 0.000000 0.732000 0.000000 0.681304 0.515567 0.515567 0.515567
3862.752197 0.000000 8475.513672 0.000000 0.588392 0.000000 -0.808576 1.264571 1.264571 1.264571
3863.488281 0.000000 8470.783203 0.000000 0.067969 0.000000 -0.997687 1.445301 1.445301 1.445301
3864.526367 0.000000 8473.132812 0.000000 0.576403 0.000000 -0.817165 1.046430 1.046430 1.046430
3885.580566 0.000000 8518.904297 0.000000 0.986306 0.000000 -0.164927 0.847651 0.847651 0.847651
3870.873535 0.000000 8525.637695 0.000000 0.574855 0.000000 -0.818255 1.100512 1.100512 1.100512
3766.353760 0.000000 8531.697266 0.000000 0.968547 0.000000 0.248830 0.723156 0.723156 0.723156
3781.286133 0.000000 8531.062500 0.000000 0.579399 0.000000 0.815044 0.721978 0.721978 0.721978
3762.227539 0.000000 8603.600586 0.000000 0.876413 0.000000 -0.481561 0.933463 0.933463 0.933463
3784.363037 0.000000 8604.402344 0.000000 0.364130 0.000000 -0.931348 1.091932 1.091932 1.091932
3827.154541 0.000000 8541.243164 0.000000 0.959997 0.000000 0.280009 0.699106 0.699106 0.699106
3806.749756 0.000000 8607.292969 0.000000 0.999627 0.000000 -0.027315 0.800928 0.800928 0.800928
3810.381592 0.000000 8533.579102 0.000000 0.622840 0.000000 -0.782350 0.927401 0.927401 0.927401
3819.643066 0.000000 8540.200195 0.000000 0.529511 0.000000 -0.848303 0.816182 0.816182 0.816182
3840.889160 0.000000 8546.212891 0.000000 0.761664 0.000000 -0.647973 0.857724 0.857724 0.857724
3828.750732 0.000000 8548.443359 0.000000 0.339244 0.000000 -0.940699 0.958989 0.958989 0.958989
3789.281250 0.000000 8536.830078 0.000000 0.797706 0.000000 0.603046 0.695280 0.695280 0.695280
3774.214844 0.000000 8602.336914 0.000000 0.987643 0.000000 -0.156721 0.832688 0.832688 0.832688
3765.555176 0.000000 8600.613281 0.000000 0.020132 0.000000 -0.999797 0.988920 0.988920 0.988920
3796.402588 0.000000 8567.861328 0.000000 0.627499 0.000000 0.778618 0.623537 0.623537 0.623537
3777.114990 0.000000 8567.721680 0.000000 0.567385 0.000000 0.823453 0.639622 0.639622 0.639622
3811.888672 0.000000 8566.212891 0.000000 0.515714 0.000000 -0.856761 0.880148 0.880148 0.880148
3839.279053 0.000000 8549.892578 0.000000 0.283608 0.000000 -0.958940 1.135745 1.135745 1.135745
3794.544922 0.000000 8543.295898 0.000000 0.335520 0.000000 0.942033 0.522711 0.522711 0.522711
3813.754395 0.000000 8533.867188 0.000000 0.503432 0.000000 0.864035 0.583308 0.583308 0.583308
3787.710938 0.000000 8605.885742 0.000000 0.785655 0.000000 0.618665 0.584177 0.584177 0.584177
3769.322998 0.000000 8531.581055 0.000000 0.562340 0.000000 0.826906 0.574440 0.574440 0.574440
3790.681396 0.000000 8600.913086 0.000000 0.904301 0.000000 0.426895 0.710149 0.710149 0.710149
3786.372559 0.000000 8536.366211 0.000000 0.741784 0.000000 0.670639 0.540145 0.540145 0.540145
3762.464600 0.000000 8600.883789 0.000000 0.668148 0.000000 -0.744028 0.964232 0.964232 0.964232
3791.675049 0.000000 8535.501953 0.000000 0.469686 0.000000 0.882833 0.318156 0.318156 0.318156
3819.179199 0.000000 8542.858398 0.000000 0.897980 0.000000 -0.440037 0.982914 0.982914 0.982914
3828.714355 0.000000 8596.520508 0.000000 0.387153 0.000000 0.922016 0.556300 0.556300 0.556300
3774.946777 0.000000 8530.813477 0.000000 0.459443 0.000000 0.888207 0.522653 0.522653 0.522653
3826.393066 0.000000 8543.719727 0.000000 0.898006 0.000000 -0.439983 0.865513 0.865513 0.865513
3792.273193 0.000000 8543.966797 0.000000 0.596589 0.000000 -0.802547 1.097685 1.097685 1.097685
3825.723389 0.000000 8538.435547 0.000000 0.996208 0.000000 -0.087003 0.822270 0.822270 0.822270
3789.544434 0.000000 8568.950195 0.000000 0.150859 0.000000 -0.988555 1.457673 1.457673 1.457673
3798.739746 0.000000 8567.179688 0.000000 0.470374 0.000000 -0.882467 0.957620 0.957620 0.957620
3801.972168 0.000000 8593.169922 0.000000 0.191044 0.000000 0.981581 0.510900 0.510900 0.510900
3839.189453 0.000000 8547.643555 0.000000 0.196790 0.000000 0.980446 0.594377 0.594377 0.594377
3786.403076 0.000000 8604.351562 0.000000 0.606745 0.000000 0.794897 0.502708 0.502708 0.502708
3827.446533 0.000000 8549.926758 0.000000 0.571793 0.000000 0.820398 0.621295 0.621295 0.621295
3825.368896 0.000000 8540.392578 0.000000 0.672518 0.000000 -0.740081 1.032971 1.032971 1.032971
3793.045166 0.000000 8542.315430 0.000000 0.581684 0.000000 -0.813415 1.103580 1.103580 1.103580
3776.972168 0.000000 8530.650391 0.000000 0.555421 0.000000 0.831569 0.572507 0.572507 0.572507
3780.617188 0.000000 8532.753906 0.000000 0.746972 0.000000 0.664856 0.524007 0.524007 0.524007
3767.761719 0.000000 8530.908203 0.000000 0.902697 0.000000 0.430278 0.664079 0.664079 0.664079
3924.074463 0.000000 8531.640625 0.000000 0.676993 0.000000 0.735989 0.735573 0.735573 0.735573
3897.932373 0.000000 8597.813477 0.000000 0.947378 0.000000 -0.320118 0.837096 0.837096 0.837096
3919.157471 0.000000 8584.506836 0.000000 0.065225 0.000000 0.997871 0.514345 0.514345 0.514345
3880.069092 0.000000 8563.260742 0.000000 0.994950 0.000000 0.100367 0.798394 0.798394 0.798394
3863.099121 0.000000 8613.240234 0.000000 0.695106 0.000000 0.718907 0.764751 0.764751 0.764751
3895.462402 0.000000 8546.871094 0.000000 0.740500 0.000000 -0.672056 1.097330 1.097330 1.097330
3853.366943 0.000000 8537.411133 0.000000 0.768425 0.000000 -0.639939 1.016360 1.016360 1.016360
3858.607666 0.000000 8620.930664 0.000000 0.811239 0.000000 -0.584715 0.822452 0.822452 0.822452
3851.281738 0.000000 8566.182617 0.000000 0.848270 0.000000 -0.529564 0.811146 0.811146 0.811146
3896.741211 0.000000 8554.523438 0.000000 0.896920 0.000000 0.442194 0.728644 0.728644 0.728644
3911.279297 0.000000 8555.520508 0.000000 0.962594 0.000000 -0.270948 0.816440 0.816440 0.816440
3850.009766 0.000000 8608.319336 0.000000 0.523893 0.000000 -0.851784 0.911977 0.911977 0.911977
3888.507324 0.000000 8547.138672 0.000000 0.642167 0.000000 -0.766564 0.995388 0.995388 0.995388
3891.944092 0.000000 8577.588867 0.000000 0.169015 0.000000 -0.985614 0.984672 0.984672 0.984672
3849.465820 0.000000 8532.376953 0.000000 0.998528 0.000000 0.054244 0.794906 0.794906 0.794906
3890.958252 0.000000 8555.556641 0.000000 0.934507 0.000000 -0.355946 0.823259 0.823259 0.823259
3852.020508 0.000000 8547.122070 0.000000 0.849557 0.000000 -0.527498 0.962026 0.962026 0.962026
3872.627197 0.000000 8580.531250 0.000000 0.007698 0.000000 0.999970 0.737562 0.737562 0.737562
3848.140381 0.000000 8538.990234 0.000000 0.912750 0.000000 0.408518 0.781509 0.781509 0.781509
3892.171631 0.000000 8550.566406 0.000000 0.962689 0.000000 0.270609 0.733230 0.733230 0.733230
3881.652832 0.000000 8555.748047 0.000000 0.536649 0.000000 -0.843806 0.870206 0.870206 0.870206
3862.913086 0.000000 8567.342773 0.000000 0.413718 0.000000 0.910405 0.390920 0.390920 0.390920
3857.058350 0.000000 8555.836914 0.000000 0.015886 0.000000 -0.999874 0.852794 0.852794 0.852794
3880.193115 0.000000 8579.856445 0.000000 0.853970 0.000000 0.520322 0.772676 0.772676 0.772676
3866.139648 0.000000 8574.256836 0.000000 0.675566 0.000000 0.737300 0.549968 0.549968 0.549968
3920.262695 0.000000 8552.371094 0.000000 0.451904 0.000000 -0.892066 1.033280 1.033280 1.033280
3907.380615 0.000000 8557.510742 0.000000 0.994188 0.000000 -0.107653 0.811202 0.811202 0.811202
3844.037598 0.000000 8576.608398 0.000000 0.386006 0.000000 0.922496 0.689750 0.689750 0.689750
3915.364014 0.000000 8554.185547 0.000000 0.010549 0.000000 -0.999944 1.139664 1.139664 1.139664
3851.934814 0.000000 8575.493164 0.000000 0.638228 0.000000 -0.769848 0.900022 0.900022 0.900022
3905.289062 0.000000 8546.053711 0.000000 0.500431 0.000000 0.865777 0.471790 0.471790 0.471790
3885.980225 0.000000 8569.149414 0.000000 0.967622 0.000000 0.252404 0.778086 0.778086 0.778086
3922.696777 0.000000 8535.073242 0.000000 0.992032 0.000000 -0.125987 0.817156 0.817156 0.817156
3852.949219 0.000000 8533.871094 0.000000 0.337486 0.000000 -0.941330 0.939634 0.939634 0.939634
3936.724609 0.000000 8583.943359 0.000000 0.565913 0.000000 0.824465 0.618031 0.618031 0.618031
3851.529541 0.000000 8550.502930 0.000000 0.208472 0.000000 -0.978028 1.389765 1.389765 1.389765
3846.149902 0.000000 8623.056641 0.000000 0.694495 0.000000 -0.719497 0.953978 0.953978 0.953978
3849.461426 0.000000 8542.209961 0.000000 0.874567 0.000000 0.484905 0.659456 0.659456 0.659456
3922.630127 0.000000 8563.236328 0.000000 0.248930 0.000000 -0.968522 1.266359 1.266359 1.266359
3856.295898 0.000000 8623.013672 0.000000 0.994240 0.000000 0.107172 0.774479 0.774479 0.774479
3885.559082 0.000000 8546.296875 0.000000 0.182441 0.000000 0.983217 0.675313 0.675313 0.675313
3851.193848 0.000000 8539.724609 0.000000 0.997663 0.000000 0.068327 0.770774 0.770774 0.770774
3886.840332 0.000000 8549.783203 0.000000 0.982531 0.000000 0.186100 0.768595 0.768595 0.768595
3877.954834 0.000000 8624.280273 0.000000 0.101587 0.000000 0.994827 0.409777 0.409777 0.409777
3850.659180 0.000000 8535.723633 0.000000 0.100531 0.000000 -0.994934 1.093613 1.093613 1.093613
3921.434082 0.000000 8582.482422 0.000000 0.591867 0.000000 -0.806035 0.886124 0.886124 0.886124
3848.970215 0.000000 8552.484375 0.000000 0.205895 0.000000 0.978574 0.617554 0.617554 0.617554
3895.007080 0.000000 8549.809570 0.000000 0.572863 0.000000 -0.819651 0.918975 0.918975 0.918975
3893.584717 0.000000 8556.283203 0.000000 0.519501 0.000000 0.854470 0.630163 0.630163 0.630163
3849.020996 0.000000 8623.015625 0.000000 0.931763 0.000000 -0.363068 0.844526 0.844526 0.844526
3851.916260 0.000000 8531.420898 0.000000 0.347222 0.000000 -0.937783 0.970031 0.970031 0.970031
3850.628418 0.000000 8573.218750 0.000000 0.822812 0.000000 -0.568313 0.970221 0.970221 0.970221
3878.447266 0.000000 8565.429688 0.000000 0.886745 0.000000 0.462259 0.695387 0.695387 0.695387
3874.111084 0.000000 8620.046875 0.000000 0.950633 0.000000 -0.310319 0.882554 0.882554 0.882554
3867.796143 0.000000 8572.171875 0.000000 0.202693 0.000000 0.979242 0.540688 0.540688 0.540688
3899.712646 0.000000 8599.765625 0.000000 0.124607 0.000000 -0.992206 0.981927 0.981927 0.981927
3883.490723 0.000000 8551.472656 0.000000 0.964929 0.000000 -0.262512 0.838197 0.838197 0.838197
3881.478760 0.000000 8577.538086 0.000000 0.967924 0.000000 0.251242 0.750292 0.750292 0.750292
3883.640137 0.000000 8613.254883 0.000000 0.960664 0.000000 -0.277713 0.847212 0.847212 0.847212
3905.879395 0.000000 8548.773438 0.000000 0.644396 0.000000 -0.764692 1.029511 1.029511 1.029511
3850.137695 0.000000 8568.595703 0.000000 0.210721 0.000000 0.977546 0.365886 0.365886 0.365886
3925.511719 0.000000 8612.635742 0.000000 0.756868 0.000000 0.653568 0.721756 0.721756 0.721756
3926.895264 0.000000 8531.461914 0.000000 0.297154 0.000000 0.954829 0.561741 0.561741 0.561741
3896.158447 0.000000 8552.034180 0.000000 0.660969 0.000000 -0.750413 1.154261 1.154261 1.154261
3853.771240 0.000000 8566.333984 0.000000 0.848155 0.000000 0.529748 0.634970 0.634970 0.634970
3891.203857 0.000000 8553.086914 0.000000 0.066164 0.000000 0.997809 0.361268 0.361268 0.361268
3884.207520 0.000000 8571.119141 0.000000 0.942367 0.000000 -0.334581 0.866775 0.866775 0.866775
3908.122070 0.000000 8559.875977 0.000000 0.617002 0.000000 -0.786962 0.932074 0.932074 0.932074
3913.658936 0.000000 8555.959961 0.000000 0.589098 0.000000 -0.808062 1.119449 1.119449 1.119449
3883.378662 0.000000 8553.916992 0.000000 0.873666 0.000000 -0.486525 0.938015 0.938015 0.938015
3864.988770 0.000000 8568.517578 0.000000 0.418442 0.000000 -0.908244 1.018399 1.018399 1.018399
3852.521729 0.000000 8564.142578 0.000000 0.997988 0.000000 0.063400 0.781754 0.781754 0.781754
3909.750244 0.000000 8557.272461 0.000000 0.674667 0.000000 0.738122 0.528043 0.528043 0.528043
3865.526611 0.000000 8572.067383 0.000000 0.129533 0.000000 0.991575 0.552508 0.552508 0.552508
3850.173096 0.000000 8548.613281 0.000000 0.438897 0.000000 0.898537 0.407561 0.407561 0.407561
3878.971680 0.000000 8577.909180 0.000000 0.539273 0.000000 0.842131 0.572037 0.572037 0.572037
3853.426514 0.000000 8549.202148 0.000000 0.325396 0.000000 -0.945578 1.062383 1.062383 1.062383
3850.039551 0.000000 8537.888672 0.000000 0.601251 0.000000 0.799060 0.583678 0.583678 0.583678
3890.888428 0.000000 8611.044922 0.000000 0.878178 0.000000 0.478334 0.622688 0.622688 0.622688
3846.992188 0.000000 8621.172852 0.000000 0.735427 0.000000 0.677604 0.679558 0.679558 0.679558
3899.214111 0.000000 8552.152344 0.000000 0.962094 0.000000 0.272718 0.673667 0.673667 0.673667
3893.950439 0.000000 8551.516602 0.000000 0.505639 0.000000 0.862745 0.546426 0.546426 0.546426
3850.965820 0.000000 8533.802734 0.000000 0.982767 0.000000 0.184850 0.722764 0.722764 0.722764
3884.995117 0.000000 8550.318359 0.000000 0.574121 0.000000 0.818770 0.516449 0.516449 0.516449
3885.635010 0.000000 8548.314453 0.000000 0.312867 0.000000 0.949797 0.534818 0.534818 0.534818
3858.681885 0.000000 8623.594727 0.000000 0.778220 0.000000 -0.627991 0.953235 0.953235 0.953235
3859.169434 0.000000 8554.313477 0.000000 0.659571 0.000000 -0.751642 1.197507 1.197507 1.197507
3894.979736 0.000000 8555.096680 0.000000 0.992428 0.000000 -0.122827 0.842793 0.842793 0.842793
3848.574707 0.000000 8543.922852 0.000000 0.507989 0.000000 0.861364 0.511849 0.511849 0.511849
3879.534180 0.000000 8576.166992 0.000000 0.983157 0.000000 -0.182761 0.841847 0.841847 0.841847
3849.641602 0.000000 8550.585938 0.000000 0.498213 0.000000 -0.867055 1.057762 1.057762 1.057762
3866.877441 0.000000 8575.907227 0.000000 0.910871 0.000000 0.412690 0.671705 0.671705 0.671705
3853.759521 0.000000 8546.496094 0.000000 0.766265 0.000000 0.642525 0.596527 0.596527 0.596527
3848.313965 0.000000 8540.858398 0.000000 0.664292 0.000000 -0.747473 0.985479 0.985479 0.985479
3849.666260 0.000000 8578.877930 0.000000 0.030410 0.000000 0.999538 0.077020 0.077020 0.077020
3897.677734 0.000000 8552.984375 0.000000 0.837670 0.000000 -0.546177 1.041184 1.041184 1.041184
3890.597168 0.000000 8551.380859 0.000000 0.799682 0.000000 0.600424 0.587763 0.587763 0.587763
3851.753418 0.000000 8537.881836 0.000000 0.929388 0.000000 0.369105 0.711659 0.711659 0.711659
3892.255859 0.000000 8554.489258 0.000000 0.999300 0.000000 -0.037399 0.812701 0.812701 0.812701
3885.580566 0.000000 8612.646484 0.000000 0.080502 0.000000 0.996754 0.264266 0.264266 0.264266
3849.024902 0.000000 8536.523438 0.000000 0.878471 0.000000 -0.477796 0.919390 0.919390 0.919390
3926.970947 0.000000 8581.327148 0.000000 0.995308 0.000000 -0.096762 0.836583 0.836583 0.836583
3851.925049 0.000000 8548.713867 0.000000 0.970483 0.000000 0.241171 0.714381 0.714381 0.714381
3880.024658 0.000000 8564.884766 0.000000 0.955817 0.000000 -0.293962 0.878661 0.878661 0.878661
3849.492676 0.000000 8534.646484 0.000000 0.628535 0.000000 -0.777782 1.100786 1.100786 1.100786
4020.141602 0.000000 8607.242188 0.000000 0.879583 0.000000 0.475745 0.773263 0.773263 0.773263
4025.870850 0.000000 8619.500000 0.000000 0.854971 0.000000 -0.518676 0.902375 0.902375 0.902375
4010.943848 0.000000 8619.018555 0.000000 0.985078 0.000000 -0.172107 0.851819 0.851819 0.851819
3982.143311 0.000000 8601.840820 0.000000 0.999774 0.000000 0.021239 0.799279 0.799279 0.799279
4018.697021 0.000000 8615.148438 0.000000 0.253356 0.000000 0.967373 0.232856 0.232856 0.232856
3991.506592 0.000000 8614.102539 0.000000 0.403836 0.000000 0.914831 0.682343 0.682343 0.682343
4030.341797 0.000000 8599.176758 0.000000 0.330998 0.000000 0.943632 0.460042 0.460042 0.460042
3997.533447 0.000000 8581.665039 0.000000 0.000045 0.000000 1.000000 0.549027 0.549027 0.549027
4016.384277 0.000000 8621.981445 0.000000 0.807477 0.000000 0.589899 0.599640 0.599640 0.599640
4027.914795 0.000000 8578.434570 0.000000 0.168716 0.000000 0.985665 0.634879 0.634879 0.634879
4021.057129 0.000000 8620.456055 0.000000 0.996486 0.000000 0.083755 0.760141 0.760141 0.760141
4011.665039 0.000000 8624.102539 0.000000 0.074903 0.000000 0.997191 0.262247 0.262247 0.262247
3956.655273 0.000000 8567.342773 0.000000 0.995752 0.000000 0.092075 0.793739 0.793739 0.793739
4022.888184 0.000000 8604.045898 0.000000 0.498678 0.000000 0.866788 0.567505 0.567505 0.567505
4000.014160 0.000000 8619.098633 0.000000 0.760012 0.000000 0.649909 0.612074 0.612074 0.612074
4022.161133 0.000000 8596.271484 0.000000 0.995121 0.000000 0.098664 0.784999 0.784999 0.784999
4024.109131 0.000000 8623.021484 0.000000 0.030874 0.000000 0.999523 0.387872 0.387872 0.387872
4008.013916 0.000000 8622.799805 0.000000 0.651117 0.000000 -0.758977 0.901545 0.901545 0.901545
4010.885254 0.000000 8565.187500 0.000000 0.759280 0.000000 0.650765 0.764619 0.764619 0.764619
4015.867920 0.000000 8618.208984 0.000000 0.450567 0.000000 -0.892743 0.903576 0.903576 0.903576
3984.062500 0.000000 8618.459961 0.000000 0.973177 0.000000 -0.230057 0.813909 0.813909 0.813909
3998.568115 0.000000 8623.977539 0.000000 0.972628 0.000000 0.232367 0.732086 0.732086 0.732086
4020.957764 0.000000 8624.056641 0.000000 0.321921 0.000000 0.946767 0.497117 0.497117 0.497117
3938.571289 0.000000 8584.087891 0.000000 0.861662 0.000000 0.507482 0.678812 0.678812 0.678812
4013.476318 0.000000 8620.835938 0.000000 0.946228 0.000000 0.323499 0.717099 0.717099 0.717099
3994.204346 0.000000 8615.612305 0.000000 0.680821 0.000000 -0.732450 0.932966 0.932966 0.932966
4003.346191 0.000000 8619.713867 0.000000 0.370553 0.000000 0.928811 0.455031 0.455031 0.455031
3988.730469 0.000000 8613.930664 0.000000 0.102301 0.000000 0.994754 0.571259 0.571259 0.571259
4019.253906 0.000000 8612.635742 0.000000 0.185056 0.000000 0.982728 0.379642 0.379642 0.379642
3984.895752 0.000000 8620.816406 0.000000 0.945875 0.000000 0.324533 0.724086 0.724086 0.724086
4021.063721 0.000000 8614.392578 0.000000 0.529493 0.000000 -0.848314 1.052849 1.052849 1.052849
3999.944336 0.000000 8621.725586 0.000000 0.041193 0.000000 0.999151 0.631977 0.631977 0.631977
4008.486084 0.000000 8620.365234 0.000000 0.746805 0.000000 -0.665043 0.891545 0.891545 0.891545
3997.891846 0.000000 8618.409180 0.000000 0.698941 0.000000 -0.715179 0.924142 0.924142 0.924142
4021.198486 0.000000 8617.984375 0.000000 0.433945 0.000000 -0.900939 1.245911 1.245911 1.245911
4025.099609 0.000000 8617.326172 0.000000 0.961399 0.000000 0.275158 0.719830 0.719830 0.719830
4008.502197 0.000000 8618.075195 0.000000 0.349583 0.000000 -0.936905 1.081183 1.081183 1.081183
3994.028320 0.000000 8613.392578 0.000000 0.156318 0.000000 -0.987707 1.229212 1.229212 1.229212
4022.344971 0.000000 8622.049805 0.000000 0.027100 0.000000 0.999633 0.476272 0.476272 0.476272
3937.264893 0.000000 8582.371094 0.000000 0.023337 0.000000 0.999728 0.509480 0.509480 0.509480
4020.373779 0.000000 8616.224609 0.000000 0.159395 0.000000 -0.987215 1.360690 1.360690 1.360690
3983.439209 0.000000 8603.243164 0.000000 0.622743 0.000000 -0.782427 0.984846 0.984846 0.984846
3939.054932 0.000000 8585.925781 0.000000 0.958047 0.000000 -0.286610 0.866185 0.866185 0.866185
4001.866211 0.000000 8618.555664 0.000000 0.567944 0.000000 0.823067 0.543189 0.543189 0.543189
4006.915039 0.000000 8621.330078 0.000000 0.999492 0.000000 0.031868 0.791533 0.791533 0.791533
4020.781006 0.000000 8622.447266 0.000000 0.987322 0.000000 -0.158731 0.861446 0.861446 0.861446
4031.958008 0.000000 8580.596680 0.000000 0.729258 0.000000 0.684239 0.748829 0.748829 0.748829
4046.092041 0.000000 8620.930664 0.000000 0.965931 0.000000 -0.258800 0.810457 0.810457 0.810457
4062.988770 0.000000 8622.414062 0.000000 0.582998 0.000000 -0.812473 0.981838 0.981838 0.981838
4031.321533 0.000000 8598.245117 0.000000 0.402275 0.000000 0.915519 0.481165 0.481165 0.481165
4114.799316 0.000000 8620.456055 0.000000 0.562815 0.000000 0.826583 0.768907 0.768907 0.768907
4039.513184 0.000000 8612.103516 0.000000 0.963924 0.000000 -0.266179 0.881255 0.881255 0.881255
4117.851074 0.000000 8623.021484 0.000000 0.417544 0.000000 0.908657 0.579135 0.579135 0.579135
4041.540283 0.000000 8606.936523 0.000000 0.415424 0.000000 0.909628 0.576401 0.576401 0.576401
4036.017334 0.000000 8613.175781 0.000000 0.452042 0.000000 -0.891997 1.042049 1.042049 1.042049
4114.699707 0.000000 8624.056641 0.000000 0.733784 0.000000 0.679383 0.714969 0.714969 0.714969
4040.497559 0.000000 8609.453125 0.000000 0.606676 0.000000 0.794949 0.495339 0.495339 0.495339
4120.625000 0.000000 8621.995117 0.000000 0.594918 0.000000 -0.803786 1.066650 1.066650 1.066650
4056.722412 0.000000 8619.730469 0.000000 0.648770 0.000000 0.760984 0.459728 0.459728 0.459728
4047.916748 0.000000 8622.668945 0.000000 0.981496 0.000000 0.191482 0.772294 0.772294 0.772294
4117.687988 0.000000 8620.809570 0.000000 0.692421 0.000000 0.721494 0.544060 0.544060 0.544060
4036.335449 0.000000 8615.373047 0.000000 0.668894 0.000000 0.743358 0.635964 0.635964 0.635964
4048.806641 0.000000 8617.884766 0.000000 0.626973 0.000000 -0.779041 1.012272 1.012272 1.012272
4116.087402 0.000000 8622.049805 0.000000 0.648145 0.000000 -0.761517 0.967704 0.967704 0.967704
4124.298340 0.000000 8611.819336 0.000000 0.666036 0.000000 0.745919 0.519189 0.519189 0.519189
4049.032227 0.000000 8624.164062 0.000000 0.999219 0.000000 -0.039513 0.813577 0.813577 0.813577
4114.522949 0.000000 8622.447266 0.000000 0.944171 0.000000 0.329456 0.698080 0.698080 0.698080
4158.310059 0.000000 8295.365234 0.000000 0.997661 0.000000 0.068351 0.771446 0.771446 0.771446
4179.362793 0.000000 8297.853516 0.000000 0.337637 0.000000 -0.941276 1.284980 1.284980 1.284980
4191.521484 0.000000 8326.164062 0.000000 0.185548 0.000000 -0.982635 0.990751 0.990751 0.990751
4169.627930 0.000000 8320.614258 0.000000 0.892650 0.000000 0.450751 0.779454 0.779454 0.779454
4178.990723 0.000000 8332.875977 0.000000 0.994359 0.000000 -0.106069 0.823347 0.823347 0.823347
4126.024902 0.000000 8331.550781 0.000000 0.914054 0.000000 0.405592 0.775811 0.775811 0.775811
4208.693359 0.000000 8318.770508 0.000000 0.276650 0.000000 0.960971 0.684016 0.684016 0.684016
4146.691406 0.000000 8309.023438 0.000000 0.997463 0.000000 0.071190 0.781074 0.781074 0.781074
4174.945801 0.000000 8324.984375 0.000000 0.187281 0.000000 0.982306 0.744780 0.744780 0.744780
4140.223633 0.000000 8298.124023 0.000000 0.490350 0.000000 0.871525 0.732362 0.732362 0.732362
4165.564453 0.000000 8325.527344 0.000000 0.468430 0.000000 0.883500 0.590133 0.590133 0.590133
4125.063965 0.000000 8317.018555 0.000000 0.628872 0.000000 0.777509 0.689706 0.689706 0.689706
4194.623047 0.000000 8330.732422 0.000000 0.907045 0.000000 0.421035 0.776565 0.776565 0.776565
4197.465820 0.000000 8315.148438 0.000000 0.467140 0.000000 -0.884183 0.962487 0.962487 0.962487
4213.317871 0.000000 8319.945312 0.000000 0.428300 0.000000 0.903636 0.522850 0.522850 0.522850
4202.956543 0.000000 8307.675781 0.000000 0.271523 0.000000 0.962432 0.657657 0.657657 0.657657
4144.266602 0.000000 8341.530273 0.000000 0.416048 0.000000 -0.909343 1.114675 1.114675 1.114675
4163.987793 0.000000 8285.455078 0.000000 0.830485 0.000000 0.557040 0.748080 0.748080 0.748080
4161.114258 0.000000 8313.708008 0.000000 0.400543 0.000000 0.916278 0.633380 0.633380 0.633380
4217.191895 0.000000 8312.112305 0.000000 0.955927 0.000000 -0.293605 0.926176 0.926176 0.926176
4210.115723 0.000000 8310.683594 0.000000 0.925124 0.000000 -0.379666 0.816334 0.816334 0.816334
4195.787109 0.000000 8334.719727 0.000000 0.562281 0.000000 0.826946 0.679434 0.679434 0.679434
4167.207031 0.000000 8287.922852 0.000000 0.188210 0.000000 0.982129 0.281289 0.281289 0.281289
4176.741211 0.000000 8294.943359 0.000000 0.207546 0.000000 -0.978225 1.319463 1.319463 1.319463
4195.236816 0.000000 8310.995117 0.000000 0.290299 0.000000 0.956936 0.713334 0.713334 0.713334
4178.091797 0.000000 8327.054688 0.000000 0.846254 0.000000 0.532779 0.703490 0.703490 0.703490
4203.675293 0.000000 8326.121094 0.000000 0.998853 0.000000 0.047887 0.788710 0.788710 0.788710
4144.895020 0.000000 8305.641602 0.000000 0.636448 0.000000 0.771319 0.726106 0.726106 0.726106
4172.903809 0.000000 8321.997070 0.000000 0.999999 0.000000 0.001022 0.799578 0.799578 0.799578
4194.080078 0.000000 8315.424805 0.000000 0.275639 0.000000 -0.961261 1.078588 1.078588 1.078588
4157.089355 0.000000 8279.982422 0.000000 0.036410 0.000000 0.999337 0.018548 0.018548 0.018548
4140.400391 0.000000 8301.504883 0.000000 0.159816 0.000000 0.987147 0.501431 0.501431 0.501431
4167.311035 0.000000 8333.017578 0.000000 0.982083 0.000000 -0.188449 0.828777 0.828777 0.828777
4150.943848 0.000000 8318.492188 0.000000 0.657914 0.000000 -0.753093 1.074207 1.074207 1.074207
4151.780273 0.000000 8322.931641 0.000000 0.860294 0.000000 -0.509798 0.876926 0.876926 0.876926
4188.302734 0.000000 8300.713867 0.000000 0.488290 0.000000 0.872682 0.342424 0.342424 0.342424
4152.831543 0.000000 8302.246094 0.000000 0.263560 0.000000 0.964643 0.492661 0.492661 0.492661
4185.088867 0.000000 8327.281250 0.000000 0.829804 0.000000 -0.558055 0.842568 0.842568 0.842568
4188.162598 0.000000 8327.389648 0.000000 0.341277 0.000000 -0.939963 1.090558 1.090558 1.090558
4153.978027 0.000000 8327.415039 0.000000 0.889380 0.000000 0.457168 0.663444 0.663444 0.663444
4211.412109 0.000000 8317.472656 0.000000 0.494353 0.000000 -0.869261 0.913643 0.913643 0.913643
4159.513184 0.000000 8315.982422 0.000000 0.944926 0.000000 -0.327284 0.837958 0.837958 0.837958
4176.214844 0.000000 8332.704102 0.000000 0.940917 0.000000 -0.338636 0.867618 0.867618 0.867618
4196.940430 0.000000 8328.639648 0.000000 0.328427 0.000000 0.944529 0.669148 0.669148 0.669148
4150.821777 0.000000 8280.844727 0.000000 0.282842 0.000000 -0.959167 1.153906 1.153906 1.153906
4145.979492 0.000000 8339.441406 0.000000 0.932913 0.000000 0.360103 0.764685 0.764685 0.764685
4154.019531 0.000000 8342.119141 0.000000 0.495275 0.000000 -0.868736 1.224681 1.224681 1.224681
4215.865723 0.000000 8314.435547 0.000000 0.508267 0.000000 -0.861200 1.278721 1.278721 1.278721
4169.473145 0.000000 8323.235352 0.000000 0.639323 0.000000 0.768939 0.535458 0.535458 0.535458
4205.222656 0.000000 8306.472656 0.000000 0.459646 0.000000 -0.888102 1.003054 1.003054 1.003054
4142.896973 0.000000 8298.497070 0.000000 0.964585 0.000000 0.263773 0.756817 0.756817 0.756817
4175.621094 0.000000 8327.580078 0.000000 0.997937 0.000000 0.064200 0.791532 0.791532 0.791532
4210.775391 0.000000 8320.166016 0.000000 0.780045 0.000000 0.625724 0.714934 0.714934 0.714934
4201.480957 0.000000 8342.233398 0.000000 0.532373 0.000000 -0.846510 1.047968 1.047968 1.047968
4167.707520 0.000000 8326.837891 0.000000 0.319519 0.000000 0.947580 0.588545 0.588545 0.588545
4158.752930 0.000000 8281.814453 0.000000 0.036701 0.000000 0.999326 0.417008 0.417008 0.417008
4210.890137 0.000000 8313.022461 0.000000 0.999995 0.000000 -0.003016 0.800982 0.800982 0.800982
4181.965332 0.000000 8323.704102 0.000000 0.962591 0.000000 0.270957 0.687656 0.687656 0.687656
4165.686035 0.000000 8283.859375 0.000000 0.770271 0.000000 0.637716 0.688127 0.688127 0.688127
4163.051270 0.000000 8280.480469 0.000000 0.827703 0.000000 0.561167 0.711944 0.711944 0.711944
4167.611328 0.000000 8324.614258 0.000000 0.950477 0.000000 -0.310796 0.877636 0.877636 0.877636
4184.104492 0.000000 8329.327148 0.000000 0.146994 0.000000 -0.989137 1.084261 1.084261 1.084261
4148.224609 0.000000 8276.645508 0.000000 0.216078 0.000000 0.976376 0.583819 0.583819 0.583819
4212.540039 0.000000 8315.656250 0.000000 0.980576 0.000000 -0.196142 0.878860 0.878860 0.878860
4195.986816 0.000000 8336.848633 0.000000 0.497926 0.000000 -0.867220 0.953029 0.953029 0.953029
4155.134766 0.000000 8282.521484 0.000000 0.309221 0.000000 -0.950990 1.166369 1.166369 1.166369
4172.114746 0.000000 8329.818359 0.000000 0.756838 0.000000 -0.653603 0.915239 0.915239 0.915239
4196.756836 0.000000 8330.780273 0.000000 0.089974 0.000000 0.995944 0.246983 0.246983 0.246983
4153.040039 0.000000 8325.248047 0.000000 0.689592 0.000000 0.724198 0.531494 0.531494 0.531494
4193.030762 0.000000 8310.894531 0.000000 0.902388 0.000000 0.430925 0.722587 0.722587 0.722587
4152.313477 0.000000 8279.221680 0.000000 0.939319 0.000000 -0.343044 0.965045 0.965045 0.965045
4160.969727 0.000000 8329.397461 0.000000 0.003587 0.000000 0.999994 0.286665 0.286665 0.286665
4150.071289 0.000000 8324.241211 0.000000 0.679142 0.000000 0.734007 0.663371 0.663371 0.663371
4128.218750 0.000000 8339.946289 0.000000 0.092560 0.000000 -0.995707 1.045027 1.045027 1.045027
4164.568359 0.000000 8323.716797 0.000000 0.605474 0.000000 -0.795865 1.007731 1.007731 1.007731
4174.613281 0.000000 8294.698242 0.000000 0.961439 0.000000 -0.275019 0.852863 0.852863 0.852863
4203.343750 0.000000 8305.691406 0.000000 0.809086 0.000000 0.587690 0.592980 0.592980 0.592980
4142.761719 0.000000 8306.115234 0.000000 0.995535 0.000000 -0.094397 0.816993 0.816993 0.816993
4141.872070 0.000000 8300.160156 0.000000 0.972382 0.000000 0.233397 0.750128 0.750128 0.750128
4179.729492 0.000000 8325.830078 0.000000 0.819986 0.000000 -0.572384 0.961879 0.961879 0.961879
4154.219727 0.000000 8278.818359 0.000000 0.861365 0.000000 0.507986 0.528624 0.528624 0.528624
4124.693359 0.000000 8332.959961 0.000000 0.691130 0.000000 0.722731 0.606409 0.606409 0.606409
4156.136719 0.000000 8307.800781 0.000000 0.845782 0.000000 -0.533528 0.949489 0.949489 0.949489
4177.204102 0.000000 8331.060547 0.000000 0.743148 0.000000 -0.669127 1.051815 1.051815 1.051815
4195.673828 0.000000 8314.291016 0.000000 0.740656 0.000000 -0.671884 0.958918 0.958918 0.958918
4169.299316 0.000000 8332.814453 0.000000 0.134882 0.000000 -0.990862 1.178449 1.178449 1.178449
4170.923340 0.000000 8322.016602 0.000000 0.224896 0.000000 -0.974383 1.135526 1.135526 1.135526
4195.355469 0.000000 8304.419922 0.000000 0.954806 0.000000 -0.297231 0.916933 0.916933 0.916933
4189.417969 0.000000 8326.072266 0.000000 0.997869 0.000000 -0.065249 0.815519 0.815519 0.815519
4203.958008 0.000000 8327.940430 0.000000 0.910213 0.000000 -0.414140 0.900633 0.900633 0.900633
4154.740234 0.000000 8306.615234 0.000000 0.917534 0.000000 -0.397658 0.885764 0.885764 0.885764
4152.537598 0.000000 8300.457031 0.000000 0.968765 0.000000 -0.247979 0.858057 0.858057 0.858057
4213.109375 0.000000 8318.061523 0.000000 0.720072 0.000000 0.693900 0.611605 0.611605 0.611605
4150.499512 0.000000 8279.144531 0.000000 0.727840 0.000000 0.685747 0.516276 0.516276 0.516276
4156.682129 0.000000 8281.642578 0.000000 0.956315 0.000000 -0.292339 0.938651 0.938651 0.938651
4124.818359 0.000000 8330.293945 0.000000 0.930342 0.000000 0.366693 0.702517 0.702517 0.702517
4214.272461 0.000000 8315.041992 0.000000 0.806122 0.000000 0.591750 0.507853 0.507853 0.507853
4203.175781 0.000000 8342.394531 0.000000 0.390463 0.000000 0.920619 0.454258 0.454258 0.454258
4189.910156 0.000000 8301.256836 0.000000 0.464304 0.000000 -0.885676 1.269345 1.269345 1.269345
4145.902344 0.000000 8341.142578 0.000000 0.910528 0.000000 0.413447 0.682521 0.682521 0.682521
4217.350098 0.000000 8313.751953 0.000000 0.856294 0.000000 0.516488 0.570194 0.570194 0.570194
4171.021484 0.000000 8323.821289 0.000000 0.528080 0.000000 -0.849195 1.053264 1.053264 1.053264
4175.781738 0.000000 8293.565430 0.000000 0.469381 0.000000 0.882996 0.274774 0.274774 0.274774
4125.194336 0.000000 8347.884766 0.000000 0.684838 0.000000 0.728695 0.649987 0.649987 0.649987
4159.048828 0.000000 8350.829102 0.000000 0.794047 0.000000 -0.607856 1.092300 1.092300 1.092300
4177.967773 0.000000 8367.039062 0.000000 0.988445 0.000000 -0.151579 0.831911 0.831911 0.831911
4200.245605 0.000000 8347.866211 0.000000 0.952250 0.000000 0.305319 0.658091 0.658091 0.658091
4190.207520 0.000000 8349.256836 0.000000 0.757208 0.000000 -0.653174 0.828431 0.828431 0.828431
4148.469727 0.000000 8353.976562 0.000000 0.923765 0.000000 -0.382959 0.939714 0.939714 0.939714
4173.398438 0.000000 8363.082031 0.000000 0.589772 0.000000 0.807570 0.723025 0.723025 0.723025
4162.879395 0.000000 8368.263672 0.000000 0.271049 0.000000 0.962565 0.634301 0.634301 0.634301
4157.526367 0.000000 8354.944336 0.000000 0.518612 0.000000 0.855010 0.558300 0.558300 0.558300
4150.079590 0.000000 8358.351562 0.000000 0.099724 0.000000 -0.995015 0.990954 0.990954 0.990954
4203.923340 0.000000 8347.588867 0.000000 0.890458 0.000000 0.455065 0.675447 0.675447 0.675447
4173.198730 0.000000 8359.033203 0.000000 0.360405 0.000000 0.932796 0.564715 0.564715 0.564715
4174.829590 0.000000 8365.974609 0.000000 0.974769 0.000000 -0.223215 0.834619 0.834619 0.834619
4145.022949 0.000000 8353.661133 0.000000 0.997846 0.000000 -0.065607 0.808917 0.808917 0.808917
4202.219238 0.000000 8344.941406 0.000000 0.220320 0.000000 -0.975428 1.144779 1.144779 1.144779
4154.971191 0.000000 8362.797852 0.000000 0.793852 0.000000 0.608111 0.672056 0.672056 0.672056
4193.072266 0.000000 8347.978516 0.000000 0.931883 0.000000 -0.362758 0.898610 0.898610 0.898610
4146.454102 0.000000 8356.378906 0.000000 0.476451 0.000000 0.879201 0.270086 0.270086 0.270086
4144.291504 0.000000 8344.096680 0.000000 0.961421 0.000000 0.275081 0.760483 0.760483 0.760483
4140.185547 0.000000 8355.276367 0.000000 0.893113 0.000000 0.449832 0.759930 0.759930 0.759930
4165.645020 0.000000 8368.895508 0.000000 0.724805 0.000000 0.688954 0.643647 0.643647 0.643647
4156.480469 0.000000 8349.516602 0.000000 0.989134 0.000000 -0.147014 0.832416 0.832416 0.832416
4191.537109 0.000000 8345.467773 0.000000 0.180642 0.000000 -0.983549 1.180104 1.180104 1.180104
4150.603027 0.000000 8355.682617 0.000000 0.183876 0.000000 -0.982949 0.979914 0.979914 0.979914
4172.430664 0.000000 8365.602539 0.000000 0.020775 0.000000 -0.999784 1.481067 1.481067 1.481067
4124.983887 0.000000 8345.392578 0.000000 0.833458 0.000000 0.552583 0.664361 0.664361 0.664361
4164.605469 0.000000 8366.432617 0.000000 0.903523 0.000000 -0.428539 0.860148 0.860148 0.860148
4157.247070 0.000000 8352.517578 0.000000 0.817145 0.000000 0.576432 0.660120 0.660120 0.660120
4142.313477 0.000000 8353.986328 0.000000 0.786936 0.000000 -0.617035 0.938123 0.938123 0.938123
4158.569336 0.000000 8348.629883 0.000000 0.748361 0.000000 -0.663292 1.025953 1.025953 1.025953
4148.618164 0.000000 8356.788086 0.000000 0.457273 0.000000 0.889326 0.250633 0.250633 0.250633
4203.334961 0.000000 8343.055664 0.000000 0.986458 0.000000 0.164015 0.751299 0.751299 0.751299
4146.916992 0.000000 8352.558594 0.000000 0.993110 0.000000 0.117188 0.767626 0.767626 0.767626
4142.844727 0.000000 8345.587891 0.000000 0.991910 0.000000 -0.126942 0.846522 0.846522 0.846522
4190.742188 0.000000 8347.358398 0.000000 0.525160 0.000000 0.851004 0.547911 0.547911 0.547911
4177.800293 0.000000 8369.014648 0.000000 0.642716 0.000000 0.766104 0.644864 0.644864 0.644864
4198.118164 0.000000 8347.806641 0.000000 0.664380 0.000000 0.747395 0.636464 0.636464 0.636464
4154.942871 0.000000 8360.833984 0.000000 0.564420 0.000000 0.825488 0.512961 0.512961 0.512961
4201.845215 0.000000 8346.818359 0.000000 0.136448 0.000000 0.990647 0.144171 0.144171 0.144171
4160.523438 0.000000 8363.088867 0.000000 0.998685 0.000000 0.051271 0.785453 0.785453 0.785453
4176.206055 0.000000 8367.612305 0.000000 0.592530 0.000000 0.805549 0.603585 0.603585 0.603585
4144.649414 0.000000 8355.498047 0.000000 0.999972 0.000000 -0.007425 0.803084 0.803084 0.803084
4146.667969 0.000000 8354.551758 0.000000 0.939082 0.000000 0.343692 0.690687 0.690687 0.690687
4147.293457 0.000000 8357.945312 0.000000 0.921304 0.000000 0.388844 0.602980 0.602980 0.602980
4191.195312 0.000000 8343.767578 0.000000 0.973994 0.000000 0.226574 0.736092 0.736092 0.736092
4201.241211 0.000000 8343.365234 0.000000 0.886609 0.000000 -0.462520 0.918122 0.918122 0.918122
4149.737793 0.000000 8352.921875 0.000000 0.574294 0.000000 0.818649 0.459048 0.459048 0.459048
4164.164551 0.000000 8591.789062 0.000000 0.929340 0.000000 0.369224 0.707098 0.707098 0.707098
4213.355469 0.000000 8619.500000 0.000000 0.963771 0.000000 0.266732 0.777351 0.777351 0.777351
4166.406738 0.000000 8622.805664 0.000000 0.064916 0.000000 -0.997891 1.203007 1.203007 1.203007
4147.483398 0.000000 8578.814453 0.000000 0.405290 0.000000 -0.914188 0.834557 0.834557 0.834557
4136.750488 0.000000 8594.260742 0.000000 0.853190 0.000000 -0.521600 0.804384 0.804384 0.804384
4151.143066 0.000000 8607.375000 0.000000 0.999529 0.000000 -0.030692 0.813304 0.813304 0.813304
4174.825684 0.000000 8620.138672 0.000000 0.993140 0.000000 -0.116932 0.823408 0.823408 0.823408
4148.634277 0.000000 8621.586914 0.000000 0.475835 0.000000 -0.879535 1.156368 1.156368 1.156368
4140.223633 0.000000 8579.350586 0.000000 0.962539 0.000000 -0.271143 0.908583 0.908583 0.908583
4143.033691 0.000000 8573.299805 0.000000 0.706112 0.000000 -0.708101 1.114287 1.114287 1.114287
4136.647461 0.000000 8583.465820 0.000000 0.796838 0.000000 -0.604193 0.956781 0.956781 0.956781
4175.292969 0.000000 8611.263672 0.000000 0.620812 0.000000 0.783959 0.616446 0.616446 0.616446
4154.884277 0.000000 8605.434570 0.000000 0.851161 0.000000 -0.524904 0.855184 0.855184 0.855184
4145.798340 0.000000 8594.333984 0.000000 0.394795 0.000000 -0.918769 0.925641 0.925641 0.925641
4211.593262 0.000000 8623.021484 0.000000 0.910202 0.000000 -0.414165 0.834968 0.834968 0.834968
4167.417969 0.000000 8598.532227 0.000000 0.144437 0.000000 -0.989514 1.230013 1.230013 1.230013
4143.843750 0.000000 8577.372070 0.000000 0.764661 0.000000 -0.644433 0.921681 0.921681 0.921681
4139.902344 0.000000 8575.388672 0.000000 0.596891 0.000000 -0.802322 0.933904 0.933904 0.933904
4178.091797 0.000000 8608.281250 0.000000 0.647900 0.000000 -0.761726 1.066351 1.066351 1.066351
4165.371582 0.000000 8595.381836 0.000000 0.383367 0.000000 0.923596 0.644803 0.644803 0.644803
4126.817871 0.000000 8601.874023 0.000000 0.120786 0.000000 -0.992679 0.878177 0.878177 0.878177
4138.810547 0.000000 8597.403320 0.000000 0.457758 0.000000 0.889077 0.410603 0.410603 0.410603
4148.145508 0.000000 8618.189453 0.000000 0.711542 0.000000 -0.702643 1.067642 1.067642 1.067642
4140.400391 0.000000 8582.731445 0.000000 0.918422 0.000000 -0.395602 0.974649 0.974649 0.974649
4148.851074 0.000000 8593.099609 0.000000 0.995019 0.000000 0.099688 0.757920 0.757920 0.757920
4140.048340 0.000000 8594.263672 0.000000 0.469514 0.000000 -0.882925 1.134974 1.134974 1.134974
4152.831543 0.000000 8583.472656 0.000000 0.354537 0.000000 0.935042 0.688983 0.688983 0.688983
4153.978027 0.000000 8608.641602 0.000000 0.400388 0.000000 0.916346 0.471339 0.471339 0.471339
4137.340820 0.000000 8580.420898 0.000000 0.972468 0.000000 -0.233034 0.905223 0.905223 0.905223
4144.514160 0.000000 8606.676758 0.000000 0.724500 0.000000 -0.689275 0.985303 0.985303 0.985303
4147.083496 0.000000 8581.596680 0.000000 0.915663 0.000000 -0.401946 0.935487 0.935487 0.935487
4214.367188 0.000000 8621.995117 0.000000 0.193993 0.000000 0.981003 0.396142 0.396142 0.396142
4150.464355 0.000000 8619.730469 0.000000 0.935287 0.000000 -0.353889 0.859964 0.859964 0.859964
4175.621094 0.000000 8608.806641 0.000000 0.171458 0.000000 -0.985191 1.068139 1.068139 1.068139
4142.665039 0.000000 8583.912109 0.000000 0.999934 0.000000 0.011473 0.798144 0.798144 0.798144
4162.837891 0.000000 8589.276367 0.000000 0.691157 0.000000 -0.722704 1.058109 1.058109 1.058109
4141.490234 0.000000 8577.291992 0.000000 0.916763 0.000000 0.399432 0.602221 0.602221 0.602221
4163.341309 0.000000 8593.951172 0.000000 0.287331 0.000000 -0.957831 1.083625 1.083625 1.083625
4166.933594 0.000000 8620.633789 0.000000 0.898691 0.000000 -0.438582 0.946900 0.946900 0.946900
4162.722168 0.000000 8586.366211 0.000000 0.481427 0.000000 0.876486 0.418000 0.418000 0.418000
4142.706055 0.000000 8575.469727 0.000000 0.105468 0.000000 0.994423 0.434223 0.434223 0.434223
4165.786621 0.000000 8593.278320 0.000000 0.978418 0.000000 0.206637 0.744296 0.744296 0.744296
4146.825195 0.000000 8592.449219 0.000000 0.358810 0.000000 -0.933411 1.413092 1.413092 1.413092
4152.107422 0.000000 8609.703125 0.000000 0.992411 0.000000 -0.122963 0.834962 0.834962 0.834962
4153.040039 0.000000 8606.474609 0.000000 0.226640 0.000000 -0.973979 1.065383 1.065383 1.065383
4129.701172 0.000000 8595.537109 0.000000 0.817266 0.000000 0.576260 0.694513 0.694513 0.694513
4169.491211 0.000000 8622.958008 0.000000 0.565548 0.000000 -0.824715 0.989799 0.989799 0.989799
4140.935547 0.000000 8573.329102 0.000000 0.484684 0.000000 0.874689 0.451230 0.451230 0.451230
4128.791504 0.000000 8601.729492 0.000000 0.985741 0.000000 -0.168271 0.858419 0.858419 0.858419
4149.999512 0.000000 8583.472656 0.000000 0.719569 0.000000 -0.694421 0.959443 0.959443 0.959443
4167.649902 0.000000 8594.161133 0.000000 0.825244 0.000000 0.564776 0.584240 0.584240 0.584240
4144.956055 0.000000 8608.492188 0.000000 0.825467 0.000000 0.564451 0.587975 0.587975 0.587975
4143.969727 0.000000 8585.208008 0.000000 0.784013 0.000000 0.620745 0.628796 0.628796 0.628796
4141.710938 0.000000 8594.908203 0.000000 0.945391 0.000000 -0.325939 0.902779 0.902779 0.902779
4143.570312 0.000000 8571.561523 0.000000 0.992652 0.000000 -0.121007 0.828104 0.828104 0.828104
4148.723633 0.000000 8582.218750 0.000000 0.553644 0.000000 -0.832754 1.004403 1.004403 1.004403
4164.488281 0.000000 8590.047852 0.000000 0.361151 0.000000 0.932507 0.504890 0.504890 0.504890
4175.864746 0.000000 8618.709961 0.000000 0.785728 0.000000 -0.618572 1.029105 1.029105 1.029105
4127.796875 0.000000 8595.367188 0.000000 0.622983 0.000000 0.782235 0.564985 0.564985 0.564985
4124.818359 0.000000 8611.520508 0.000000 0.545891 0.000000 -0.837856 1.131319 1.131319 1.131319
4150.550781 0.000000 8593.490234 0.000000 0.966719 0.000000 -0.255841 0.866140 0.866140 0.866140
4145.665527 0.000000 8582.657227 0.000000 0.932840 0.000000 -0.360292 0.978147 0.978147 0.978147
4159.372070 0.000000 8607.481445 0.000000 0.627960 0.000000 0.778245 0.529247 0.529247 0.529247
4150.393555 0.000000 8608.800781 0.000000 0.401691 0.000000 0.915775 0.441691 0.441691 0.441691
4136.383789 0.000000 8581.904297 0.000000 0.146347 0.000000 -0.989233 1.437036 1.437036 1.437036
4148.171387 0.000000 8580.356445 0.000000 0.159809 0.000000 0.987148 0.428195 0.428195 0.428195
4167.774414 0.000000 8623.707031 0.000000 0.886808 0.000000 -0.462137 0.928570 0.928570 0.928570
4226.562012 0.000000 8624.217773 0.000000 0.865208 0.000000 -0.501414 0.853500 0.853500 0.853500
4221.118652 0.000000 8623.056641 0.000000 0.987666 0.000000 -0.156573 0.810676 0.810676 0.810676
3752.580078 0.000000 8687.297852 0.000000 0.128369 0.000000 0.991727 0.762558 0.762558 0.762558
3774.681885 0.000000 8649.802734 0.000000 0.038727 0.000000 -0.999250 1.154947 1.154947 1.154947
3791.831299 0.000000 8646.716797 0.000000 0.916634 0.000000 0.399728 0.727725 0.727725 0.727725
3839.439697 0.000000 8677.249023 0.000000 0.561861 0.000000 -0.827232 0.825293 0.825293 0.825293
3769.697510 0.000000 8656.430664 0.000000 0.960272 0.000000 -0.279064 0.835021 0.835021 0.835021
3759.334961 0.000000 8647.363281 0.000000 0.153104 0.000000 0.988210 0.686789 0.686789 0.686789
3794.470703 0.000000 8688.879883 0.000000 0.824957 0.000000 0.565195 0.678832 0.678832 0.678832
3750.094971 0.000000 8691.987305 0.000000 0.529527 0.000000 -0.848293 0.836409 0.836409 0.836409
3771.860840 0.000000 8702.730469 0.000000 0.814077 0.000000 -0.580757 0.822277 0.822277 0.822277
3758.109131 0.000000 8664.589844 0.000000 0.859796 0.000000 -0.510638 0.853519 0.853519 0.853519
3782.132568 0.000000 8658.490234 0.000000 0.438857 0.000000 -0.898557 1.029675 1.029675 1.029675
3793.495605 0.000000 8631.656250 0.000000 0.699122 0.000000 -0.715003 0.895463 0.895463 0.895463
3802.102295 0.000000 8696.227539 0.000000 0.842430 0.000000 -0.538806 1.011383 1.011383 1.011383
3786.044678 0.000000 8702.102539 0.000000 0.914599 0.000000 0.404361 0.726004 0.726004 0.726004
3834.676758 0.000000 8690.013672 0.000000 0.824045 0.000000 0.566525 0.667681 0.667681 0.667681
3838.002197 0.000000 8666.818359 0.000000 0.998171 0.000000 -0.060454 0.803745 0.803745 0.803745
3789.905762 0.000000 8713.354492 0.000000 0.999230 0.000000 -0.039230 0.809326 0.809326 0.809326
3753.375977 0.000000 8690.882812 0.000000 0.263280 0.000000 0.964719 0.656717 0.656717 0.656717
3828.887939 0.000000 8656.978516 0.000000 0.227703 0.000000 0.973731 0.558939 0.558939 0.558939
3797.530762 0.000000 8689.837891 0.000000 0.699369 0.000000 0.714761 0.590072 0.590072 0.590072
3763.290283 0.000000 8685.336914 0.000000 0.907135 0.000000 0.420841 0.619551 0.619551 0.619551
3788.888428 0.000000 8703.142578 0.000000 0.988614 0.000000 0.150476 0.743585 0.743585 0.743585
3839.449219 0.000000 8669.335938 0.000000 0.575462 0.000000 -0.817829 1.054377 1.054377 1.054377
3755.228027 0.000000 8646.226562 0.000000 0.366086 0.000000 0.930581 0.460806 0.460806 0.460806
3838.599121 0.000000 8674.492188 0.000000 0.174174 0.000000 0.984715 0.685708 0.685708 0.685708
3760.192871 0.000000 8685.565430 0.000000 0.631015 0.000000 0.775771 0.573002 0.573002 0.573002
3843.318115 0.000000 8648.895508 0.000000 0.106292 0.000000 -0.994335 1.180193 1.180193 1.180193
3758.260498 0.000000 8649.707031 0.000000 0.137915 0.000000 -0.990444 1.189086 1.189086 1.189086
3755.597656 0.000000 8664.791016 0.000000 0.040386 0.000000 0.999184 0.427098 0.427098 0.427098
3789.636475 0.000000 8647.659180 0.000000 0.133133 0.000000 -0.991098 1.201879 1.201879 1.201879
3788.458496 0.000000 8711.606445 0.000000 0.897907 0.000000 0.440185 0.730813 0.730813 0.730813
3837.010986 0.000000 8668.766602 0.000000 0.279561 0.000000 0.960128 0.540292 0.540292 0.540292
3773.256104 0.000000 8651.614258 0.000000 0.455604 0.000000 0.890182 0.578562 0.578562 0.578562
3770.858398 0.000000 8705.482422 0.000000 0.886038 0.000000 0.463612 0.618030 0.618030 0.618030
3760.544434 0.000000 8649.172852 0.000000 0.985538 0.000000 -0.169456 0.830268 0.830268 0.830268
3761.666260 0.000000 8684.285156 0.000000 0.462260 0.000000 -0.886745 1.078720 1.078720 1.078720
3767.741943 0.000000 8656.323242 0.000000 0.344830 0.000000 -0.938665 1.238140 1.238140 1.238140
3796.446289 0.000000 8688.129883 0.000000 0.224828 0.000000 0.974398 0.445666 0.445666 0.445666
3754.047363 0.000000 8647.876953 0.000000 0.763790 0.000000 0.645464 0.601012 0.601012 0.601012
3795.290039 0.000000 8632.333008 0.000000 0.913748 0.000000 0.406281 0.697220 0.697220 0.697220
3755.899414 0.000000 8644.328125 0.000000 0.634141 0.000000 0.773218 0.614637 0.614637 0.614637
3817.206787 0.000000 8708.947266 0.000000 0.796576 0.000000 0.604538 0.619776 0.619776 0.619776
3752.828125 0.000000 8689.109375 0.000000 0.978050 0.000000 0.208372 0.708186 0.708186 0.708186
3764.872070 0.000000 8684.252930 0.000000 0.979197 0.000000 0.202911 0.724910 0.724910 0.724910
3845.628418 0.000000 8647.515625 0.000000 0.498414 0.000000 0.866939 0.657529 0.657529 0.657529
3868.424072 0.000000 8649.802734 0.000000 0.073848 0.000000 -0.997270 1.302258 1.302258 1.302258
3855.392334 0.000000 8667.246094 0.000000 0.967096 0.000000 0.254413 0.755816 0.755816 0.755816
3892.922852 0.000000 8654.921875 0.000000 0.934176 0.000000 -0.356813 0.891088 0.891088 0.891088
3857.596191 0.000000 8639.295898 0.000000 0.911430 0.000000 0.411455 0.752572 0.752572 0.752572
3872.192627 0.000000 8637.505859 0.000000 0.643305 0.000000 -0.765610 0.805225 0.805225 0.805225
3867.169189 0.000000 8663.237305 0.000000 0.686571 0.000000 -0.727063 0.910556 0.910556 0.910556
3885.573486 0.000000 8646.716797 0.000000 0.867163 0.000000 -0.498025 0.868719 0.868719 0.868719
3846.817139 0.000000 8638.148438 0.000000 0.998606 0.000000 -0.052791 0.813608 0.813608 0.813608
3876.717773 0.000000 8645.264648 0.000000 0.972214 0.000000 0.234093 0.679661 0.679661 0.679661
3860.793457 0.000000 8646.889648 0.000000 0.268100 0.000000 -0.963391 1.139966 1.139966 1.139966
3877.822021 0.000000 8632.055664 0.000000 0.192297 0.000000 -0.981337 1.418926 1.418926 1.418926
3874.922852 0.000000 8662.763672 0.000000 0.728149 0.000000 0.685419 0.658222 0.658222 0.658222
3865.015137 0.000000 8640.643555 0.000000 0.135969 0.000000 -0.990713 1.427402 1.427402 1.427402
3872.539795 0.000000 8655.752930 0.000000 0.202583 0.000000 -0.979265 1.343236 1.343236 1.343236
3896.741211 0.000000 8648.265625 0.000000 0.914987 0.000000 -0.403482 0.814101 0.814101 0.814101
3886.815918 0.000000 8658.940430 0.000000 0.917710 0.000000 -0.397250 0.883223 0.883223 0.883223
3879.462646 0.000000 8639.075195 0.000000 0.676835 0.000000 0.736135 0.766952 0.766952 0.766952
3899.637939 0.000000 8653.996094 0.000000 0.403606 0.000000 0.914933 0.493104 0.493104 0.493104
3870.594482 0.000000 8643.889648 0.000000 0.803739 0.000000 0.594983 0.475454 0.475454 0.475454
3877.159912 0.000000 8651.544922 0.000000 0.494093 0.000000 0.869409 0.642118 0.642118 0.642118
3903.791260 0.000000 8675.407227 0.000000 0.948182 0.000000 0.317727 0.712821 0.712821 0.712821
3903.203857 0.000000 8688.028320 0.000000 0.640833 0.000000 -0.767680 0.897889 0.897889 0.897889
3890.958252 0.000000 8649.298828 0.000000 0.028310 0.000000 -0.999599 0.938632 0.938632 0.938632
3848.140381 0.000000 8632.732422 0.000000 0.712238 0.000000 0.701938 0.493846 0.493846 0.493846
3872.541504 0.000000 8631.770508 0.000000 0.965310 0.000000 -0.261106 0.811607 0.811607 0.811607
3865.639160 0.000000 8645.748047 0.000000 0.167878 0.000000 -0.985808 1.514094 1.514094 1.514094
3862.342041 0.000000 8651.536133 0.000000 0.980297 0.000000 -0.197531 0.817871 0.817871 0.817871
3883.553711 0.000000 8642.338867 0.000000 0.638074 0.000000 0.769975 0.352430 0.352430 0.352430
3856.679932 0.000000 8644.083008 0.000000 0.409465 0.000000 -0.912326 1.275000 1.275000 1.275000
3881.652832 0.000000 8649.490234 0.000000 0.041738 0.000000 0.999129 0.302219 0.302219 0.302219
3873.297363 0.000000 8648.653320 0.000000 0.377677 0.000000 -0.925938 1.402757 1.402757 1.402757
3899.336182 0.000000 8628.192383 0.000000 0.217283 0.000000 0.976109 0.567817 0.567817 0.567817
3898.420410 0.000000 8658.470703 0.000000 0.060524 0.000000 -0.998167 1.502798 1.502798 1.502798
3862.913086 0.000000 8661.084961 0.000000 0.839809 0.000000 0.542881 0.714039 0.714039 0.714039
3857.058350 0.000000 8649.579102 0.000000 0.339680 0.000000 0.940541 0.484587 0.484587 0.484587
3875.336182 0.000000 8640.893555 0.000000 0.992932 0.000000 -0.118685 0.816632 0.816632 0.816632
3866.139648 0.000000 8667.999023 0.000000 0.993850 0.000000 0.110739 0.748361 0.748361 0.748361
3857.023682 0.000000 8634.069336 0.000000 0.503636 0.000000 0.863916 0.529196 0.529196 0.529196
3860.932861 0.000000 8642.499023 0.000000 0.189785 0.000000 -0.981826 1.257479 1.257479 1.257479
3867.513672 0.000000 8654.048828 0.000000 0.522625 0.000000 0.852562 0.508435 0.508435 0.508435
3882.761475 0.000000 8660.423828 0.000000 0.955416 0.000000 -0.295263 0.835319 0.835319 0.835319
3875.874756 0.000000 8658.490234 0.000000 0.381566 0.000000 -0.924342 1.033180 1.033180 1.033180
3880.986084 0.000000 8668.654297 0.000000 0.748643 0.000000 -0.662974 0.847770 0.847770 0.847770
3933.021240 0.000000 8643.634766 0.000000 0.957790 0.000000 -0.287469 0.840765 0.840765 0.840765
3880.783691 0.000000 8645.434570 0.000000 0.959276 0.000000 -0.282469 0.905238 0.905238 0.905238
3854.910645 0.000000 8657.833008 0.000000 0.355145 0.000000 -0.934811 0.891661 0.891661 0.891661
3868.853027 0.000000 8639.578125 0.000000 0.379870 0.000000 -0.925040 1.085441 1.085441 1.085441
3858.510254 0.000000 8664.516602 0.000000 0.158864 0.000000 0.987301 0.549143 0.549143 0.549143
3859.569580 0.000000 8656.897461 0.000000 0.658562 0.000000 0.752527 0.458013 0.458013 0.458013
3920.880127 0.000000 8688.217773 0.000000 0.268369 0.000000 0.963316 0.735135 0.735135 0.735135
3871.581055 0.000000 8652.087891 0.000000 0.529356 0.000000 -0.848400 0.953757 0.953757 0.953757
3880.973145 0.000000 8653.332031 0.000000 0.834679 0.000000 0.550737 0.571683 0.571683 0.571683
3917.995117 0.000000 8669.180664 0.000000 0.520327 0.000000 -0.853967 0.879728 0.879728 0.879728
3864.741211 0.000000 8631.839844 0.000000 0.132976 0.000000 -0.991119 1.348338 1.348338 1.348338
3888.287109 0.000000 8637.038086 0.000000 0.974427 0.000000 0.224703 0.709470 0.709470 0.709470
3888.974121 0.000000 8645.679688 0.000000 0.994847 0.000000 -0.101386 0.815619 0.815619 0.815619
3864.969482 0.000000 8649.286133 0.000000 0.767960 0.000000 -0.640498 1.087393 1.087393 1.087393
3870.247070 0.000000 8664.832031 0.000000 0.962950 0.000000 0.269681 0.674020 0.674020 0.674020
3878.713379 0.000000 8642.514648 0.000000 0.663027 0.000000 -0.748596 1.002746 1.002746 1.002746
3875.862793 0.000000 8654.951172 0.000000 0.965467 0.000000 -0.260526 0.846324 0.846324 0.846324
3863.876221 0.000000 8664.298828 0.000000 0.991093 0.000000 0.133174 0.767720 0.767720 0.767720
3878.621338 0.000000 8648.077148 0.000000 0.897977 0.000000 0.440042 0.757228 0.757228 0.757228
3867.527832 0.000000 8642.642578 0.000000 0.978747 0.000000 -0.205071 0.905188 0.905188 0.905188
3872.072021 0.000000 8640.760742 0.000000 0.854224 0.000000 -0.519904 0.932128 0.932128 0.932128
3906.351562 0.000000 8632.693359 0.000000 0.781636 0.000000 -0.623735 0.896852 0.896852 0.896852
3889.664551 0.000000 8634.199219 0.000000 0.679161 0.000000 0.733989 0.730865 0.730865 0.730865
3870.149902 0.000000 8647.103516 0.000000 0.990735 0.000000 0.135809 0.730618 0.730618 0.730618
3873.744629 0.000000 8644.024414 0.000000 0.389402 0.000000 0.921068 0.203709 0.203709 0.203709
3908.413330 0.000000 8639.457031 0.000000 0.168957 0.000000 -0.985623 1.007065 1.007065 1.007065
3890.635498 0.000000 8674.298828 0.000000 0.838687 0.000000 0.544613 0.541190 0.541190 0.541190
3848.869141 0.000000 8640.461914 0.000000 0.807957 0.000000 -0.589241 0.951020 0.951020 0.951020
3854.602539 0.000000 8638.622070 0.000000 0.833603 0.000000 0.552363 0.717017 0.717017 0.717017
3885.559082 0.000000 8640.039062 0.000000 0.222001 0.000000 0.975046 0.272732 0.272732 0.272732
3865.115234 0.000000 8659.035156 0.000000 0.936131 0.000000 -0.351651 0.830860 0.830860 0.830860
3873.022217 0.000000 8659.439453 0.000000 0.955020 0.000000 0.296542 0.695372 0.695372 0.695372
3863.747070 0.000000 8643.444336 0.000000 0.582671 0.000000 0.812708 0.403956 0.403956 0.403956
3846.061523 0.000000 8641.233398 0.000000 0.714666 0.000000 0.699466 0.575662 0.575662 0.575662
3860.034668 0.000000 8649.710938 0.000000 0.596797 0.000000 -0.802393 0.920901 0.920901 0.920901
3874.435303 0.000000 8652.485352 0.000000 0.524031 0.000000 0.851699 0.626972 0.626972 0.626972
3865.031250 0.000000 8652.583984 0.000000 0.824044 0.000000 -0.566526 0.857739 0.857739 0.857739
3857.782471 0.000000 8646.771484 0.000000 0.497800 0.000000 -0.867292 1.257053 1.257053 1.257053
3875.253906 0.000000 8630.743164 0.000000 0.107575 0.000000 0.994197 0.434752 0.434752 0.434752
3895.007080 0.000000 8643.551758 0.000000 0.590943 0.000000 0.806713 0.691276 0.691276 0.691276
3855.081543 0.000000 8641.453125 0.000000 0.811921 0.000000 -0.583768 0.889640 0.889640 0.889640
3860.936523 0.000000 8663.135742 0.000000 0.453681 0.000000 0.891164 0.239823 0.239823 0.239823
3898.224854 0.000000 8651.382812 0.000000 0.947391 0.000000 0.320079 0.636668 0.636668 0.636668
3862.326904 0.000000 8640.149414 0.000000 0.952541 0.000000 0.304410 0.701772 0.701772 0.701772
3861.782959 0.000000 8658.621094 0.000000 0.205609 0.000000 0.978634 0.666541 0.666541 0.666541
3868.665771 0.000000 8669.105469 0.000000 0.228005 0.000000 -0.973660 1.217742 1.217742 1.217742
3904.897461 0.000000 8691.587891 0.000000 0.050057 0.000000 0.998746 0.596505 0.596505 0.596505
3866.250732 0.000000 8656.405273 0.000000 0.998165 0.000000 0.060560 0.787413 0.787413 0.787413
3867.796143 0.000000 8665.914062 0.000000 0.532791 0.000000 -0.846247 1.172778 1.172778 1.172778
3859.251709 0.000000 8644.651367 0.000000 0.765619 0.000000 0.643294 0.473416 0.473416 0.473416
3883.490723 0.000000 8645.214844 0.000000 0.719358 0.000000 -0.694640 1.088339 1.088339 1.088339
3875.748535 0.000000 8647.809570 0.000000 0.736255 0.000000 -0.676704 1.104323 1.104323 1.104323
3881.478760 0.000000 8671.280273 0.000000 0.687213 0.000000 0.726456 0.637594 0.637594 0.637594
3868.238770 0.000000 8645.114258 0.000000 0.999934 0.000000 0.011471 0.794158 0.794158 0.794158
3898.625000 0.000000 8637.669922 0.000000 0.103404 0.000000 0.994639 0.249092 0.249092 0.249092
3856.063965 0.000000 8631.620117 0.000000 0.767334 0.000000 0.641247 0.702677 0.702677 0.702677
3881.215820 0.000000 8641.077148 0.000000 0.874872 0.000000 -0.484355 0.980764 0.980764 0.980764
3863.305664 0.000000 8646.775391 0.000000 0.063766 0.000000 -0.997965 1.567502 1.567502 1.567502
3852.002686 0.000000 8649.707031 0.000000 0.959143 0.000000 0.282923 0.722087 0.722087 0.722087
3867.109863 0.000000 8660.685547 0.000000 0.777057 0.000000 -0.629430 0.891104 0.891104 0.891104
3931.657227 0.000000 8672.064453 0.000000 0.073718 0.000000 0.997279 0.611637 0.611637 0.611637
3896.158447 0.000000 8645.776367 0.000000 0.998424 0.000000 0.056123 0.792710 0.792710 0.792710
3867.446533 0.000000 8647.528320 0.000000 0.398708 0.000000 -0.917078 1.391134 1.391134 1.391134
3872.532471 0.000000 8646.238281 0.000000 0.827259 0.000000 -0.561821 1.103839 1.103839 1.103839
3897.660645 0.000000 8630.053711 0.000000 0.280906 0.000000 0.959735 0.458381 0.458381 0.458381
3862.428223 0.000000 8649.083984 0.000000 0.931545 0.000000 -0.363627 0.941225 0.941225 0.941225
3891.203857 0.000000 8646.829102 0.000000 0.978696 0.000000 -0.205315 0.842952 0.842952 0.842952
3870.995117 0.000000 8649.488281 0.000000 0.757658 0.000000 0.652652 0.437850 0.437850 0.437850
3886.015381 0.000000 8637.708984 0.000000 0.794966 0.000000 0.606655 0.676320 0.676320 0.676320
3857.745361 0.000000 8666.835938 0.000000 0.660905 0.000000 -0.750470 1.196677 1.196677 1.196677
3875.147217 0.000000 8650.204102 0.000000 0.989681 0.000000 -0.143290 0.835322 0.835322 0.835322
3869.104736 0.000000 8652.077148 0.000000 0.914371 0.000000 -0.404878 0.850785 0.850785 0.850785
3887.629395 0.000000 8661.174805 0.000000 0.326635 0.000000 0.945151 0.574985 0.574985 0.574985
3882.803711 0.000000 8651.829102 0.000000 0.749349 0.000000 0.662175 0.706047 0.706047 0.706047
3876.020752 0.000000 8633.744141 0.000000 0.447314 0.000000 -0.894377 1.297479 1.297479 1.297479
3846.852539 0.000000 8649.529297 0.000000 0.946275 0.000000 0.323364 0.756595 0.756595 0.756595
3852.521729 0.000000 8657.884766 0.000000 0.997995 0.000000 -0.063300 0.809235 0.809235 0.809235
3861.652344 0.000000 8644.683594 0.000000 0.809116 0.000000 0.587649 0.480086 0.480086 0.480086
3875.991943 0.000000 8643.096680 0.000000 0.711570 0.000000 0.702615 0.403225 0.403225 0.403225
3874.555420 0.000000 8672.862305 0.000000 0.772740 0.000000 -0.634722 0.924979 0.924979 0.924979
3860.532227 0.000000 8660.837891 0.000000 0.305172 0.000000 0.952297 0.346783 0.346783 0.346783
3865.526611 0.000000 8665.809570 0.000000 0.525101 0.000000 -0.851040 0.940285 0.940285 0.940285
3880.547607 0.000000 8660.167969 0.000000 0.392700 0.000000 0.919667 0.580864 0.580864 0.580864
3854.270996 0.000000 8669.239258 0.000000 0.448598 0.000000 -0.893734 0.972236 0.972236 0.972236
3869.983398 0.000000 8641.624023 0.000000 0.979292 0.000000 -0.202453 0.903826 0.903826 0.903826
3881.568115 0.000000 8643.283203 0.000000 0.974063 0.000000 0.226278 0.705177 0.705177 0.705177
3864.839111 0.000000 8654.747070 0.000000 0.778429 0.000000 -0.627733 1.045328 1.045328 1.045328
3866.998291 0.000000 8651.614258 0.000000 0.755865 0.000000 0.654728 0.691649 0.691649 0.691649
3873.908203 0.000000 8657.490234 0.000000 0.489919 0.000000 -0.871768 1.218705 1.218705 1.218705
3895.036865 0.000000 8654.038086 0.000000 0.219990 0.000000 0.975502 0.495549 0.495549 0.495549
3899.349121 0.000000 8660.812500 0.000000 0.290070 0.000000 0.957005 0.608790 0.608790 0.608790
3906.554688 0.000000 8638.021484 0.000000 0.123453 0.000000 0.992350 0.539895 0.539895 0.539895
3860.516602 0.000000 8665.200195 0.000000 0.923458 0.000000 0.383699 0.635619 0.635619 0.635619
3844.131348 0.000000 8649.040039 0.000000 0.627838 0.000000 -0.778344 1.104651 1.104651 1.104651
3868.860352 0.000000 8662.025391 0.000000 0.853348 0.000000 -0.521342 0.911724 0.911724 0.911724
3859.574951 0.000000 8658.977539 0.000000 0.838328 0.000000 0.545166 0.561623 0.561623 0.561623
3874.666016 0.000000 8645.936523 0.000000 0.888188 0.000000 -0.459479 1.043142 1.043142 1.043142
3873.088867 0.000000 8661.630859 0.000000 0.046109 0.000000 -0.998936 1.107558 1.107558 1.107558
3905.347412 0.000000 8688.230469 0.000000 0.219459 0.000000 -0.975622 1.250123 1.250123 1.250123
3873.162842 0.000000 8650.668945 0.000000 0.958509 0.000000 0.285062 0.697810 0.697810 0.697810
3874.388672 0.000000 8632.535156 0.000000 0.996115 0.000000 -0.088065 0.826593 0.826593 0.826593
3854.286621 0.000000 8649.172852 0.000000 0.476814 0.000000 0.879004 0.398965 0.398965 0.398965
3869.318359 0.000000 8667.225586 0.000000 0.002242 0.000000 -0.999997 1.404626 1.404626 1.404626
3904.611328 0.000000 8633.676758 0.000000 0.094652 0.000000 0.995510 0.393186 0.393186 0.393186
3870.775635 0.000000 8639.081055 0.000000 0.852790 0.000000 0.522254 0.540998 0.540998 0.540998
3877.162109 0.000000 8649.463867 0.000000 0.101894 0.000000 0.994795 0.468526 0.468526 0.468526
3865.700439 0.000000 8643.776367 0.000000 0.395578 0.000000 0.918432 0.207129 0.207129 0.207129
3867.084229 0.000000 8640.670898 0.000000 0.984637 0.000000 -0.174616 0.868357 0.868357 0.868357
3916.101807 0.000000 8670.389648 0.000000 0.913581 0.000000 -0.406656 0.875278 0.875278 0.875278
3861.484131 0.000000 8656.323242 0.000000 0.265610 0.000000 0.964081 0.513964 0.513964 0.513964
3872.992920 0.000000 8653.787109 0.000000 0.977397 0.000000 0.211413 0.743415 0.743415 0.743415
3873.716064 0.000000 8642.060547 0.000000 0.345233 0.000000 -0.938517 1.420480 1.420480 1.420480
3884.995117 0.000000 8644.060547 0.000000 0.658065 0.000000 -0.752961 1.086061 1.086061 1.086061
3898.462646 0.000000 8655.500000 0.000000 0.964198 0.000000 -0.265184 0.927043 0.927043 0.927043
3874.730469 0.000000 8660.289062 0.000000 0.781605 0.000000 0.623773 0.506733 0.506733 0.506733
3879.297119 0.000000 8644.315430 0.000000 0.997804 0.000000 -0.066244 0.833762 0.833762 0.833762
3887.098389 0.000000 8645.545898 0.000000 0.427071 0.000000 0.904218 0.296918 0.296918 0.296918
3875.362305 0.000000 8671.076172 0.000000 0.014857 0.000000 0.999890 0.377369 0.377369 0.377369
3883.600342 0.000000 8640.264648 0.000000 0.812962 0.000000 -0.582316 0.920419 0.920419 0.920419
3856.033936 0.000000 8645.811523 0.000000 0.999703 0.000000 0.024361 0.789927 0.789927 0.789927
3862.734131 0.000000 8641.926758 0.000000 0.225896 0.000000 0.974151 0.373537 0.373537 0.373537
3894.979736 0.000000 8648.838867 0.000000 0.920412 0.000000 0.390949 0.670843 0.670843 0.670843
3871.958252 0.000000 8642.671875 0.000000 0.999395 0.000000 0.034778 0.782284 0.782284 0.782284
3862.343750 0.000000 8665.303711 0.000000 0.185581 0.000000 -0.982629 1.134498 1.134498 1.134498
3899.629150 0.000000 8636.063477 0.000000 0.002475 0.000000 -0.999997 1.388874 1.388874 1.388874
3865.198975 0.000000 8647.494141 0.000000 0.435230 0.000000 -0.900319 1.370667 1.370667 1.370667
3866.877441 0.000000 8669.649414 0.000000 0.506909 0.000000 0.862000 0.484519 0.484519 0.484519
3904.435791 0.000000 8689.845703 0.000000 0.110907 0.000000 -0.993831 1.286853 1.286853 1.286853
3866.785645 0.000000 8649.178711 0.000000 0.368017 0.000000 -0.929819 1.145759 1.145759 1.145759
3898.342285 0.000000 8649.580078 0.000000 0.872382 0.000000 -0.488825 0.982593 0.982593 0.982593
3856.818604 0.000000 8640.952148 0.000000 0.000030 0.000000 1.000000 0.222756 0.222756 0.222756
3881.320557 0.000000 8639.195312 0.000000 0.815856 0.000000 0.578255 0.580798 0.580798 0.580798
3931.758789 0.000000 8670.304688 0.000000 0.835512 0.000000 0.549472 0.673357 0.673357 0.673357
3862.752197 0.000000 8662.998047 0.000000 0.649738 0.000000 0.760158 0.360194 0.360194 0.360194
3890.597168 0.000000 8645.123047 0.000000 0.997720 0.000000 -0.067490 0.819425 0.819425 0.819425
3876.770996 0.000000 8625.485352 0.000000 0.979320 0.000000 0.202315 0.745885 0.745885 0.745885
3863.412109 0.000000 8645.089844 0.000000 0.857865 0.000000 -0.513875 1.074865 1.074865 1.074865
3867.869141 0.000000 8655.710938 0.000000 0.495031 0.000000 -0.868875 1.100721 1.100721 1.100721
3871.732666 0.000000 8647.841797 0.000000 0.350628 0.000000 0.936515 0.182451 0.182451 0.182451
3923.142822 0.000000 8688.697266 0.000000 0.994008 0.000000 0.109306 0.754719 0.754719 0.754719
3847.691406 0.000000 8641.658203 0.000000 0.958288 0.000000 0.285804 0.716061 0.716061 0.716061
3877.589600 0.000000 8643.766602 0.000000 0.393751 0.000000 0.919217 0.206116 0.206116 0.206116
3865.930664 0.000000 8642.108398 0.000000 0.605803 0.000000 0.795615 0.331437 0.331437 0.331437
3847.297119 0.000000 8639.873047 0.000000 0.978169 0.000000 0.207809 0.746066 0.746066 0.746066
3891.773926 0.000000 8675.619141 0.000000 0.714744 0.000000 0.699386 0.451939 0.451939 0.451939
3868.978516 0.000000 8643.465820 0.000000 0.873212 0.000000 0.487340 0.540747 0.540747 0.540747
3902.294922 0.000000 8674.643555 0.000000 0.550405 0.000000 -0.834898 1.066378 1.066378 1.066378
3877.286133 0.000000 8647.108398 0.000000 0.926490 0.000000 -0.376320 0.902487 0.902487 0.902487
3899.396729 0.000000 8681.282227 0.000000 0.195079 0.000000 0.980788 0.283917 0.283917 0.283917
3872.114014 0.000000 8644.612305 0.000000 0.935445 0.000000 0.353473 0.616001 0.616001 0.616001
3895.380615 0.000000 8647.189453 0.000000 0.970778 0.000000 -0.239978 0.873087 0.873087 0.873087
3869.850098 0.000000 8650.636719 0.000000 0.898556 0.000000 0.438859 0.687482 0.687482 0.687482
3867.738037 0.000000 8667.669922 0.000000 0.397045 0.000000 0.917799 0.259022 0.259022 0.259022
3866.507080 0.000000 8658.044922 0.000000 0.073343 0.000000 -0.997307 1.212708 1.212708 1.212708
3869.031494 0.000000 8648.273438 0.000000 0.103597 0.000000 -0.994619 1.292236 1.292236 1.292236
3870.666748 0.000000 8645.511719 0.000000 0.800698 0.000000 -0.599069 1.127140 1.127140 1.127140
3881.197266 0.000000 8651.272461 0.000000 0.940921 0.000000 0.338627 0.660628 0.660628 0.660628
3864.885742 0.000000 8657.283203 0.000000 0.714521 0.000000 -0.699614 0.999637 0.999637 0.999637
3857.605957 0.000000 8635.542969 0.000000 0.852886 0.000000 -0.522098 0.942623 0.942623 0.942623
3849.602295 0.000000 8633.475586 0.000000 0.347407 0.000000 -0.937715 1.278440 1.278440 1.278440
3899.901611 0.000000 8651.386719 0.000000 0.996844 0.000000 -0.079389 0.839840 0.839840 0.839840
3789.575928 0.000000 8720.969727 0.000000 0.492362 0.000000 0.870391 0.426694 0.426694 0.426694
3774.026611 0.000000 8720.560547 0.000000 0.865180 0.000000 -0.501461 0.927993 0.927993 0.927993
3793.909668 0.000000 8718.096680 0.000000 0.468496 0.000000 -0.883465 0.916825 0.916825 0.916825
3787.100586 0.000000 8721.438477 0.000000 0.458258 0.000000 -0.888819 1.278844 1.278844 1.278844
3782.290039 0.000000 8720.744141 0.000000 0.679941 0.000000 -0.733266 1.132079 1.132079 1.132079
3778.901123 0.000000 8720.226562 0.000000 0.995372 0.000000 0.096102 0.764821 0.764821 0.764821
3780.617188 0.000000 8720.238281 0.000000 0.725138 0.000000 -0.688603 1.080649 1.080649 1.080649
3777.570312 0.000000 8721.339844 0.000000 0.694827 0.000000 0.719177 0.482602 0.482602 0.482602
3991.674561 0.000000 8691.555664 0.000000 0.602380 0.000000 0.798210 0.476936 0.476936 0.476936
3998.022217 0.000000 8648.330078 0.000000 0.752312 0.000000 -0.658807 0.879006 0.879006 0.879006
4015.569580 0.000000 8668.562500 0.000000 0.226333 0.000000 0.974050 0.633762 0.633762 0.633762
4028.238525 0.000000 8699.126953 0.000000 0.124347 0.000000 0.992239 0.730682 0.730682 0.730682
4027.477051 0.000000 8625.461914 0.000000 0.842873 0.000000 -0.538112 0.873764 0.873764 0.873764
4014.005127 0.000000 8661.061523 0.000000 0.995000 0.000000 -0.099874 0.801399 0.801399 0.801399
3957.181885 0.000000 8656.430664 0.000000 0.559081 0.000000 0.829113 0.647718 0.647718 0.647718
4011.500732 0.000000 8685.314453 0.000000 0.324661 0.000000 0.945830 0.698449 0.698449 0.698449
3988.334961 0.000000 8661.768555 0.000000 0.608319 0.000000 -0.793693 1.164405 1.164405 1.164405
4028.373535 0.000000 8639.955078 0.000000 0.244151 0.000000 0.969737 0.493221 0.493221 0.493221
3997.533447 0.000000 8675.407227 0.000000 0.274177 0.000000 0.961679 0.141449 0.141449 0.141449
4022.881104 0.000000 8651.270508 0.000000 0.987447 0.000000 -0.157953 0.812672 0.812672 0.812672
3959.381348 0.000000 8645.748047 0.000000 0.363802 0.000000 -0.931476 0.881382 0.881382 0.881382
3964.322266 0.000000 8626.068359 0.000000 0.975840 0.000000 0.218486 0.704978 0.704978 0.704978
4008.073730 0.000000 8661.541992 0.000000 0.994429 0.000000 0.105406 0.796625 0.796625 0.796625
3986.488770 0.000000 8709.379883 0.000000 0.258098 0.000000 -0.966119 0.996190 0.996190 0.996190
3945.180176 0.000000 8697.681641 0.000000 0.998136 0.000000 -0.061031 0.814880 0.814880 0.814880
4029.595947 0.000000 8709.923828 0.000000 0.146925 0.000000 0.989148 0.384959 0.384959 0.384959
4024.540039 0.000000 8701.970703 0.000000 0.493289 0.000000 -0.869866 1.027550 1.027550 1.027550
4029.351562 0.000000 8703.274414 0.000000 0.529839 0.000000 0.848098 0.527033 0.527033 0.527033
4024.517090 0.000000 8638.040039 0.000000 0.991657 0.000000 0.128907 0.786317 0.786317 0.786317
4018.771729 0.000000 8671.405273 0.000000 0.983338 0.000000 0.181788 0.776998 0.776998 0.776998
4014.004883 0.000000 8646.113281 0.000000 0.548245 0.000000 -0.836318 1.078944 1.078944 1.078944
3994.094238 0.000000 8677.763672 0.000000 0.967734 0.000000 -0.251972 0.876310 0.876310 0.876310
3989.864502 0.000000 8636.478516 0.000000 0.681356 0.000000 -0.731952 0.942688 0.942688 0.942688
3965.541260 0.000000 8690.994141 0.000000 0.350955 0.000000 0.936392 0.722526 0.722526 0.722526
4001.122803 0.000000 8651.252930 0.000000 0.998786 0.000000 -0.049262 0.803543 0.803543 0.803543
3937.779785 0.000000 8670.350586 0.000000 0.612974 0.000000 0.790103 0.732681 0.732681 0.732681
3994.331055 0.000000 8649.951172 0.000000 0.898107 0.000000 -0.439778 0.905496 0.905496 0.905496
3958.313721 0.000000 8688.076172 0.000000 0.393141 0.000000 0.919478 0.725431 0.725431 0.725431
3997.322754 0.000000 8652.443359 0.000000 0.156532 0.000000 -0.987673 1.124683 1.124683 1.124683
3953.333008 0.000000 8698.701172 0.000000 0.666848 0.000000 0.745194 0.684126 0.684126 0.684126
3947.798096 0.000000 8700.678711 0.000000 0.757126 0.000000 -0.653269 0.925120 0.925120 0.925120
3995.635498 0.000000 8671.760742 0.000000 0.909686 0.000000 -0.415298 0.831648 0.831648 0.831648
3992.181152 0.000000 8662.770508 0.000000 0.936949 0.000000 -0.349465 0.834938 0.834938 0.834938
4021.159424 0.000000 8678.714844 0.000000 0.467739 0.000000 0.883867 0.615963 0.615963 0.615963
4016.276123 0.000000 8651.311523 0.000000 0.051757 0.000000 0.998660 0.669545 0.669545 0.669545
3953.396240 0.000000 8705.603516 0.000000 0.999866 0.000000 0.016387 0.794501 0.794501 0.794501
4027.022949 0.000000 8691.752930 0.000000 0.153674 0.000000 -0.988122 1.193246 1.193246 1.193246
4027.132568 0.000000 8636.070312 0.000000 0.565247 0.000000 -0.824922 0.958871 0.958871 0.958871
3987.345215 0.000000 8647.201172 0.000000 0.979740 0.000000 -0.200274 0.815706 0.815706 0.815706
4001.238770 0.000000 8627.609375 0.000000 0.375083 0.000000 0.926991 0.349824 0.349824 0.349824
3994.365234 0.000000 8674.670898 0.000000 0.285897 0.000000 0.958260 0.421391 0.421391 0.421391
4011.986572 0.000000 8701.105469 0.000000 0.978566 0.000000 -0.205933 0.819470 0.819470 0.819470
4011.110352 0.000000 8662.212891 0.000000 0.964751 0.000000 -0.263163 0.869674 0.869674 0.869674
4029.854980 0.000000 8627.430664 0.000000 0.738485 0.000000 -0.674270 0.896064 0.896064 0.896064
3988.962891 0.000000 8658.471680 0.000000 0.386211 0.000000 -0.922410 1.144760 1.144760 1.144760
3978.165771 0.000000 8694.655273 0.000000 0.169969 0.000000 -0.985449 1.152312 1.152312 1.152312
4026.706543 0.000000 8709.409180 0.000000 0.135024 0.000000 0.990842 0.544859 0.544859 0.544859
3995.900879 0.000000 8629.449219 0.000000 0.977811 0.000000 0.209488 0.746046 0.746046 0.746046
4025.884766 0.000000 8627.793945 0.000000 0.334796 0.000000 -0.942291 0.947325 0.947325 0.947325
4014.736084 0.000000 8648.833008 0.000000 0.633735 0.000000 0.773551 0.549170 0.549170 0.549170
4009.456055 0.000000 8703.608398 0.000000 0.840924 0.000000 0.541153 0.699501 0.699501 0.699501
4025.595215 0.000000 8698.389648 0.000000 0.995961 0.000000 0.089786 0.784916 0.784916 0.784916
3946.755371 0.000000 8703.195312 0.000000 0.922432 0.000000 -0.386161 0.906106 0.906106 0.906106
4026.681885 0.000000 8703.564453 0.000000 0.305065 0.000000 0.952332 0.462575 0.462575 0.462575
4009.218994 0.000000 8683.680664 0.000000 0.547992 0.000000 0.836483 0.558570 0.558570 0.558570
4011.824463 0.000000 8647.757812 0.000000 0.686649 0.000000 -0.726989 0.931674 0.931674 0.931674
3987.870361 0.000000 8638.285156 0.000000 0.912996 0.000000 -0.407968 0.883929 0.883929 0.883929
3959.992920 0.000000 8656.405273 0.000000 0.903365 0.000000 -0.428872 0.864624 0.864624 0.864624
3999.458740 0.000000 8625.118164 0.000000 0.727071 0.000000 -0.686563 0.943584 0.943584 0.943584
4017.195068 0.000000 8673.797852 0.000000 0.465937 0.000000 0.884818 0.659002 0.659002 0.659002
4016.034912 0.000000 8671.147461 0.000000 0.999514 0.000000 0.031159 0.787863 0.787863 0.787863
3988.767090 0.000000 8690.914062 0.000000 0.895243 0.000000 0.445579 0.724366 0.724366 0.724366
4020.637451 0.000000 8625.204102 0.000000 0.854779 0.000000 0.518992 0.667040 0.667040 0.667040
4024.745605 0.000000 8625.271484 0.000000 0.330424 0.000000 0.943832 0.344034 0.344034 0.344034
4014.425293 0.000000 8658.579102 0.000000 0.576430 0.000000 0.817147 0.425592 0.425592 0.425592
4005.677734 0.000000 8662.115234 0.000000 0.806876 0.000000 0.590721 0.669998 0.669998 0.669998
3989.900635 0.000000 8645.776367 0.000000 0.922291 0.000000 -0.386496 0.845969 0.845969 0.845969
3952.364990 0.000000 8703.333008 0.000000 0.864831 0.000000 -0.502064 0.876688 0.876688 0.876688
4013.050781 0.000000 8683.425781 0.000000 0.988210 0.000000 0.153102 0.768687 0.768687 0.768687
3975.353271 0.000000 8683.018555 0.000000 0.301900 0.000000 0.953339 0.444013 0.444013 0.444013
4029.958008 0.000000 8700.924805 0.000000 0.686403 0.000000 0.727222 0.497512 0.497512 0.497512
4030.160156 0.000000 8641.633789 0.000000 0.582324 0.000000 -0.812957 0.961143 0.961143 0.961143
3992.904053 0.000000 8647.978516 0.000000 0.978037 0.000000 0.208432 0.760580 0.760580 0.760580
4026.816650 0.000000 8701.028320 0.000000 0.104165 0.000000 -0.994560 1.371123 1.371123 1.371123
3971.268555 0.000000 8656.783203 0.000000 0.930174 0.000000 0.367119 0.728676 0.728676 0.728676
3977.120850 0.000000 8647.659180 0.000000 0.667166 0.000000 0.744909 0.640545 0.640545 0.640545
3999.341797 0.000000 8673.790039 0.000000 0.062176 0.000000 0.998065 0.567999 0.567999 0.567999
3998.834229 0.000000 8650.559570 0.000000 0.398729 0.000000 0.917069 0.644686 0.644686 0.644686
3992.924072 0.000000 8664.950195 0.000000 0.865418 0.000000 0.501051 0.635436 0.635436 0.635436
4017.808350 0.000000 8669.213867 0.000000 0.252124 0.000000 0.967695 0.589743 0.589743 0.589743
3986.458008 0.000000 8711.703125 0.000000 0.236086 0.000000 -0.971732 1.026206 1.026206 1.026206
3987.314453 0.000000 8641.833008 0.000000 0.932608 0.000000 -0.360892 0.914301 0.914301 0.914301
3996.620605 0.000000 8650.323242 0.000000 0.927375 0.000000 0.374132 0.657550 0.657550 0.657550
4026.856445 0.000000 8638.282227 0.000000 0.995470 0.000000 -0.095074 0.835752 0.835752 0.835752
4021.512451 0.000000 8676.524414 0.000000 0.905121 0.000000 0.425153 0.609680 0.609680 0.609680
4008.502197 0.000000 8711.817383 0.000000 0.936515 0.000000 0.350628 0.739183 0.739183 0.739183
3997.224854 0.000000 8673.275391 0.000000 0.268632 0.000000 -0.963243 1.461485 1.461485 1.461485
3995.718262 0.000000 8648.318359 0.000000 0.831607 0.000000 0.555365 0.663587 0.663587 0.663587
3949.034912 0.000000 8702.463867 0.000000 0.446511 0.000000 0.894778 0.346374 0.346374 0.346374
4015.963135 0.000000 8646.910156 0.000000 0.824913 0.000000 -0.565260 0.969177 0.969177 0.969177
4000.162354 0.000000 8648.584961 0.000000 0.889751 0.000000 0.456447 0.708171 0.708171 0.708171
4013.199951 0.000000 8663.010742 0.000000 0.913256 0.000000 -0.407387 0.993583 0.993583 0.993583
3995.930176 0.000000 8676.795898 0.000000 0.983623 0.000000 0.180237 0.745707 0.745707 0.745707
3990.132080 0.000000 8662.763672 0.000000 0.402857 0.000000 0.915263 0.578324 0.578324 0.578324
3993.601074 0.000000 8671.747070 0.000000 0.984094 0.000000 -0.177649 0.877047 0.877047 0.877047
4013.324707 0.000000 8686.537109 0.000000 0.688743 0.000000 0.725005 0.662313 0.662313 0.662313
4027.845459 0.000000 8627.567383 0.000000 0.711223 0.000000 0.702966 0.667658 0.667658 0.667658
4009.764648 0.000000 8701.647461 0.000000 0.532922 0.000000 0.846164 0.588456 0.588456 0.588456
4014.256348 0.000000 8651.155273 0.000000 0.822188 0.000000 0.569216 0.665753 0.665753 0.665753
3987.692627 0.000000 8645.258789 0.000000 0.963234 0.000000 -0.268663 0.889094 0.889094 0.889094
4024.463867 0.000000 8700.052734 0.000000 0.497056 0.000000 -0.867719 1.026615 1.026615 1.026615
3970.645996 0.000000 8707.208984 0.000000 0.727292 0.000000 0.686328 0.654966 0.654966 0.654966
4000.790039 0.000000 8630.871094 0.000000 0.981161 0.000000 0.193191 0.725060 0.725060 0.725060
4029.589355 0.000000 8629.264648 0.000000 0.404773 0.000000 -0.914417 1.249464 1.249464 1.249464
4011.146973 0.000000 8683.528320 0.000000 0.416027 0.000000 0.909352 0.243608 0.243608 0.243608
4010.389404 0.000000 8625.371094 0.000000 0.803134 0.000000 0.595799 0.570544 0.570544 0.570544
3958.941162 0.000000 8647.494141 0.000000 0.570497 0.000000 -0.821300 1.109878 1.109878 1.109878
4004.540283 0.000000 8663.608398 0.000000 0.906806 0.000000 0.421549 0.710482 0.710482 0.710482
3997.383545 0.000000 8630.455078 0.000000 0.797113 0.000000 -0.603830 0.994221 0.994221 0.994221
4023.402100 0.000000 8679.570312 0.000000 0.977407 0.000000 -0.211366 0.908466 0.908466 0.908466
3992.084473 0.000000 8649.580078 0.000000 0.310625 0.000000 -0.950533 1.100771 1.100771 1.100771
4018.839844 0.000000 8673.176758 0.000000 0.009855 0.000000 -0.999951 1.529512 1.529512 1.529512
3978.458984 0.000000 8631.022461 0.000000 0.350534 0.000000 0.936550 0.354359 0.354359 0.354359
4001.031494 0.000000 8625.800781 0.000000 0.586264 0.000000 0.810120 0.447298 0.447298 0.447298
3969.197754 0.000000 8656.611328 0.000000 0.512101 0.000000 -0.858925 1.121903 1.121903 1.121903
4027.866455 0.000000 8702.354492 0.000000 0.734838 0.000000 0.678243 0.600517 0.600517 0.600517
4026.788330 0.000000 8690.010742 0.000000 0.782148 0.000000 0.623093 0.613250 0.613250 0.613250
4029.955322 0.000000 8639.381836 0.000000 0.849869 0.000000 -0.526993 0.928596 0.928596 0.928596
3994.155518 0.000000 8629.525391 0.000000 0.865859 0.000000 -0.500288 0.933941 0.933941 0.933941
3998.710449 0.000000 8631.638672 0.000000 0.611305 0.000000 -0.791395 1.100903 1.100903 1.100903
4010.481201 0.000000 8663.791992 0.000000 0.716945 0.000000 -0.697130 1.001824 1.001824 1.001824
3965.054688 0.000000 8627.597656 0.000000 0.283145 0.000000 -0.959077 1.353804 1.353804 1.353804
3987.590820 0.000000 8640.114258 0.000000 0.318021 0.000000 -0.948084 1.186084 1.186084 1.186084
3996.037109 0.000000 8674.643555 0.000000 0.548808 0.000000 0.835949 0.295869 0.295869 0.295869
3989.122803 0.000000 8647.189453 0.000000 0.020016 0.000000 0.999800 0.254880 0.254880 0.254880
3990.351562 0.000000 8690.547852 0.000000 0.362901 0.000000 0.931828 0.380784 0.380784 0.380784
4023.096436 0.000000 8676.589844 0.000000 0.989056 0.000000 0.147543 0.752087 0.752087 0.752087
4047.580322 0.000000 8625.439453 0.000000 0.535511 0.000000 -0.844528 0.878335 0.878335 0.878335
4119.476074 0.000000 8688.466797 0.000000 0.303640 0.000000 -0.952787 0.873111 0.873111 0.873111
4047.572754 0.000000 8679.674805 0.000000 0.741542 0.000000 -0.670906 1.008574 1.008574 1.008574
4073.057861 0.000000 8646.716797 0.000000 0.869516 0.000000 0.493904 0.675162 0.675162 0.675162
4034.301514 0.000000 8638.148438 0.000000 0.793109 0.000000 -0.609080 0.847088 0.847088 0.847088
4053.741455 0.000000 8672.556641 0.000000 0.897512 0.000000 0.440990 0.674124 0.674124 0.674124
4031.061523 0.000000 8713.755859 0.000000 0.828199 0.000000 0.560434 0.707322 0.707322 0.707322
4058.684326 0.000000 8668.167969 0.000000 0.857732 0.000000 -0.514098 0.996272 0.996272 0.996272
4075.697266 0.000000 8688.879883 0.000000 0.894130 0.000000 -0.447807 0.926118 0.926118 0.926118
4067.628174 0.000000 8712.607422 0.000000 0.863271 0.000000 0.504741 0.718634 0.718634 0.718634
4085.287842 0.000000 8666.756836 0.000000 0.999275 0.000000 0.038083 0.782197 0.782197 0.782197
4039.504883 0.000000 8640.864258 0.000000 0.142112 0.000000 0.989851 0.700164 0.700164 0.700164
4044.333252 0.000000 8709.581055 0.000000 0.399111 0.000000 -0.916903 1.207844 1.207844 1.207844
4095.191406 0.000000 8672.535156 0.000000 0.999970 0.000000 0.007720 0.799198 0.799198 0.799198
4044.164307 0.000000 8644.083008 0.000000 0.625986 0.000000 0.779834 0.716042 0.716042 0.716042
4058.064453 0.000000 8626.068359 0.000000 0.970626 0.000000 0.240593 0.763604 0.763604 0.763604
4115.375977 0.000000 8705.203125 0.000000 0.933972 0.000000 0.357347 0.757669 0.757669 0.757669
4080.987793 0.000000 8675.414062 0.000000 0.696368 0.000000 -0.717685 0.871943 0.871943 0.871943
4039.513184 0.000000 8705.845703 0.000000 0.448971 0.000000 0.893546 0.475525 0.475525 0.475525
4116.582520 0.000000 8709.922852 0.000000 0.834743 0.000000 0.550640 0.746426 0.746426 0.746426
4068.268066 0.000000 8645.434570 0.000000 0.127625 0.000000 0.991822 0.644390 0.644390 0.644390
4047.053955 0.000000 8656.897461 0.000000 0.997462 0.000000 0.071202 0.765699 0.765699 0.765699
4082.998779 0.000000 8669.912109 0.000000 0.972313 0.000000 0.233682 0.745355 0.745355 0.745355
4050.101807 0.000000 8671.114258 0.000000 0.998063 0.000000 -0.062216 0.817159 0.817159 0.817159
4046.160156 0.000000 8669.130859 0.000000 0.738459 0.000000 -0.674299 0.907893 0.907893 0.907893
4071.629150 0.000000 8689.124023 0.000000 0.053308 0.000000 0.998578 0.687863 0.687863 0.687863
4088.843262 0.000000 8665.715820 0.000000 0.851375 0.000000 0.524558 0.675376 0.675376 0.675376
4045.068115 0.000000 8691.145508 0.000000 0.985509 0.000000 0.169625 0.737361 0.737361 0.737361
4091.833496 0.000000 8664.087891 0.000000 0.282704 0.000000 -0.959207 1.274492 1.274492 1.274492
4046.306396 0.000000 8688.005859 0.000000 0.870057 0.000000 0.492951 0.710431 0.710431 0.710431
4036.353516 0.000000 8640.461914 0.000000 0.999959 0.000000 0.009099 0.799309 0.799309 0.799309
4044.516846 0.000000 8685.336914 0.000000 0.737133 0.000000 -0.675748 0.882987 0.882987 0.882987
4083.034180 0.000000 8664.693359 0.000000 0.968468 0.000000 0.249137 0.681823 0.681823 0.681823
4046.166260 0.000000 8682.470703 0.000000 0.521399 0.000000 0.853313 0.473314 0.473314 0.473314
4071.902588 0.000000 8650.122070 0.000000 0.952336 0.000000 0.305051 0.667507 0.667507 0.667507
4092.301514 0.000000 8671.548828 0.000000 0.981704 0.000000 -0.190411 0.845916 0.845916 0.845916
4055.253174 0.000000 8626.818359 0.000000 0.710068 0.000000 -0.704134 0.943543 0.943543 0.943543
4045.266846 0.000000 8646.771484 0.000000 0.899931 0.000000 0.436033 0.741427 0.741427 0.741427
4030.929199 0.000000 8703.537109 0.000000 0.291839 0.000000 -0.956468 1.174229 1.174229 1.174229
4038.152100 0.000000 8638.414062 0.000000 0.861180 0.000000 -0.508301 0.893716 0.893716 0.893716
4076.268555 0.000000 8679.656250 0.000000 0.919382 0.000000 -0.393366 0.845218 0.845218 0.845218
4049.267334 0.000000 8658.621094 0.000000 0.270313 0.000000 -0.962772 1.315524 1.315524 1.315524
4094.144043 0.000000 8662.589844 0.000000 0.953309 0.000000 0.301997 0.757722 0.757722 0.757722
4114.818359 0.000000 8654.159180 0.000000 0.560358 0.000000 -0.828250 1.051455 1.051455 1.051455
4036.401367 0.000000 8654.169922 0.000000 0.444939 0.000000 0.895561 0.454255 0.454255 0.454255
4044.695557 0.000000 8706.859375 0.000000 0.305951 0.000000 0.952047 0.581087 0.581087 0.581087
4056.722412 0.000000 8713.472656 0.000000 0.845717 0.000000 -0.533631 0.873074 0.873074 0.873074
4093.363770 0.000000 8642.515625 0.000000 0.538761 0.000000 -0.842458 0.984082 0.984082 0.984082
4081.146973 0.000000 8678.186523 0.000000 0.995153 0.000000 -0.098337 0.828918 0.828918 0.828918
4047.916748 0.000000 8716.411133 0.000000 0.871711 0.000000 -0.490021 0.897167 0.897167 0.897167
4051.141357 0.000000 8668.801758 0.000000 0.111925 0.000000 -0.993717 1.047626 1.047626 1.047626
4114.379395 0.000000 8625.204102 0.000000 0.531482 0.000000 -0.847069 0.915032 0.915032 0.915032
4031.678955 0.000000 8639.590820 0.000000 0.985919 0.000000 -0.167222 0.864092 0.864092 0.864092
4049.505859 0.000000 8630.613281 0.000000 0.192979 0.000000 0.981203 0.296861 0.296861 0.296861
4041.255615 0.000000 8660.076172 0.000000 0.998056 0.000000 0.062331 0.777079 0.777079 0.777079
4079.040283 0.000000 8668.701172 0.000000 0.917779 0.000000 -0.397092 0.959035 0.959035 0.959035
4042.936523 0.000000 8647.538086 0.000000 0.999940 0.000000 -0.010912 0.802877 0.802877 0.802877
4070.288086 0.000000 8651.829102 0.000000 0.201326 0.000000 0.979524 0.215268 0.215268 0.215268
4047.748291 0.000000 8671.034180 0.000000 0.860653 0.000000 -0.509192 0.993130 0.993130 0.993130
4051.670898 0.000000 8673.728516 0.000000 0.576184 0.000000 -0.817320 1.004461 1.004461 1.004461
4038.113770 0.000000 8707.916016 0.000000 0.924701 0.000000 0.380695 0.736039 0.736039 0.736039
4047.261230 0.000000 8692.115234 0.000000 0.196454 0.000000 0.980513 0.569645 0.569645 0.569645
4048.016602 0.000000 8660.837891 0.000000 0.234446 0.000000 -0.972129 1.023827 1.023827 1.023827
4052.718994 0.000000 8670.502930 0.000000 0.997720 0.000000 0.067491 0.787724 0.787724 0.787724
4073.742676 0.000000 8689.975586 0.000000 0.302190 0.000000 -0.953248 1.340163 1.340163 1.340163
4073.869141 0.000000 8699.583008 0.000000 0.309622 0.000000 0.950860 0.514027 0.514027 0.514027
4045.326416 0.000000 8671.178711 0.000000 0.112296 0.000000 -0.993675 1.248525 1.248525 1.248525
4069.052490 0.000000 8643.283203 0.000000 0.503829 0.000000 0.863803 0.500097 0.500097 0.500097
4048.964111 0.000000 8669.211914 0.000000 0.047055 0.000000 -0.998892 1.159102 1.159102 1.159102
4068.797852 0.000000 8647.419922 0.000000 0.884308 0.000000 0.466905 0.676780 0.676780 0.676780
4084.730469 0.000000 8668.807617 0.000000 0.620177 0.000000 -0.784462 1.221473 1.221473 1.221473
4080.871338 0.000000 8669.666992 0.000000 0.153490 0.000000 -0.988150 1.419657 1.419657 1.419657
4049.102295 0.000000 8626.814453 0.000000 0.678383 0.000000 0.734709 0.488491 0.488491 0.488491
4087.221436 0.000000 8667.176758 0.000000 0.881058 0.000000 -0.473008 0.955479 0.955479 0.955479
4090.781494 0.000000 8670.355469 0.000000 0.414537 0.000000 -0.910033 1.021506 1.021506 1.021506
4044.635010 0.000000 8689.141602 0.000000 0.482243 0.000000 -0.876038 0.996164 0.996164 0.996164
4072.479492 0.000000 8644.060547 0.000000 0.616978 0.000000 0.786981 0.441759 0.441759 0.441759
4046.166260 0.000000 8717.336914 0.000000 0.328659 0.000000 0.944449 0.565501 0.565501 0.565501
4044.573242 0.000000 8683.455078 0.000000 0.380136 0.000000 -0.924931 1.125465 1.125465 1.125465
4094.089355 0.000000 8671.130859 0.000000 0.999046 0.000000 -0.043665 0.811515 0.811515 0.811515
4081.443115 0.000000 8663.392578 0.000000 0.903119 0.000000 -0.429391 0.955122 0.955122 0.955122
4046.213135 0.000000 8680.715820 0.000000 0.099923 0.000000 -0.994995 1.243540 1.243540 1.243540
4047.805908 0.000000 8683.229492 0.000000 0.189049 0.000000 0.981968 0.358817 0.358817 0.358817
4051.650391 0.000000 8671.874023 0.000000 0.215381 0.000000 -0.976530 1.173109 1.173109 1.173109
4076.479980 0.000000 8681.602539 0.000000 0.992164 0.000000 0.124942 0.764223 0.764223 0.764223
4047.306152 0.000000 8678.012695 0.000000 0.975732 0.000000 0.218967 0.737392 0.737392 0.737392
4090.364014 0.000000 8664.978516 0.000000 0.761845 0.000000 -0.647759 1.060357 1.060357 1.060357
4124.624023 0.000000 8664.111328 0.000000 0.787593 0.000000 0.616195 0.581215 0.581215 0.581215
4083.262695 0.000000 8671.586914 0.000000 0.942458 0.000000 0.334325 0.642046 0.642046 0.642046
4048.988281 0.000000 8624.650391 0.000000 0.073306 0.000000 0.997310 0.285597 0.285597 0.285597
4077.787842 0.000000 8680.686523 0.000000 0.154112 0.000000 0.988053 0.395564 0.395564 0.395564
4029.854980 0.000000 8721.172852 0.000000 0.986633 0.000000 -0.162959 0.845770 0.845770 0.845770
4047.580322 0.000000 8719.181641 0.000000 0.336207 0.000000 0.941788 0.763214 0.763214 0.763214
4116.477539 0.000000 8737.837891 0.000000 0.796559 0.000000 0.604561 0.663853 0.663853 0.663853
4031.452148 0.000000 8722.853516 0.000000 0.545312 0.000000 -0.838233 0.855589 0.855589 0.855589
4090.603271 0.000000 8725.913086 0.000000 0.475513 0.000000 -0.879709 0.995425 0.995425 0.995425
4118.259277 0.000000 8731.782227 0.000000 0.203227 0.000000 -0.979132 1.012824 1.012824 1.012824
4074.722168 0.000000 8725.398438 0.000000 0.529200 0.000000 0.848497 0.666450 0.666450 0.666450
4120.630371 0.000000 8744.642578 0.000000 0.859792 0.000000 -0.510645 0.838534 0.838534 0.838534
4120.875000 0.000000 8729.812500 0.000000 0.999883 0.000000 -0.015330 0.805266 0.805266 0.805266
4124.628906 0.000000 8731.521484 0.000000 0.541871 0.000000 -0.840461 1.202690 1.202690 1.202690
4118.068848 0.000000 8735.021484 0.000000 0.535964 0.000000 -0.844241 1.048932 1.048932 1.048932
4081.612549 0.000000 8732.027344 0.000000 0.424516 0.000000 -0.905421 0.985452 0.985452 0.985452
4123.253418 0.000000 8747.525391 0.000000 0.972378 0.000000 0.233413 0.723305 0.723305 0.723305
4119.873047 0.000000 8739.756836 0.000000 0.848611 0.000000 -0.529018 1.057183 1.057183 1.057183
4083.642822 0.000000 8739.518555 0.000000 0.663371 0.000000 0.748291 0.539951 0.539951 0.539951
4031.241699 0.000000 8720.361328 0.000000 0.440955 0.000000 -0.897529 0.993592 0.993592 0.993592
4076.836670 0.000000 8724.231445 0.000000 0.355446 0.000000 0.934697 0.544383 0.544383 0.544383
4081.056641 0.000000 8735.575195 0.000000 0.196591 0.000000 0.980486 0.388694 0.388694 0.388694
4122.583984 0.000000 8743.503906 0.000000 0.501337 0.000000 -0.865252 1.200976 1.200976 1.200976
4118.547852 0.000000 8737.910156 0.000000 0.979441 0.000000 0.201729 0.740770 0.740770 0.740770
4121.318359 0.000000 8746.515625 0.000000 0.874331 0.000000 -0.485331 0.962945 0.962945 0.962945
4119.300293 0.000000 8733.532227 0.000000 0.016352 0.000000 0.999866 0.411926 0.411926 0.411926
4082.464111 0.000000 8742.581055 0.000000 0.538732 0.000000 -0.842478 1.096143 1.096143 1.096143
4119.133789 0.000000 8736.365234 0.000000 0.877372 0.000000 0.479810 0.654074 0.654074 0.654074
4122.195801 0.000000 8745.152344 0.000000 0.794824 0.000000 0.606840 0.497853 0.497853 0.497853
4082.864990 0.000000 8740.931641 0.000000 0.428779 0.000000 -0.903409 1.128821 1.128821 1.128821
4120.041992 0.000000 8728.118164 0.000000 0.524619 0.000000 -0.851337 1.149890 1.149890 1.149890
4200.383789 0.000000 8678.249023 0.000000 0.424767 0.000000 -0.905303 0.824872 0.824872 0.824872
4192.239746 0.000000 8668.656250 0.000000 0.834188 0.000000 0.551480 0.663501 0.663501 0.663501
4202.123535 0.000000 8634.985352 0.000000 0.995258 0.000000 -0.097271 0.815567 0.815567 0.815567
4203.054199 0.000000 8668.562500 0.000000 0.974333 0.000000 -0.225113 0.814512 0.814512 0.814512
4214.642578 0.000000 8654.792969 0.000000 0.996978 0.000000 -0.077690 0.813979 0.813979 0.813979
4142.020020 0.000000 8646.889648 0.000000 0.947524 0.000000 0.319685 0.782453 0.782453 0.782453
4162.311035 0.000000 8706.021484 0.000000 0.542163 0.000000 0.840273 0.758151 0.758151 0.758151
4192.505859 0.000000 8649.262695 0.000000 0.986084 0.000000 0.166248 0.759303 0.759303 0.759303
4199.896973 0.000000 8650.527344 0.000000 0.748573 0.000000 0.663052 0.750776 0.750776 0.750776
4127.464844 0.000000 8654.379883 0.000000 0.109685 0.000000 0.993966 0.169767 0.169767 0.169767
4152.426758 0.000000 8668.167969 0.000000 0.951952 0.000000 -0.306248 0.880813 0.880813 0.880813
4169.439453 0.000000 8688.879883 0.000000 0.032799 0.000000 -0.999462 0.836861 0.836861 0.836861
4166.294922 0.000000 8652.944336 0.000000 0.305664 0.000000 0.952139 0.520631 0.520631 0.520631
4200.245605 0.000000 8629.092773 0.000000 0.994943 0.000000 -0.100444 0.806832 0.806832 0.806832
4172.184570 0.000000 8649.298828 0.000000 0.761275 0.000000 0.648429 0.718273 0.718273 0.718273
4217.464355 0.000000 8634.380859 0.000000 0.158901 0.000000 -0.987294 1.132588 1.132588 1.132588
4136.911133 0.000000 8682.345703 0.000000 0.823412 0.000000 -0.567444 0.886769 0.886769 0.886769
4143.568359 0.000000 8651.536133 0.000000 0.999948 0.000000 0.010182 0.796543 0.796543 0.796543
4164.780273 0.000000 8642.338867 0.000000 0.791068 0.000000 -0.611728 0.944613 0.944613 0.944613
4137.906738 0.000000 8644.083008 0.000000 0.358464 0.000000 -0.933543 1.066958 1.066958 1.066958
4124.690918 0.000000 8665.780273 0.000000 0.885507 0.000000 0.464625 0.640760 0.640760 0.640760
4171.422852 0.000000 8717.161133 0.000000 0.970172 0.000000 0.242417 0.756476 0.756476 0.756476
4149.183594 0.000000 8696.079102 0.000000 0.999800 0.000000 -0.020005 0.802118 0.802118 0.802118
4129.137695 0.000000 8676.988281 0.000000 0.709407 0.000000 0.704800 0.700024 0.700024 0.700024
4163.987793 0.000000 8660.423828 0.000000 0.307992 0.000000 0.951389 0.548804 0.548804 0.548804
4195.859375 0.000000 8651.971680 0.000000 0.327383 0.000000 0.944892 0.229173 0.229173 0.229173
4212.001465 0.000000 8638.040039 0.000000 0.802608 0.000000 -0.596507 0.911057 0.911057 0.911057
4201.489258 0.000000 8646.113281 0.000000 0.269924 0.000000 -0.962882 1.053955 1.053955 1.053955
4154.884277 0.000000 8699.176758 0.000000 0.902301 0.000000 0.431107 0.782196 0.782196 0.782196
4128.505859 0.000000 8658.447266 0.000000 0.906787 0.000000 0.421589 0.673098 0.673098 0.673098
4125.264160 0.000000 8670.350586 0.000000 0.810538 0.000000 -0.585686 0.878733 0.878733 0.878733
4162.010254 0.000000 8645.434570 0.000000 0.200659 0.000000 -0.979661 1.357685 1.357685 1.357685
4165.992676 0.000000 8667.260742 0.000000 0.783331 0.000000 0.621605 0.584304 0.584304 0.584304
4218.318359 0.000000 8656.038086 0.000000 0.561974 0.000000 0.827155 0.531540 0.531540 0.531540
4203.653809 0.000000 8638.454102 0.000000 0.461690 0.000000 0.887042 0.636591 0.636591 0.636591
4203.923340 0.000000 8628.815430 0.000000 0.898227 0.000000 -0.439533 0.993596 0.993596 0.993596
4154.693848 0.000000 8670.833008 0.000000 0.990794 0.000000 -0.135375 0.822239 0.822239 0.822239
4140.845703 0.000000 8653.468750 0.000000 0.125405 0.000000 0.992106 0.612401 0.612401 0.612401
4187.578125 0.000000 8632.693359 0.000000 0.877364 0.000000 -0.479825 0.875964 0.875964 0.875964
4197.946289 0.000000 8654.317383 0.000000 0.904485 0.000000 0.426505 0.744558 0.744558 0.744558
4211.811035 0.000000 8641.279297 0.000000 0.999151 0.000000 -0.041208 0.806998 0.806998 0.806998
4200.574707 0.000000 8643.159180 0.000000 0.472412 0.000000 0.881378 0.330305 0.330305 0.330305
4190.708008 0.000000 8633.699219 0.000000 0.452774 0.000000 -0.891626 1.138616 1.138616 1.138616
4217.339355 0.000000 8627.430664 0.000000 0.479799 0.000000 -0.877378 1.116392 1.116392 1.116392
4154.248535 0.000000 8659.439453 0.000000 0.559465 0.000000 0.828854 0.651693 0.651693 0.651693
4144.291504 0.000000 8625.323242 0.000000 0.999586 0.000000 0.028781 0.795516 0.795516 0.795516
4201.420410 0.000000 8653.166016 0.000000 0.535924 0.000000 0.844266 0.360333 0.360333 0.360333
4175.902344 0.000000 8672.767578 0.000000 0.401358 0.000000 -0.915921 1.135298 1.135298 1.135298
4186.624512 0.000000 8629.994141 0.000000 0.282277 0.000000 -0.959333 1.110451 1.110451 1.110451
4209.508301 0.000000 8639.632812 0.000000 0.729245 0.000000 -0.684253 0.950508 0.950508 0.950508
4134.592773 0.000000 8689.985352 0.000000 0.758585 0.000000 0.651574 0.733384 0.733384 0.733384
4210.510742 0.000000 8635.797852 0.000000 0.457006 0.000000 0.889464 0.530714 0.530714 0.530714
4193.150879 0.000000 8651.878906 0.000000 0.459942 0.000000 0.887949 0.524978 0.524978 0.524978
4164.717285 0.000000 8645.214844 0.000000 0.874456 0.000000 -0.485105 0.949712 0.949712 0.949712
4167.397461 0.000000 8655.564453 0.000000 0.990431 0.000000 -0.138010 0.838990 0.838990 0.838990
4172.214355 0.000000 8677.147461 0.000000 0.715648 0.000000 0.698461 0.715060 0.715060 0.715060
4203.519531 0.000000 8671.147461 0.000000 0.987072 0.000000 -0.160280 0.825077 0.825077 0.825077
4144.532227 0.000000 8646.775391 0.000000 0.671703 0.000000 0.740821 0.483407 0.483407 0.483407
4212.229980 0.000000 8625.271484 0.000000 0.781840 0.000000 -0.623480 0.930418 0.930418 0.930418
4205.966797 0.000000 8639.507812 0.000000 0.842810 0.000000 -0.538212 1.020201 1.020201 1.020201
4143.280273 0.000000 8654.204102 0.000000 0.782803 0.000000 -0.622270 0.875120 0.875120 0.875120
4212.490234 0.000000 8652.453125 0.000000 0.323098 0.000000 -0.946365 1.028175 1.028175 1.028175
4146.495605 0.000000 8626.764648 0.000000 0.177121 0.000000 -0.984189 0.991932 0.991932 0.991932
4168.855957 0.000000 8661.174805 0.000000 0.999004 0.000000 -0.044631 0.811592 0.811592 0.811592
4197.500000 0.000000 8650.248047 0.000000 0.326075 0.000000 0.945344 0.609512 0.609512 0.609512
4164.513184 0.000000 8662.692383 0.000000 0.398656 0.000000 0.917101 0.403573 0.403573 0.403573
4205.273926 0.000000 8636.748047 0.000000 0.378600 0.000000 -0.925561 0.972409 0.972409 0.972409
4129.240234 0.000000 8656.289062 0.000000 0.667307 0.000000 0.744782 0.660718 0.660718 0.660718
4146.564453 0.000000 8629.646484 0.000000 0.376815 0.000000 -0.926289 1.157207 1.157207 1.157207
4126.988770 0.000000 8656.518555 0.000000 0.998010 0.000000 -0.063059 0.819786 0.819786 0.819786
4130.901855 0.000000 8658.248047 0.000000 0.376237 0.000000 0.926524 0.523078 0.523078 0.523078
4155.073730 0.000000 8705.300781 0.000000 0.817924 0.000000 -0.575326 0.922431 0.922431 0.922431
4166.395508 0.000000 8660.847656 0.000000 0.714838 0.000000 -0.699290 1.103147 1.103147 1.103147
4210.188477 0.000000 8624.607422 0.000000 0.985852 0.000000 0.167620 0.772418 0.772418 0.772418
4167.270996 0.000000 8676.997070 0.000000 0.916107 0.000000 -0.400933 0.874154 0.874154 0.874154
4162.358398 0.000000 8662.362305 0.000000 0.718278 0.000000 0.695756 0.610971 0.610971 0.610971
4217.567871 0.000000 8684.905273 0.000000 0.237947 0.000000 -0.971278 1.031195 1.031195 1.031195
4180.575684 0.000000 8660.812500 0.000000 0.180065 0.000000 -0.983655 1.024828 1.024828 1.024828
4198.453613 0.000000 8652.208008 0.000000 0.994051 0.000000 0.108913 0.771665 0.771665 0.771665
4196.599121 0.000000 8634.715820 0.000000 0.966716 0.000000 0.255852 0.698201 0.698201 0.698201
4154.315430 0.000000 8661.630859 0.000000 0.940205 0.000000 -0.340609 0.856228 0.856228 0.856228
4195.455566 0.000000 8671.785156 0.000000 0.008126 0.000000 0.999967 0.500382 0.500382 0.500382
4142.844727 0.000000 8626.814453 0.000000 0.977414 0.000000 0.211332 0.749391 0.749391 0.749391
4169.491211 0.000000 8716.700195 0.000000 0.661460 0.000000 -0.749980 0.976147 0.976147 0.976147
4212.671875 0.000000 8635.515625 0.000000 0.079550 0.000000 0.996831 0.460484 0.460484 0.460484
4171.415039 0.000000 8664.127930 0.000000 0.656685 0.000000 0.754165 0.586700 0.586700 0.586700
4166.861328 0.000000 8642.056641 0.000000 0.340033 0.000000 0.940414 0.455352 0.455352 0.455352
4204.229980 0.000000 8640.308594 0.000000 0.683798 0.000000 -0.729672 0.963342 0.963342 0.963342
4205.248535 0.000000 8652.528320 0.000000 0.811266 0.000000 0.584678 0.560530 0.560530 0.560530
4203.328125 0.000000 8636.452148 0.000000 0.999363 0.000000 0.035675 0.785105 0.785105 0.785105
4156.588867 0.000000 8671.076172 0.000000 0.959042 0.000000 0.283265 0.691016 0.691016 0.691016
4137.260254 0.000000 8645.811523 0.000000 0.949164 0.000000 -0.314782 0.870992 0.870992 0.870992
4189.447754 0.000000 8632.310547 0.000000 0.621971 0.000000 0.783040 0.395766 0.395766 0.395766
4174.745605 0.000000 8665.059570 0.000000 0.526507 0.000000 -0.850171 1.009071 1.009071 1.009071
4147.829102 0.000000 8628.217773 0.000000 0.449724 0.000000 0.893167 0.466950 0.466950 0.466950
4186.956543 0.000000 8628.111328 0.000000 0.674699 0.000000 -0.738093 1.000640 1.000640 1.000640
4208.869629 0.000000 8650.359375 0.000000 0.129379 0.000000 0.991595 0.471894 0.471894 0.471894
4188.826660 0.000000 8633.972656 0.000000 0.294609 0.000000 0.955618 0.228502 0.228502 0.228502
4212.973145 0.000000 8654.132812 0.000000 0.256923 0.000000 0.966432 0.491041 0.491041 0.491041
4144.638672 0.000000 8645.089844 0.000000 0.696891 0.000000 0.717177 0.392694 0.392694 0.392694
4186.194824 0.000000 8631.638672 0.000000 0.539857 0.000000 -0.841757 1.081760 1.081760 1.081760
4211.220703 0.000000 8639.664062 0.000000 0.866069 0.000000 -0.499925 0.981931 0.981931 0.981931
4171.444336 0.000000 8654.062500 0.000000 0.440399 0.000000 0.897802 0.368073 0.368073 0.368073
4208.667480 0.000000 8652.449219 0.000000 0.190828 0.000000 0.981624 0.439255 0.439255 0.439255
4218.936523 0.000000 8629.111328 0.000000 0.676416 0.000000 -0.736520 1.036456 1.036456 1.036456
4232.564941 0.000000 8639.295898 0.000000 0.636010 0.000000 -0.771681 1.101050 1.101050 1.101050
4221.207031 0.000000 8654.379883 0.000000 0.637221 0.000000 0.770681 0.740249 0.740249 0.740249
4224.434570 0.000000 8626.119141 0.000000 0.595693 0.000000 0.803213 0.710587 0.710587 0.710587
4218.422852 0.000000 8634.338867 0.000000 0.818202 0.000000 -0.574931 0.941908 0.941908 0.941908
4235.901855 0.000000 8642.499023 0.000000 0.014129 0.000000 -0.999900 0.905707 0.905707 0.905707
4226.903320 0.000000 8669.235352 0.000000 0.244078 0.000000 -0.969756 0.982491 0.982491 0.982491
4225.725586 0.000000 8656.341797 0.000000 0.933462 0.000000 0.358675 0.757504 0.757504 0.757504
4222.688477 0.000000 8629.253906 0.000000 0.638261 0.000000 0.769820 0.352554 0.352554 0.352554
4218.551758 0.000000 8656.905273 0.000000 0.986219 0.000000 0.165447 0.754189 0.754189 0.754189
4248.828613 0.000000 8665.999023 0.000000 0.994727 0.000000 0.102562 0.788509 0.788509 0.788509
4242.593262 0.000000 8686.841797 0.000000 0.253468 0.000000 -0.967344 1.054667 1.054667 1.054667
4242.496582 0.000000 8642.642578 0.000000 0.744760 0.000000 -0.667333 1.081631 1.081631 1.081631
4226.162598 0.000000 8633.466797 0.000000 0.655181 0.000000 -0.755472 1.159181 1.159181 1.159181
4220.240723 0.000000 8631.861328 0.000000 0.891724 0.000000 0.452580 0.739029 0.739029 0.739029
4232.750977 0.000000 8646.771484 0.000000 0.977761 0.000000 0.209722 0.748938 0.748938 0.748938
4226.884766 0.000000 8625.163086 0.000000 0.907276 0.000000 -0.420535 0.844210 0.844210 0.844210
4233.291992 0.000000 8641.872070 0.000000 0.843745 0.000000 -0.536744 0.973132 0.973132 0.973132
4238.304199 0.000000 8685.367188 0.000000 0.347525 0.000000 0.937671 0.639727 0.639727 0.639727
4222.739746 0.000000 8624.338867 0.000000 0.253642 0.000000 -0.967298 1.025757 1.025757 1.025757
4218.726074 0.000000 8626.619141 0.000000 0.956907 0.000000 0.290396 0.725265 0.725265 0.725265
4230.420898 0.000000 8647.538086 0.000000 0.287702 0.000000 -0.957720 1.029897 1.029897 1.029897
4222.982422 0.000000 8656.289062 0.000000 0.523450 0.000000 0.852056 0.380381 0.380381 0.380381
4228.098145 0.000000 8671.273438 0.000000 0.939158 0.000000 -0.343485 0.871429 0.871429 0.871429
4220.730957 0.000000 8656.518555 0.000000 0.990589 0.000000 -0.136874 0.843328 0.843328 0.843328
4241.966797 0.000000 8651.614258 0.000000 0.449998 0.000000 -0.893029 0.980811 0.980811 0.980811
4220.771973 0.000000 8629.879883 0.000000 0.985928 0.000000 0.167170 0.714459 0.714459 0.714459
4223.543457 0.000000 8637.665039 0.000000 0.860929 0.000000 0.508724 0.578286 0.578286 0.578286
4224.690430 0.000000 8624.308594 0.000000 0.183728 0.000000 -0.982977 1.162635 1.162635 1.162635
4227.479980 0.000000 8629.420898 0.000000 0.271079 0.000000 -0.962557 1.418768 1.418768 1.418768
4222.262695 0.000000 8631.008789 0.000000 0.929430 0.000000 0.368998 0.622618 0.622618 0.622618
4229.703125 0.000000 8635.553711 0.000000 0.891816 0.000000 0.452398 0.651858 0.651858 0.651858
4227.739746 0.000000 8634.311523 0.000000 0.381050 0.000000 -0.924555 1.280720 1.280720 1.280720
4220.478516 0.000000 8628.185547 0.000000 0.792567 0.000000 -0.609785 1.133991 1.133991 1.133991
4243.947266 0.000000 8643.465820 0.000000 0.515550 0.000000 0.856860 0.403298 0.403298 0.403298
4223.993652 0.000000 8630.265625 0.000000 0.414213 0.000000 0.910180 0.263195 0.263195 0.263195
4218.654297 0.000000 8632.723633 0.000000 0.937598 0.000000 -0.347721 0.911360 0.911360 0.911360
4233.772461 0.000000 8638.202148 0.000000 0.649801 0.000000 -0.760105 1.094900 1.094900 1.094900
4138.822754 0.000000 8733.038086 0.000000 0.088928 0.000000 -0.996038 0.924295 0.924295 0.924295
4129.257324 0.000000 8737.191406 0.000000 0.999584 0.000000 0.028847 0.787669 0.787669 0.787669
4143.020020 0.000000 8731.214844 0.000000 0.792358 0.000000 0.610056 0.713510 0.713510 0.713510
4130.095703 0.000000 8734.204102 0.000000 0.938216 0.000000 -0.346051 0.855048 0.855048 0.855048
4144.291504 0.000000 8719.065430 0.000000 0.999998 0.000000 0.002066 0.799724 0.799724 0.799724
4140.185547 0.000000 8730.245117 0.000000 0.553409 0.000000 -0.832910 0.908128 0.908128 0.908128
4125.493652 0.000000 8730.782227 0.000000 0.377637 0.000000 -0.925954 1.277495 1.277495 1.277495
4143.553223 0.000000 8733.891602 0.000000 0.387089 0.000000 0.922042 0.528165 0.528165 0.528165
4139.549805 0.000000 8735.614258 0.000000 0.999997 0.000000 -0.002607 0.801312 0.801312 0.801312
4141.298828 0.000000 8732.976562 0.000000 0.599384 0.000000 -0.800462 1.129935 1.129935 1.129935
4131.399414 0.000000 8736.097656 0.000000 0.412080 0.000000 -0.911147 1.202856 1.202856 1.202856
4141.235352 0.000000 8734.754883 0.000000 0.898639 0.000000 -0.438690 0.912471 0.912471 0.912471
4138.045410 0.000000 8734.694336 0.000000 0.707560 0.000000 -0.706653 1.194971 1.194971 1.194971
"}
