object={
	name="tree_cypress_01_generator_1_0"
	render_pass=Map
	clamp_to_water_level=no
	generated_content=yes
	layer="tree_high_layer"
	pdxmesh="tree_cypress_01_a_mesh"
	count=2566
	transform="2973.897705 0.000000 5998.883301 0.000000 0.872941 0.000000 0.487826 1.000000 1.000000 1.000000
3280.896484 0.000000 5281.318848 0.000000 0.998677 0.000000 0.051418 1.000000 1.000000 1.000000
3280.020508 0.000000 5326.206543 0.000000 0.319600 0.000000 0.947553 1.000000 1.000000 1.000000
3280.382568 0.000000 5304.901855 0.000000 0.071817 0.000000 0.997418 1.000000 1.000000 1.000000
3280.675537 0.000000 5280.011230 0.000000 0.989654 0.000000 0.143475 1.000000 1.000000 1.000000
3289.122314 0.000000 5335.351562 0.000000 0.228176 0.000000 0.973620 1.000000 1.000000 1.000000
3292.939209 0.000000 5292.527832 0.000000 0.735945 0.000000 0.677041 1.000000 1.000000 1.000000
3293.862793 0.000000 5279.348145 0.000000 0.328651 0.000000 0.944451 1.000000 1.000000 1.000000
3338.038818 0.000000 5326.316406 0.000000 0.133017 0.000000 0.991114 1.000000 1.000000 1.000000
3296.154541 0.000000 5339.954590 0.000000 0.969422 0.000000 0.245402 1.000000 1.000000 1.000000
3304.954834 0.000000 5340.609863 0.000000 0.846210 0.000000 0.532850 1.000000 1.000000 1.000000
3289.569092 0.000000 5298.566406 0.000000 0.745822 0.000000 0.666145 1.000000 1.000000 1.000000
3281.461670 0.000000 5306.445312 0.000000 0.267217 0.000000 0.963636 1.000000 1.000000 1.000000
3333.680908 0.000000 5304.202148 0.000000 0.921810 0.000000 0.387642 1.000000 1.000000 1.000000
3298.863037 0.000000 5315.623047 0.000000 0.905819 0.000000 0.423666 1.000000 1.000000 1.000000
3372.249023 0.000000 5308.372070 0.000000 0.853533 0.000000 0.521039 1.000000 1.000000 1.000000
3288.922607 0.000000 5277.999512 0.000000 0.216195 0.000000 0.976350 1.000000 1.000000 1.000000
3296.844238 0.000000 5319.637207 0.000000 0.707959 0.000000 0.706253 1.000000 1.000000 1.000000
3300.587158 0.000000 5341.779785 0.000000 0.636535 0.000000 0.771248 1.000000 1.000000 1.000000
3289.575684 0.000000 5331.126953 0.000000 0.999745 0.000000 0.022599 1.000000 1.000000 1.000000
3329.079102 0.000000 5304.960938 0.000000 0.577412 0.000000 0.816453 1.000000 1.000000 1.000000
3281.584473 0.000000 5295.632324 0.000000 0.578082 0.000000 0.815979 1.000000 1.000000 1.000000
3352.107422 0.000000 5334.969238 0.000000 0.901181 0.000000 0.433444 1.000000 1.000000 1.000000
3286.975586 0.000000 5274.372559 0.000000 0.108391 0.000000 0.994108 1.000000 1.000000 1.000000
3372.070557 0.000000 5289.117188 0.000000 0.807075 0.000000 0.590448 1.000000 1.000000 1.000000
3283.137939 0.000000 5320.896973 0.000000 0.833683 0.000000 0.552243 1.000000 1.000000 1.000000
3283.753906 0.000000 5327.647461 0.000000 0.988280 0.000000 0.152651 1.000000 1.000000 1.000000
3286.079834 0.000000 5332.198730 0.000000 0.888950 0.000000 0.458004 1.000000 1.000000 1.000000
3288.696289 0.000000 5301.763184 0.000000 0.531337 0.000000 0.847161 1.000000 1.000000 1.000000
3334.346191 0.000000 5301.066895 0.000000 0.823384 0.000000 0.567485 1.000000 1.000000 1.000000
3290.958252 0.000000 5280.268066 0.000000 0.199395 0.000000 0.979919 1.000000 1.000000 1.000000
3298.901123 0.000000 5339.272461 0.000000 0.272868 0.000000 0.962052 1.000000 1.000000 1.000000
3299.531250 0.000000 5319.884277 0.000000 0.523130 0.000000 0.852253 1.000000 1.000000 1.000000
3286.463867 0.000000 5279.451172 0.000000 0.131274 0.000000 0.991346 1.000000 1.000000 1.000000
3328.534424 0.000000 5302.429199 0.000000 0.142438 0.000000 0.989804 1.000000 1.000000 1.000000
3287.684570 0.000000 5287.618652 0.000000 0.644476 0.000000 0.764625 1.000000 1.000000 1.000000
3331.209473 0.000000 5303.467773 0.000000 0.972721 0.000000 0.231977 1.000000 1.000000 1.000000
3336.083496 0.000000 5305.096191 0.000000 0.856439 0.000000 0.516248 1.000000 1.000000 1.000000
3284.485840 0.000000 5299.204102 0.000000 0.456929 0.000000 0.889503 1.000000 1.000000 1.000000
3290.560303 0.000000 5292.351562 0.000000 0.663726 0.000000 0.747976 1.000000 1.000000 1.000000
3287.458252 0.000000 5307.359375 0.000000 0.701027 0.000000 0.713134 1.000000 1.000000 1.000000
3283.891113 0.000000 5285.991699 0.000000 0.616492 0.000000 0.787361 1.000000 1.000000 1.000000
3371.934814 0.000000 5319.261230 0.000000 0.701508 0.000000 0.712661 1.000000 1.000000 1.000000
3288.176270 0.000000 5333.197754 0.000000 0.922249 0.000000 0.386597 1.000000 1.000000 1.000000
3282.503662 0.000000 5284.061523 0.000000 0.982145 0.000000 0.188125 1.000000 1.000000 1.000000
3283.705078 0.000000 5329.979004 0.000000 0.855923 0.000000 0.517103 1.000000 1.000000 1.000000
3286.843262 0.000000 5316.833008 0.000000 0.936558 0.000000 0.350512 1.000000 1.000000 1.000000
3371.450928 0.000000 5291.293945 0.000000 0.468390 0.000000 0.883522 1.000000 1.000000 1.000000
3286.804932 0.000000 5304.022949 0.000000 0.928864 0.000000 0.370421 1.000000 1.000000 1.000000
3295.571289 0.000000 5280.697754 0.000000 0.970109 0.000000 0.242668 1.000000 1.000000 1.000000
3296.582520 0.000000 5333.320312 0.000000 0.062866 0.000000 0.998022 1.000000 1.000000 1.000000
3330.192383 0.000000 5306.886230 0.000000 0.203406 0.000000 0.979095 1.000000 1.000000 1.000000
3336.895996 0.000000 5286.093750 0.000000 0.919346 0.000000 0.393451 1.000000 1.000000 1.000000
3288.520752 0.000000 5272.922363 0.000000 0.042705 0.000000 0.999088 1.000000 1.000000 1.000000
3286.021729 0.000000 5314.560059 0.000000 0.173536 0.000000 0.984828 1.000000 1.000000 1.000000
3281.760254 0.000000 5326.818848 0.000000 0.999833 0.000000 0.018290 1.000000 1.000000 1.000000
3334.792969 0.000000 5294.088867 0.000000 0.674333 0.000000 0.738427 1.000000 1.000000 1.000000
3339.305908 0.000000 5327.879883 0.000000 0.912759 0.000000 0.408498 1.000000 1.000000 1.000000
3293.425781 0.000000 5281.348633 0.000000 0.894127 0.000000 0.447814 1.000000 1.000000 1.000000
3333.936768 0.000000 5288.044922 0.000000 0.000682 0.000000 1.000000 1.000000 1.000000 1.000000
3340.077881 0.000000 5311.336914 0.000000 0.034184 0.000000 0.999416 1.000000 1.000000 1.000000
3285.112061 0.000000 5320.752441 0.000000 0.723694 0.000000 0.690121 1.000000 1.000000 1.000000
3371.727539 0.000000 5310.273926 0.000000 0.996484 0.000000 0.083784 1.000000 1.000000 1.000000
3296.239990 0.000000 5335.515137 0.000000 0.954886 0.000000 0.296974 1.000000 1.000000 1.000000
3303.952393 0.000000 5322.732910 0.000000 0.998075 0.000000 0.062016 1.000000 1.000000 1.000000
3373.769287 0.000000 5290.876953 0.000000 0.999081 0.000000 0.042857 1.000000 1.000000 1.000000
3342.204834 0.000000 5311.671875 0.000000 0.892137 0.000000 0.451765 1.000000 1.000000 1.000000
3323.169189 0.000000 5282.688965 0.000000 0.341577 0.000000 0.939854 1.000000 1.000000 1.000000
3371.840088 0.000000 5299.239258 0.000000 0.980365 0.000000 0.197193 1.000000 1.000000 1.000000
3343.502197 0.000000 5310.132324 0.000000 0.160687 0.000000 0.987005 1.000000 1.000000 1.000000
3349.970947 0.000000 5321.157715 0.000000 0.196289 0.000000 0.980546 1.000000 1.000000 1.000000
3284.138184 0.000000 5303.532715 0.000000 0.880647 0.000000 0.473774 1.000000 1.000000 1.000000
3353.649658 0.000000 5336.002930 0.000000 0.761200 0.000000 0.648518 1.000000 1.000000 1.000000
3331.505615 0.000000 5288.673828 0.000000 0.943666 0.000000 0.330900 1.000000 1.000000 1.000000
3284.117188 0.000000 5314.390625 0.000000 0.708888 0.000000 0.705321 1.000000 1.000000 1.000000
3281.914551 0.000000 5280.639160 0.000000 0.779165 0.000000 0.626818 1.000000 1.000000 1.000000
3296.161133 0.000000 5309.534180 0.000000 0.974181 0.000000 0.225771 1.000000 1.000000 1.000000
3359.496338 0.000000 5342.644531 0.000000 0.339939 0.000000 0.940448 1.000000 1.000000 1.000000
3284.328857 0.000000 5331.553223 0.000000 0.681541 0.000000 0.731780 1.000000 1.000000 1.000000
3293.147461 0.000000 5305.971680 0.000000 0.645353 0.000000 0.763884 1.000000 1.000000 1.000000
3287.338135 0.000000 5278.044434 0.000000 0.675623 0.000000 0.737247 1.000000 1.000000 1.000000
3353.826416 0.000000 5334.318359 0.000000 0.987525 0.000000 0.157464 1.000000 1.000000 1.000000
3299.391357 0.000000 5340.774414 0.000000 0.873437 0.000000 0.486938 1.000000 1.000000 1.000000
3292.109863 0.000000 5329.227051 0.000000 0.063510 0.000000 0.997981 1.000000 1.000000 1.000000
3282.577393 0.000000 5319.389648 0.000000 0.989775 0.000000 0.142638 1.000000 1.000000 1.000000
3297.582031 0.000000 5306.915527 0.000000 0.344310 0.000000 0.938856 1.000000 1.000000 1.000000
3282.497559 0.000000 5328.587891 0.000000 0.369122 0.000000 0.929381 1.000000 1.000000 1.000000
3290.522705 0.000000 5329.966797 0.000000 0.066674 0.000000 0.997775 1.000000 1.000000 1.000000
3370.537598 0.000000 5296.568848 0.000000 0.259931 0.000000 0.965627 1.000000 1.000000 1.000000
3281.118164 0.000000 5294.191406 0.000000 0.996619 0.000000 0.082162 1.000000 1.000000 1.000000
3343.834961 0.000000 5316.327637 0.000000 0.104961 0.000000 0.994476 1.000000 1.000000 1.000000
3338.770020 0.000000 5315.695801 0.000000 0.462516 0.000000 0.886611 1.000000 1.000000 1.000000
3291.670166 0.000000 5301.962402 0.000000 0.086818 0.000000 0.996224 1.000000 1.000000 1.000000
3291.301270 0.000000 5283.745117 0.000000 0.942719 0.000000 0.333589 1.000000 1.000000 1.000000
3327.835938 0.000000 5293.660645 0.000000 0.742536 0.000000 0.669806 1.000000 1.000000 1.000000
3348.406738 0.000000 5321.155762 0.000000 0.436780 0.000000 0.899568 1.000000 1.000000 1.000000
3288.308105 0.000000 5334.471191 0.000000 0.556853 0.000000 0.830611 1.000000 1.000000 1.000000
3281.696289 0.000000 5305.273926 0.000000 0.966528 0.000000 0.256561 1.000000 1.000000 1.000000
3301.543945 0.000000 5338.319336 0.000000 0.901938 0.000000 0.431865 1.000000 1.000000 1.000000
3374.155273 0.000000 5322.334473 0.000000 0.019796 0.000000 0.999804 1.000000 1.000000 1.000000
3286.322266 0.000000 5307.083984 0.000000 0.630923 0.000000 0.775845 1.000000 1.000000 1.000000
3334.505615 0.000000 5307.128906 0.000000 0.380880 0.000000 0.924624 1.000000 1.000000 1.000000
3333.436035 0.000000 5306.809082 0.000000 0.024429 0.000000 0.999702 1.000000 1.000000 1.000000
3305.060303 0.000000 5409.759277 0.000000 0.873707 0.000000 0.486453 1.000000 1.000000 1.000000
3303.803955 0.000000 5391.579590 0.000000 0.917633 0.000000 0.397428 1.000000 1.000000 1.000000
3296.154541 0.000000 5433.696777 0.000000 0.764466 0.000000 0.644664 1.000000 1.000000 1.000000
3300.956787 0.000000 5416.426270 0.000000 0.999781 0.000000 0.020912 1.000000 1.000000 1.000000
3324.362793 0.000000 5377.964355 0.000000 0.750275 0.000000 0.661126 1.000000 1.000000 1.000000
3303.011719 0.000000 5403.015137 0.000000 0.798320 0.000000 0.602234 1.000000 1.000000 1.000000
3342.436279 0.000000 5424.209473 0.000000 0.658566 0.000000 0.752523 1.000000 1.000000 1.000000
3310.174072 0.000000 5393.297363 0.000000 0.498490 0.000000 0.866895 1.000000 1.000000 1.000000
3372.834473 0.000000 5379.148438 0.000000 0.999803 0.000000 0.019845 1.000000 1.000000 1.000000
3304.790039 0.000000 5354.226562 0.000000 0.371994 0.000000 0.928235 1.000000 1.000000 1.000000
3310.088379 0.000000 5350.794434 0.000000 0.647187 0.000000 0.762331 1.000000 1.000000 1.000000
3371.719482 0.000000 5391.200195 0.000000 0.467742 0.000000 0.883865 1.000000 1.000000 1.000000
3340.921143 0.000000 5429.069336 0.000000 0.852317 0.000000 0.523026 1.000000 1.000000 1.000000
3300.429199 0.000000 5394.743652 0.000000 0.829636 0.000000 0.558305 1.000000 1.000000 1.000000
3313.439209 0.000000 5396.474121 0.000000 0.903027 0.000000 0.429584 1.000000 1.000000 1.000000
3335.093262 0.000000 5435.284668 0.000000 0.963009 0.000000 0.269471 1.000000 1.000000 1.000000
3315.239014 0.000000 5412.741211 0.000000 0.392361 0.000000 0.919812 1.000000 1.000000 1.000000
3315.742188 0.000000 5346.827637 0.000000 0.202012 0.000000 0.979383 1.000000 1.000000 1.000000
3321.738770 0.000000 5394.567383 0.000000 0.370179 0.000000 0.928960 1.000000 1.000000 1.000000
3325.519531 0.000000 5391.555176 0.000000 0.290955 0.000000 0.956737 1.000000 1.000000 1.000000
3320.926514 0.000000 5400.308105 0.000000 0.018109 0.000000 0.999836 1.000000 1.000000 1.000000
3346.497803 0.000000 5424.017578 0.000000 0.775420 0.000000 0.631446 1.000000 1.000000 1.000000
3338.135742 0.000000 5368.974609 0.000000 0.509357 0.000000 0.860555 1.000000 1.000000 1.000000
3374.638672 0.000000 5375.061035 0.000000 0.435864 0.000000 0.900013 1.000000 1.000000 1.000000
3300.164307 0.000000 5390.137695 0.000000 0.738929 0.000000 0.673784 1.000000 1.000000 1.000000
3311.290283 0.000000 5347.307129 0.000000 0.457524 0.000000 0.889197 1.000000 1.000000 1.000000
3311.013916 0.000000 5389.856934 0.000000 0.994586 0.000000 0.103913 1.000000 1.000000 1.000000
3332.343262 0.000000 5352.273926 0.000000 0.887676 0.000000 0.460469 1.000000 1.000000 1.000000
3334.012695 0.000000 5374.671387 0.000000 0.731133 0.000000 0.682235 1.000000 1.000000 1.000000
3323.643311 0.000000 5398.171875 0.000000 0.932803 0.000000 0.360387 1.000000 1.000000 1.000000
3364.844727 0.000000 5380.708008 0.000000 0.996741 0.000000 0.080668 1.000000 1.000000 1.000000
3316.168213 0.000000 5367.100586 0.000000 0.978075 0.000000 0.208251 1.000000 1.000000 1.000000
3314.265137 0.000000 5432.007812 0.000000 0.820313 0.000000 0.571915 1.000000 1.000000 1.000000
3341.409424 0.000000 5421.273438 0.000000 0.949113 0.000000 0.314937 1.000000 1.000000 1.000000
3332.222412 0.000000 5391.791016 0.000000 0.867238 0.000000 0.497894 1.000000 1.000000 1.000000
3369.888184 0.000000 5393.515137 0.000000 0.121992 0.000000 0.992531 1.000000 1.000000 1.000000
3365.218506 0.000000 5383.994141 0.000000 0.994176 0.000000 0.107770 1.000000 1.000000 1.000000
3335.771729 0.000000 5370.406250 0.000000 0.764447 0.000000 0.644686 1.000000 1.000000 1.000000
3312.658691 0.000000 5387.413574 0.000000 0.962673 0.000000 0.270666 1.000000 1.000000 1.000000
3315.376953 0.000000 5398.359375 0.000000 0.999845 0.000000 0.017582 1.000000 1.000000 1.000000
3297.979248 0.000000 5435.434570 0.000000 0.037338 0.000000 0.999303 1.000000 1.000000 1.000000
3298.985352 0.000000 5396.677246 0.000000 0.988130 0.000000 0.153618 1.000000 1.000000 1.000000
3355.735596 0.000000 5410.811523 0.000000 0.992969 0.000000 0.118371 1.000000 1.000000 1.000000
3337.916504 0.000000 5436.085938 0.000000 0.628745 0.000000 0.777612 1.000000 1.000000 1.000000
3336.708740 0.000000 5367.001953 0.000000 0.678778 0.000000 0.734343 1.000000 1.000000 1.000000
3313.567627 0.000000 5352.767578 0.000000 0.960244 0.000000 0.279163 1.000000 1.000000 1.000000
3316.281250 0.000000 5355.938477 0.000000 0.196439 0.000000 0.980516 1.000000 1.000000 1.000000
3307.760010 0.000000 5350.493164 0.000000 0.264024 0.000000 0.964516 1.000000 1.000000 1.000000
3341.696533 0.000000 5431.175293 0.000000 0.175656 0.000000 0.984452 1.000000 1.000000 1.000000
3318.540283 0.000000 5356.473633 0.000000 0.272320 0.000000 0.962207 1.000000 1.000000 1.000000
3307.530273 0.000000 5360.647461 0.000000 0.770161 0.000000 0.637850 1.000000 1.000000 1.000000
3367.042969 0.000000 5391.857910 0.000000 0.411640 0.000000 0.911347 1.000000 1.000000 1.000000
3365.867188 0.000000 5399.743652 0.000000 0.958609 0.000000 0.284726 1.000000 1.000000 1.000000
3340.425049 0.000000 5423.319824 0.000000 0.998908 0.000000 0.046711 1.000000 1.000000 1.000000
3352.306885 0.000000 5430.840820 0.000000 0.550760 0.000000 0.834664 1.000000 1.000000 1.000000
3359.655273 0.000000 5343.306152 0.000000 0.989930 0.000000 0.141560 1.000000 1.000000 1.000000
3331.296631 0.000000 5350.229492 0.000000 0.561857 0.000000 0.827234 1.000000 1.000000 1.000000
3296.582520 0.000000 5427.062500 0.000000 0.197276 0.000000 0.980348 1.000000 1.000000 1.000000
3323.591309 0.000000 5396.020996 0.000000 0.744518 0.000000 0.667602 1.000000 1.000000 1.000000
3336.895996 0.000000 5379.835938 0.000000 0.895462 0.000000 0.445138 1.000000 1.000000 1.000000
3342.007324 0.000000 5433.316406 0.000000 0.279822 0.000000 0.960052 1.000000 1.000000 1.000000
3310.188965 0.000000 5416.354980 0.000000 0.989547 0.000000 0.144209 1.000000 1.000000 1.000000
3326.724609 0.000000 5378.652344 0.000000 0.396609 0.000000 0.917988 1.000000 1.000000 1.000000
3346.569580 0.000000 5421.893066 0.000000 0.971215 0.000000 0.238203 1.000000 1.000000 1.000000
3311.935547 0.000000 5351.558594 0.000000 0.215481 0.000000 0.976508 1.000000 1.000000 1.000000
3299.082031 0.000000 5400.106934 0.000000 0.797049 0.000000 0.603915 1.000000 1.000000 1.000000
3301.574951 0.000000 5401.650391 0.000000 0.626932 0.000000 0.779074 1.000000 1.000000 1.000000
3296.228760 0.000000 5436.360840 0.000000 0.611882 0.000000 0.790949 1.000000 1.000000 1.000000
3373.769287 0.000000 5384.619141 0.000000 0.673295 0.000000 0.739374 1.000000 1.000000 1.000000
3300.281006 0.000000 5360.949707 0.000000 0.591272 0.000000 0.806472 1.000000 1.000000 1.000000
3344.245850 0.000000 5436.324219 0.000000 0.809285 0.000000 0.587417 1.000000 1.000000 1.000000
3323.993652 0.000000 5390.534180 0.000000 0.929539 0.000000 0.368725 1.000000 1.000000 1.000000
3310.030518 0.000000 5348.892578 0.000000 0.642279 0.000000 0.766471 1.000000 1.000000 1.000000
3300.290283 0.000000 5397.974121 0.000000 0.584551 0.000000 0.811357 1.000000 1.000000 1.000000
3343.064209 0.000000 5422.525879 0.000000 0.576581 0.000000 0.817040 1.000000 1.000000 1.000000
3311.091309 0.000000 5395.895996 0.000000 0.708080 0.000000 0.706133 1.000000 1.000000 1.000000
3314.178955 0.000000 5433.769531 0.000000 0.987888 0.000000 0.155167 1.000000 1.000000 1.000000
3362.644531 0.000000 5392.199707 0.000000 0.993260 0.000000 0.115909 1.000000 1.000000 1.000000
3334.775146 0.000000 5431.147461 0.000000 0.178916 0.000000 0.983864 1.000000 1.000000 1.000000
3317.651855 0.000000 5345.120605 0.000000 0.373057 0.000000 0.927808 1.000000 1.000000 1.000000
3311.911865 0.000000 5416.426270 0.000000 0.473200 0.000000 0.880955 1.000000 1.000000 1.000000
3348.993652 0.000000 5421.424805 0.000000 0.383116 0.000000 0.923700 1.000000 1.000000 1.000000
3333.888672 0.000000 5436.465820 0.000000 0.933843 0.000000 0.357682 1.000000 1.000000 1.000000
3331.395996 0.000000 5390.319824 0.000000 0.885413 0.000000 0.464806 1.000000 1.000000 1.000000
3306.870850 0.000000 5406.255371 0.000000 0.353647 0.000000 0.935379 1.000000 1.000000 1.000000
3313.575195 0.000000 5398.330078 0.000000 0.745654 0.000000 0.666333 1.000000 1.000000 1.000000
3328.397705 0.000000 5391.612305 0.000000 0.827686 0.000000 0.561191 1.000000 1.000000 1.000000
3341.206055 0.000000 5375.042969 0.000000 0.779025 0.000000 0.626993 1.000000 1.000000 1.000000
3330.365234 0.000000 5351.608887 0.000000 0.804264 0.000000 0.594272 1.000000 1.000000 1.000000
3336.253174 0.000000 5436.453125 0.000000 0.260484 0.000000 0.965478 1.000000 1.000000 1.000000
3300.527100 0.000000 5396.318848 0.000000 0.764708 0.000000 0.644377 1.000000 1.000000 1.000000
3322.041504 0.000000 5396.087402 0.000000 0.082527 0.000000 0.996589 1.000000 1.000000 1.000000
3366.427246 0.000000 5380.718750 0.000000 0.198220 0.000000 0.980158 1.000000 1.000000 1.000000
3332.155273 0.000000 5436.556641 0.000000 0.538570 0.000000 0.842581 1.000000 1.000000 1.000000
3343.171143 0.000000 5430.412109 0.000000 0.644907 0.000000 0.764261 1.000000 1.000000 1.000000
3309.887207 0.000000 5376.380371 0.000000 0.989198 0.000000 0.146585 1.000000 1.000000 1.000000
3297.405273 0.000000 5432.738770 0.000000 0.894547 0.000000 0.446973 1.000000 1.000000 1.000000
3338.175781 0.000000 5374.180664 0.000000 0.274634 0.000000 0.961549 1.000000 1.000000 1.000000
3331.015869 0.000000 5362.373535 0.000000 0.992780 0.000000 0.119947 1.000000 1.000000 1.000000
3295.035889 0.000000 5351.613770 0.000000 0.699459 0.000000 0.714673 1.000000 1.000000 1.000000
3311.592041 0.000000 5348.885742 0.000000 0.821901 0.000000 0.569631 1.000000 1.000000 1.000000
3364.092041 0.000000 5390.452637 0.000000 0.368005 0.000000 0.929824 1.000000 1.000000 1.000000
3306.397705 0.000000 5409.014648 0.000000 0.992242 0.000000 0.124325 1.000000 1.000000 1.000000
3303.421143 0.000000 5396.008301 0.000000 0.864244 0.000000 0.503073 1.000000 1.000000 1.000000
3297.612793 0.000000 5437.035645 0.000000 0.729034 0.000000 0.684477 1.000000 1.000000 1.000000
3295.468506 0.000000 5432.341309 0.000000 0.285533 0.000000 0.958369 1.000000 1.000000 1.000000
3351.804443 0.000000 5401.788086 0.000000 0.618663 0.000000 0.785657 1.000000 1.000000 1.000000
3321.921875 0.000000 5370.659180 0.000000 0.998105 0.000000 0.061537 1.000000 1.000000 1.000000
3301.958252 0.000000 5361.001465 0.000000 0.709174 0.000000 0.705034 1.000000 1.000000 1.000000
3334.138428 0.000000 5378.099609 0.000000 0.894010 0.000000 0.448047 1.000000 1.000000 1.000000
3314.564941 0.000000 5428.995605 0.000000 0.445192 0.000000 0.895435 1.000000 1.000000 1.000000
3345.662598 0.000000 5436.520996 0.000000 0.939114 0.000000 0.343606 1.000000 1.000000 1.000000
3335.833496 0.000000 5434.061523 0.000000 0.755849 0.000000 0.654746 1.000000 1.000000 1.000000
3301.286865 0.000000 5359.019043 0.000000 0.999759 0.000000 0.021975 1.000000 1.000000 1.000000
3295.041260 0.000000 5350.163086 0.000000 0.834074 0.000000 0.551653 1.000000 1.000000 1.000000
3300.377197 0.000000 5400.752930 0.000000 0.995499 0.000000 0.094777 1.000000 1.000000 1.000000
3365.457275 0.000000 5401.058105 0.000000 0.963540 0.000000 0.267563 1.000000 1.000000 1.000000
3335.790771 0.000000 5378.965820 0.000000 0.544544 0.000000 0.838732 1.000000 1.000000 1.000000
3322.047607 0.000000 5401.250000 0.000000 0.985230 0.000000 0.171234 1.000000 1.000000 1.000000
3334.062988 0.000000 5434.271484 0.000000 0.966043 0.000000 0.258383 1.000000 1.000000 1.000000
3323.646729 0.000000 5401.551270 0.000000 0.215741 0.000000 0.976451 1.000000 1.000000 1.000000
3339.194336 0.000000 5369.956055 0.000000 0.949562 0.000000 0.313579 1.000000 1.000000 1.000000
3320.921631 0.000000 5374.264648 0.000000 0.389415 0.000000 0.921062 1.000000 1.000000 1.000000
3363.285400 0.000000 5393.381836 0.000000 0.555735 0.000000 0.831360 1.000000 1.000000 1.000000
3366.481201 0.000000 5383.559082 0.000000 0.885371 0.000000 0.464885 1.000000 1.000000 1.000000
3370.175537 0.000000 5384.807129 0.000000 0.011271 0.000000 0.999936 1.000000 1.000000 1.000000
3310.854492 0.000000 5352.269043 0.000000 0.485186 0.000000 0.874411 1.000000 1.000000 1.000000
3304.781006 0.000000 5369.388672 0.000000 0.964025 0.000000 0.265810 1.000000 1.000000 1.000000
3305.188965 0.000000 5408.568359 0.000000 0.024871 0.000000 0.999691 1.000000 1.000000 1.000000
3335.976562 0.000000 5372.909180 0.000000 0.666598 0.000000 0.745417 1.000000 1.000000 1.000000
3320.177002 0.000000 5375.352051 0.000000 0.530454 0.000000 0.847714 1.000000 1.000000 1.000000
3362.137695 0.000000 5393.252441 0.000000 0.820187 0.000000 0.572096 1.000000 1.000000 1.000000
3339.036865 0.000000 5420.471191 0.000000 0.605371 0.000000 0.795943 1.000000 1.000000 1.000000
3310.967773 0.000000 5417.103516 0.000000 0.193715 0.000000 0.981058 1.000000 1.000000 1.000000
3350.884521 0.000000 5430.987793 0.000000 0.994397 0.000000 0.105713 1.000000 1.000000 1.000000
3329.915283 0.000000 5362.366211 0.000000 0.518915 0.000000 0.854826 1.000000 1.000000 1.000000
3297.642822 0.000000 5438.205078 0.000000 0.708360 0.000000 0.705851 1.000000 1.000000 1.000000
3332.969971 0.000000 5437.875977 0.000000 0.375812 0.000000 0.926696 1.000000 1.000000 1.000000
3333.009277 0.000000 5453.379395 0.000000 0.075542 0.000000 0.997143 1.000000 1.000000 1.000000
3303.803955 0.000000 5485.321777 0.000000 0.233258 0.000000 0.972415 1.000000 1.000000 1.000000
3341.670654 0.000000 5440.086426 0.000000 0.858898 0.000000 0.512146 1.000000 1.000000 1.000000
3343.390137 0.000000 5507.129883 0.000000 0.166529 0.000000 0.986037 1.000000 1.000000 1.000000
3293.757568 0.000000 5517.179199 0.000000 0.179448 0.000000 0.983768 1.000000 1.000000 1.000000
3308.746826 0.000000 5480.934082 0.000000 0.772403 0.000000 0.635133 1.000000 1.000000 1.000000
3291.719971 0.000000 5505.502441 0.000000 0.798788 0.000000 0.601613 1.000000 1.000000 1.000000
3337.699219 0.000000 5508.914062 0.000000 0.988019 0.000000 0.154329 1.000000 1.000000 1.000000
3345.872070 0.000000 5437.151367 0.000000 0.895940 0.000000 0.444176 1.000000 1.000000 1.000000
3335.967285 0.000000 5471.236328 0.000000 0.217388 0.000000 0.976085 1.000000 1.000000 1.000000
3288.198730 0.000000 5502.511230 0.000000 0.990853 0.000000 0.134943 1.000000 1.000000 1.000000
3315.742188 0.000000 5440.569824 0.000000 0.422787 0.000000 0.906229 1.000000 1.000000 1.000000
3302.118408 0.000000 5500.841309 0.000000 0.578234 0.000000 0.815871 1.000000 1.000000 1.000000
3338.905762 0.000000 5478.481445 0.000000 0.571887 0.000000 0.820332 1.000000 1.000000 1.000000
3335.985840 0.000000 5475.536133 0.000000 0.600172 0.000000 0.799871 1.000000 1.000000 1.000000
3341.973633 0.000000 5457.472168 0.000000 0.839559 0.000000 0.543269 1.000000 1.000000 1.000000
3306.764404 0.000000 5488.002441 0.000000 0.654316 0.000000 0.756221 1.000000 1.000000 1.000000
3341.895996 0.000000 5476.853027 0.000000 0.581529 0.000000 0.813526 1.000000 1.000000 1.000000
3329.185059 0.000000 5515.457031 0.000000 0.945934 0.000000 0.324359 1.000000 1.000000 1.000000
3338.362793 0.000000 5497.772949 0.000000 0.222330 0.000000 0.974972 1.000000 1.000000 1.000000
3311.332764 0.000000 5447.281738 0.000000 0.981018 0.000000 0.193918 1.000000 1.000000 1.000000
3342.944580 0.000000 5442.759277 0.000000 0.125279 0.000000 0.992122 1.000000 1.000000 1.000000
3335.773438 0.000000 5437.434570 0.000000 0.870358 0.000000 0.492419 1.000000 1.000000 1.000000
3332.553955 0.000000 5456.317383 0.000000 0.397033 0.000000 0.917804 1.000000 1.000000 1.000000
3335.771729 0.000000 5464.148438 0.000000 0.636886 0.000000 0.770958 1.000000 1.000000 1.000000
3303.797607 0.000000 5469.171387 0.000000 0.953210 0.000000 0.302309 1.000000 1.000000 1.000000
3337.259521 0.000000 5506.273438 0.000000 0.332713 0.000000 0.943028 1.000000 1.000000 1.000000
3314.427002 0.000000 5451.604004 0.000000 0.612075 0.000000 0.790800 1.000000 1.000000 1.000000
3300.852539 0.000000 5459.541016 0.000000 0.629493 0.000000 0.777006 1.000000 1.000000 1.000000
3334.577148 0.000000 5439.910156 0.000000 0.977039 0.000000 0.213059 1.000000 1.000000 1.000000
3300.882080 0.000000 5498.132812 0.000000 0.549606 0.000000 0.835424 1.000000 1.000000 1.000000
3296.169678 0.000000 5516.099121 0.000000 0.305823 0.000000 0.952088 1.000000 1.000000 1.000000
3289.753418 0.000000 5500.481445 0.000000 0.983863 0.000000 0.178921 1.000000 1.000000 1.000000
3315.951416 0.000000 5447.342773 0.000000 0.899449 0.000000 0.437026 1.000000 1.000000 1.000000
3306.235840 0.000000 5437.320801 0.000000 0.799801 0.000000 0.600266 1.000000 1.000000 1.000000
3288.970947 0.000000 5528.233398 0.000000 0.999928 0.000000 0.011961 1.000000 1.000000 1.000000
3294.923584 0.000000 5464.692871 0.000000 0.744820 0.000000 0.667265 1.000000 1.000000 1.000000
3306.651611 0.000000 5464.842773 0.000000 0.902326 0.000000 0.431053 1.000000 1.000000 1.000000
3298.079102 0.000000 5473.603516 0.000000 0.665944 0.000000 0.746002 1.000000 1.000000 1.000000
3304.545166 0.000000 5464.380371 0.000000 0.681394 0.000000 0.731917 1.000000 1.000000 1.000000
3304.938477 0.000000 5450.779785 0.000000 0.743664 0.000000 0.668553 1.000000 1.000000 1.000000
3303.145508 0.000000 5498.957031 0.000000 0.021009 0.000000 0.999779 1.000000 1.000000 1.000000
3340.781982 0.000000 5459.258789 0.000000 0.958154 0.000000 0.286252 1.000000 1.000000 1.000000
3337.833008 0.000000 5519.900879 0.000000 0.941702 0.000000 0.336449 1.000000 1.000000 1.000000
3343.037842 0.000000 5459.315430 0.000000 0.589719 0.000000 0.807609 1.000000 1.000000 1.000000
3322.156738 0.000000 5515.356445 0.000000 0.244473 0.000000 0.969656 1.000000 1.000000 1.000000
3330.641357 0.000000 5503.327148 0.000000 0.890728 0.000000 0.454538 1.000000 1.000000 1.000000
3313.209229 0.000000 5441.632812 0.000000 0.761479 0.000000 0.648190 1.000000 1.000000 1.000000
3296.613037 0.000000 5475.071777 0.000000 0.905164 0.000000 0.425063 1.000000 1.000000 1.000000
3287.363281 0.000000 5518.279785 0.000000 0.999848 0.000000 0.017423 1.000000 1.000000 1.000000
3327.333740 0.000000 5515.326660 0.000000 0.787155 0.000000 0.616756 1.000000 1.000000 1.000000
3290.225342 0.000000 5506.626465 0.000000 0.641026 0.000000 0.767519 1.000000 1.000000 1.000000
3293.472656 0.000000 5504.894043 0.000000 0.903944 0.000000 0.427650 1.000000 1.000000 1.000000
3290.058350 0.000000 5442.186035 0.000000 0.515433 0.000000 0.856930 1.000000 1.000000 1.000000
3298.031494 0.000000 5501.416504 0.000000 0.125024 0.000000 0.992154 1.000000 1.000000 1.000000
3336.246582 0.000000 5518.962891 0.000000 0.936841 0.000000 0.349755 1.000000 1.000000 1.000000
3304.424316 0.000000 5482.415527 0.000000 0.797532 0.000000 0.603276 1.000000 1.000000 1.000000
3327.045410 0.000000 5528.201660 0.000000 0.491666 0.000000 0.870784 1.000000 1.000000 1.000000
3341.982666 0.000000 5502.611816 0.000000 0.849829 0.000000 0.527058 1.000000 1.000000 1.000000
3338.277344 0.000000 5453.602051 0.000000 0.445034 0.000000 0.895514 1.000000 1.000000 1.000000
3344.836182 0.000000 5438.566895 0.000000 0.549235 0.000000 0.835668 1.000000 1.000000 1.000000
3317.651855 0.000000 5438.862793 0.000000 0.055095 0.000000 0.998481 1.000000 1.000000 1.000000
3334.836914 0.000000 5453.070801 0.000000 0.351591 0.000000 0.936154 1.000000 1.000000 1.000000
3329.162109 0.000000 5528.970215 0.000000 0.912305 0.000000 0.409512 1.000000 1.000000 1.000000
3293.164062 0.000000 5491.740234 0.000000 0.684590 0.000000 0.728929 1.000000 1.000000 1.000000
3297.368652 0.000000 5490.778320 0.000000 0.798593 0.000000 0.601871 1.000000 1.000000 1.000000
3339.261475 0.000000 5448.301270 0.000000 0.095806 0.000000 0.995400 1.000000 1.000000 1.000000
3293.227051 0.000000 5519.061523 0.000000 0.745241 0.000000 0.666795 1.000000 1.000000 1.000000
3339.118164 0.000000 5501.153320 0.000000 0.973565 0.000000 0.228408 1.000000 1.000000 1.000000
3337.448486 0.000000 5464.152344 0.000000 0.997813 0.000000 0.066101 1.000000 1.000000 1.000000
3296.156250 0.000000 5491.875977 0.000000 0.538770 0.000000 0.842453 1.000000 1.000000 1.000000
3337.639160 0.000000 5474.995117 0.000000 0.710645 0.000000 0.703551 1.000000 1.000000 1.000000
3336.983887 0.000000 5498.533203 0.000000 0.792644 0.000000 0.609684 1.000000 1.000000 1.000000
3341.344971 0.000000 5441.627441 0.000000 0.140537 0.000000 0.990075 1.000000 1.000000 1.000000
3334.646484 0.000000 5512.970703 0.000000 0.940591 0.000000 0.339541 1.000000 1.000000 1.000000
3306.220215 0.000000 5459.354004 0.000000 0.242491 0.000000 0.970154 1.000000 1.000000 1.000000
3297.097168 0.000000 5455.906738 0.000000 0.592741 0.000000 0.805393 1.000000 1.000000 1.000000
3288.084473 0.000000 5529.567383 0.000000 0.878610 0.000000 0.477539 1.000000 1.000000 1.000000
3325.675781 0.000000 5514.746094 0.000000 0.093089 0.000000 0.995658 1.000000 1.000000 1.000000
3282.497559 0.000000 5516.072266 0.000000 0.394359 0.000000 0.918956 1.000000 1.000000 1.000000
3294.904053 0.000000 5523.855957 0.000000 0.917615 0.000000 0.397470 1.000000 1.000000 1.000000
3303.555176 0.000000 5466.558594 0.000000 0.793045 0.000000 0.609163 1.000000 1.000000 1.000000
3343.421631 0.000000 5505.478516 0.000000 0.591515 0.000000 0.806294 1.000000 1.000000 1.000000
3304.278076 0.000000 5477.676270 0.000000 0.347939 0.000000 0.937517 1.000000 1.000000 1.000000
3347.803955 0.000000 5518.514160 0.000000 0.896252 0.000000 0.443544 1.000000 1.000000 1.000000
3304.178955 0.000000 5449.466797 0.000000 0.987942 0.000000 0.154827 1.000000 1.000000 1.000000
3336.398438 0.000000 5465.465820 0.000000 0.816169 0.000000 0.577814 1.000000 1.000000 1.000000
3334.489014 0.000000 5464.834961 0.000000 0.275125 0.000000 0.961409 1.000000 1.000000 1.000000
3288.251953 0.000000 5503.954102 0.000000 0.837660 0.000000 0.546192 1.000000 1.000000 1.000000
3297.189453 0.000000 5476.456055 0.000000 0.055602 0.000000 0.998453 1.000000 1.000000 1.000000
3337.356201 0.000000 5437.657715 0.000000 0.193718 0.000000 0.981057 1.000000 1.000000 1.000000
3339.151367 0.000000 5499.786133 0.000000 0.589439 0.000000 0.807813 1.000000 1.000000 1.000000
3301.800781 0.000000 5478.309570 0.000000 0.990083 0.000000 0.140484 1.000000 1.000000 1.000000
3335.845947 0.000000 5455.645508 0.000000 0.982407 0.000000 0.186755 1.000000 1.000000 1.000000
3332.759033 0.000000 5457.641113 0.000000 0.091059 0.000000 0.995845 1.000000 1.000000 1.000000
3341.814941 0.000000 5473.134277 0.000000 0.678562 0.000000 0.734544 1.000000 1.000000 1.000000
3297.747803 0.000000 5485.176270 0.000000 0.873770 0.000000 0.486339 1.000000 1.000000 1.000000
3337.686035 0.000000 5440.044922 0.000000 0.924603 0.000000 0.380931 1.000000 1.000000 1.000000
3330.092285 0.000000 5512.254395 0.000000 0.995646 0.000000 0.093211 1.000000 1.000000 1.000000
3340.656738 0.000000 5473.664551 0.000000 0.832231 0.000000 0.554428 1.000000 1.000000 1.000000
3305.515625 0.000000 5477.470703 0.000000 0.216109 0.000000 0.976369 1.000000 1.000000 1.000000
3313.182129 0.000000 5438.640625 0.000000 0.967724 0.000000 0.252011 1.000000 1.000000 1.000000
3302.132568 0.000000 5499.621582 0.000000 0.248060 0.000000 0.968745 1.000000 1.000000 1.000000
3332.268555 0.000000 5454.353027 0.000000 0.436525 0.000000 0.899692 1.000000 1.000000 1.000000
3296.791016 0.000000 5437.395996 0.000000 0.789872 0.000000 0.613272 1.000000 1.000000 1.000000
3310.665039 0.000000 5492.343750 0.000000 0.390905 0.000000 0.920431 1.000000 1.000000 1.000000
3298.490723 0.000000 5442.278320 0.000000 0.746000 0.000000 0.665945 1.000000 1.000000 1.000000
3341.733398 0.000000 5445.310059 0.000000 0.493602 0.000000 0.869688 1.000000 1.000000 1.000000
3338.312500 0.000000 5498.917480 0.000000 0.214551 0.000000 0.976713 1.000000 1.000000 1.000000
3311.354004 0.000000 5495.384766 0.000000 0.816781 0.000000 0.576948 1.000000 1.000000 1.000000
3330.824463 0.000000 5513.978027 0.000000 0.890988 0.000000 0.454028 1.000000 1.000000 1.000000
3217.947510 0.000000 5617.296387 0.000000 0.550353 0.000000 0.834932 1.000000 1.000000 1.000000
3272.797852 0.000000 5550.603516 0.000000 0.827786 0.000000 0.561045 1.000000 1.000000 1.000000
3274.634521 0.000000 5540.131836 0.000000 0.999907 0.000000 0.013669 1.000000 1.000000 1.000000
3224.453613 0.000000 5584.604492 0.000000 0.893219 0.000000 0.449622 1.000000 1.000000 1.000000
3230.620605 0.000000 5565.448730 0.000000 0.516033 0.000000 0.856569 1.000000 1.000000 1.000000
3278.436035 0.000000 5546.462402 0.000000 0.999607 0.000000 0.028039 1.000000 1.000000 1.000000
3243.442627 0.000000 5560.503906 0.000000 0.383884 0.000000 0.923381 1.000000 1.000000 1.000000
3241.608154 0.000000 5573.264160 0.000000 0.959893 0.000000 0.280366 1.000000 1.000000 1.000000
3220.621338 0.000000 5590.329102 0.000000 0.999978 0.000000 0.006688 1.000000 1.000000 1.000000
3219.309082 0.000000 5622.664062 0.000000 0.589809 0.000000 0.807543 1.000000 1.000000 1.000000
3231.307129 0.000000 5588.972168 0.000000 0.968136 0.000000 0.250424 1.000000 1.000000 1.000000
3242.225098 0.000000 5564.978516 0.000000 0.280284 0.000000 0.959917 1.000000 1.000000 1.000000
3235.336914 0.000000 5586.187500 0.000000 0.262209 0.000000 0.965011 1.000000 1.000000 1.000000
3258.437500 0.000000 5558.479980 0.000000 0.658097 0.000000 0.752933 1.000000 1.000000 1.000000
3221.769287 0.000000 5615.373535 0.000000 0.957324 0.000000 0.289018 1.000000 1.000000 1.000000
3256.173584 0.000000 5551.655273 0.000000 0.855912 0.000000 0.517121 1.000000 1.000000 1.000000
3259.168701 0.000000 5554.435547 0.000000 0.774961 0.000000 0.632009 1.000000 1.000000 1.000000
3276.825928 0.000000 5550.142578 0.000000 0.233116 0.000000 0.972449 1.000000 1.000000 1.000000
3242.243652 0.000000 5569.278320 0.000000 0.998192 0.000000 0.060106 1.000000 1.000000 1.000000
3248.153809 0.000000 5570.595215 0.000000 0.909092 0.000000 0.416595 1.000000 1.000000 1.000000
3229.312012 0.000000 5603.986816 0.000000 0.985339 0.000000 0.170609 1.000000 1.000000 1.000000
3259.710449 0.000000 5547.558105 0.000000 0.465637 0.000000 0.884976 1.000000 1.000000 1.000000
3228.789062 0.000000 5590.027344 0.000000 0.047487 0.000000 0.998872 1.000000 1.000000 1.000000
3261.886963 0.000000 5554.265625 0.000000 0.573068 0.000000 0.819508 1.000000 1.000000 1.000000
3271.568115 0.000000 5536.439941 0.000000 0.970978 0.000000 0.239167 1.000000 1.000000 1.000000
3234.792236 0.000000 5583.655762 0.000000 0.999950 0.000000 0.010022 1.000000 1.000000 1.000000
3213.042725 0.000000 5619.980957 0.000000 0.094084 0.000000 0.995564 1.000000 1.000000 1.000000
3264.213379 0.000000 5547.166016 0.000000 0.893684 0.000000 0.448697 1.000000 1.000000 1.000000
3243.905518 0.000000 5563.174316 0.000000 0.872491 0.000000 0.488631 1.000000 1.000000 1.000000
3251.926758 0.000000 5560.126465 0.000000 0.443215 0.000000 0.896415 1.000000 1.000000 1.000000
3257.799561 0.000000 5549.761719 0.000000 0.236663 0.000000 0.971592 1.000000 1.000000 1.000000
3239.281982 0.000000 5573.697266 0.000000 0.830403 0.000000 0.557164 1.000000 1.000000 1.000000
3245.072754 0.000000 5558.769531 0.000000 0.928885 0.000000 0.370369 1.000000 1.000000 1.000000
3260.078369 0.000000 5556.755859 0.000000 0.910093 0.000000 0.414405 1.000000 1.000000 1.000000
3223.809814 0.000000 5599.917480 0.000000 0.333819 0.000000 0.942637 1.000000 1.000000 1.000000
3225.919434 0.000000 5594.200684 0.000000 0.242324 0.000000 0.970195 1.000000 1.000000 1.000000
3242.986572 0.000000 5571.458008 0.000000 0.576101 0.000000 0.817378 1.000000 1.000000 1.000000
3231.168701 0.000000 5574.118652 0.000000 0.753361 0.000000 0.657607 1.000000 1.000000 1.000000
3252.876709 0.000000 5570.700684 0.000000 0.787555 0.000000 0.616244 1.000000 1.000000 1.000000
3225.300293 0.000000 5586.616211 0.000000 0.197271 0.000000 0.980349 1.000000 1.000000 1.000000
3217.652100 0.000000 5611.808594 0.000000 0.502690 0.000000 0.864467 1.000000 1.000000 1.000000
3223.041260 0.000000 5606.528809 0.000000 0.856574 0.000000 0.516025 1.000000 1.000000 1.000000
3250.224854 0.000000 5555.093262 0.000000 0.989942 0.000000 0.141477 1.000000 1.000000 1.000000
3229.486816 0.000000 5587.750977 0.000000 0.341383 0.000000 0.939924 1.000000 1.000000 1.000000
3223.547607 0.000000 5610.874512 0.000000 0.032367 0.000000 0.999476 1.000000 1.000000 1.000000
3223.949951 0.000000 5604.601562 0.000000 0.163669 0.000000 0.986515 1.000000 1.000000 1.000000
3220.708496 0.000000 5613.716797 0.000000 0.725307 0.000000 0.688425 1.000000 1.000000 1.000000
3210.569580 0.000000 5614.466797 0.000000 0.603531 0.000000 0.797340 1.000000 1.000000 1.000000
3277.854004 0.000000 5551.719238 0.000000 0.789634 0.000000 0.613578 1.000000 1.000000 1.000000
3216.605713 0.000000 5613.426270 0.000000 0.098588 0.000000 0.995128 1.000000 1.000000 1.000000
3266.605225 0.000000 5555.806152 0.000000 0.829964 0.000000 0.557817 1.000000 1.000000 1.000000
3221.015869 0.000000 5578.684570 0.000000 0.285538 0.000000 0.958367 1.000000 1.000000 1.000000
3228.231445 0.000000 5586.353027 0.000000 0.491109 0.000000 0.871098 1.000000 1.000000 1.000000
3220.073975 0.000000 5594.518066 0.000000 0.372215 0.000000 0.928146 1.000000 1.000000 1.000000
3246.684326 0.000000 5571.486328 0.000000 0.285804 0.000000 0.958288 1.000000 1.000000 1.000000
3231.155762 0.000000 5603.329102 0.000000 0.453341 0.000000 0.891337 1.000000 1.000000 1.000000
3243.896973 0.000000 5568.737305 0.000000 0.232075 0.000000 0.972698 1.000000 1.000000 1.000000
3250.046387 0.000000 5564.993164 0.000000 0.031458 0.000000 0.999505 1.000000 1.000000 1.000000
3274.531738 0.000000 5538.561523 0.000000 0.861331 0.000000 0.508044 1.000000 1.000000 1.000000
3264.657471 0.000000 5548.693359 0.000000 0.538991 0.000000 0.842312 1.000000 1.000000 1.000000
3275.957275 0.000000 5539.412109 0.000000 0.486246 0.000000 0.873822 1.000000 1.000000 1.000000
3240.267090 0.000000 5572.576660 0.000000 0.854575 0.000000 0.519328 1.000000 1.000000 1.000000
3225.424316 0.000000 5592.730957 0.000000 0.945976 0.000000 0.324236 1.000000 1.000000 1.000000
3253.312744 0.000000 5544.965820 0.000000 0.982178 0.000000 0.187953 1.000000 1.000000 1.000000
3242.656250 0.000000 5559.208008 0.000000 0.419983 0.000000 0.907532 1.000000 1.000000 1.000000
3238.246826 0.000000 5572.677246 0.000000 0.689903 0.000000 0.723901 1.000000 1.000000 1.000000
3258.850098 0.000000 5555.905273 0.000000 0.001329 0.000000 0.999999 1.000000 1.000000 1.000000
3224.572510 0.000000 5617.795898 0.000000 0.479901 0.000000 0.877323 1.000000 1.000000 1.000000
3224.011963 0.000000 5589.455566 0.000000 0.835627 0.000000 0.549297 1.000000 1.000000 1.000000
3223.245605 0.000000 5612.268555 0.000000 0.017275 0.000000 0.999851 1.000000 1.000000 1.000000
3278.828125 0.000000 5552.776855 0.000000 0.993009 0.000000 0.118041 1.000000 1.000000 1.000000
3229.904541 0.000000 5589.035645 0.000000 0.530919 0.000000 0.847422 1.000000 1.000000 1.000000
3272.795410 0.000000 5537.077637 0.000000 0.327253 0.000000 0.944937 1.000000 1.000000 1.000000
3228.960938 0.000000 5572.426758 0.000000 0.895112 0.000000 0.445842 1.000000 1.000000 1.000000
3243.538086 0.000000 5564.625977 0.000000 0.895687 0.000000 0.444685 1.000000 1.000000 1.000000
3256.950195 0.000000 5548.791016 0.000000 0.830986 0.000000 0.556293 1.000000 1.000000 1.000000
3250.669678 0.000000 5560.430664 0.000000 0.952829 0.000000 0.303509 1.000000 1.000000 1.000000
3258.831787 0.000000 5557.205566 0.000000 0.505895 0.000000 0.862595 1.000000 1.000000 1.000000
3251.460449 0.000000 5562.799316 0.000000 0.204246 0.000000 0.978920 1.000000 1.000000 1.000000
3231.421631 0.000000 5596.493652 0.000000 0.792343 0.000000 0.610076 1.000000 1.000000 1.000000
3251.396484 0.000000 5554.626953 0.000000 0.433476 0.000000 0.901165 1.000000 1.000000 1.000000
3224.354492 0.000000 5613.659668 0.000000 0.976503 0.000000 0.215503 1.000000 1.000000 1.000000
3228.223389 0.000000 5574.967285 0.000000 0.463135 0.000000 0.886288 1.000000 1.000000 1.000000
3224.176270 0.000000 5587.067871 0.000000 0.962427 0.000000 0.271540 1.000000 1.000000 1.000000
3225.960449 0.000000 5587.864258 0.000000 0.079289 0.000000 0.996852 1.000000 1.000000 1.000000
3240.272217 0.000000 5570.438965 0.000000 0.882614 0.000000 0.470098 1.000000 1.000000 1.000000
3224.484619 0.000000 5592.076660 0.000000 0.470196 0.000000 0.882562 1.000000 1.000000 1.000000
3273.888428 0.000000 5537.669922 0.000000 0.981419 0.000000 0.191879 1.000000 1.000000 1.000000
3224.909180 0.000000 5615.600098 0.000000 0.726400 0.000000 0.687272 1.000000 1.000000 1.000000
3243.409180 0.000000 5562.173828 0.000000 0.970952 0.000000 0.239276 1.000000 1.000000 1.000000
3290.913818 0.000000 5537.661621 0.000000 0.998537 0.000000 0.054080 1.000000 1.000000 1.000000
3334.288086 0.000000 5554.772949 0.000000 0.974911 0.000000 0.222596 1.000000 1.000000 1.000000
3346.074219 0.000000 5549.154297 0.000000 0.472097 0.000000 0.881547 1.000000 1.000000 1.000000
3340.750732 0.000000 5594.535645 0.000000 0.282382 0.000000 0.959302 1.000000 1.000000 1.000000
3287.012695 0.000000 5532.626465 0.000000 0.594612 0.000000 0.804013 1.000000 1.000000 1.000000
3362.398682 0.000000 5594.614746 0.000000 0.016444 0.000000 0.999865 1.000000 1.000000 1.000000
3289.567383 0.000000 5547.372559 0.000000 0.498418 0.000000 0.866937 1.000000 1.000000 1.000000
3351.426025 0.000000 5587.824219 0.000000 0.246562 0.000000 0.969127 1.000000 1.000000 1.000000
3329.422852 0.000000 5543.262695 0.000000 0.674936 0.000000 0.737877 1.000000 1.000000 1.000000
3357.151123 0.000000 5562.572266 0.000000 0.300544 0.000000 0.953768 1.000000 1.000000 1.000000
3328.247559 0.000000 5531.160645 0.000000 0.431882 0.000000 0.901930 1.000000 1.000000 1.000000
3368.225342 0.000000 5587.541992 0.000000 0.863910 0.000000 0.503646 1.000000 1.000000 1.000000
3324.784668 0.000000 5538.164062 0.000000 0.513852 0.000000 0.857879 1.000000 1.000000 1.000000
3337.898926 0.000000 5584.271484 0.000000 0.704280 0.000000 0.709922 1.000000 1.000000 1.000000
3333.669189 0.000000 5542.986816 0.000000 0.290172 0.000000 0.956974 1.000000 1.000000 1.000000
3344.927490 0.000000 5557.760742 0.000000 0.904001 0.000000 0.427530 1.000000 1.000000 1.000000
3345.370117 0.000000 5553.018555 0.000000 0.971038 0.000000 0.238924 1.000000 1.000000 1.000000
3367.913818 0.000000 5623.271484 0.000000 0.670554 0.000000 0.741861 1.000000 1.000000 1.000000
3349.706543 0.000000 5571.328125 0.000000 0.316778 0.000000 0.948500 1.000000 1.000000 1.000000
3359.995361 0.000000 5607.597656 0.000000 0.881424 0.000000 0.472325 1.000000 1.000000 1.000000
3285.266602 0.000000 5535.761719 0.000000 0.903863 0.000000 0.427821 1.000000 1.000000 1.000000
3334.012695 0.000000 5562.155762 0.000000 0.156352 0.000000 0.987701 1.000000 1.000000 1.000000
3320.864990 0.000000 5533.735840 0.000000 0.518689 0.000000 0.854963 1.000000 1.000000 1.000000
3341.580811 0.000000 5591.144531 0.000000 0.518328 0.000000 0.855182 1.000000 1.000000 1.000000
3322.184082 0.000000 5530.881836 0.000000 0.053930 0.000000 0.998545 1.000000 1.000000 1.000000
3350.356689 0.000000 5604.126465 0.000000 0.628505 0.000000 0.777805 1.000000 1.000000 1.000000
3338.362793 0.000000 5591.515137 0.000000 0.293217 0.000000 0.956046 1.000000 1.000000 1.000000
3286.416016 0.000000 5546.970215 0.000000 0.115569 0.000000 0.993299 1.000000 1.000000 1.000000
3367.883057 0.000000 5584.399902 0.000000 0.411932 0.000000 0.911215 1.000000 1.000000 1.000000
3283.927979 0.000000 5533.182617 0.000000 0.992935 0.000000 0.118656 1.000000 1.000000 1.000000
3350.293945 0.000000 5565.657227 0.000000 0.996080 0.000000 0.088454 1.000000 1.000000 1.000000
3364.705566 0.000000 5579.919434 0.000000 0.964539 0.000000 0.263941 1.000000 1.000000 1.000000
3322.964111 0.000000 5535.751953 0.000000 0.185397 0.000000 0.982664 1.000000 1.000000 1.000000
3347.209229 0.000000 5581.137207 0.000000 0.295937 0.000000 0.955207 1.000000 1.000000 1.000000
3331.675049 0.000000 5544.793457 0.000000 0.705318 0.000000 0.708891 1.000000 1.000000 1.000000
3342.254395 0.000000 5588.500000 0.000000 0.716317 0.000000 0.697775 1.000000 1.000000 1.000000
3366.450195 0.000000 5589.601074 0.000000 0.371008 0.000000 0.928630 1.000000 1.000000 1.000000
3347.608887 0.000000 5572.734863 0.000000 0.903384 0.000000 0.428833 1.000000 1.000000 1.000000
3346.090332 0.000000 5555.449707 0.000000 0.471623 0.000000 0.881800 1.000000 1.000000 1.000000
3349.482422 0.000000 5568.623535 0.000000 0.998479 0.000000 0.055128 1.000000 1.000000 1.000000
3337.647705 0.000000 5563.174316 0.000000 0.627910 0.000000 0.778286 1.000000 1.000000 1.000000
3351.541748 0.000000 5549.761719 0.000000 0.978515 0.000000 0.206177 1.000000 1.000000 1.000000
3343.413086 0.000000 5559.579102 0.000000 0.016284 0.000000 0.999867 1.000000 1.000000 1.000000
3350.644775 0.000000 5553.948730 0.000000 0.775695 0.000000 0.631108 1.000000 1.000000 1.000000
3353.820557 0.000000 5556.755859 0.000000 0.287329 0.000000 0.957832 1.000000 1.000000 1.000000
3359.765137 0.000000 5560.833984 0.000000 0.080626 0.000000 0.996744 1.000000 1.000000 1.000000
3345.792969 0.000000 5566.290527 0.000000 0.944276 0.000000 0.329155 1.000000 1.000000 1.000000
3364.854980 0.000000 5576.474609 0.000000 0.846082 0.000000 0.533053 1.000000 1.000000 1.000000
3334.803955 0.000000 5559.982910 0.000000 0.912678 0.000000 0.408680 1.000000 1.000000 1.000000
3344.609619 0.000000 5587.729980 0.000000 0.687344 0.000000 0.726332 1.000000 1.000000 1.000000
3367.750488 0.000000 5621.059570 0.000000 0.105240 0.000000 0.994447 1.000000 1.000000 1.000000
3336.498535 0.000000 5582.619141 0.000000 0.817488 0.000000 0.575945 1.000000 1.000000 1.000000
3336.895996 0.000000 5567.320312 0.000000 0.975817 0.000000 0.218587 1.000000 1.000000 1.000000
3337.742432 0.000000 5597.955566 0.000000 0.927686 0.000000 0.373361 1.000000 1.000000 1.000000
3334.792969 0.000000 5575.315430 0.000000 0.999886 0.000000 0.015097 1.000000 1.000000 1.000000
3349.632568 0.000000 5573.445801 0.000000 0.896106 0.000000 0.443841 1.000000 1.000000 1.000000
3337.030273 0.000000 5532.703613 0.000000 0.993032 0.000000 0.117842 1.000000 1.000000 1.000000
3340.077881 0.000000 5592.563477 0.000000 0.762078 0.000000 0.647485 1.000000 1.000000 1.000000
3342.158203 0.000000 5540.184082 0.000000 0.035730 0.000000 0.999361 1.000000 1.000000 1.000000
3363.136719 0.000000 5596.480957 0.000000 0.787678 0.000000 0.616087 1.000000 1.000000 1.000000
3343.945068 0.000000 5574.029785 0.000000 0.998533 0.000000 0.054154 1.000000 1.000000 1.000000
3348.052246 0.000000 5585.964844 0.000000 0.912928 0.000000 0.408121 1.000000 1.000000 1.000000
3288.512695 0.000000 5534.053223 0.000000 0.694941 0.000000 0.719066 1.000000 1.000000 1.000000
3356.247803 0.000000 5560.861816 0.000000 0.847116 0.000000 0.531408 1.000000 1.000000 1.000000
3326.579102 0.000000 5538.841309 0.000000 0.700406 0.000000 0.713745 1.000000 1.000000 1.000000
3368.599854 0.000000 5593.227539 0.000000 0.340796 0.000000 0.940137 1.000000 1.000000 1.000000
3345.768066 0.000000 5538.818848 0.000000 0.944188 0.000000 0.329408 1.000000 1.000000 1.000000
3287.188477 0.000000 5550.835938 0.000000 0.472518 0.000000 0.881321 1.000000 1.000000 1.000000
3290.058350 0.000000 5535.928223 0.000000 0.998444 0.000000 0.055764 1.000000 1.000000 1.000000
3367.206787 0.000000 5586.078125 0.000000 0.154534 0.000000 0.987987 1.000000 1.000000 1.000000
3336.059570 0.000000 5596.252930 0.000000 0.094325 0.000000 0.995541 1.000000 1.000000 1.000000
3359.465332 0.000000 5603.434082 0.000000 0.532077 0.000000 0.846696 1.000000 1.000000 1.000000
3335.700684 0.000000 5581.062500 0.000000 0.874099 0.000000 0.485748 1.000000 1.000000 1.000000
3349.871826 0.000000 5580.952637 0.000000 0.963870 0.000000 0.266372 1.000000 1.000000 1.000000
3344.521484 0.000000 5567.462402 0.000000 0.999662 0.000000 0.025981 1.000000 1.000000 1.000000
3326.113770 0.000000 5541.860352 0.000000 0.316162 0.000000 0.948705 1.000000 1.000000 1.000000
3337.639160 0.000000 5568.737305 0.000000 0.559270 0.000000 0.828986 1.000000 1.000000 1.000000
3361.555176 0.000000 5596.748535 0.000000 0.833905 0.000000 0.551908 1.000000 1.000000 1.000000
3330.159424 0.000000 5583.531738 0.000000 0.936381 0.000000 0.350986 1.000000 1.000000 1.000000
3348.793945 0.000000 5584.168457 0.000000 0.874391 0.000000 0.485222 1.000000 1.000000 1.000000
3322.912354 0.000000 5534.192383 0.000000 0.220895 0.000000 0.975298 1.000000 1.000000 1.000000
3334.009277 0.000000 5572.576660 0.000000 0.613542 0.000000 0.789662 1.000000 1.000000 1.000000
3357.858154 0.000000 5561.244629 0.000000 0.248735 0.000000 0.968572 1.000000 1.000000 1.000000
3343.834961 0.000000 5597.554199 0.000000 0.998815 0.000000 0.048662 1.000000 1.000000 1.000000
3343.541016 0.000000 5558.152832 0.000000 0.645800 0.000000 0.763506 1.000000 1.000000 1.000000
3289.419434 0.000000 5533.024414 0.000000 0.278246 0.000000 0.960510 1.000000 1.000000 1.000000
3358.386230 0.000000 5605.743164 0.000000 0.956491 0.000000 0.291763 1.000000 1.000000 1.000000
3351.460693 0.000000 5584.552246 0.000000 0.734797 0.000000 0.678287 1.000000 1.000000 1.000000
3348.362549 0.000000 5534.882812 0.000000 0.767576 0.000000 0.640957 1.000000 1.000000 1.000000
3286.355957 0.000000 5548.891113 0.000000 0.137563 0.000000 0.990493 1.000000 1.000000 1.000000
3343.194092 0.000000 5595.981445 0.000000 0.777464 0.000000 0.628927 1.000000 1.000000 1.000000
3345.138672 0.000000 5554.626953 0.000000 0.138241 0.000000 0.990399 1.000000 1.000000 1.000000
3339.801270 0.000000 5552.230469 0.000000 0.990771 0.000000 0.135547 1.000000 1.000000 1.000000
3373.055908 0.000000 5599.943848 0.000000 0.717372 0.000000 0.696690 1.000000 1.000000 1.000000
3339.573730 0.000000 5553.644531 0.000000 0.990632 0.000000 0.136560 1.000000 1.000000 1.000000
3336.329590 0.000000 5585.173828 0.000000 0.837560 0.000000 0.546345 1.000000 1.000000 1.000000
3333.147461 0.000000 5582.573242 0.000000 0.535667 0.000000 0.844429 1.000000 1.000000 1.000000
3341.206055 0.000000 5592.254395 0.000000 0.999354 0.000000 0.035937 1.000000 1.000000 1.000000
3336.306885 0.000000 5553.392578 0.000000 0.405358 0.000000 0.914158 1.000000 1.000000 1.000000
3364.693848 0.000000 5578.825195 0.000000 0.900867 0.000000 0.434096 1.000000 1.000000 1.000000
3386.681396 0.000000 5292.527832 0.000000 0.950016 0.000000 0.312200 1.000000 1.000000 1.000000
3375.450684 0.000000 5324.453125 0.000000 0.895708 0.000000 0.444644 1.000000 1.000000 1.000000
3439.867188 0.000000 5341.394043 0.000000 0.489926 0.000000 0.871764 1.000000 1.000000 1.000000
3381.940918 0.000000 5315.026855 0.000000 0.116061 0.000000 0.993242 1.000000 1.000000 1.000000
3383.140381 0.000000 5289.871582 0.000000 0.865255 0.000000 0.501332 1.000000 1.000000 1.000000
3379.200195 0.000000 5302.269531 0.000000 0.482314 0.000000 0.875998 1.000000 1.000000 1.000000
3432.084717 0.000000 5330.424805 0.000000 0.616284 0.000000 0.787524 1.000000 1.000000 1.000000
3437.561035 0.000000 5338.121582 0.000000 0.694267 0.000000 0.719718 1.000000 1.000000 1.000000
3374.872314 0.000000 5282.186035 0.000000 0.070818 0.000000 0.997489 1.000000 1.000000 1.000000
3427.089355 0.000000 5336.460449 0.000000 0.512415 0.000000 0.858738 1.000000 1.000000 1.000000
3385.224121 0.000000 5310.846680 0.000000 0.607961 0.000000 0.793967 1.000000 1.000000 1.000000
3395.627686 0.000000 5303.348633 0.000000 0.620150 0.000000 0.784483 1.000000 1.000000 1.000000
3411.625000 0.000000 5335.209961 0.000000 0.987382 0.000000 0.158355 1.000000 1.000000 1.000000
3392.727539 0.000000 5302.935059 0.000000 0.645909 0.000000 0.763415 1.000000 1.000000 1.000000
3431.658691 0.000000 5342.343750 0.000000 0.237312 0.000000 0.971434 1.000000 1.000000 1.000000
3377.633301 0.000000 5285.991699 0.000000 0.673741 0.000000 0.738967 1.000000 1.000000 1.000000
3377.611572 0.000000 5318.452148 0.000000 0.585681 0.000000 0.810542 1.000000 1.000000 1.000000
3374.738525 0.000000 5322.062012 0.000000 0.957963 0.000000 0.286893 1.000000 1.000000 1.000000
3409.485107 0.000000 5336.536133 0.000000 0.842979 0.000000 0.537946 1.000000 1.000000 1.000000
3376.245850 0.000000 5284.061523 0.000000 0.999816 0.000000 0.019183 1.000000 1.000000 1.000000
3384.418457 0.000000 5296.554688 0.000000 0.625889 0.000000 0.779912 1.000000 1.000000 1.000000
3385.178711 0.000000 5289.459961 0.000000 0.916608 0.000000 0.399787 1.000000 1.000000 1.000000
3385.458496 0.000000 5298.698730 0.000000 0.380687 0.000000 0.924704 1.000000 1.000000 1.000000
3388.544678 0.000000 5301.137207 0.000000 0.916870 0.000000 0.399185 1.000000 1.000000 1.000000
3427.571777 0.000000 5334.387207 0.000000 0.398673 0.000000 0.917093 1.000000 1.000000 1.000000
3420.986084 0.000000 5322.266113 0.000000 0.666501 0.000000 0.745504 1.000000 1.000000 1.000000
3421.075928 0.000000 5327.842285 0.000000 0.093015 0.000000 0.995665 1.000000 1.000000 1.000000
3394.032471 0.000000 5304.231934 0.000000 0.709289 0.000000 0.704918 1.000000 1.000000 1.000000
3407.921143 0.000000 5340.027344 0.000000 0.656746 0.000000 0.754112 1.000000 1.000000 1.000000
3389.882568 0.000000 5300.059082 0.000000 0.325019 0.000000 0.945707 1.000000 1.000000 1.000000
3428.517334 0.000000 5337.405273 0.000000 0.790187 0.000000 0.612866 1.000000 1.000000 1.000000
3396.293701 0.000000 5304.829102 0.000000 0.522662 0.000000 0.852540 1.000000 1.000000 1.000000
3389.898438 0.000000 5304.391602 0.000000 0.801467 0.000000 0.598038 1.000000 1.000000 1.000000
3385.418945 0.000000 5308.622559 0.000000 0.998097 0.000000 0.061659 1.000000 1.000000 1.000000
3388.810303 0.000000 5298.863770 0.000000 0.291365 0.000000 0.956612 1.000000 1.000000 1.000000
3377.557129 0.000000 5319.766113 0.000000 0.400803 0.000000 0.916164 1.000000 1.000000 1.000000
3437.775146 0.000000 5339.411133 0.000000 0.068487 0.000000 0.997652 1.000000 1.000000 1.000000
3402.676270 0.000000 5342.806641 0.000000 0.866835 0.000000 0.498595 1.000000 1.000000 1.000000
3438.725830 0.000000 5340.880859 0.000000 0.124249 0.000000 0.992251 1.000000 1.000000 1.000000
3410.843994 0.000000 5340.962891 0.000000 0.100420 0.000000 0.994945 1.000000 1.000000 1.000000
3394.024414 0.000000 5342.965820 0.000000 0.988310 0.000000 0.152460 1.000000 1.000000 1.000000
3374.723633 0.000000 5323.415527 0.000000 0.688366 0.000000 0.725363 1.000000 1.000000 1.000000
3378.783203 0.000000 5314.905273 0.000000 0.070270 0.000000 0.997528 1.000000 1.000000 1.000000
3436.781738 0.000000 5339.657227 0.000000 0.003126 0.000000 0.999995 1.000000 1.000000 1.000000
3388.885254 0.000000 5358.319336 0.000000 0.675042 0.000000 0.737779 1.000000 1.000000 1.000000
3375.054688 0.000000 5379.756836 0.000000 0.600805 0.000000 0.799396 1.000000 1.000000 1.000000
3434.407959 0.000000 5351.193848 0.000000 0.133467 0.000000 0.991053 1.000000 1.000000 1.000000
3439.614258 0.000000 5343.409180 0.000000 0.697559 0.000000 0.716527 1.000000 1.000000 1.000000
3430.625244 0.000000 5347.215820 0.000000 0.833914 0.000000 0.551894 1.000000 1.000000 1.000000
3388.312744 0.000000 5353.092773 0.000000 0.723683 0.000000 0.690133 1.000000 1.000000 1.000000
3426.533691 0.000000 5348.368652 0.000000 0.651866 0.000000 0.758334 1.000000 1.000000 1.000000
3380.717773 0.000000 5368.114746 0.000000 0.191037 0.000000 0.981583 1.000000 1.000000 1.000000
3374.872314 0.000000 5375.928223 0.000000 0.899968 0.000000 0.435956 1.000000 1.000000 1.000000
3402.070068 0.000000 5348.216797 0.000000 0.545250 0.000000 0.838273 1.000000 1.000000 1.000000
3380.158203 0.000000 5359.485840 0.000000 0.893487 0.000000 0.449089 1.000000 1.000000 1.000000
3379.169922 0.000000 5370.739258 0.000000 0.332113 0.000000 0.943240 1.000000 1.000000 1.000000
3390.247803 0.000000 5355.526367 0.000000 0.226361 0.000000 0.974043 1.000000 1.000000 1.000000
3429.515625 0.000000 5343.692383 0.000000 0.997685 0.000000 0.068001 1.000000 1.000000 1.000000
3433.447754 0.000000 5348.473145 0.000000 0.310221 0.000000 0.950665 1.000000 1.000000 1.000000
3399.057861 0.000000 5345.842285 0.000000 0.596781 0.000000 0.802404 1.000000 1.000000 1.000000
3428.319336 0.000000 5346.167969 0.000000 0.704476 0.000000 0.709728 1.000000 1.000000 1.000000
3428.949707 0.000000 5349.076660 0.000000 0.750626 0.000000 0.660728 1.000000 1.000000 1.000000
3403.914795 0.000000 5343.338867 0.000000 0.797975 0.000000 0.602691 1.000000 1.000000 1.000000
3401.502197 0.000000 5350.493164 0.000000 0.432830 0.000000 0.901475 1.000000 1.000000 1.000000
3407.321289 0.000000 5346.025391 0.000000 0.197885 0.000000 0.980225 1.000000 1.000000 1.000000
3377.051270 0.000000 5375.541504 0.000000 0.963816 0.000000 0.266569 1.000000 1.000000 1.000000
3403.932373 0.000000 5345.507324 0.000000 0.251766 0.000000 0.967788 1.000000 1.000000 1.000000
3400.314941 0.000000 5347.369141 0.000000 0.032436 0.000000 0.999474 1.000000 1.000000 1.000000
3406.951416 0.000000 5347.890625 0.000000 0.378600 0.000000 0.925560 1.000000 1.000000 1.000000
3380.930664 0.000000 5363.351562 0.000000 0.845285 0.000000 0.534316 1.000000 1.000000 1.000000
3403.772705 0.000000 5348.892578 0.000000 0.449026 0.000000 0.893519 1.000000 1.000000 1.000000
3388.107666 0.000000 5359.975098 0.000000 0.877584 0.000000 0.479423 1.000000 1.000000 1.000000
3432.743652 0.000000 5351.792969 0.000000 0.779088 0.000000 0.626914 1.000000 1.000000 1.000000
3383.781494 0.000000 5370.433105 0.000000 0.823107 0.000000 0.567886 1.000000 1.000000 1.000000
3402.601562 0.000000 5346.621094 0.000000 0.019307 0.000000 0.999814 1.000000 1.000000 1.000000
3399.800049 0.000000 5353.171387 0.000000 0.490625 0.000000 0.871371 1.000000 1.000000 1.000000
3374.895264 0.000000 5381.360352 0.000000 0.789405 0.000000 0.613873 1.000000 1.000000 1.000000
3398.546631 0.000000 5344.344727 0.000000 0.451019 0.000000 0.892514 1.000000 1.000000 1.000000
3375.235107 0.000000 5366.556152 0.000000 0.685818 0.000000 0.727773 1.000000 1.000000 1.000000
3389.940674 0.000000 5359.456055 0.000000 0.991760 0.000000 0.128112 1.000000 1.000000 1.000000
3403.005371 0.000000 5344.360840 0.000000 0.741067 0.000000 0.671431 1.000000 1.000000 1.000000
3395.677490 0.000000 5352.609863 0.000000 0.733188 0.000000 0.680026 1.000000 1.000000 1.000000
3391.106934 0.000000 5354.488770 0.000000 0.059573 0.000000 0.998224 1.000000 1.000000 1.000000
3401.485840 0.000000 5347.120117 0.000000 0.141168 0.000000 0.989986 1.000000 1.000000 1.000000
3375.299805 0.000000 5378.557617 0.000000 0.849680 0.000000 0.527298 1.000000 1.000000 1.000000
3396.329102 0.000000 5353.724121 0.000000 0.637455 0.000000 0.770488 1.000000 1.000000 1.000000
3382.864502 0.000000 5616.578125 0.000000 0.911322 0.000000 0.411693 1.000000 1.000000 1.000000
3385.403320 0.000000 5617.726562 0.000000 0.901599 0.000000 0.432573 1.000000 1.000000 1.000000
3384.600098 0.000000 5616.367188 0.000000 0.550005 0.000000 0.835162 1.000000 1.000000 1.000000
3225.554932 0.000000 5664.825684 0.000000 0.142156 0.000000 0.989844 1.000000 1.000000 1.000000
3220.964600 0.000000 5651.794922 0.000000 0.664790 0.000000 0.747031 1.000000 1.000000 1.000000
3224.740723 0.000000 5624.730469 0.000000 0.614665 0.000000 0.788788 1.000000 1.000000 1.000000
3234.001221 0.000000 5717.411133 0.000000 0.505862 0.000000 0.862615 1.000000 1.000000 1.000000
3219.140869 0.000000 5641.144043 0.000000 0.604791 0.000000 0.796384 1.000000 1.000000 1.000000
3221.146729 0.000000 5666.346191 0.000000 0.919897 0.000000 0.392161 1.000000 1.000000 1.000000
3234.125000 0.000000 5712.452148 0.000000 0.722449 0.000000 0.691424 1.000000 1.000000 1.000000
3211.332520 0.000000 5642.892090 0.000000 0.986912 0.000000 0.161259 1.000000 1.000000 1.000000
3213.180908 0.000000 5637.159180 0.000000 0.692638 0.000000 0.721285 1.000000 1.000000 1.000000
3225.020508 0.000000 5641.327148 0.000000 0.931417 0.000000 0.363954 1.000000 1.000000 1.000000
3224.647461 0.000000 5627.946289 0.000000 0.998964 0.000000 0.045512 1.000000 1.000000 1.000000
3226.584961 0.000000 5673.639648 0.000000 0.732808 0.000000 0.680436 1.000000 1.000000 1.000000
3244.174316 0.000000 5717.312500 0.000000 0.957920 0.000000 0.287034 1.000000 1.000000 1.000000
3225.415771 0.000000 5683.268066 0.000000 0.724344 0.000000 0.689438 1.000000 1.000000 1.000000
3216.430420 0.000000 5624.565430 0.000000 0.040099 0.000000 0.999196 1.000000 1.000000 1.000000
3218.572021 0.000000 5675.646973 0.000000 0.996280 0.000000 0.086177 1.000000 1.000000 1.000000
3225.919434 0.000000 5687.942871 0.000000 0.948837 0.000000 0.315767 1.000000 1.000000 1.000000
3213.788086 0.000000 5641.874023 0.000000 0.568263 0.000000 0.822847 1.000000 1.000000 1.000000
3234.693115 0.000000 5705.037109 0.000000 0.159064 0.000000 0.987268 1.000000 1.000000 1.000000
3228.364746 0.000000 5687.270020 0.000000 0.100620 0.000000 0.994925 1.000000 1.000000 1.000000
3218.470703 0.000000 5646.186523 0.000000 0.728015 0.000000 0.685561 1.000000 1.000000 1.000000
3221.801758 0.000000 5640.874023 0.000000 0.136755 0.000000 0.990605 1.000000 1.000000 1.000000
3210.888916 0.000000 5640.920898 0.000000 0.719589 0.000000 0.694400 1.000000 1.000000 1.000000
3230.228027 0.000000 5688.153320 0.000000 0.905381 0.000000 0.424601 1.000000 1.000000 1.000000
3233.993164 0.000000 5688.380371 0.000000 0.049270 0.000000 0.998785 1.000000 1.000000 1.000000
3234.785645 0.000000 5708.603516 0.000000 0.908497 0.000000 0.417891 1.000000 1.000000 1.000000
3233.303223 0.000000 5715.686035 0.000000 0.698589 0.000000 0.715523 1.000000 1.000000 1.000000
3223.829346 0.000000 5658.877441 0.000000 0.998670 0.000000 0.051549 1.000000 1.000000 1.000000
3219.070801 0.000000 5644.729980 0.000000 0.215512 0.000000 0.976501 1.000000 1.000000 1.000000
3222.458252 0.000000 5665.481445 0.000000 0.988677 0.000000 0.150062 1.000000 1.000000 1.000000
3244.779053 0.000000 5715.871582 0.000000 0.699232 0.000000 0.714894 1.000000 1.000000 1.000000
3231.363281 0.000000 5700.813965 0.000000 0.664022 0.000000 0.747713 1.000000 1.000000 1.000000
3222.663086 0.000000 5656.351074 0.000000 0.999774 0.000000 0.021243 1.000000 1.000000 1.000000
3226.978027 0.000000 5649.390625 0.000000 0.368493 0.000000 0.929630 1.000000 1.000000 1.000000
3225.369385 0.000000 5674.491211 0.000000 0.926579 0.000000 0.376100 1.000000 1.000000 1.000000
3233.405273 0.000000 5708.095215 0.000000 0.629284 0.000000 0.777175 1.000000 1.000000 1.000000
3222.515381 0.000000 5657.907715 0.000000 0.159536 0.000000 0.987192 1.000000 1.000000 1.000000
3225.244629 0.000000 5672.983398 0.000000 0.998900 0.000000 0.046892 1.000000 1.000000 1.000000
3213.309326 0.000000 5638.611816 0.000000 0.108880 0.000000 0.994055 1.000000 1.000000 1.000000
3222.347656 0.000000 5667.116211 0.000000 0.783499 0.000000 0.621393 1.000000 1.000000 1.000000
3222.163330 0.000000 5680.873535 0.000000 0.980122 0.000000 0.198395 1.000000 1.000000 1.000000
3223.287354 0.000000 5627.526855 0.000000 0.600244 0.000000 0.799817 1.000000 1.000000 1.000000
3234.462646 0.000000 5703.746094 0.000000 0.991300 0.000000 0.131621 1.000000 1.000000 1.000000
3226.073730 0.000000 5648.539551 0.000000 0.974947 0.000000 0.222436 1.000000 1.000000 1.000000
3222.838379 0.000000 5635.899902 0.000000 0.486498 0.000000 0.873681 1.000000 1.000000 1.000000
3219.292480 0.000000 5676.571289 0.000000 0.939823 0.000000 0.341662 1.000000 1.000000 1.000000
3213.376953 0.000000 5640.759277 0.000000 0.826394 0.000000 0.563093 1.000000 1.000000 1.000000
3224.484619 0.000000 5685.818848 0.000000 0.069354 0.000000 0.997592 1.000000 1.000000 1.000000
3225.253662 0.000000 5642.409668 0.000000 0.433035 0.000000 0.901377 1.000000 1.000000 1.000000
3217.406738 0.000000 5646.479980 0.000000 0.998846 0.000000 0.048033 1.000000 1.000000 1.000000
3347.841553 0.000000 5701.382812 0.000000 0.716988 0.000000 0.697086 1.000000 1.000000 1.000000
3309.725342 0.000000 5680.527344 0.000000 0.182659 0.000000 0.983176 1.000000 1.000000 1.000000
3343.390137 0.000000 5694.614258 0.000000 0.999761 0.000000 0.021849 1.000000 1.000000 1.000000
3362.501709 0.000000 5709.140625 0.000000 0.090789 0.000000 0.995870 1.000000 1.000000 1.000000
3325.759766 0.000000 5689.129883 0.000000 0.037260 0.000000 0.999306 1.000000 1.000000 1.000000
3364.010498 0.000000 5637.805664 0.000000 0.829369 0.000000 0.558702 1.000000 1.000000 1.000000
3313.051270 0.000000 5716.406250 0.000000 0.369904 0.000000 0.929070 1.000000 1.000000 1.000000
3297.723633 0.000000 5685.239746 0.000000 0.997454 0.000000 0.071319 1.000000 1.000000 1.000000
3291.719971 0.000000 5692.986816 0.000000 0.953241 0.000000 0.302212 1.000000 1.000000 1.000000
3357.685303 0.000000 5708.985840 0.000000 0.999476 0.000000 0.032370 1.000000 1.000000 1.000000
3296.844238 0.000000 5694.605957 0.000000 0.605448 0.000000 0.795885 1.000000 1.000000 1.000000
3368.344727 0.000000 5702.220215 0.000000 0.629360 0.000000 0.777114 1.000000 1.000000 1.000000
3331.714844 0.000000 5688.729492 0.000000 0.981902 0.000000 0.189392 1.000000 1.000000 1.000000
3333.391357 0.000000 5696.477539 0.000000 0.681763 0.000000 0.731573 1.000000 1.000000 1.000000
3312.364502 0.000000 5707.527832 0.000000 0.803907 0.000000 0.594755 1.000000 1.000000 1.000000
3340.948975 0.000000 5697.228027 0.000000 0.890098 0.000000 0.455769 1.000000 1.000000 1.000000
3374.691650 0.000000 5638.028809 0.000000 0.643570 0.000000 0.765388 1.000000 1.000000 1.000000
3323.054199 0.000000 5697.729004 0.000000 0.824899 0.000000 0.565279 1.000000 1.000000 1.000000
3310.641602 0.000000 5683.685059 0.000000 0.752139 0.000000 0.659004 1.000000 1.000000 1.000000
3344.483154 0.000000 5702.608398 0.000000 0.574584 0.000000 0.818446 1.000000 1.000000 1.000000
3291.667236 0.000000 5708.399902 0.000000 0.132179 0.000000 0.991226 1.000000 1.000000 1.000000
3319.000000 0.000000 5699.878418 0.000000 0.028620 0.000000 0.999590 1.000000 1.000000 1.000000
3333.262207 0.000000 5693.587891 0.000000 0.991487 0.000000 0.130204 1.000000 1.000000 1.000000
3344.449951 0.000000 5697.457031 0.000000 0.318024 0.000000 0.948083 1.000000 1.000000 1.000000
3299.531250 0.000000 5694.853027 0.000000 0.966304 0.000000 0.257403 1.000000 1.000000 1.000000
3301.885498 0.000000 5678.317383 0.000000 0.990064 0.000000 0.140617 1.000000 1.000000 1.000000
3294.758057 0.000000 5707.108887 0.000000 0.672933 0.000000 0.739703 1.000000 1.000000 1.000000
3299.217529 0.000000 5673.715820 0.000000 0.559740 0.000000 0.828668 1.000000 1.000000 1.000000
3328.509277 0.000000 5694.762207 0.000000 0.236357 0.000000 0.971666 1.000000 1.000000 1.000000
3298.342773 0.000000 5696.908203 0.000000 0.997495 0.000000 0.070730 1.000000 1.000000 1.000000
3360.149658 0.000000 5709.893066 0.000000 0.978957 0.000000 0.204069 1.000000 1.000000 1.000000
3281.294678 0.000000 5716.518066 0.000000 0.998309 0.000000 0.058128 1.000000 1.000000 1.000000
3335.260986 0.000000 5694.942383 0.000000 0.998703 0.000000 0.050922 1.000000 1.000000 1.000000
3324.773438 0.000000 5705.762695 0.000000 0.718004 0.000000 0.696039 1.000000 1.000000 1.000000
3372.621826 0.000000 5637.608398 0.000000 0.711770 0.000000 0.702413 1.000000 1.000000 1.000000
3317.289795 0.000000 5704.616699 0.000000 0.968261 0.000000 0.249941 1.000000 1.000000 1.000000
3370.021729 0.000000 5648.528320 0.000000 0.897991 0.000000 0.440014 1.000000 1.000000 1.000000
3299.318848 0.000000 5699.080566 0.000000 0.322877 0.000000 0.946441 1.000000 1.000000 1.000000
3304.317139 0.000000 5682.756348 0.000000 0.318356 0.000000 0.947971 1.000000 1.000000 1.000000
3325.364990 0.000000 5691.459473 0.000000 0.669876 0.000000 0.742473 1.000000 1.000000 1.000000
3295.080322 0.000000 5693.436523 0.000000 0.114157 0.000000 0.993463 1.000000 1.000000 1.000000
3328.160400 0.000000 5684.562500 0.000000 0.911921 0.000000 0.410365 1.000000 1.000000 1.000000
3287.363281 0.000000 5705.764160 0.000000 0.735227 0.000000 0.677821 1.000000 1.000000 1.000000
3310.347900 0.000000 5707.168457 0.000000 0.675460 0.000000 0.737397 1.000000 1.000000 1.000000
3300.290283 0.000000 5679.200684 0.000000 0.996460 0.000000 0.084065 1.000000 1.000000 1.000000
3352.064941 0.000000 5697.130859 0.000000 0.599031 0.000000 0.800726 1.000000 1.000000 1.000000
3336.246582 0.000000 5706.447266 0.000000 0.427812 0.000000 0.903868 1.000000 1.000000 1.000000
3304.589111 0.000000 5685.279785 0.000000 0.998597 0.000000 0.052958 1.000000 1.000000 1.000000
3314.178955 0.000000 5714.996094 0.000000 0.593874 0.000000 0.804558 1.000000 1.000000 1.000000
3313.619629 0.000000 5694.723145 0.000000 0.177897 0.000000 0.984049 1.000000 1.000000 1.000000
3300.655029 0.000000 5714.047852 0.000000 0.805820 0.000000 0.592160 1.000000 1.000000 1.000000
3373.911133 0.000000 5636.390625 0.000000 0.975821 0.000000 0.218573 1.000000 1.000000 1.000000
3293.427246 0.000000 5708.280273 0.000000 0.514042 0.000000 0.857765 1.000000 1.000000 1.000000
3308.747803 0.000000 5684.493652 0.000000 0.999234 0.000000 0.039141 1.000000 1.000000 1.000000
3292.592529 0.000000 5709.867188 0.000000 0.560171 0.000000 0.828377 1.000000 1.000000 1.000000
3314.711914 0.000000 5716.683105 0.000000 0.929277 0.000000 0.369383 1.000000 1.000000 1.000000
3367.541260 0.000000 5639.914062 0.000000 0.780544 0.000000 0.625101 1.000000 1.000000 1.000000
3290.453613 0.000000 5691.861328 0.000000 0.819413 0.000000 0.573203 1.000000 1.000000 1.000000
3310.644531 0.000000 5692.300293 0.000000 0.983504 0.000000 0.180889 1.000000 1.000000 1.000000
3326.867920 0.000000 5694.437988 0.000000 0.064377 0.000000 0.997926 1.000000 1.000000 1.000000
3293.147461 0.000000 5680.940430 0.000000 0.771316 0.000000 0.636452 1.000000 1.000000 1.000000
3372.258057 0.000000 5651.660156 0.000000 0.329033 0.000000 0.944318 1.000000 1.000000 1.000000
3293.227051 0.000000 5706.545898 0.000000 0.847259 0.000000 0.531181 1.000000 1.000000 1.000000
3302.551514 0.000000 5679.797852 0.000000 0.324812 0.000000 0.945778 1.000000 1.000000 1.000000
3306.092773 0.000000 5694.783691 0.000000 0.546737 0.000000 0.837304 1.000000 1.000000 1.000000
3372.478760 0.000000 5708.866699 0.000000 0.995593 0.000000 0.093777 1.000000 1.000000 1.000000
3290.815430 0.000000 5707.044922 0.000000 0.987799 0.000000 0.155735 1.000000 1.000000 1.000000
3356.006592 0.000000 5708.819824 0.000000 0.402779 0.000000 0.915297 1.000000 1.000000 1.000000
3295.391602 0.000000 5695.270508 0.000000 0.731889 0.000000 0.681424 1.000000 1.000000 1.000000
3329.666992 0.000000 5695.716797 0.000000 0.658865 0.000000 0.752261 1.000000 1.000000 1.000000
3298.125488 0.000000 5695.307617 0.000000 0.404613 0.000000 0.914488 1.000000 1.000000 1.000000
3311.689697 0.000000 5680.491211 0.000000 0.875681 0.000000 0.482891 1.000000 1.000000 1.000000
3316.037598 0.000000 5696.967285 0.000000 0.347818 0.000000 0.937562 1.000000 1.000000 1.000000
3309.670166 0.000000 5682.014160 0.000000 0.413793 0.000000 0.910371 1.000000 1.000000 1.000000
3373.521484 0.000000 5648.236816 0.000000 0.975638 0.000000 0.219385 1.000000 1.000000 1.000000
3329.867676 0.000000 5694.263184 0.000000 0.285352 0.000000 0.958423 1.000000 1.000000 1.000000
3322.047607 0.000000 5682.476562 0.000000 0.915838 0.000000 0.401549 1.000000 1.000000 1.000000
3287.097900 0.000000 5703.684082 0.000000 0.865944 0.000000 0.500140 1.000000 1.000000 1.000000
3323.646729 0.000000 5682.777832 0.000000 0.358188 0.000000 0.933649 1.000000 1.000000 1.000000
3331.922119 0.000000 5701.438477 0.000000 0.882327 0.000000 0.470637 1.000000 1.000000 1.000000
3368.596924 0.000000 5645.853516 0.000000 0.965863 0.000000 0.259052 1.000000 1.000000 1.000000
3293.100830 0.000000 5693.661133 0.000000 0.513752 0.000000 0.857939 1.000000 1.000000 1.000000
3362.452393 0.000000 5700.835449 0.000000 0.957392 0.000000 0.288790 1.000000 1.000000 1.000000
3292.064453 0.000000 5707.177246 0.000000 0.133807 0.000000 0.991007 1.000000 1.000000 1.000000
3307.317627 0.000000 5694.976074 0.000000 0.865859 0.000000 0.500288 1.000000 1.000000 1.000000
3309.468506 0.000000 5683.340332 0.000000 0.994712 0.000000 0.102703 1.000000 1.000000 1.000000
3311.103027 0.000000 5687.648438 0.000000 0.067462 0.000000 0.997722 1.000000 1.000000 1.000000
3296.735596 0.000000 5704.657715 0.000000 0.046096 0.000000 0.998937 1.000000 1.000000 1.000000
3346.751221 0.000000 5701.921387 0.000000 0.977739 0.000000 0.209823 1.000000 1.000000 1.000000
3311.102295 0.000000 5684.733887 0.000000 0.600502 0.000000 0.799623 1.000000 1.000000 1.000000
3373.291504 0.000000 5651.043945 0.000000 0.944939 0.000000 0.327247 1.000000 1.000000 1.000000
3298.343018 0.000000 5678.930176 0.000000 0.333208 0.000000 0.942853 1.000000 1.000000 1.000000
3328.576172 0.000000 5696.179688 0.000000 0.484244 0.000000 0.874933 1.000000 1.000000 1.000000
3311.354004 0.000000 5682.869141 0.000000 0.992827 0.000000 0.119558 1.000000 1.000000 1.000000
3311.730713 0.000000 5683.859863 0.000000 0.993887 0.000000 0.110399 1.000000 1.000000 1.000000
3346.247314 0.000000 5704.229004 0.000000 0.906148 0.000000 0.422961 1.000000 1.000000 1.000000
3343.747314 0.000000 5696.742188 0.000000 0.117682 0.000000 0.993051 1.000000 1.000000 1.000000
3275.796387 0.000000 5782.458984 0.000000 0.670824 0.000000 0.741616 1.000000 1.000000 1.000000
3268.759521 0.000000 5802.882812 0.000000 0.992881 0.000000 0.119112 1.000000 1.000000 1.000000
3279.471680 0.000000 5761.423828 0.000000 0.803592 0.000000 0.595181 1.000000 1.000000 1.000000
3260.043945 0.000000 5784.109375 0.000000 0.986764 0.000000 0.162165 1.000000 1.000000 1.000000
3246.276855 0.000000 5751.198730 0.000000 0.994991 0.000000 0.099969 1.000000 1.000000 1.000000
3272.223633 0.000000 5784.006348 0.000000 0.027548 0.000000 0.999620 1.000000 1.000000 1.000000
3232.923828 0.000000 5763.156250 0.000000 0.878113 0.000000 0.478453 1.000000 1.000000 1.000000
3248.153809 0.000000 5758.079590 0.000000 0.644288 0.000000 0.764783 1.000000 1.000000 1.000000
3260.744141 0.000000 5801.308105 0.000000 0.482140 0.000000 0.876094 1.000000 1.000000 1.000000
3238.689697 0.000000 5775.773926 0.000000 0.887372 0.000000 0.461055 1.000000 1.000000 1.000000
3234.440186 0.000000 5768.290527 0.000000 0.961752 0.000000 0.273923 1.000000 1.000000 1.000000
3279.772949 0.000000 5768.697754 0.000000 0.717238 0.000000 0.696828 1.000000 1.000000 1.000000
3273.990479 0.000000 5786.433594 0.000000 0.663936 0.000000 0.747790 1.000000 1.000000 1.000000
3237.389404 0.000000 5744.017578 0.000000 0.970535 0.000000 0.240962 1.000000 1.000000 1.000000
3278.764893 0.000000 5807.623535 0.000000 0.860317 0.000000 0.509759 1.000000 1.000000 1.000000
3261.446533 0.000000 5803.886719 0.000000 0.981451 0.000000 0.191711 1.000000 1.000000 1.000000
3244.199219 0.000000 5725.250488 0.000000 0.698498 0.000000 0.715612 1.000000 1.000000 1.000000
3267.167236 0.000000 5788.202148 0.000000 0.008348 0.000000 0.999965 1.000000 1.000000 1.000000
3239.963135 0.000000 5739.768066 0.000000 0.999937 0.000000 0.011217 1.000000 1.000000 1.000000
3245.251221 0.000000 5762.223633 0.000000 0.493648 0.000000 0.869662 1.000000 1.000000 1.000000
3280.020508 0.000000 5794.917480 0.000000 0.947669 0.000000 0.319255 1.000000 1.000000 1.000000
3278.192627 0.000000 5787.972168 0.000000 0.116857 0.000000 0.993149 1.000000 1.000000 1.000000
3248.896729 0.000000 5744.551270 0.000000 0.470791 0.000000 0.882245 1.000000 1.000000 1.000000
3275.118408 0.000000 5784.617188 0.000000 0.711689 0.000000 0.702494 1.000000 1.000000 1.000000
3247.287354 0.000000 5767.268066 0.000000 0.635719 0.000000 0.771921 1.000000 1.000000 1.000000
3236.450195 0.000000 5775.597168 0.000000 0.400134 0.000000 0.916457 1.000000 1.000000 1.000000
3244.673340 0.000000 5774.204102 0.000000 0.309496 0.000000 0.950901 1.000000 1.000000 1.000000
3263.162354 0.000000 5787.761230 0.000000 0.679918 0.000000 0.733288 1.000000 1.000000 1.000000
3237.755127 0.000000 5739.250977 0.000000 0.968807 0.000000 0.247817 1.000000 1.000000 1.000000
3247.101807 0.000000 5764.347656 0.000000 0.596268 0.000000 0.802786 1.000000 1.000000 1.000000
3235.741211 0.000000 5744.966797 0.000000 0.283559 0.000000 0.958955 1.000000 1.000000 1.000000
3246.741455 0.000000 5760.883789 0.000000 0.973466 0.000000 0.228833 1.000000 1.000000 1.000000
3269.157471 0.000000 5808.083984 0.000000 0.224900 0.000000 0.974382 1.000000 1.000000 1.000000
3259.907471 0.000000 5804.713867 0.000000 0.997083 0.000000 0.076330 1.000000 1.000000 1.000000
3238.173340 0.000000 5777.431152 0.000000 0.257636 0.000000 0.966242 1.000000 1.000000 1.000000
3240.074219 0.000000 5776.805664 0.000000 0.190074 0.000000 0.981770 1.000000 1.000000 1.000000
3250.779297 0.000000 5754.946777 0.000000 0.868216 0.000000 0.496187 1.000000 1.000000 1.000000
3235.578613 0.000000 5769.611816 0.000000 0.856624 0.000000 0.515941 1.000000 1.000000 1.000000
3277.480713 0.000000 5769.545898 0.000000 0.854929 0.000000 0.518745 1.000000 1.000000 1.000000
3280.944092 0.000000 5758.103027 0.000000 0.926842 0.000000 0.375452 1.000000 1.000000 1.000000
3247.463867 0.000000 5750.011719 0.000000 0.988121 0.000000 0.153677 1.000000 1.000000 1.000000
3260.084229 0.000000 5803.029297 0.000000 0.874006 0.000000 0.485915 1.000000 1.000000 1.000000
3263.826416 0.000000 5798.571777 0.000000 0.175151 0.000000 0.984542 1.000000 1.000000 1.000000
3261.091064 0.000000 5787.163574 0.000000 0.523947 0.000000 0.851751 1.000000 1.000000 1.000000
3245.794922 0.000000 5724.963379 0.000000 0.128649 0.000000 0.991690 1.000000 1.000000 1.000000
3261.798828 0.000000 5805.346680 0.000000 0.744768 0.000000 0.667323 1.000000 1.000000 1.000000
3234.059570 0.000000 5742.002441 0.000000 0.442396 0.000000 0.896820 1.000000 1.000000 1.000000
3279.218750 0.000000 5767.005859 0.000000 0.999313 0.000000 0.037065 1.000000 1.000000 1.000000
3246.265869 0.000000 5763.198242 0.000000 0.794585 0.000000 0.607154 1.000000 1.000000 1.000000
3278.828125 0.000000 5740.261230 0.000000 0.864798 0.000000 0.502120 1.000000 1.000000 1.000000
3280.568115 0.000000 5796.216309 0.000000 0.715225 0.000000 0.698894 1.000000 1.000000 1.000000
3278.322021 0.000000 5786.542969 0.000000 0.917266 0.000000 0.398274 1.000000 1.000000 1.000000
3239.665283 0.000000 5720.467773 0.000000 0.175827 0.000000 0.984421 1.000000 1.000000 1.000000
3235.904785 0.000000 5764.003906 0.000000 0.394496 0.000000 0.918898 1.000000 1.000000 1.000000
3280.509277 0.000000 5753.696777 0.000000 0.530890 0.000000 0.847441 1.000000 1.000000 1.000000
3245.847168 0.000000 5719.219238 0.000000 0.949374 0.000000 0.314148 1.000000 1.000000 1.000000
3280.493164 0.000000 5797.942383 0.000000 0.624262 0.000000 0.781215 1.000000 1.000000 1.000000
3246.313965 0.000000 5745.783203 0.000000 0.790742 0.000000 0.612149 1.000000 1.000000 1.000000
3269.921631 0.000000 5811.005371 0.000000 0.870102 0.000000 0.492872 1.000000 1.000000 1.000000
3235.902100 0.000000 5766.458496 0.000000 0.448830 0.000000 0.893617 1.000000 1.000000 1.000000
3265.895996 0.000000 5788.640625 0.000000 0.147101 0.000000 0.989121 1.000000 1.000000 1.000000
3264.247803 0.000000 5788.207520 0.000000 0.639753 0.000000 0.768580 1.000000 1.000000 1.000000
3279.476562 0.000000 5786.394531 0.000000 0.417329 0.000000 0.908755 1.000000 1.000000 1.000000
3293.071045 0.000000 5781.994629 0.000000 0.594934 0.000000 0.803775 1.000000 1.000000 1.000000
3281.124023 0.000000 5807.748047 0.000000 0.988650 0.000000 0.150240 1.000000 1.000000 1.000000
3285.408447 0.000000 5761.464355 0.000000 0.668617 0.000000 0.743607 1.000000 1.000000 1.000000
3295.807129 0.000000 5754.574707 0.000000 0.102031 0.000000 0.994781 1.000000 1.000000 1.000000
3289.567383 0.000000 5734.856934 0.000000 0.927046 0.000000 0.374947 1.000000 1.000000 1.000000
3292.368652 0.000000 5718.290527 0.000000 0.973219 0.000000 0.229881 1.000000 1.000000 1.000000
3281.011475 0.000000 5759.771973 0.000000 0.967421 0.000000 0.253173 1.000000 1.000000 1.000000
3295.442871 0.000000 5723.791016 0.000000 0.142577 0.000000 0.989784 1.000000 1.000000 1.000000
3328.247559 0.000000 5718.645020 0.000000 0.961237 0.000000 0.275725 1.000000 1.000000 1.000000
3285.661621 0.000000 5765.708984 0.000000 0.977313 0.000000 0.211801 1.000000 1.000000 1.000000
3285.219971 0.000000 5776.880859 0.000000 0.644370 0.000000 0.764714 1.000000 1.000000 1.000000
3281.584473 0.000000 5764.343262 0.000000 0.278058 0.000000 0.960564 1.000000 1.000000 1.000000
3301.215576 0.000000 5774.602051 0.000000 0.622747 0.000000 0.782423 1.000000 1.000000 1.000000
3288.303467 0.000000 5750.333984 0.000000 0.154720 0.000000 0.987958 1.000000 1.000000 1.000000
3281.130127 0.000000 5750.896973 0.000000 0.647932 0.000000 0.761698 1.000000 1.000000 1.000000
3294.695312 0.000000 5720.539551 0.000000 0.996028 0.000000 0.089044 1.000000 1.000000 1.000000
3297.581543 0.000000 5743.703125 0.000000 0.981115 0.000000 0.193425 1.000000 1.000000 1.000000
3295.329346 0.000000 5740.764160 0.000000 0.981074 0.000000 0.193633 1.000000 1.000000 1.000000
3291.481934 0.000000 5779.557617 0.000000 0.977871 0.000000 0.209209 1.000000 1.000000 1.000000
3292.906738 0.000000 5722.759277 0.000000 0.999957 0.000000 0.009233 1.000000 1.000000 1.000000
3297.979248 0.000000 5810.403320 0.000000 0.167894 0.000000 0.985805 1.000000 1.000000 1.000000
3294.968506 0.000000 5752.161621 0.000000 0.741547 0.000000 0.670901 1.000000 1.000000 1.000000
3299.975098 0.000000 5743.076660 0.000000 0.890517 0.000000 0.454949 1.000000 1.000000 1.000000
3282.841064 0.000000 5777.127930 0.000000 0.114206 0.000000 0.993457 1.000000 1.000000 1.000000
3282.310059 0.000000 5761.941406 0.000000 0.029738 0.000000 0.999558 1.000000 1.000000 1.000000
3292.504395 0.000000 5720.582031 0.000000 0.037679 0.000000 0.999290 1.000000 1.000000 1.000000
3288.520752 0.000000 5741.633301 0.000000 0.430452 0.000000 0.902614 1.000000 1.000000 1.000000
3299.082031 0.000000 5775.075684 0.000000 0.301660 0.000000 0.953416 1.000000 1.000000 1.000000
3296.228760 0.000000 5811.329590 0.000000 0.806025 0.000000 0.591881 1.000000 1.000000 1.000000
3296.716309 0.000000 5742.047852 0.000000 0.813919 0.000000 0.580979 1.000000 1.000000 1.000000
3283.839111 0.000000 5775.567383 0.000000 0.364023 0.000000 0.931390 1.000000 1.000000 1.000000
3300.290283 0.000000 5772.942871 0.000000 0.930940 0.000000 0.365172 1.000000 1.000000 1.000000
3285.573242 0.000000 5806.449219 0.000000 0.317367 0.000000 0.948303 1.000000 1.000000 1.000000
3293.032715 0.000000 5780.227539 0.000000 0.687859 0.000000 0.725844 1.000000 1.000000 1.000000
3281.135742 0.000000 5766.194336 0.000000 0.971683 0.000000 0.236289 1.000000 1.000000 1.000000
3282.617432 0.000000 5760.323730 0.000000 0.991799 0.000000 0.127808 1.000000 1.000000 1.000000
3291.337158 0.000000 5750.583984 0.000000 0.749988 0.000000 0.661451 1.000000 1.000000 1.000000
3288.045166 0.000000 5734.056152 0.000000 0.583010 0.000000 0.812465 1.000000 1.000000 1.000000
3283.928223 0.000000 5762.045410 0.000000 0.272866 0.000000 0.962052 1.000000 1.000000 1.000000
3283.686035 0.000000 5756.337402 0.000000 0.990770 0.000000 0.135557 1.000000 1.000000 1.000000
3296.917480 0.000000 5740.267578 0.000000 0.048623 0.000000 0.998817 1.000000 1.000000 1.000000
3287.679688 0.000000 5806.946777 0.000000 0.952470 0.000000 0.304632 1.000000 1.000000 1.000000
3287.053223 0.000000 5741.611816 0.000000 0.955501 0.000000 0.294988 1.000000 1.000000 1.000000
3291.431641 0.000000 5722.819824 0.000000 0.660643 0.000000 0.750700 1.000000 1.000000 1.000000
3281.011719 0.000000 5761.221191 0.000000 0.394094 0.000000 0.919070 1.000000 1.000000 1.000000
3291.777344 0.000000 5780.939453 0.000000 0.999009 0.000000 0.044514 1.000000 1.000000 1.000000
3296.040771 0.000000 5743.292969 0.000000 0.962084 0.000000 0.272754 1.000000 1.000000 1.000000
3303.939209 0.000000 5726.622559 0.000000 0.650906 0.000000 0.759158 1.000000 1.000000 1.000000
3281.203857 0.000000 5752.364746 0.000000 0.445156 0.000000 0.895453 1.000000 1.000000 1.000000
3282.673340 0.000000 5763.370605 0.000000 0.958904 0.000000 0.283732 1.000000 1.000000 1.000000
3289.357422 0.000000 5740.702148 0.000000 0.903858 0.000000 0.427832 1.000000 1.000000 1.000000
3281.557617 0.000000 5753.526367 0.000000 0.994810 0.000000 0.101746 1.000000 1.000000 1.000000
3292.902832 0.000000 5719.431152 0.000000 0.997038 0.000000 0.076909 1.000000 1.000000 1.000000
3282.008545 0.000000 5776.229004 0.000000 0.650605 0.000000 0.759417 1.000000 1.000000 1.000000
3288.269531 0.000000 5795.039062 0.000000 0.085915 0.000000 0.996302 1.000000 1.000000 1.000000
3173.109863 0.000000 5892.462891 0.000000 0.752883 0.000000 0.658154 1.000000 1.000000 1.000000
3180.860352 0.000000 5889.704590 0.000000 0.995441 0.000000 0.095374 1.000000 1.000000 1.000000
3179.208496 0.000000 5885.522949 0.000000 0.542124 0.000000 0.840299 1.000000 1.000000 1.000000
3185.474365 0.000000 5894.697754 0.000000 0.128715 0.000000 0.991682 1.000000 1.000000 1.000000
3179.611328 0.000000 5882.869141 0.000000 0.510011 0.000000 0.860168 1.000000 1.000000 1.000000
3186.278320 0.000000 5888.659668 0.000000 0.667415 0.000000 0.744686 1.000000 1.000000 1.000000
3181.419922 0.000000 5898.803223 0.000000 0.743006 0.000000 0.669285 1.000000 1.000000 1.000000
3185.346680 0.000000 5879.127441 0.000000 0.962753 0.000000 0.270384 1.000000 1.000000 1.000000
3181.027100 0.000000 5884.363770 0.000000 0.999746 0.000000 0.022530 1.000000 1.000000 1.000000
3181.019775 0.000000 5896.813965 0.000000 0.752001 0.000000 0.659162 1.000000 1.000000 1.000000
3179.406738 0.000000 5889.326660 0.000000 0.901419 0.000000 0.432949 1.000000 1.000000 1.000000
3179.988525 0.000000 5898.846680 0.000000 0.887535 0.000000 0.460740 1.000000 1.000000 1.000000
3178.763916 0.000000 5899.198730 0.000000 0.919836 0.000000 0.392303 1.000000 1.000000 1.000000
3186.670898 0.000000 5884.787598 0.000000 0.925731 0.000000 0.378183 1.000000 1.000000 1.000000
3182.054199 0.000000 5969.943359 0.000000 0.997413 0.000000 0.071880 1.000000 1.000000 1.000000
3138.463623 0.000000 5977.060059 0.000000 0.057815 0.000000 0.998327 1.000000 1.000000 1.000000
3177.529297 0.000000 5975.215820 0.000000 0.703436 0.000000 0.710759 1.000000 1.000000 1.000000
3185.729492 0.000000 5948.908203 0.000000 0.968977 0.000000 0.247152 1.000000 1.000000 1.000000
3168.322754 0.000000 5906.060059 0.000000 0.424831 0.000000 0.905273 1.000000 1.000000 1.000000
3180.860352 0.000000 5983.446777 0.000000 0.807082 0.000000 0.590440 1.000000 1.000000 1.000000
3150.414551 0.000000 5959.240234 0.000000 0.189657 0.000000 0.981851 1.000000 1.000000 1.000000
3155.750488 0.000000 5960.928711 0.000000 0.760203 0.000000 0.649686 1.000000 1.000000 1.000000
3157.443115 0.000000 5932.729492 0.000000 0.995489 0.000000 0.094872 1.000000 1.000000 1.000000
3165.426514 0.000000 5929.404297 0.000000 0.755173 0.000000 0.655526 1.000000 1.000000 1.000000
3167.427979 0.000000 5914.830566 0.000000 0.882707 0.000000 0.469924 1.000000 1.000000 1.000000
3154.411621 0.000000 5945.563965 0.000000 0.965216 0.000000 0.261455 1.000000 1.000000 1.000000
3162.809570 0.000000 5940.625977 0.000000 0.937603 0.000000 0.347708 1.000000 1.000000 1.000000
3152.853760 0.000000 5960.851074 0.000000 0.579422 0.000000 0.815028 1.000000 1.000000 1.000000
3129.744873 0.000000 5977.325195 0.000000 0.134010 0.000000 0.990980 1.000000 1.000000 1.000000
3160.478516 0.000000 5928.253906 0.000000 0.872331 0.000000 0.488916 1.000000 1.000000 1.000000
3169.681152 0.000000 5992.938477 0.000000 0.022704 0.000000 0.999742 1.000000 1.000000 1.000000
3136.543213 0.000000 5983.282715 0.000000 0.828297 0.000000 0.560289 1.000000 1.000000 1.000000
3115.953857 0.000000 5998.764648 0.000000 0.846384 0.000000 0.532573 1.000000 1.000000 1.000000
3154.375488 0.000000 5919.079590 0.000000 0.722255 0.000000 0.691627 1.000000 1.000000 1.000000
3183.622070 0.000000 5978.198242 0.000000 0.226877 0.000000 0.973923 1.000000 1.000000 1.000000
3155.154541 0.000000 5932.035645 0.000000 0.962430 0.000000 0.271528 1.000000 1.000000 1.000000
3165.434814 0.000000 5916.191895 0.000000 0.211732 0.000000 0.977328 1.000000 1.000000 1.000000
3129.805420 0.000000 5985.843262 0.000000 0.920582 0.000000 0.390549 1.000000 1.000000 1.000000
3152.250488 0.000000 5958.272949 0.000000 0.675566 0.000000 0.737300 1.000000 1.000000 1.000000
3131.759033 0.000000 5995.505371 0.000000 0.853491 0.000000 0.521108 1.000000 1.000000 1.000000
3134.672363 0.000000 5984.067383 0.000000 0.964934 0.000000 0.262494 1.000000 1.000000 1.000000
3170.989014 0.000000 5911.577148 0.000000 0.378604 0.000000 0.925559 1.000000 1.000000 1.000000
3164.048584 0.000000 5922.757812 0.000000 0.999305 0.000000 0.037281 1.000000 1.000000 1.000000
3169.173584 0.000000 5915.611328 0.000000 0.972119 0.000000 0.234489 1.000000 1.000000 1.000000
3132.536133 0.000000 5982.666504 0.000000 0.813869 0.000000 0.581048 1.000000 1.000000 1.000000
3136.509277 0.000000 5952.987305 0.000000 0.947346 0.000000 0.320213 1.000000 1.000000 1.000000
3163.235352 0.000000 5996.549316 0.000000 0.073429 0.000000 0.997301 1.000000 1.000000 1.000000
3161.011475 0.000000 5990.423340 0.000000 0.983724 0.000000 0.179686 1.000000 1.000000 1.000000
3171.087646 0.000000 5991.963379 0.000000 0.680232 0.000000 0.732997 1.000000 1.000000 1.000000
3136.486328 0.000000 5985.041016 0.000000 0.922134 0.000000 0.386871 1.000000 1.000000 1.000000
3180.400391 0.000000 5966.195801 0.000000 0.313488 0.000000 0.949592 1.000000 1.000000 1.000000
3158.077637 0.000000 5955.669434 0.000000 0.868417 0.000000 0.495834 1.000000 1.000000 1.000000
3165.414062 0.000000 5923.940918 0.000000 0.136861 0.000000 0.990590 1.000000 1.000000 1.000000
3181.520508 0.000000 5984.807129 0.000000 0.703947 0.000000 0.710252 1.000000 1.000000 1.000000
3183.557373 0.000000 5969.905273 0.000000 0.266678 0.000000 0.963786 1.000000 1.000000 1.000000
3129.001953 0.000000 5976.017578 0.000000 0.948009 0.000000 0.318243 1.000000 1.000000 1.000000
3161.571777 0.000000 5939.769043 0.000000 0.370155 0.000000 0.928970 1.000000 1.000000 1.000000
3163.499268 0.000000 5956.769531 0.000000 0.836290 0.000000 0.548287 1.000000 1.000000 1.000000
3152.996094 0.000000 5959.409668 0.000000 0.508850 0.000000 0.860855 1.000000 1.000000 1.000000
3161.049316 0.000000 5926.927734 0.000000 0.778903 0.000000 0.627144 1.000000 1.000000 1.000000
3186.933350 0.000000 5936.206543 0.000000 0.865336 0.000000 0.501192 1.000000 1.000000 1.000000
3129.045166 0.000000 5984.672363 0.000000 0.806510 0.000000 0.591221 1.000000 1.000000 1.000000
3162.256348 0.000000 5988.442871 0.000000 0.597583 0.000000 0.801807 1.000000 1.000000 1.000000
3133.742432 0.000000 5983.133301 0.000000 0.731230 0.000000 0.682131 1.000000 1.000000 1.000000
3155.395508 0.000000 5919.951660 0.000000 0.303404 0.000000 0.952862 1.000000 1.000000 1.000000
3151.327148 0.000000 5964.691895 0.000000 0.219297 0.000000 0.975658 1.000000 1.000000 1.000000
3170.272949 0.000000 5910.639648 0.000000 0.311467 0.000000 0.950257 1.000000 1.000000 1.000000
3163.131836 0.000000 5947.781738 0.000000 0.999973 0.000000 0.007343 1.000000 1.000000 1.000000
3168.635986 0.000000 5914.605469 0.000000 0.664235 0.000000 0.747524 1.000000 1.000000 1.000000
3177.271484 0.000000 5974.074707 0.000000 0.645799 0.000000 0.763507 1.000000 1.000000 1.000000
3256.886963 0.000000 5814.113281 0.000000 0.156401 0.000000 0.987694 1.000000 1.000000 1.000000
3268.345703 0.000000 5842.085938 0.000000 0.765635 0.000000 0.643275 1.000000 1.000000 1.000000
3264.701416 0.000000 5822.720215 0.000000 0.652619 0.000000 0.757686 1.000000 1.000000 1.000000
3265.632080 0.000000 5856.297363 0.000000 0.991101 0.000000 0.133114 1.000000 1.000000 1.000000
3267.926758 0.000000 5835.716309 0.000000 0.207212 0.000000 0.978296 1.000000 1.000000 1.000000
3226.828125 0.000000 5818.306152 0.000000 0.921297 0.000000 0.388861 1.000000 1.000000 1.000000
3236.634521 0.000000 5880.469727 0.000000 0.981799 0.000000 0.189922 1.000000 1.000000 1.000000
3199.225830 0.000000 5864.942383 0.000000 0.154246 0.000000 0.988032 1.000000 1.000000 1.000000
3249.304443 0.000000 5887.354492 0.000000 0.249041 0.000000 0.968493 1.000000 1.000000 1.000000
3228.987793 0.000000 5892.502930 0.000000 0.994958 0.000000 0.100297 1.000000 1.000000 1.000000
3264.067383 0.000000 5833.847656 0.000000 0.797042 0.000000 0.603923 1.000000 1.000000 1.000000
3221.769287 0.000000 5896.600098 0.000000 0.168576 0.000000 0.985689 1.000000 1.000000 1.000000
3224.625244 0.000000 5822.850586 0.000000 0.650486 0.000000 0.759518 1.000000 1.000000 1.000000
3224.777832 0.000000 5841.065918 0.000000 0.226688 0.000000 0.973967 1.000000 1.000000 1.000000
3191.721924 0.000000 5886.694336 0.000000 0.427645 0.000000 0.903947 1.000000 1.000000 1.000000
3189.395752 0.000000 5883.350098 0.000000 0.313372 0.000000 0.949631 1.000000 1.000000 1.000000
3266.501465 0.000000 5816.550293 0.000000 0.290982 0.000000 0.956729 1.000000 1.000000 1.000000
3218.622314 0.000000 5895.012207 0.000000 0.538922 0.000000 0.842356 1.000000 1.000000 1.000000
3217.271729 0.000000 5858.567871 0.000000 0.456929 0.000000 0.889503 1.000000 1.000000 1.000000
3244.045166 0.000000 5877.053711 0.000000 0.863510 0.000000 0.504331 1.000000 1.000000 1.000000
3253.040039 0.000000 5868.761230 0.000000 0.398829 0.000000 0.917026 1.000000 1.000000 1.000000
3247.667236 0.000000 5889.984375 0.000000 0.511022 0.000000 0.859567 1.000000 1.000000 1.000000
3221.794678 0.000000 5893.319336 0.000000 0.955978 0.000000 0.293440 1.000000 1.000000 1.000000
3216.826904 0.000000 5847.173828 0.000000 0.107461 0.000000 0.994209 1.000000 1.000000 1.000000
3218.239990 0.000000 5840.220215 0.000000 0.867248 0.000000 0.497876 1.000000 1.000000 1.000000
3246.595947 0.000000 5867.108887 0.000000 0.998294 0.000000 0.058389 1.000000 1.000000 1.000000
3187.249512 0.000000 5891.271973 0.000000 0.915580 0.000000 0.402137 1.000000 1.000000 1.000000
3226.833008 0.000000 5821.050293 0.000000 0.704264 0.000000 0.709939 1.000000 1.000000 1.000000
3218.916504 0.000000 5856.124512 0.000000 0.456692 0.000000 0.889625 1.000000 1.000000 1.000000
3222.380127 0.000000 5842.285645 0.000000 0.838234 0.000000 0.545311 1.000000 1.000000 1.000000
3248.512207 0.000000 5869.726562 0.000000 0.997064 0.000000 0.076567 1.000000 1.000000 1.000000
3243.517334 0.000000 5881.242188 0.000000 0.989453 0.000000 0.144854 1.000000 1.000000 1.000000
3238.829590 0.000000 5878.648438 0.000000 0.572764 0.000000 0.819720 1.000000 1.000000 1.000000
3223.411377 0.000000 5838.720215 0.000000 0.935521 0.000000 0.353272 1.000000 1.000000 1.000000
3268.544922 0.000000 5827.242188 0.000000 0.999609 0.000000 0.027955 1.000000 1.000000 1.000000
3220.473145 0.000000 5848.541016 0.000000 0.824903 0.000000 0.565274 1.000000 1.000000 1.000000
3258.619141 0.000000 5851.797852 0.000000 0.410095 0.000000 0.912043 1.000000 1.000000 1.000000
3212.909424 0.000000 5839.811523 0.000000 0.489565 0.000000 0.871967 1.000000 1.000000 1.000000
3227.183350 0.000000 5835.393555 0.000000 0.176732 0.000000 0.984259 1.000000 1.000000 1.000000
3253.987549 0.000000 5832.108398 0.000000 0.377663 0.000000 0.925943 1.000000 1.000000 1.000000
3226.635010 0.000000 5823.844727 0.000000 0.998253 0.000000 0.059083 1.000000 1.000000 1.000000
3226.237305 0.000000 5854.498047 0.000000 0.737602 0.000000 0.675236 1.000000 1.000000 1.000000
3210.802979 0.000000 5839.349121 0.000000 0.501168 0.000000 0.865350 1.000000 1.000000 1.000000
3244.000244 0.000000 5879.182129 0.000000 0.949186 0.000000 0.314714 1.000000 1.000000 1.000000
3252.827393 0.000000 5890.604004 0.000000 0.695342 0.000000 0.718679 1.000000 1.000000 1.000000
3228.414551 0.000000 5890.325195 0.000000 0.272647 0.000000 0.962114 1.000000 1.000000 1.000000
3230.154297 0.000000 5883.261230 0.000000 0.099943 0.000000 0.994993 1.000000 1.000000 1.000000
3226.665527 0.000000 5892.872559 0.000000 0.865066 0.000000 0.501658 1.000000 1.000000 1.000000
3257.159180 0.000000 5819.163574 0.000000 0.999936 0.000000 0.011352 1.000000 1.000000 1.000000
3249.022949 0.000000 5883.951660 0.000000 0.784602 0.000000 0.620000 1.000000 1.000000 1.000000
3199.213135 0.000000 5872.019043 0.000000 0.846178 0.000000 0.532900 1.000000 1.000000 1.000000
3200.955322 0.000000 5876.876465 0.000000 0.948127 0.000000 0.317891 1.000000 1.000000 1.000000
3233.993164 0.000000 5851.862793 0.000000 0.423119 0.000000 0.906074 1.000000 1.000000 1.000000
3266.611572 0.000000 5814.565918 0.000000 0.662226 0.000000 0.749304 1.000000 1.000000 1.000000
3249.760010 0.000000 5872.585449 0.000000 0.439340 0.000000 0.898321 1.000000 1.000000 1.000000
3202.547607 0.000000 5873.886719 0.000000 0.901411 0.000000 0.432964 1.000000 1.000000 1.000000
3268.442139 0.000000 5817.148926 0.000000 0.871059 0.000000 0.491179 1.000000 1.000000 1.000000
3249.210205 0.000000 5889.100586 0.000000 0.233186 0.000000 0.972432 1.000000 1.000000 1.000000
3242.317383 0.000000 5877.479492 0.000000 0.253553 0.000000 0.967322 1.000000 1.000000 1.000000
3192.655518 0.000000 5868.303711 0.000000 0.074613 0.000000 0.997213 1.000000 1.000000 1.000000
3268.135498 0.000000 5845.605469 0.000000 0.176335 0.000000 0.984330 1.000000 1.000000 1.000000
3230.592041 0.000000 5823.791992 0.000000 0.992827 0.000000 0.119559 1.000000 1.000000 1.000000
3270.377686 0.000000 5827.119141 0.000000 0.992775 0.000000 0.119992 1.000000 1.000000 1.000000
3252.399658 0.000000 5832.700684 0.000000 0.911025 0.000000 0.412352 1.000000 1.000000 1.000000
3257.179199 0.000000 5812.053223 0.000000 0.406580 0.000000 0.913615 1.000000 1.000000 1.000000
3259.523682 0.000000 5850.235840 0.000000 0.347808 0.000000 0.937566 1.000000 1.000000 1.000000
3264.637207 0.000000 5820.966309 0.000000 0.878692 0.000000 0.477390 1.000000 1.000000 1.000000
3224.813232 0.000000 5891.050781 0.000000 0.945209 0.000000 0.326465 1.000000 1.000000 1.000000
3225.001953 0.000000 5839.006836 0.000000 0.894605 0.000000 0.446858 1.000000 1.000000 1.000000
3260.983154 0.000000 5827.901855 0.000000 0.915753 0.000000 0.401742 1.000000 1.000000 1.000000
3222.458252 0.000000 5852.965820 0.000000 0.908137 0.000000 0.418673 1.000000 1.000000 1.000000
3239.278809 0.000000 5877.109863 0.000000 0.999122 0.000000 0.041899 1.000000 1.000000 1.000000
3231.363281 0.000000 5888.298340 0.000000 0.077709 0.000000 0.996976 1.000000 1.000000 1.000000
3222.663086 0.000000 5843.835449 0.000000 0.896663 0.000000 0.442714 1.000000 1.000000 1.000000
3244.955322 0.000000 5880.859375 0.000000 0.618038 0.000000 0.786148 1.000000 1.000000 1.000000
3245.027832 0.000000 5878.148926 0.000000 0.966412 0.000000 0.256998 1.000000 1.000000 1.000000
3252.361328 0.000000 5828.910645 0.000000 0.045646 0.000000 0.998958 1.000000 1.000000 1.000000
3228.470459 0.000000 5850.123535 0.000000 0.799770 0.000000 0.600306 1.000000 1.000000 1.000000
3227.494873 0.000000 5853.935059 0.000000 0.733544 0.000000 0.679642 1.000000 1.000000 1.000000
3271.433350 0.000000 5826.117188 0.000000 0.837166 0.000000 0.546949 1.000000 1.000000 1.000000
3264.382568 0.000000 5819.145508 0.000000 0.712229 0.000000 0.701947 1.000000 1.000000 1.000000
3252.944824 0.000000 5833.931152 0.000000 0.529070 0.000000 0.848578 1.000000 1.000000 1.000000
3227.514648 0.000000 5822.885254 0.000000 0.129598 0.000000 0.991567 1.000000 1.000000 1.000000
3242.848145 0.000000 5878.635742 0.000000 0.972690 0.000000 0.232108 1.000000 1.000000 1.000000
3228.197754 0.000000 5851.346680 0.000000 0.970825 0.000000 0.239789 1.000000 1.000000 1.000000
3266.013428 0.000000 5848.669434 0.000000 0.827010 0.000000 0.562187 1.000000 1.000000 1.000000
3216.138184 0.000000 5858.853027 0.000000 0.089417 0.000000 0.995994 1.000000 1.000000 1.000000
3220.341553 0.000000 5890.899902 0.000000 0.717108 0.000000 0.696962 1.000000 1.000000 1.000000
3217.987549 0.000000 5859.488281 0.000000 0.639315 0.000000 0.768945 1.000000 1.000000 1.000000
3205.013672 0.000000 5869.962891 0.000000 0.560179 0.000000 0.828372 1.000000 1.000000 1.000000
3224.612061 0.000000 5843.711426 0.000000 0.545864 0.000000 0.837874 1.000000 1.000000 1.000000
3203.674072 0.000000 5875.384277 0.000000 0.397682 0.000000 0.917523 1.000000 1.000000 1.000000
3287.012695 0.000000 5813.853027 0.000000 0.834372 0.000000 0.551202 1.000000 1.000000 1.000000
3283.927979 0.000000 5814.409180 0.000000 0.220177 0.000000 0.975460 1.000000 1.000000 1.000000
3287.268555 0.000000 5812.043457 0.000000 0.970956 0.000000 0.239259 1.000000 1.000000 1.000000
3287.353760 0.000000 5814.983887 0.000000 0.007887 0.000000 0.999969 1.000000 1.000000 1.000000
3195.086426 0.000000 5941.400879 0.000000 0.427108 0.000000 0.904201 1.000000 1.000000 1.000000
3187.269287 0.000000 5947.256348 0.000000 0.636279 0.000000 0.771459 1.000000 1.000000 1.000000
3200.863037 0.000000 5931.055176 0.000000 0.569444 0.000000 0.822030 1.000000 1.000000 1.000000
3204.737549 0.000000 5923.975098 0.000000 0.314210 0.000000 0.949354 1.000000 1.000000 1.000000
3191.083984 0.000000 5939.923828 0.000000 0.355254 0.000000 0.934770 1.000000 1.000000 1.000000
3195.807373 0.000000 5931.183594 0.000000 0.922987 0.000000 0.384831 1.000000 1.000000 1.000000
3188.567871 0.000000 5949.425781 0.000000 0.687451 0.000000 0.726231 1.000000 1.000000 1.000000
3188.761475 0.000000 5940.256836 0.000000 0.532740 0.000000 0.846279 1.000000 1.000000 1.000000
3209.142334 0.000000 5911.123047 0.000000 0.151205 0.000000 0.988502 1.000000 1.000000 1.000000
3209.871826 0.000000 5920.648926 0.000000 0.535654 0.000000 0.844438 1.000000 1.000000 1.000000
3200.623291 0.000000 5922.428223 0.000000 0.988223 0.000000 0.153019 1.000000 1.000000 1.000000
3187.250244 0.000000 5964.469727 0.000000 0.878232 0.000000 0.478236 1.000000 1.000000 1.000000
3207.564941 0.000000 5911.907227 0.000000 0.611254 0.000000 0.791434 1.000000 1.000000 1.000000
3191.711670 0.000000 5956.709473 0.000000 0.999598 0.000000 0.028358 1.000000 1.000000 1.000000
3191.180176 0.000000 5941.362793 0.000000 0.350227 0.000000 0.936665 1.000000 1.000000 1.000000
3204.467529 0.000000 5925.273438 0.000000 0.956064 0.000000 0.293159 1.000000 1.000000 1.000000
3193.830322 0.000000 5974.035156 0.000000 0.558207 0.000000 0.829702 1.000000 1.000000 1.000000
3202.345947 0.000000 5914.708496 0.000000 0.701005 0.000000 0.713156 1.000000 1.000000 1.000000
3195.436523 0.000000 5940.263672 0.000000 0.916206 0.000000 0.400707 1.000000 1.000000 1.000000
3398.802490 0.000000 5690.985840 0.000000 0.748326 0.000000 0.663331 1.000000 1.000000 1.000000
3449.682861 0.000000 5704.474609 0.000000 0.101622 0.000000 0.994823 1.000000 1.000000 1.000000
3389.896729 0.000000 5714.923340 0.000000 0.937186 0.000000 0.348829 1.000000 1.000000 1.000000
3382.570801 0.000000 5660.174316 0.000000 0.229852 0.000000 0.973226 1.000000 1.000000 1.000000
3418.791504 0.000000 5682.714355 0.000000 0.410827 0.000000 0.911713 1.000000 1.000000 1.000000
3411.482178 0.000000 5673.849121 0.000000 0.027355 0.000000 0.999626 1.000000 1.000000 1.000000
3385.489258 0.000000 5714.527832 0.000000 0.512576 0.000000 0.858642 1.000000 1.000000 1.000000
3378.317627 0.000000 5710.573242 0.000000 0.554258 0.000000 0.832345 1.000000 1.000000 1.000000
3437.561035 0.000000 5713.090332 0.000000 0.974702 0.000000 0.223510 1.000000 1.000000 1.000000
3415.433838 0.000000 5689.374512 0.000000 0.780493 0.000000 0.625164 1.000000 1.000000 1.000000
3394.957764 0.000000 5680.859863 0.000000 0.265957 0.000000 0.963985 1.000000 1.000000 1.000000
3451.023193 0.000000 5714.827637 0.000000 0.800589 0.000000 0.599213 1.000000 1.000000 1.000000
3431.751221 0.000000 5709.604004 0.000000 0.189063 0.000000 0.981965 1.000000 1.000000 1.000000
3384.700439 0.000000 5655.236816 0.000000 0.866311 0.000000 0.499504 1.000000 1.000000 1.000000
3433.951172 0.000000 5707.517578 0.000000 0.032233 0.000000 0.999480 1.000000 1.000000 1.000000
3393.072021 0.000000 5658.871094 0.000000 0.462972 0.000000 0.886373 1.000000 1.000000 1.000000
3400.907471 0.000000 5679.374023 0.000000 0.765491 0.000000 0.643447 1.000000 1.000000 1.000000
3380.310059 0.000000 5717.007812 0.000000 0.889400 0.000000 0.457130 1.000000 1.000000 1.000000
3390.540771 0.000000 5644.900879 0.000000 0.764572 0.000000 0.644539 1.000000 1.000000 1.000000
3387.659180 0.000000 5636.824219 0.000000 0.557346 0.000000 0.830281 1.000000 1.000000 1.000000
3447.964844 0.000000 5715.791504 0.000000 0.270837 0.000000 0.962625 1.000000 1.000000 1.000000
3375.483643 0.000000 5639.840820 0.000000 0.017038 0.000000 0.999855 1.000000 1.000000 1.000000
3393.717285 0.000000 5649.334473 0.000000 0.029379 0.000000 0.999568 1.000000 1.000000 1.000000
3433.840576 0.000000 5694.939453 0.000000 0.485087 0.000000 0.874466 1.000000 1.000000 1.000000
3407.957520 0.000000 5661.056641 0.000000 0.726569 0.000000 0.687093 1.000000 1.000000 1.000000
3385.053467 0.000000 5717.228516 0.000000 0.651483 0.000000 0.758663 1.000000 1.000000 1.000000
3446.032959 0.000000 5714.357422 0.000000 0.024071 0.000000 0.999710 1.000000 1.000000 1.000000
3380.042725 0.000000 5660.589355 0.000000 0.999990 0.000000 0.004533 1.000000 1.000000 1.000000
3395.475586 0.000000 5673.978516 0.000000 0.471144 0.000000 0.882056 1.000000 1.000000 1.000000
3406.056396 0.000000 5675.646973 0.000000 0.745430 0.000000 0.666584 1.000000 1.000000 1.000000
3405.844482 0.000000 5673.112305 0.000000 0.964332 0.000000 0.264697 1.000000 1.000000 1.000000
3413.380127 0.000000 5658.361328 0.000000 0.133467 0.000000 0.991053 1.000000 1.000000 1.000000
3431.501465 0.000000 5687.356445 0.000000 0.942847 0.000000 0.333226 1.000000 1.000000 1.000000
3424.977295 0.000000 5697.982422 0.000000 0.746236 0.000000 0.665681 1.000000 1.000000 1.000000
3396.989502 0.000000 5644.026855 0.000000 0.299347 0.000000 0.954144 1.000000 1.000000 1.000000
3392.773193 0.000000 5656.573242 0.000000 0.949770 0.000000 0.312947 1.000000 1.000000 1.000000
3439.091064 0.000000 5714.522949 0.000000 0.792521 0.000000 0.609845 1.000000 1.000000 1.000000
3406.019531 0.000000 5660.539062 0.000000 0.790805 0.000000 0.612069 1.000000 1.000000 1.000000
3390.458496 0.000000 5648.305664 0.000000 0.101720 0.000000 0.994813 1.000000 1.000000 1.000000
3449.798828 0.000000 5716.188965 0.000000 0.034722 0.000000 0.999397 1.000000 1.000000 1.000000
3399.274414 0.000000 5680.122070 0.000000 0.994739 0.000000 0.102444 1.000000 1.000000 1.000000
3404.833496 0.000000 5677.122559 0.000000 0.915815 0.000000 0.401601 1.000000 1.000000 1.000000
3407.831299 0.000000 5675.937988 0.000000 1.000000 0.000000 0.000158 1.000000 1.000000 1.000000
3432.934570 0.000000 5697.349121 0.000000 0.765882 0.000000 0.642981 1.000000 1.000000 1.000000
3400.562012 0.000000 5654.363281 0.000000 0.745673 0.000000 0.666312 1.000000 1.000000 1.000000
3420.610107 0.000000 5694.437988 0.000000 0.990428 0.000000 0.138033 1.000000 1.000000 1.000000
3416.124023 0.000000 5685.556641 0.000000 0.729569 0.000000 0.683907 1.000000 1.000000 1.000000
3399.495361 0.000000 5688.703613 0.000000 0.908441 0.000000 0.418013 1.000000 1.000000 1.000000
3432.218750 0.000000 5694.863281 0.000000 0.646214 0.000000 0.763156 1.000000 1.000000 1.000000
3443.090088 0.000000 5705.946777 0.000000 0.842280 0.000000 0.539041 1.000000 1.000000 1.000000
3430.726074 0.000000 5686.017578 0.000000 0.998267 0.000000 0.058852 1.000000 1.000000 1.000000
3390.839355 0.000000 5643.391113 0.000000 0.999471 0.000000 0.032510 1.000000 1.000000 1.000000
3381.826660 0.000000 5717.051758 0.000000 0.998895 0.000000 0.046989 1.000000 1.000000 1.000000
3438.143066 0.000000 5707.271484 0.000000 0.528993 0.000000 0.848626 1.000000 1.000000 1.000000
3439.404785 0.000000 5717.747559 0.000000 0.947368 0.000000 0.320146 1.000000 1.000000 1.000000
3433.218750 0.000000 5706.288086 0.000000 0.396817 0.000000 0.917898 1.000000 1.000000 1.000000
3394.136230 0.000000 5674.479980 0.000000 0.391453 0.000000 0.920198 1.000000 1.000000 1.000000
3391.734619 0.000000 5645.617676 0.000000 0.041988 0.000000 0.999118 1.000000 1.000000 1.000000
3393.718994 0.000000 5657.669922 0.000000 0.610133 0.000000 0.792299 1.000000 1.000000 1.000000
3396.028809 0.000000 5644.975098 0.000000 0.793634 0.000000 0.608395 1.000000 1.000000 1.000000
3378.176758 0.000000 5711.944824 0.000000 0.367291 0.000000 0.930106 1.000000 1.000000 1.000000
3443.482910 0.000000 5707.216309 0.000000 0.881198 0.000000 0.472748 1.000000 1.000000 1.000000
3425.690918 0.000000 5699.081055 0.000000 0.990930 0.000000 0.134379 1.000000 1.000000 1.000000
3396.716797 0.000000 5682.916504 0.000000 0.985079 0.000000 0.172105 1.000000 1.000000 1.000000
3439.435059 0.000000 5706.270020 0.000000 0.493885 0.000000 0.869527 1.000000 1.000000 1.000000
3413.451904 0.000000 5668.268066 0.000000 0.574105 0.000000 0.818782 1.000000 1.000000 1.000000
3450.241455 0.000000 5717.362305 0.000000 0.839712 0.000000 0.543033 1.000000 1.000000 1.000000
3438.725830 0.000000 5715.849609 0.000000 0.844492 0.000000 0.535568 1.000000 1.000000 1.000000
3413.389648 0.000000 5669.491211 0.000000 0.999039 0.000000 0.043838 1.000000 1.000000 1.000000
3437.208984 0.000000 5706.275879 0.000000 0.989822 0.000000 0.142309 1.000000 1.000000 1.000000
3461.540283 0.000000 5757.237305 0.000000 0.810998 0.000000 0.585049 1.000000 1.000000 1.000000
3414.227051 0.000000 5779.523438 0.000000 0.495871 0.000000 0.868396 1.000000 1.000000 1.000000
3398.458252 0.000000 5757.229492 0.000000 0.657745 0.000000 0.753241 1.000000 1.000000 1.000000
3420.028809 0.000000 5759.678223 0.000000 0.440561 0.000000 0.897723 1.000000 1.000000 1.000000
3455.830078 0.000000 5748.343750 0.000000 0.520669 0.000000 0.853759 1.000000 1.000000 1.000000
3408.006836 0.000000 5739.256836 0.000000 0.192030 0.000000 0.981389 1.000000 1.000000 1.000000
3398.697021 0.000000 5809.320801 0.000000 0.983141 0.000000 0.182848 1.000000 1.000000 1.000000
3403.828857 0.000000 5749.745117 0.000000 0.538429 0.000000 0.842671 1.000000 1.000000 1.000000
3465.939453 0.000000 5741.596680 0.000000 0.399252 0.000000 0.916841 1.000000 1.000000 1.000000
3456.673584 0.000000 5769.702637 0.000000 0.853821 0.000000 0.520567 1.000000 1.000000 1.000000
3402.489014 0.000000 5762.160645 0.000000 0.424492 0.000000 0.905432 1.000000 1.000000 1.000000
3439.867188 0.000000 5810.104980 0.000000 0.201056 0.000000 0.979580 1.000000 1.000000 1.000000
3465.991211 0.000000 5777.083008 0.000000 0.995376 0.000000 0.096054 1.000000 1.000000 1.000000
3406.759277 0.000000 5797.770508 0.000000 0.876593 0.000000 0.481233 1.000000 1.000000 1.000000
3456.140869 0.000000 5782.099121 0.000000 0.873943 0.000000 0.486029 1.000000 1.000000 1.000000
3397.282227 0.000000 5718.421387 0.000000 0.065665 0.000000 0.997842 1.000000 1.000000 1.000000
3439.614258 0.000000 5718.377930 0.000000 0.299199 0.000000 0.954191 1.000000 1.000000 1.000000
3401.869141 0.000000 5720.060547 0.000000 0.687072 0.000000 0.726589 1.000000 1.000000 1.000000
3424.420166 0.000000 5760.854004 0.000000 0.974292 0.000000 0.225290 1.000000 1.000000 1.000000
3454.336426 0.000000 5798.720703 0.000000 0.222730 0.000000 0.974880 1.000000 1.000000 1.000000
3388.312744 0.000000 5728.061523 0.000000 0.471074 0.000000 0.882094 1.000000 1.000000 1.000000
3466.898438 0.000000 5797.266602 0.000000 0.962520 0.000000 0.271212 1.000000 1.000000 1.000000
3467.254395 0.000000 5781.072754 0.000000 0.963330 0.000000 0.268320 1.000000 1.000000 1.000000
3380.717773 0.000000 5743.083496 0.000000 0.380341 0.000000 0.924847 1.000000 1.000000 1.000000
3461.656006 0.000000 5810.755859 0.000000 0.808069 0.000000 0.589087 1.000000 1.000000 1.000000
3453.822998 0.000000 5745.303711 0.000000 0.931343 0.000000 0.364143 1.000000 1.000000 1.000000
3457.473389 0.000000 5735.611816 0.000000 0.199345 0.000000 0.979929 1.000000 1.000000 1.000000
3401.270752 0.000000 5765.672363 0.000000 0.946197 0.000000 0.323591 1.000000 1.000000 1.000000
3414.278809 0.000000 5732.447754 0.000000 0.721522 0.000000 0.692392 1.000000 1.000000 1.000000
3379.008789 0.000000 5723.246094 0.000000 0.452652 0.000000 0.891687 1.000000 1.000000 1.000000
3410.002441 0.000000 5736.507324 0.000000 0.992644 0.000000 0.121071 1.000000 1.000000 1.000000
3458.586914 0.000000 5755.676758 0.000000 0.345407 0.000000 0.938453 1.000000 1.000000 1.000000
3437.359131 0.000000 5802.208008 0.000000 0.160131 0.000000 0.987096 1.000000 1.000000 1.000000
3401.438965 0.000000 5741.095703 0.000000 0.836776 0.000000 0.547545 1.000000 1.000000 1.000000
3388.321533 0.000000 5779.329590 0.000000 0.807906 0.000000 0.589312 1.000000 1.000000 1.000000
3465.936279 0.000000 5774.074707 0.000000 0.874088 0.000000 0.485768 1.000000 1.000000 1.000000
3425.964600 0.000000 5766.759766 0.000000 0.998906 0.000000 0.046773 1.000000 1.000000 1.000000
3377.350586 0.000000 5735.225586 0.000000 0.543616 0.000000 0.839334 1.000000 1.000000 1.000000
3389.970947 0.000000 5776.462891 0.000000 0.998437 0.000000 0.055898 1.000000 1.000000 1.000000
3380.259277 0.000000 5740.218262 0.000000 0.768561 0.000000 0.639777 1.000000 1.000000 1.000000
3391.700684 0.000000 5722.413086 0.000000 0.147058 0.000000 0.989128 1.000000 1.000000 1.000000
3409.575439 0.000000 5784.943359 0.000000 0.343911 0.000000 0.939002 1.000000 1.000000 1.000000
3455.328369 0.000000 5760.814453 0.000000 0.941393 0.000000 0.337311 1.000000 1.000000 1.000000
3399.954834 0.000000 5763.097168 0.000000 0.909537 0.000000 0.415624 1.000000 1.000000 1.000000
3446.765869 0.000000 5777.672852 0.000000 0.654200 0.000000 0.756321 1.000000 1.000000 1.000000
3461.192627 0.000000 5754.469727 0.000000 0.549009 0.000000 0.835816 1.000000 1.000000 1.000000
3454.042480 0.000000 5738.836914 0.000000 0.325339 0.000000 0.945597 1.000000 1.000000 1.000000
3407.037598 0.000000 5741.801758 0.000000 0.850082 0.000000 0.526650 1.000000 1.000000 1.000000
3454.144043 0.000000 5801.312988 0.000000 0.761758 0.000000 0.647862 1.000000 1.000000 1.000000
3451.697754 0.000000 5734.650391 0.000000 0.689839 0.000000 0.723963 1.000000 1.000000 1.000000
3375.483643 0.000000 5733.583008 0.000000 0.946488 0.000000 0.322739 1.000000 1.000000 1.000000
3403.821533 0.000000 5740.229980 0.000000 0.164974 0.000000 0.986298 1.000000 1.000000 1.000000
3442.575928 0.000000 5798.192383 0.000000 0.927092 0.000000 0.374834 1.000000 1.000000 1.000000
3409.693604 0.000000 5728.569336 0.000000 0.132452 0.000000 0.991189 1.000000 1.000000 1.000000
3438.282227 0.000000 5804.519531 0.000000 0.972105 0.000000 0.234546 1.000000 1.000000 1.000000
3422.492920 0.000000 5740.821777 0.000000 0.532788 0.000000 0.846249 1.000000 1.000000 1.000000
3450.597656 0.000000 5777.418457 0.000000 0.982558 0.000000 0.185956 1.000000 1.000000 1.000000
3415.496582 0.000000 5758.853516 0.000000 0.242200 0.000000 0.970226 1.000000 1.000000 1.000000
3391.361328 0.000000 5733.226562 0.000000 0.901571 0.000000 0.432631 1.000000 1.000000 1.000000
3467.458252 0.000000 5764.643555 0.000000 0.009105 0.000000 0.999959 1.000000 1.000000 1.000000
3451.424316 0.000000 5731.454590 0.000000 0.234564 0.000000 0.972101 1.000000 1.000000 1.000000
3423.673584 0.000000 5780.834473 0.000000 0.020859 0.000000 0.999782 1.000000 1.000000 1.000000
3460.952881 0.000000 5781.983398 0.000000 0.997688 0.000000 0.067958 1.000000 1.000000 1.000000
3453.507324 0.000000 5748.318359 0.000000 0.744003 0.000000 0.668177 1.000000 1.000000 1.000000
3419.966064 0.000000 5742.005371 0.000000 0.675568 0.000000 0.737298 1.000000 1.000000 1.000000
3464.927979 0.000000 5780.899902 0.000000 0.165508 0.000000 0.986208 1.000000 1.000000 1.000000
3412.282471 0.000000 5731.442383 0.000000 0.547168 0.000000 0.837022 1.000000 1.000000 1.000000
3444.490967 0.000000 5801.913574 0.000000 0.980944 0.000000 0.194289 1.000000 1.000000 1.000000
3413.489746 0.000000 5805.599121 0.000000 0.372501 0.000000 0.928032 1.000000 1.000000 1.000000
3405.197266 0.000000 5751.482422 0.000000 0.572983 0.000000 0.819567 1.000000 1.000000 1.000000
3466.388672 0.000000 5743.753906 0.000000 0.968894 0.000000 0.247474 1.000000 1.000000 1.000000
3382.262939 0.000000 5741.633301 0.000000 0.179168 0.000000 0.983819 1.000000 1.000000 1.000000
3455.720947 0.000000 5737.054199 0.000000 0.960804 0.000000 0.277227 1.000000 1.000000 1.000000
3403.102783 0.000000 5794.208496 0.000000 0.398600 0.000000 0.917125 1.000000 1.000000 1.000000
3412.868164 0.000000 5802.062500 0.000000 0.303361 0.000000 0.952876 1.000000 1.000000 1.000000
3409.903809 0.000000 5740.057129 0.000000 0.049524 0.000000 0.998773 1.000000 1.000000 1.000000
3456.878906 0.000000 5783.965332 0.000000 0.032786 0.000000 0.999462 1.000000 1.000000 1.000000
3427.697998 0.000000 5767.741211 0.000000 0.453053 0.000000 0.891484 1.000000 1.000000 1.000000
3426.598389 0.000000 5771.158691 0.000000 0.563997 0.000000 0.825777 1.000000 1.000000 1.000000
3425.239502 0.000000 5739.250977 0.000000 0.953129 0.000000 0.302564 1.000000 1.000000 1.000000
3390.294434 0.000000 5721.083008 0.000000 0.968150 0.000000 0.250372 1.000000 1.000000 1.000000
3453.880615 0.000000 5786.350098 0.000000 0.815058 0.000000 0.579379 1.000000 1.000000 1.000000
3462.010742 0.000000 5794.044434 0.000000 0.528956 0.000000 0.848650 1.000000 1.000000 1.000000
3410.586182 0.000000 5738.307617 0.000000 0.244324 0.000000 0.969694 1.000000 1.000000 1.000000
3456.100098 0.000000 5777.172363 0.000000 0.996349 0.000000 0.085369 1.000000 1.000000 1.000000
3425.223877 0.000000 5774.168945 0.000000 0.996446 0.000000 0.084237 1.000000 1.000000 1.000000
3465.595703 0.000000 5755.735840 0.000000 0.873158 0.000000 0.487438 1.000000 1.000000 1.000000
3395.468262 0.000000 5744.969238 0.000000 0.914286 0.000000 0.405068 1.000000 1.000000 1.000000
3382.065186 0.000000 5748.493652 0.000000 0.202496 0.000000 0.979283 1.000000 1.000000 1.000000
3381.010742 0.000000 5718.301270 0.000000 0.921128 0.000000 0.389259 1.000000 1.000000 1.000000
3415.566406 0.000000 5731.200684 0.000000 0.381379 0.000000 0.924419 1.000000 1.000000 1.000000
3398.166504 0.000000 5763.642090 0.000000 0.980777 0.000000 0.195133 1.000000 1.000000 1.000000
3455.619873 0.000000 5751.863281 0.000000 0.756961 0.000000 0.653460 1.000000 1.000000 1.000000
3455.527832 0.000000 5750.116211 0.000000 0.966513 0.000000 0.256618 1.000000 1.000000 1.000000
3464.299561 0.000000 5756.904297 0.000000 0.153309 0.000000 0.988178 1.000000 1.000000 1.000000
3399.224121 0.000000 5810.994141 0.000000 0.844711 0.000000 0.535222 1.000000 1.000000 1.000000
3389.903320 0.000000 5778.245117 0.000000 0.671088 0.000000 0.741378 1.000000 1.000000 1.000000
3454.431885 0.000000 5782.689941 0.000000 0.703418 0.000000 0.710777 1.000000 1.000000 1.000000
3378.980469 0.000000 5735.650391 0.000000 0.786144 0.000000 0.618044 1.000000 1.000000 1.000000
3452.714355 0.000000 5787.653320 0.000000 0.696961 0.000000 0.717109 1.000000 1.000000 1.000000
3459.453857 0.000000 5781.121582 0.000000 0.974640 0.000000 0.223777 1.000000 1.000000 1.000000
3421.506836 0.000000 5748.054688 0.000000 0.274930 0.000000 0.961464 1.000000 1.000000 1.000000
3408.575195 0.000000 5741.100586 0.000000 0.944285 0.000000 0.329129 1.000000 1.000000 1.000000
3389.194092 0.000000 5747.507324 0.000000 0.052250 0.000000 0.998634 1.000000 1.000000 1.000000
3378.790527 0.000000 5747.301270 0.000000 0.834527 0.000000 0.550967 1.000000 1.000000 1.000000
3390.092773 0.000000 5732.194336 0.000000 0.728112 0.000000 0.685459 1.000000 1.000000 1.000000
3388.895020 0.000000 5729.535645 0.000000 0.845348 0.000000 0.534216 1.000000 1.000000 1.000000
3421.592529 0.000000 5774.678711 0.000000 0.060215 0.000000 0.998185 1.000000 1.000000 1.000000
3447.568604 0.000000 5803.029297 0.000000 0.311138 0.000000 0.950365 1.000000 1.000000 1.000000
3376.537109 0.000000 5732.343750 0.000000 0.998274 0.000000 0.058723 1.000000 1.000000 1.000000
3455.848633 0.000000 5799.137207 0.000000 0.971568 0.000000 0.236762 1.000000 1.000000 1.000000
3395.005127 0.000000 5720.704590 0.000000 0.700300 0.000000 0.713849 1.000000 1.000000 1.000000
3436.913330 0.000000 5805.380859 0.000000 0.960273 0.000000 0.279061 1.000000 1.000000 1.000000
3455.687012 0.000000 5801.405762 0.000000 0.827422 0.000000 0.561580 1.000000 1.000000 1.000000
3388.778076 0.000000 5726.582520 0.000000 0.018153 0.000000 0.999835 1.000000 1.000000 1.000000
3420.093506 0.000000 5743.593750 0.000000 0.220669 0.000000 0.975349 1.000000 1.000000 1.000000
3458.883789 0.000000 5734.958496 0.000000 0.797348 0.000000 0.603520 1.000000 1.000000 1.000000
3421.543945 0.000000 5742.002441 0.000000 0.370171 0.000000 0.928964 1.000000 1.000000 1.000000
3411.217285 0.000000 5740.963867 0.000000 0.787221 0.000000 0.616670 1.000000 1.000000 1.000000
3416.838623 0.000000 5758.269043 0.000000 0.247159 0.000000 0.968975 1.000000 1.000000 1.000000
3457.193848 0.000000 5801.744629 0.000000 0.312725 0.000000 0.949844 1.000000 1.000000 1.000000
3439.404785 0.000000 5811.489746 0.000000 0.992858 0.000000 0.119303 1.000000 1.000000 1.000000
3423.298096 0.000000 5759.399414 0.000000 0.464655 0.000000 0.885492 1.000000 1.000000 1.000000
3392.853516 0.000000 5732.904785 0.000000 0.989493 0.000000 0.144584 1.000000 1.000000 1.000000
3377.153809 0.000000 5733.722168 0.000000 0.606091 0.000000 0.795396 1.000000 1.000000 1.000000
3445.655273 0.000000 5800.720215 0.000000 0.941726 0.000000 0.336380 1.000000 1.000000 1.000000
3451.055664 0.000000 5730.104004 0.000000 0.146894 0.000000 0.989152 1.000000 1.000000 1.000000
3416.155029 0.000000 5772.439453 0.000000 0.227329 0.000000 0.973818 1.000000 1.000000 1.000000
3450.120850 0.000000 5731.841797 0.000000 0.964280 0.000000 0.264886 1.000000 1.000000 1.000000
3413.194092 0.000000 5738.588867 0.000000 0.995576 0.000000 0.093962 1.000000 1.000000 1.000000
3450.063721 0.000000 5774.500000 0.000000 0.458977 0.000000 0.888448 1.000000 1.000000 1.000000
3424.529785 0.000000 5776.751465 0.000000 0.661601 0.000000 0.749856 1.000000 1.000000 1.000000
3412.807373 0.000000 5730.233398 0.000000 0.819686 0.000000 0.572812 1.000000 1.000000 1.000000
3445.233398 0.000000 5726.728516 0.000000 0.825773 0.000000 0.564003 1.000000 1.000000 1.000000
3413.751465 0.000000 5806.853027 0.000000 0.149344 0.000000 0.988785 1.000000 1.000000 1.000000
3450.908447 0.000000 5773.417480 0.000000 0.844221 0.000000 0.535996 1.000000 1.000000 1.000000
3466.637207 0.000000 5796.053711 0.000000 0.486056 0.000000 0.873928 1.000000 1.000000 1.000000
3419.502441 0.000000 5745.164551 0.000000 0.167194 0.000000 0.985924 1.000000 1.000000 1.000000
3393.126709 0.000000 5800.575684 0.000000 0.679531 0.000000 0.733647 1.000000 1.000000 1.000000
3436.337891 0.000000 5807.172852 0.000000 0.915097 0.000000 0.403233 1.000000 1.000000 1.000000
3446.345215 0.000000 5780.604004 0.000000 0.036794 0.000000 0.999323 1.000000 1.000000 1.000000
3415.959473 0.000000 5741.494141 0.000000 0.654883 0.000000 0.755730 1.000000 1.000000 1.000000
3457.095215 0.000000 5782.807129 0.000000 0.955239 0.000000 0.295834 1.000000 1.000000 1.000000
3400.154541 0.000000 5810.360840 0.000000 0.409873 0.000000 0.912142 1.000000 1.000000 1.000000
3425.047363 0.000000 5775.327637 0.000000 0.589442 0.000000 0.807811 1.000000 1.000000 1.000000
3381.527588 0.000000 5724.504395 0.000000 0.819866 0.000000 0.572555 1.000000 1.000000 1.000000
3452.365234 0.000000 5774.018066 0.000000 0.670111 0.000000 0.742261 1.000000 1.000000 1.000000
3419.092285 0.000000 5777.535156 0.000000 0.999502 0.000000 0.031547 1.000000 1.000000 1.000000
3427.136963 0.000000 5766.708008 0.000000 0.501418 0.000000 0.865205 1.000000 1.000000 1.000000
3418.512207 0.000000 5745.599121 0.000000 0.969908 0.000000 0.243471 1.000000 1.000000 1.000000
3450.284180 0.000000 5730.779785 0.000000 0.231521 0.000000 0.972830 1.000000 1.000000 1.000000
3439.616943 0.000000 5809.111816 0.000000 0.369069 0.000000 0.929402 1.000000 1.000000 1.000000
3473.145996 0.000000 5765.708984 0.000000 0.124922 0.000000 0.992167 1.000000 1.000000 1.000000
3468.476074 0.000000 5797.529785 0.000000 0.995596 0.000000 0.093746 1.000000 1.000000 1.000000
3471.493164 0.000000 5763.648438 0.000000 0.694767 0.000000 0.719235 1.000000 1.000000 1.000000
3471.970215 0.000000 5767.915039 0.000000 0.910045 0.000000 0.414509 1.000000 1.000000 1.000000
3468.533936 0.000000 5788.373535 0.000000 0.216286 0.000000 0.976330 1.000000 1.000000 1.000000
3469.988037 0.000000 5752.772461 0.000000 0.853546 0.000000 0.521017 1.000000 1.000000 1.000000
3470.325439 0.000000 5766.199219 0.000000 0.103621 0.000000 0.994617 1.000000 1.000000 1.000000
3471.412598 0.000000 5762.045410 0.000000 0.154939 0.000000 0.987924 1.000000 1.000000 1.000000
3469.245117 0.000000 5789.591797 0.000000 0.131315 0.000000 0.991341 1.000000 1.000000 1.000000
3445.437988 0.000000 5844.167480 0.000000 0.187285 0.000000 0.982306 1.000000 1.000000 1.000000
3429.221436 0.000000 5879.289551 0.000000 0.977796 0.000000 0.209559 1.000000 1.000000 1.000000
3398.802490 0.000000 5878.470215 0.000000 0.527320 0.000000 0.849667 1.000000 1.000000 1.000000
3441.938232 0.000000 5875.456055 0.000000 0.979439 0.000000 0.201739 1.000000 1.000000 1.000000
3386.813232 0.000000 5875.736816 0.000000 0.541761 0.000000 0.840533 1.000000 1.000000 1.000000
3440.951660 0.000000 5865.331055 0.000000 0.801607 0.000000 0.597852 1.000000 1.000000 1.000000
3449.682861 0.000000 5891.958984 0.000000 0.742814 0.000000 0.669498 1.000000 1.000000 1.000000
3424.039307 0.000000 5871.893066 0.000000 0.061440 0.000000 0.998111 1.000000 1.000000 1.000000
3409.111084 0.000000 5819.789551 0.000000 0.778065 0.000000 0.628184 1.000000 1.000000 1.000000
3442.568359 0.000000 5836.997559 0.000000 0.997744 0.000000 0.067134 1.000000 1.000000 1.000000
3435.221436 0.000000 5856.218262 0.000000 0.781392 0.000000 0.624041 1.000000 1.000000 1.000000
3396.753906 0.000000 5871.726074 0.000000 0.579981 0.000000 0.814630 1.000000 1.000000 1.000000
3425.008545 0.000000 5887.687500 0.000000 0.915142 0.000000 0.403132 1.000000 1.000000 1.000000
3436.178467 0.000000 5892.920410 0.000000 0.907853 0.000000 0.419288 1.000000 1.000000 1.000000
3429.216797 0.000000 5873.852539 0.000000 0.344865 0.000000 0.938652 1.000000 1.000000 1.000000
3449.211914 0.000000 5905.579590 0.000000 0.300458 0.000000 0.953795 1.000000 1.000000 1.000000
3439.614258 0.000000 5812.120117 0.000000 0.989863 0.000000 0.142024 1.000000 1.000000 1.000000
3443.826172 0.000000 5900.902344 0.000000 0.610594 0.000000 0.791943 1.000000 1.000000 1.000000
3401.869141 0.000000 5813.802734 0.000000 0.600680 0.000000 0.799489 1.000000 1.000000 1.000000
3424.420166 0.000000 5854.596191 0.000000 0.788697 0.000000 0.614783 1.000000 1.000000 1.000000
3394.728516 0.000000 5816.138672 0.000000 0.987334 0.000000 0.158654 1.000000 1.000000 1.000000
3409.484375 0.000000 5815.538574 0.000000 0.443127 0.000000 0.896459 1.000000 1.000000 1.000000
3438.669678 0.000000 5838.987305 0.000000 0.355659 0.000000 0.934616 1.000000 1.000000 1.000000
3445.849609 0.000000 5897.422363 0.000000 0.898652 0.000000 0.438662 1.000000 1.000000 1.000000
3400.142090 0.000000 5827.312500 0.000000 0.998904 0.000000 0.046796 1.000000 1.000000 1.000000
3438.172852 0.000000 5877.362305 0.000000 0.572850 0.000000 0.819660 1.000000 1.000000 1.000000
3448.654541 0.000000 5821.088379 0.000000 0.388144 0.000000 0.921599 1.000000 1.000000 1.000000
3429.244141 0.000000 5870.046875 0.000000 0.465843 0.000000 0.884867 1.000000 1.000000 1.000000
3432.418457 0.000000 5834.072266 0.000000 0.883581 0.000000 0.468279 1.000000 1.000000 1.000000
3403.361084 0.000000 5828.495605 0.000000 0.765175 0.000000 0.643822 1.000000 1.000000 1.000000
3438.785645 0.000000 5815.343750 0.000000 0.996790 0.000000 0.080061 1.000000 1.000000 1.000000
3405.033691 0.000000 5831.758789 0.000000 0.591467 0.000000 0.806329 1.000000 1.000000 1.000000
3402.070068 0.000000 5816.927734 0.000000 0.833898 0.000000 0.551919 1.000000 1.000000 1.000000
3431.751221 0.000000 5897.088379 0.000000 0.770003 0.000000 0.638040 1.000000 1.000000 1.000000
3401.096924 0.000000 5876.560059 0.000000 0.641091 0.000000 0.767465 1.000000 1.000000 1.000000
3411.403809 0.000000 5817.843262 0.000000 0.883083 0.000000 0.469217 1.000000 1.000000 1.000000
3428.838135 0.000000 5892.564941 0.000000 0.362044 0.000000 0.932161 1.000000 1.000000 1.000000
3396.320312 0.000000 5840.318848 0.000000 0.940509 0.000000 0.339769 1.000000 1.000000 1.000000
3436.106201 0.000000 5859.283691 0.000000 0.250752 0.000000 0.968051 1.000000 1.000000 1.000000
3434.589355 0.000000 5822.918457 0.000000 0.948020 0.000000 0.318211 1.000000 1.000000 1.000000
3444.036133 0.000000 5846.883789 0.000000 0.188518 0.000000 0.982070 1.000000 1.000000 1.000000
3426.961182 0.000000 5872.246582 0.000000 0.169932 0.000000 0.985456 1.000000 1.000000 1.000000
3444.210449 0.000000 5824.334961 0.000000 0.783430 0.000000 0.621480 1.000000 1.000000 1.000000
3449.658691 0.000000 5823.613281 0.000000 0.205417 0.000000 0.978675 1.000000 1.000000 1.000000
3400.527100 0.000000 5901.207520 0.000000 0.999245 0.000000 0.038857 1.000000 1.000000 1.000000
3424.951660 0.000000 5865.920898 0.000000 0.858122 0.000000 0.513447 1.000000 1.000000 1.000000
3432.236572 0.000000 5847.083496 0.000000 0.904937 0.000000 0.425545 1.000000 1.000000 1.000000
3443.224609 0.000000 5849.850098 0.000000 0.842079 0.000000 0.539354 1.000000 1.000000 1.000000
3422.572998 0.000000 5887.154297 0.000000 0.688366 0.000000 0.725363 1.000000 1.000000 1.000000
3432.735596 0.000000 5855.965820 0.000000 0.886838 0.000000 0.462080 1.000000 1.000000 1.000000
3407.281006 0.000000 5830.831055 0.000000 0.642337 0.000000 0.766422 1.000000 1.000000 1.000000
3407.321289 0.000000 5814.736328 0.000000 0.966092 0.000000 0.258199 1.000000 1.000000 1.000000
3427.003418 0.000000 5874.646484 0.000000 0.426339 0.000000 0.904563 1.000000 1.000000 1.000000
3442.070801 0.000000 5847.997070 0.000000 0.497589 0.000000 0.867413 1.000000 1.000000 1.000000
3434.167236 0.000000 5892.030762 0.000000 0.884645 0.000000 0.466265 1.000000 1.000000 1.000000
3433.265137 0.000000 5836.052246 0.000000 0.996033 0.000000 0.088980 1.000000 1.000000 1.000000
3399.618896 0.000000 5861.004395 0.000000 0.959026 0.000000 0.283319 1.000000 1.000000 1.000000
3439.615479 0.000000 5875.735840 0.000000 0.926267 0.000000 0.376868 1.000000 1.000000 1.000000
3396.887695 0.000000 5873.925781 0.000000 0.673321 0.000000 0.739350 1.000000 1.000000 1.000000
3400.848877 0.000000 5879.059082 0.000000 0.257813 0.000000 0.966195 1.000000 1.000000 1.000000
3430.082275 0.000000 5871.960449 0.000000 0.295233 0.000000 0.955425 1.000000 1.000000 1.000000
3433.477051 0.000000 5864.530762 0.000000 0.435278 0.000000 0.900296 1.000000 1.000000 1.000000
3428.541260 0.000000 5858.583984 0.000000 0.879599 0.000000 0.475717 1.000000 1.000000 1.000000
3405.005127 0.000000 5829.795410 0.000000 0.345423 0.000000 0.938447 1.000000 1.000000 1.000000
3431.349609 0.000000 5870.547363 0.000000 0.815551 0.000000 0.578686 1.000000 1.000000 1.000000
3408.192871 0.000000 5894.943359 0.000000 0.268853 0.000000 0.963181 1.000000 1.000000 1.000000
3438.336914 0.000000 5818.605469 0.000000 0.336175 0.000000 0.941800 1.000000 1.000000 1.000000
3439.510254 0.000000 5820.045410 0.000000 0.878113 0.000000 0.478454 1.000000 1.000000 1.000000
3424.808105 0.000000 5852.793457 0.000000 0.715126 0.000000 0.698996 1.000000 1.000000 1.000000
3403.772705 0.000000 5817.603516 0.000000 0.854963 0.000000 0.518688 1.000000 1.000000 1.000000
3413.575684 0.000000 5816.546387 0.000000 0.703088 0.000000 0.711103 1.000000 1.000000 1.000000
3429.829834 0.000000 5875.535156 0.000000 0.007462 0.000000 0.999972 1.000000 1.000000 1.000000
3436.806396 0.000000 5891.236816 0.000000 0.583990 0.000000 0.811761 1.000000 1.000000 1.000000
3398.166504 0.000000 5857.384277 0.000000 0.330904 0.000000 0.943665 1.000000 1.000000 1.000000
3401.486084 0.000000 5868.572754 0.000000 0.754916 0.000000 0.655822 1.000000 1.000000 1.000000
3448.811035 0.000000 5825.145508 0.000000 0.991935 0.000000 0.126747 1.000000 1.000000 1.000000
3400.128662 0.000000 5851.524902 0.000000 0.949617 0.000000 0.313414 1.000000 1.000000 1.000000
3391.412842 0.000000 5842.911133 0.000000 0.738176 0.000000 0.674608 1.000000 1.000000 1.000000
3394.623779 0.000000 5840.675781 0.000000 0.894911 0.000000 0.446245 1.000000 1.000000 1.000000
3425.247803 0.000000 5851.126953 0.000000 0.028934 0.000000 0.999581 1.000000 1.000000 1.000000
3394.777344 0.000000 5846.002441 0.000000 0.601535 0.000000 0.798847 1.000000 1.000000 1.000000
3406.744629 0.000000 5844.345703 0.000000 0.867463 0.000000 0.497501 1.000000 1.000000 1.000000
3395.815430 0.000000 5848.351562 0.000000 0.830478 0.000000 0.557051 1.000000 1.000000 1.000000
3402.003418 0.000000 5812.126953 0.000000 0.927053 0.000000 0.374930 1.000000 1.000000 1.000000
3442.735840 0.000000 5890.135742 0.000000 0.869161 0.000000 0.494530 1.000000 1.000000 1.000000
3439.106689 0.000000 5816.979980 0.000000 0.944508 0.000000 0.328487 1.000000 1.000000 1.000000
3430.685791 0.000000 5869.016113 0.000000 0.687155 0.000000 0.726511 1.000000 1.000000 1.000000
3396.900146 0.000000 5851.625000 0.000000 0.076092 0.000000 0.997101 1.000000 1.000000 1.000000
3433.387451 0.000000 5896.552734 0.000000 0.886586 0.000000 0.462565 1.000000 1.000000 1.000000
3401.654297 0.000000 5850.867676 0.000000 0.491345 0.000000 0.870965 1.000000 1.000000 1.000000
3410.386719 0.000000 5820.824219 0.000000 0.119024 0.000000 0.992891 1.000000 1.000000 1.000000
3400.593750 0.000000 5817.735352 0.000000 0.254778 0.000000 0.967000 1.000000 1.000000 1.000000
3448.197266 0.000000 5822.960938 0.000000 0.974149 0.000000 0.225907 1.000000 1.000000 1.000000
3430.925293 0.000000 5861.099121 0.000000 0.215962 0.000000 0.976402 1.000000 1.000000 1.000000
3434.700684 0.000000 5893.597168 0.000000 0.903969 0.000000 0.427597 1.000000 1.000000 1.000000
3406.555176 0.000000 5832.214355 0.000000 0.813342 0.000000 0.581786 1.000000 1.000000 1.000000
3440.052490 0.000000 5814.057129 0.000000 0.822867 0.000000 0.568235 1.000000 1.000000 1.000000
3442.888428 0.000000 5831.470703 0.000000 0.881825 0.000000 0.471577 1.000000 1.000000 1.000000
3397.297363 0.000000 5841.527344 0.000000 0.641746 0.000000 0.766917 1.000000 1.000000 1.000000
3408.593994 0.000000 5825.040039 0.000000 0.145355 0.000000 0.989380 1.000000 1.000000 1.000000
3430.407959 0.000000 5892.506348 0.000000 0.999987 0.000000 0.005180 1.000000 1.000000 1.000000
3441.023193 0.000000 5883.030273 0.000000 0.508580 0.000000 0.861014 1.000000 1.000000 1.000000
3397.667969 0.000000 5849.659180 0.000000 0.917064 0.000000 0.398740 1.000000 1.000000 1.000000
3401.940674 0.000000 5879.988281 0.000000 0.677395 0.000000 0.735620 1.000000 1.000000 1.000000
3423.235596 0.000000 5870.586914 0.000000 0.870196 0.000000 0.492707 1.000000 1.000000 1.000000
3431.693359 0.000000 5900.455566 0.000000 0.299677 0.000000 0.954041 1.000000 1.000000 1.000000
3393.025879 0.000000 5847.800293 0.000000 0.684114 0.000000 0.729375 1.000000 1.000000 1.000000
3428.423584 0.000000 5875.058594 0.000000 0.487095 0.000000 0.873349 1.000000 1.000000 1.000000
3430.567627 0.000000 5903.817871 0.000000 0.971807 0.000000 0.235779 1.000000 1.000000 1.000000
3433.735352 0.000000 5841.004395 0.000000 0.983224 0.000000 0.182404 1.000000 1.000000 1.000000
3439.949707 0.000000 5839.674316 0.000000 0.997112 0.000000 0.075945 1.000000 1.000000 1.000000
3439.844482 0.000000 5880.620117 0.000000 0.882788 0.000000 0.469772 1.000000 1.000000 1.000000
3427.880615 0.000000 5873.326660 0.000000 0.133749 0.000000 0.991015 1.000000 1.000000 1.000000
3411.558105 0.000000 5821.558594 0.000000 0.979556 0.000000 0.201173 1.000000 1.000000 1.000000
3407.237061 0.000000 5834.160156 0.000000 0.996093 0.000000 0.088312 1.000000 1.000000 1.000000
3433.474609 0.000000 5846.410645 0.000000 0.288977 0.000000 0.957336 1.000000 1.000000 1.000000
3432.232910 0.000000 5841.330566 0.000000 0.269530 0.000000 0.962992 1.000000 1.000000 1.000000
3401.555908 0.000000 5902.151855 0.000000 0.244266 0.000000 0.969708 1.000000 1.000000 1.000000
3405.960938 0.000000 5830.753418 0.000000 0.050346 0.000000 0.998732 1.000000 1.000000 1.000000
3394.996826 0.000000 5849.883789 0.000000 0.729511 0.000000 0.683969 1.000000 1.000000 1.000000
3435.557129 0.000000 5848.103027 0.000000 0.963926 0.000000 0.266172 1.000000 1.000000 1.000000
3399.843262 0.000000 5813.573242 0.000000 0.751815 0.000000 0.659374 1.000000 1.000000 1.000000
3390.100098 0.000000 5842.167969 0.000000 0.062683 0.000000 0.998033 1.000000 1.000000 1.000000
3426.575684 0.000000 5873.508301 0.000000 0.990610 0.000000 0.136717 1.000000 1.000000 1.000000
3443.470459 0.000000 5891.111328 0.000000 0.988702 0.000000 0.149892 1.000000 1.000000 1.000000
3395.874756 0.000000 5874.590332 0.000000 0.382225 0.000000 0.924069 1.000000 1.000000 1.000000
3411.778076 0.000000 5905.296875 0.000000 0.958310 0.000000 0.285732 1.000000 1.000000 1.000000
3394.385986 0.000000 5817.219238 0.000000 0.896270 0.000000 0.443510 1.000000 1.000000 1.000000
3395.523926 0.000000 5817.160156 0.000000 0.979767 0.000000 0.200141 1.000000 1.000000 1.000000
3394.677979 0.000000 5875.884277 0.000000 0.999448 0.000000 0.033235 1.000000 1.000000 1.000000
3456.302979 0.000000 5814.948730 0.000000 0.588261 0.000000 0.808671 1.000000 1.000000 1.000000
3459.247559 0.000000 5814.898926 0.000000 0.999727 0.000000 0.023354 1.000000 1.000000 1.000000
3403.481689 0.000000 5918.982422 0.000000 0.418320 0.000000 0.908300 1.000000 1.000000 1.000000
3460.826172 0.000000 5952.067383 0.000000 0.550500 0.000000 0.834835 1.000000 1.000000 1.000000
3435.080322 0.000000 5956.883789 0.000000 0.880378 0.000000 0.474273 1.000000 1.000000 1.000000
3422.247314 0.000000 5930.775391 0.000000 0.960412 0.000000 0.278584 1.000000 1.000000 1.000000
3445.168213 0.000000 5962.792969 0.000000 0.294446 0.000000 0.955668 1.000000 1.000000 1.000000
3429.216797 0.000000 5967.594727 0.000000 0.756522 0.000000 0.653968 1.000000 1.000000 1.000000
3456.115479 0.000000 5945.690430 0.000000 0.951885 0.000000 0.306455 1.000000 1.000000 1.000000
3450.893311 0.000000 5937.541016 0.000000 0.340752 0.000000 0.940153 1.000000 1.000000 1.000000
3465.461670 0.000000 5953.653320 0.000000 0.656658 0.000000 0.754188 1.000000 1.000000 1.000000
3431.441406 0.000000 5977.625000 0.000000 0.939516 0.000000 0.342505 1.000000 1.000000 1.000000
3434.407959 0.000000 5913.646973 0.000000 0.999950 0.000000 0.010046 1.000000 1.000000 1.000000
3429.709473 0.000000 5939.947266 0.000000 0.835577 0.000000 0.549374 1.000000 1.000000 1.000000
3460.805664 0.000000 5956.491699 0.000000 0.785594 0.000000 0.618742 1.000000 1.000000 1.000000
3460.178223 0.000000 5967.128418 0.000000 0.962987 0.000000 0.269547 1.000000 1.000000 1.000000
3457.975830 0.000000 5949.142090 0.000000 0.714534 0.000000 0.699601 1.000000 1.000000 1.000000
3438.172852 0.000000 5971.104492 0.000000 0.768609 0.000000 0.639719 1.000000 1.000000 1.000000
3468.013672 0.000000 5959.162109 0.000000 0.225257 0.000000 0.974299 1.000000 1.000000 1.000000
3420.263184 0.000000 5927.156250 0.000000 0.861653 0.000000 0.507498 1.000000 1.000000 1.000000
3427.754883 0.000000 5937.124512 0.000000 0.831633 0.000000 0.555325 1.000000 1.000000 1.000000
3410.002441 0.000000 5923.991699 0.000000 0.249626 0.000000 0.968342 1.000000 1.000000 1.000000
3434.691162 0.000000 5978.454590 0.000000 0.623658 0.000000 0.781697 1.000000 1.000000 1.000000
3453.919189 0.000000 5938.454590 0.000000 0.969478 0.000000 0.245178 1.000000 1.000000 1.000000
3443.135010 0.000000 5910.681152 0.000000 0.985708 0.000000 0.168460 1.000000 1.000000 1.000000
3449.533447 0.000000 5982.582031 0.000000 0.935376 0.000000 0.353655 1.000000 1.000000 1.000000
3440.770508 0.000000 5915.175293 0.000000 0.921118 0.000000 0.389284 1.000000 1.000000 1.000000
3426.509766 0.000000 5939.948242 0.000000 0.704667 0.000000 0.709538 1.000000 1.000000 1.000000
3443.618896 0.000000 5960.263184 0.000000 0.979308 0.000000 0.202374 1.000000 1.000000 1.000000
3454.185303 0.000000 5943.476562 0.000000 0.553351 0.000000 0.832948 1.000000 1.000000 1.000000
3447.573730 0.000000 5978.800781 0.000000 0.934708 0.000000 0.355417 1.000000 1.000000 1.000000
3441.599854 0.000000 5908.171387 0.000000 0.941665 0.000000 0.336551 1.000000 1.000000 1.000000
3446.360107 0.000000 5905.843262 0.000000 0.607751 0.000000 0.794128 1.000000 1.000000 1.000000
3466.249268 0.000000 5995.107910 0.000000 0.168794 0.000000 0.985651 1.000000 1.000000 1.000000
3465.928223 0.000000 5970.880859 0.000000 0.035212 0.000000 0.999380 1.000000 1.000000 1.000000
3414.779785 0.000000 5926.691895 0.000000 0.999983 0.000000 0.005779 1.000000 1.000000 1.000000
3441.351074 0.000000 5947.703613 0.000000 0.908237 0.000000 0.418457 1.000000 1.000000 1.000000
3451.697754 0.000000 5922.134766 0.000000 0.917660 0.000000 0.397367 1.000000 1.000000 1.000000
3442.575928 0.000000 5985.676758 0.000000 0.992899 0.000000 0.118964 1.000000 1.000000 1.000000
3431.389893 0.000000 5938.143066 0.000000 0.388136 0.000000 0.921602 1.000000 1.000000 1.000000
3438.282227 0.000000 5992.003906 0.000000 0.999569 0.000000 0.029345 1.000000 1.000000 1.000000
3422.492920 0.000000 5928.306152 0.000000 0.994588 0.000000 0.103900 1.000000 1.000000 1.000000
3443.027100 0.000000 5957.686523 0.000000 0.136686 0.000000 0.990614 1.000000 1.000000 1.000000
3443.833984 0.000000 5981.706543 0.000000 0.094970 0.000000 0.995480 1.000000 1.000000 1.000000
3429.003174 0.000000 5976.168945 0.000000 0.571554 0.000000 0.820564 1.000000 1.000000 1.000000
3410.023438 0.000000 5918.391602 0.000000 0.144635 0.000000 0.989485 1.000000 1.000000 1.000000
3428.546143 0.000000 5934.951660 0.000000 0.923173 0.000000 0.384386 1.000000 1.000000 1.000000
3416.480225 0.000000 5914.217773 0.000000 0.813375 0.000000 0.581739 1.000000 1.000000 1.000000
3439.245117 0.000000 5960.563965 0.000000 0.636727 0.000000 0.771090 1.000000 1.000000 1.000000
3460.785156 0.000000 5954.311035 0.000000 0.894906 0.000000 0.446254 1.000000 1.000000 1.000000
3442.039307 0.000000 5980.289062 0.000000 0.420757 0.000000 0.907174 1.000000 1.000000 1.000000
3446.059814 0.000000 5927.054688 0.000000 0.778717 0.000000 0.627376 1.000000 1.000000 1.000000
3459.609375 0.000000 5962.196777 0.000000 0.320223 0.000000 0.947342 1.000000 1.000000 1.000000
3459.059326 0.000000 5958.000488 0.000000 0.986656 0.000000 0.162818 1.000000 1.000000 1.000000
3447.311523 0.000000 5983.124512 0.000000 0.985841 0.000000 0.167685 1.000000 1.000000 1.000000
3451.803223 0.000000 5932.631348 0.000000 0.148315 0.000000 0.988940 1.000000 1.000000 1.000000
3416.284180 0.000000 5925.537109 0.000000 0.586596 0.000000 0.809879 1.000000 1.000000 1.000000
3429.751709 0.000000 5936.977051 0.000000 0.900770 0.000000 0.434296 1.000000 1.000000 1.000000
3445.418213 0.000000 5960.865234 0.000000 0.696611 0.000000 0.717449 1.000000 1.000000 1.000000
3453.390869 0.000000 5917.928711 0.000000 0.918069 0.000000 0.396420 1.000000 1.000000 1.000000
3438.336914 0.000000 5912.347656 0.000000 0.953093 0.000000 0.302678 1.000000 1.000000 1.000000
3467.866943 0.000000 5961.097168 0.000000 0.742525 0.000000 0.669819 1.000000 1.000000 1.000000
3439.510254 0.000000 5913.787598 0.000000 0.435112 0.000000 0.900376 1.000000 1.000000 1.000000
3445.807129 0.000000 5978.357422 0.000000 0.979703 0.000000 0.200456 1.000000 1.000000 1.000000
3434.930420 0.000000 5911.931641 0.000000 0.898837 0.000000 0.438283 1.000000 1.000000 1.000000
3440.221191 0.000000 5951.031250 0.000000 0.403694 0.000000 0.914894 1.000000 1.000000 1.000000
3438.889160 0.000000 5915.449707 0.000000 0.356664 0.000000 0.934233 1.000000 1.000000 1.000000
3466.230957 0.000000 5959.815918 0.000000 0.113937 0.000000 0.993488 1.000000 1.000000 1.000000
3434.023682 0.000000 5944.790527 0.000000 0.820713 0.000000 0.571341 1.000000 1.000000 1.000000
3465.510986 0.000000 5998.893555 0.000000 0.049558 0.000000 0.998771 1.000000 1.000000 1.000000
3416.005859 0.000000 5912.499512 0.000000 0.160741 0.000000 0.986997 1.000000 1.000000 1.000000
3441.258057 0.000000 5906.470215 0.000000 0.213860 0.000000 0.976864 1.000000 1.000000 1.000000
3443.207520 0.000000 5921.961426 0.000000 0.923341 0.000000 0.383981 1.000000 1.000000 1.000000
3411.270508 0.000000 5930.559570 0.000000 0.998995 0.000000 0.044821 1.000000 1.000000 1.000000
3418.399414 0.000000 5928.838379 0.000000 0.935223 0.000000 0.354060 1.000000 1.000000 1.000000
3444.620117 0.000000 5992.380371 0.000000 0.917065 0.000000 0.398737 1.000000 1.000000 1.000000
3450.645996 0.000000 5930.467285 0.000000 0.664458 0.000000 0.747326 1.000000 1.000000 1.000000
3419.485596 0.000000 5924.041504 0.000000 0.003379 0.000000 0.999994 1.000000 1.000000 1.000000
3410.889893 0.000000 5922.639160 0.000000 0.707738 0.000000 0.706475 1.000000 1.000000 1.000000
3449.097412 0.000000 5971.070801 0.000000 0.675427 0.000000 0.737427 1.000000 1.000000 1.000000
3454.654541 0.000000 5944.983887 0.000000 0.145632 0.000000 0.989339 1.000000 1.000000 1.000000
3453.059326 0.000000 5934.219727 0.000000 0.746011 0.000000 0.665934 1.000000 1.000000 1.000000
3432.549561 0.000000 5954.697266 0.000000 0.968698 0.000000 0.248242 1.000000 1.000000 1.000000
3450.263184 0.000000 5933.650391 0.000000 0.911338 0.000000 0.411659 1.000000 1.000000 1.000000
3440.052490 0.000000 5907.799316 0.000000 0.459930 0.000000 0.887955 1.000000 1.000000 1.000000
3415.144531 0.000000 5910.666504 0.000000 0.957622 0.000000 0.288028 1.000000 1.000000 1.000000
3444.050293 0.000000 5958.815918 0.000000 0.169735 0.000000 0.985490 1.000000 1.000000 1.000000
3447.809814 0.000000 5981.716309 0.000000 0.284736 0.000000 0.958606 1.000000 1.000000 1.000000
3426.661133 0.000000 5938.458984 0.000000 0.513413 0.000000 0.858141 1.000000 1.000000 1.000000
3430.492188 0.000000 5976.367676 0.000000 0.355678 0.000000 0.934609 1.000000 1.000000 1.000000
3467.889160 0.000000 5994.960938 0.000000 0.998132 0.000000 0.061097 1.000000 1.000000 1.000000
3410.800537 0.000000 5905.782227 0.000000 0.106405 0.000000 0.994323 1.000000 1.000000 1.000000
3467.970459 0.000000 5957.424805 0.000000 0.763335 0.000000 0.646003 1.000000 1.000000 1.000000
3417.960938 0.000000 5914.509766 0.000000 0.974873 0.000000 0.222761 1.000000 1.000000 1.000000
3432.718506 0.000000 5981.412109 0.000000 0.816332 0.000000 0.577583 1.000000 1.000000 1.000000
3411.373535 0.000000 5917.834961 0.000000 0.916598 0.000000 0.399810 1.000000 1.000000 1.000000
3447.413330 0.000000 5980.337891 0.000000 0.165983 0.000000 0.986129 1.000000 1.000000 1.000000
3436.946045 0.000000 5942.861328 0.000000 0.524082 0.000000 0.851668 1.000000 1.000000 1.000000
3430.854492 0.000000 5940.929199 0.000000 0.927542 0.000000 0.373719 1.000000 1.000000 1.000000
3417.099365 0.000000 5915.788086 0.000000 0.358669 0.000000 0.933465 1.000000 1.000000 1.000000
3409.617676 0.000000 5919.824219 0.000000 0.030733 0.000000 0.999528 1.000000 1.000000 1.000000
3456.912842 0.000000 5939.854980 0.000000 0.939058 0.000000 0.343759 1.000000 1.000000 1.000000
3458.204834 0.000000 5962.452148 0.000000 0.871789 0.000000 0.489881 1.000000 1.000000 1.000000
3431.022461 0.000000 5939.594727 0.000000 0.593992 0.000000 0.804471 1.000000 1.000000 1.000000
3452.237793 0.000000 5941.358398 0.000000 0.991502 0.000000 0.130094 1.000000 1.000000 1.000000
3441.192139 0.000000 5949.245605 0.000000 0.932944 0.000000 0.360021 1.000000 1.000000 1.000000
3438.202637 0.000000 5941.124023 0.000000 0.868148 0.000000 0.496305 1.000000 1.000000 1.000000
3419.602539 0.000000 5928.273438 0.000000 0.999092 0.000000 0.042606 1.000000 1.000000 1.000000
3452.996826 0.000000 5939.343262 0.000000 0.979398 0.000000 0.201939 1.000000 1.000000 1.000000
3442.148926 0.000000 5977.351074 0.000000 0.224672 0.000000 0.974434 1.000000 1.000000 1.000000
3410.322754 0.000000 5917.126465 0.000000 0.846546 0.000000 0.532316 1.000000 1.000000 1.000000
3451.591553 0.000000 5931.379883 0.000000 0.978450 0.000000 0.206485 1.000000 1.000000 1.000000
3428.830322 0.000000 5936.162109 0.000000 0.962107 0.000000 0.272674 1.000000 1.000000 1.000000
3459.754150 0.000000 5960.849609 0.000000 0.999325 0.000000 0.036734 1.000000 1.000000 1.000000
3458.960449 0.000000 5964.697754 0.000000 0.995644 0.000000 0.093238 1.000000 1.000000 1.000000
3444.703613 0.000000 5978.007324 0.000000 0.177884 0.000000 0.984051 1.000000 1.000000 1.000000
3458.213623 0.000000 5961.224609 0.000000 0.342061 0.000000 0.939678 1.000000 1.000000 1.000000
3460.586670 0.000000 5955.405273 0.000000 0.101561 0.000000 0.994829 1.000000 1.000000 1.000000
3447.721680 0.000000 5984.207520 0.000000 0.175959 0.000000 0.984398 1.000000 1.000000 1.000000
3443.492676 0.000000 5972.755371 0.000000 0.572107 0.000000 0.820179 1.000000 1.000000 1.000000
3446.569824 0.000000 5982.388672 0.000000 0.267156 0.000000 0.963653 1.000000 1.000000 1.000000
3456.137451 0.000000 5938.412109 0.000000 0.485489 0.000000 0.874243 1.000000 1.000000 1.000000
3471.353516 0.000000 5968.774414 0.000000 0.874766 0.000000 0.484546 1.000000 1.000000 1.000000
3480.555420 0.000000 5969.479004 0.000000 0.695705 0.000000 0.718327 1.000000 1.000000 1.000000
3469.829834 0.000000 5987.996582 0.000000 0.284794 0.000000 0.958589 1.000000 1.000000 1.000000
3473.974365 0.000000 5975.355957 0.000000 0.489907 0.000000 0.871775 1.000000 1.000000 1.000000
3475.683105 0.000000 5971.222168 0.000000 0.994356 0.000000 0.106097 1.000000 1.000000 1.000000
3476.469238 0.000000 5979.158203 0.000000 0.377820 0.000000 0.925879 1.000000 1.000000 1.000000
3472.948486 0.000000 5980.436523 0.000000 0.356242 0.000000 0.934394 1.000000 1.000000 1.000000
3482.614990 0.000000 5972.622559 0.000000 0.995004 0.000000 0.099831 1.000000 1.000000 1.000000
3469.860352 0.000000 5959.307129 0.000000 0.943162 0.000000 0.332334 1.000000 1.000000 1.000000
3471.428711 0.000000 5994.416504 0.000000 0.312306 0.000000 0.949981 1.000000 1.000000 1.000000
3474.531494 0.000000 5993.002441 0.000000 0.828874 0.000000 0.559435 1.000000 1.000000 1.000000
3474.327637 0.000000 5973.028320 0.000000 0.813534 0.000000 0.581518 1.000000 1.000000 1.000000
3480.579102 0.000000 5971.759766 0.000000 0.257220 0.000000 0.966353 1.000000 1.000000 1.000000
3473.040527 0.000000 5982.580566 0.000000 0.271884 0.000000 0.962330 1.000000 1.000000 1.000000
3468.476807 0.000000 5964.469727 0.000000 0.801570 0.000000 0.597901 1.000000 1.000000 1.000000
3468.623047 0.000000 5986.739258 0.000000 0.078184 0.000000 0.996939 1.000000 1.000000 1.000000
3468.461426 0.000000 5960.329102 0.000000 0.602482 0.000000 0.798132 1.000000 1.000000 1.000000
3473.442383 0.000000 5984.109375 0.000000 0.166958 0.000000 0.985964 1.000000 1.000000 1.000000
3475.596680 0.000000 5975.196289 0.000000 0.999300 0.000000 0.037411 1.000000 1.000000 1.000000
3472.156494 0.000000 5985.001953 0.000000 0.774485 0.000000 0.632593 1.000000 1.000000 1.000000
3473.870361 0.000000 5979.433594 0.000000 0.927847 0.000000 0.372961 1.000000 1.000000 1.000000
3473.538086 0.000000 5976.370605 0.000000 0.541765 0.000000 0.840530 1.000000 1.000000 1.000000
3473.190674 0.000000 5977.779297 0.000000 0.903407 0.000000 0.428784 1.000000 1.000000 1.000000
3954.174561 0.000000 5810.403320 0.000000 0.950939 0.000000 0.309377 1.000000 1.000000 1.000000
3988.990967 0.000000 5809.875488 0.000000 0.850784 0.000000 0.525515 1.000000 1.000000 1.000000
3981.815186 0.000000 5801.775391 0.000000 0.764486 0.000000 0.644640 1.000000 1.000000 1.000000
3984.893555 0.000000 5804.443848 0.000000 0.099271 0.000000 0.995060 1.000000 1.000000 1.000000
3963.958252 0.000000 5801.943359 0.000000 0.938701 0.000000 0.344732 1.000000 1.000000 1.000000
3979.322754 0.000000 5800.380859 0.000000 0.501738 0.000000 0.865020 1.000000 1.000000 1.000000
3955.586670 0.000000 5809.485352 0.000000 0.024788 0.000000 0.999693 1.000000 1.000000 1.000000
3988.879639 0.000000 5808.307129 0.000000 0.874177 0.000000 0.485607 1.000000 1.000000 1.000000
3936.112793 0.000000 5815.164551 0.000000 0.974150 0.000000 0.225903 1.000000 1.000000 1.000000
3935.769043 0.000000 5841.518066 0.000000 0.580573 0.000000 0.814208 1.000000 1.000000 1.000000
3934.711182 0.000000 5839.144531 0.000000 0.997983 0.000000 0.063488 1.000000 1.000000 1.000000
3956.655273 0.000000 5848.819336 0.000000 0.943821 0.000000 0.330456 1.000000 1.000000 1.000000
3988.986816 0.000000 5817.079590 0.000000 0.146869 0.000000 0.989156 1.000000 1.000000 1.000000
3989.864502 0.000000 5824.213379 0.000000 0.949121 0.000000 0.314913 1.000000 1.000000 1.000000
3941.755859 0.000000 5844.022949 0.000000 0.112261 0.000000 0.993679 1.000000 1.000000 1.000000
3952.808350 0.000000 5850.040527 0.000000 0.768388 0.000000 0.639985 1.000000 1.000000 1.000000
3958.268555 0.000000 5848.351562 0.000000 0.201194 0.000000 0.979551 1.000000 1.000000 1.000000
3987.211182 0.000000 5831.084473 0.000000 0.148274 0.000000 0.988946 1.000000 1.000000 1.000000
3989.199951 0.000000 5825.522461 0.000000 0.743863 0.000000 0.668332 1.000000 1.000000 1.000000
3953.384766 0.000000 5851.424805 0.000000 0.697524 0.000000 0.716561 1.000000 1.000000 1.000000
3937.958496 0.000000 5815.564941 0.000000 0.760365 0.000000 0.649496 1.000000 1.000000 1.000000
3952.029785 0.000000 5851.073730 0.000000 0.554252 0.000000 0.832349 1.000000 1.000000 1.000000
3943.549072 0.000000 5814.983887 0.000000 0.281745 0.000000 0.959489 1.000000 1.000000 1.000000
3987.900391 0.000000 5831.947754 0.000000 0.602297 0.000000 0.798272 1.000000 1.000000 1.000000
8979.958984 0.000000 5714.593262 0.000000 0.688711 0.000000 0.725036 1.000000 1.000000 1.000000
8978.347656 0.000000 5714.324707 0.000000 0.631368 0.000000 0.775484 1.000000 1.000000 1.000000
8898.586914 0.000000 5757.237305 0.000000 0.284737 0.000000 0.958606 1.000000 1.000000 1.000000
8839.172852 0.000000 5780.082520 0.000000 0.266964 0.000000 0.963707 1.000000 1.000000 1.000000
8848.223633 0.000000 5782.669434 0.000000 0.807953 0.000000 0.589247 1.000000 1.000000 1.000000
8902.859375 0.000000 5757.828125 0.000000 0.566673 0.000000 0.823943 1.000000 1.000000 1.000000
8868.706055 0.000000 5811.054688 0.000000 0.130165 0.000000 0.991492 1.000000 1.000000 1.000000
8868.547852 0.000000 5781.098633 0.000000 0.119743 0.000000 0.992805 1.000000 1.000000 1.000000
8894.288086 0.000000 5759.852539 0.000000 0.371616 0.000000 0.928386 1.000000 1.000000 1.000000
8901.346680 0.000000 5756.904297 0.000000 0.356690 0.000000 0.934223 1.000000 1.000000 1.000000
8991.071289 0.000000 5738.087891 0.000000 0.896867 0.000000 0.442300 1.000000 1.000000 1.000000
8975.462891 0.000000 5727.934082 0.000000 0.928724 0.000000 0.370771 1.000000 1.000000 1.000000
8998.316406 0.000000 5728.373047 0.000000 0.271422 0.000000 0.962460 1.000000 1.000000 1.000000
8996.283203 0.000000 5724.159668 0.000000 0.999388 0.000000 0.034969 1.000000 1.000000 1.000000
8967.708984 0.000000 5753.947266 0.000000 0.104092 0.000000 0.994568 1.000000 1.000000 1.000000
8961.443359 0.000000 5763.623535 0.000000 0.344783 0.000000 0.938682 1.000000 1.000000 1.000000
8969.574219 0.000000 5721.601562 0.000000 0.739414 0.000000 0.673251 1.000000 1.000000 1.000000
8974.001953 0.000000 5745.871582 0.000000 0.466467 0.000000 0.884538 1.000000 1.000000 1.000000
8966.615234 0.000000 5753.110352 0.000000 0.501027 0.000000 0.865431 1.000000 1.000000 1.000000
8871.977539 0.000000 5818.189453 0.000000 0.997025 0.000000 0.077074 1.000000 1.000000 1.000000
8870.326172 0.000000 5818.705566 0.000000 0.703121 0.000000 0.711070 1.000000 1.000000 1.000000
8966.358398 0.000000 5929.806641 0.000000 0.313034 0.000000 0.949742 1.000000 1.000000 1.000000
8929.247070 0.000000 5944.713867 0.000000 0.997340 0.000000 0.072885 1.000000 1.000000 1.000000
8976.710938 0.000000 5933.448730 0.000000 0.868110 0.000000 0.496372 1.000000 1.000000 1.000000
8969.458984 0.000000 5932.729492 0.000000 0.473403 0.000000 0.880846 1.000000 1.000000 1.000000
8966.504883 0.000000 5926.183105 0.000000 0.765377 0.000000 0.643583 1.000000 1.000000 1.000000
8908.139648 0.000000 5922.709961 0.000000 0.718698 0.000000 0.695323 1.000000 1.000000 1.000000
8946.496094 0.000000 5931.599121 0.000000 0.992436 0.000000 0.122760 1.000000 1.000000 1.000000
8932.976562 0.000000 5939.491699 0.000000 0.886639 0.000000 0.462463 1.000000 1.000000 1.000000
8937.225586 0.000000 5931.680664 0.000000 0.824498 0.000000 0.565864 1.000000 1.000000 1.000000
8919.275391 0.000000 5944.151367 0.000000 0.993155 0.000000 0.116804 1.000000 1.000000 1.000000
8922.594727 0.000000 5946.676758 0.000000 0.747055 0.000000 0.664762 1.000000 1.000000 1.000000
8979.304688 0.000000 5933.684082 0.000000 0.627540 0.000000 0.778584 1.000000 1.000000 1.000000
8990.208984 0.000000 5937.522949 0.000000 0.399325 0.000000 0.916809 1.000000 1.000000 1.000000
8945.291992 0.000000 5935.343262 0.000000 0.829472 0.000000 0.558549 1.000000 1.000000 1.000000
8947.969727 0.000000 5930.163574 0.000000 0.968172 0.000000 0.250284 1.000000 1.000000 1.000000
8998.468750 0.000000 5928.044922 0.000000 0.926729 0.000000 0.375730 1.000000 1.000000 1.000000
8909.769531 0.000000 5923.134766 0.000000 0.032914 0.000000 0.999458 1.000000 1.000000 1.000000
8988.110352 0.000000 5936.650391 0.000000 0.848804 0.000000 0.528707 1.000000 1.000000 1.000000
8945.250977 0.000000 5930.617188 0.000000 0.954489 0.000000 0.298245 1.000000 1.000000 1.000000
8970.739258 0.000000 5933.416504 0.000000 0.891509 0.000000 0.453003 1.000000 1.000000 1.000000
9038.757812 0.000000 5779.523438 0.000000 0.385471 0.000000 0.922720 1.000000 1.000000 1.000000
9066.469727 0.000000 5781.713867 0.000000 0.988006 0.000000 0.154416 1.000000 1.000000 1.000000
9057.624023 0.000000 5776.056641 0.000000 0.524111 0.000000 0.851650 1.000000 1.000000 1.000000
9065.483398 0.000000 5771.588867 0.000000 0.999360 0.000000 0.035765 1.000000 1.000000 1.000000
9019.259766 0.000000 5750.422363 0.000000 0.942944 0.000000 0.332953 1.000000 1.000000 1.000000
9090.522461 0.000000 5777.083008 0.000000 0.944935 0.000000 0.327259 1.000000 1.000000 1.000000
9007.840820 0.000000 5734.856934 0.000000 0.552957 0.000000 0.833210 1.000000 1.000000 1.000000
9018.703125 0.000000 5769.712402 0.000000 0.195434 0.000000 0.980717 1.000000 1.000000 1.000000
9065.055664 0.000000 5775.019043 0.000000 0.698547 0.000000 0.715564 1.000000 1.000000 1.000000
9056.636719 0.000000 5778.999512 0.000000 0.881686 0.000000 0.471837 1.000000 1.000000 1.000000
9090.467773 0.000000 5774.074707 0.000000 0.971467 0.000000 0.237176 1.000000 1.000000 1.000000
9006.488281 0.000000 5732.405762 0.000000 0.999897 0.000000 0.014356 1.000000 1.000000 1.000000
9078.277344 0.000000 5784.254395 0.000000 0.720222 0.000000 0.693744 1.000000 1.000000 1.000000
9017.491211 0.000000 5767.458008 0.000000 0.547085 0.000000 0.837077 1.000000 1.000000 1.000000
9047.375977 0.000000 5762.693359 0.000000 0.999113 0.000000 0.042117 1.000000 1.000000 1.000000
9071.520508 0.000000 5781.622070 0.000000 0.663229 0.000000 0.748417 1.000000 1.000000 1.000000
9092.676758 0.000000 5766.625488 0.000000 0.713492 0.000000 0.700663 1.000000 1.000000 1.000000
9054.613281 0.000000 5778.218262 0.000000 0.982104 0.000000 0.188339 1.000000 1.000000 1.000000
9033.263672 0.000000 5775.824219 0.000000 0.915024 0.000000 0.403400 1.000000 1.000000 1.000000
9016.465820 0.000000 5769.120605 0.000000 0.429542 0.000000 0.903047 1.000000 1.000000 1.000000
9092.201172 0.000000 5792.188965 0.000000 0.867939 0.000000 0.496671 1.000000 1.000000 1.000000
9016.028320 0.000000 5745.629395 0.000000 0.492882 0.000000 0.870096 1.000000 1.000000 1.000000
9064.503906 0.000000 5770.217285 0.000000 0.873983 0.000000 0.485956 1.000000 1.000000 1.000000
9021.431641 0.000000 5757.882812 0.000000 0.674820 0.000000 0.737982 1.000000 1.000000 1.000000
9006.318359 0.000000 5734.056152 0.000000 0.187805 0.000000 0.982206 1.000000 1.000000 1.000000
9016.787109 0.000000 5742.427734 0.000000 0.882705 0.000000 0.469927 1.000000 1.000000 1.000000
9046.902344 0.000000 5781.133789 0.000000 0.799473 0.000000 0.600702 1.000000 1.000000 1.000000
9100.680664 0.000000 5779.316895 0.000000 0.427268 0.000000 0.904125 1.000000 1.000000 1.000000
9108.384766 0.000000 5781.998047 0.000000 0.998915 0.000000 0.046578 1.000000 1.000000 1.000000
9111.338867 0.000000 5781.329590 0.000000 0.995295 0.000000 0.096895 1.000000 1.000000 1.000000
9099.473633 0.000000 5776.070312 0.000000 0.780428 0.000000 0.625245 1.000000 1.000000 1.000000
9093.011719 0.000000 5790.772949 0.000000 0.979944 0.000000 0.199276 1.000000 1.000000 1.000000
9098.882812 0.000000 5778.068359 0.000000 0.731672 0.000000 0.681657 1.000000 1.000000 1.000000
9093.151367 0.000000 5766.194336 0.000000 0.998369 0.000000 0.057085 1.000000 1.000000 1.000000
9084.422852 0.000000 5903.526367 0.000000 0.819952 0.000000 0.572432 1.000000 1.000000 1.000000
9145.024414 0.000000 5828.348145 0.000000 0.064095 0.000000 0.997944 1.000000 1.000000 1.000000
9147.814453 0.000000 5820.436035 0.000000 0.281978 0.000000 0.959421 1.000000 1.000000 1.000000
9132.880859 0.000000 5814.962402 0.000000 0.995758 0.000000 0.092015 1.000000 1.000000 1.000000
9108.384766 0.000000 5875.740234 0.000000 0.801553 0.000000 0.597924 1.000000 1.000000 1.000000
9133.980469 0.000000 5837.856934 0.000000 0.980916 0.000000 0.194430 1.000000 1.000000 1.000000
9111.338867 0.000000 5875.071777 0.000000 0.896479 0.000000 0.443087 1.000000 1.000000 1.000000
9144.569336 0.000000 5831.286133 0.000000 0.786518 0.000000 0.617568 1.000000 1.000000 1.000000
9113.377930 0.000000 5878.507324 0.000000 0.467833 0.000000 0.883817 1.000000 1.000000 1.000000
9147.659180 0.000000 5822.873535 0.000000 0.739150 0.000000 0.673541 1.000000 1.000000 1.000000
9132.366211 0.000000 5839.563477 0.000000 0.739616 0.000000 0.673029 1.000000 1.000000 1.000000
9145.856445 0.000000 5822.165039 0.000000 0.266298 0.000000 0.963891 1.000000 1.000000 1.000000
9128.416992 0.000000 5840.413574 0.000000 0.659091 0.000000 0.752063 1.000000 1.000000 1.000000
9109.901367 0.000000 5874.348633 0.000000 0.442233 0.000000 0.896900 1.000000 1.000000 1.000000
9133.937500 0.000000 5839.370117 0.000000 0.993641 0.000000 0.112594 1.000000 1.000000 1.000000
9112.054688 0.000000 5878.879883 0.000000 0.919345 0.000000 0.393453 1.000000 1.000000 1.000000
9132.223633 0.000000 5838.176270 0.000000 0.265636 0.000000 0.964073 1.000000 1.000000 1.000000
9133.099609 0.000000 5845.588379 0.000000 0.312451 0.000000 0.949934 1.000000 1.000000 1.000000
9053.752930 0.000000 5973.031738 0.000000 0.256629 0.000000 0.966510 1.000000 1.000000 1.000000
9049.886719 0.000000 5986.482422 0.000000 0.432882 0.000000 0.901451 1.000000 1.000000 1.000000
9076.083008 0.000000 5927.589844 0.000000 0.747235 0.000000 0.664560 1.000000 1.000000 1.000000
9056.172852 0.000000 5959.240234 0.000000 0.612374 0.000000 0.790568 1.000000 1.000000 1.000000
9045.900391 0.000000 5967.673340 0.000000 0.087236 0.000000 0.996188 1.000000 1.000000 1.000000
9031.314453 0.000000 5977.627930 0.000000 0.265449 0.000000 0.964125 1.000000 1.000000 1.000000
9045.227539 0.000000 5990.774902 0.000000 0.906115 0.000000 0.423032 1.000000 1.000000 1.000000
9009.755859 0.000000 5967.041992 0.000000 0.901137 0.000000 0.433535 1.000000 1.000000 1.000000
9051.535156 0.000000 5974.814453 0.000000 0.580870 0.000000 0.813997 1.000000 1.000000 1.000000
9054.357422 0.000000 5961.291504 0.000000 0.975307 0.000000 0.220853 1.000000 1.000000 1.000000
9050.844727 0.000000 5972.390625 0.000000 0.282790 0.000000 0.959182 1.000000 1.000000 1.000000
9008.026367 0.000000 5969.192383 0.000000 0.677582 0.000000 0.735448 1.000000 1.000000 1.000000
9053.534180 0.000000 5976.168945 0.000000 0.858579 0.000000 0.512682 1.000000 1.000000 1.000000
9064.842773 0.000000 5984.346191 0.000000 0.943260 0.000000 0.332055 1.000000 1.000000 1.000000
9009.649414 0.000000 5969.809570 0.000000 0.731343 0.000000 0.682010 1.000000 1.000000 1.000000
9082.393555 0.000000 5920.861328 0.000000 0.565398 0.000000 0.824818 1.000000 1.000000 1.000000
9032.089844 0.000000 5969.486816 0.000000 0.827926 0.000000 0.560837 1.000000 1.000000 1.000000
9072.750000 0.000000 5923.895996 0.000000 0.258058 0.000000 0.966129 1.000000 1.000000 1.000000
9072.099609 0.000000 5990.513672 0.000000 0.293788 0.000000 0.955871 1.000000 1.000000 1.000000
9072.999023 0.000000 5921.644043 0.000000 0.793019 0.000000 0.609197 1.000000 1.000000 1.000000
9045.620117 0.000000 5966.540039 0.000000 0.016597 0.000000 0.999862 1.000000 1.000000 1.000000
2951.317871 0.000000 6040.904785 0.000000 0.345659 0.000000 0.938360 1.000000 1.000000 1.000000
2954.135254 0.000000 6006.779297 0.000000 0.172197 0.000000 0.985063 1.000000 1.000000 1.000000
2952.722900 0.000000 6036.821777 0.000000 0.864914 0.000000 0.501920 1.000000 1.000000 1.000000
2968.850098 0.000000 6088.059082 0.000000 0.589790 0.000000 0.807557 1.000000 1.000000 1.000000
2963.707520 0.000000 6021.556641 0.000000 0.117096 0.000000 0.993121 1.000000 1.000000 1.000000
2954.255615 0.000000 6072.184570 0.000000 0.724048 0.000000 0.689750 1.000000 1.000000 1.000000
2961.579590 0.000000 6015.461914 0.000000 0.030604 0.000000 0.999532 1.000000 1.000000 1.000000
2959.377441 0.000000 6051.004395 0.000000 0.999956 0.000000 0.009330 1.000000 1.000000 1.000000
2970.074707 0.000000 6002.828125 0.000000 0.996845 0.000000 0.079375 1.000000 1.000000 1.000000
2953.213623 0.000000 6049.517090 0.000000 0.008563 0.000000 0.999963 1.000000 1.000000 1.000000
2984.012207 0.000000 6051.443359 0.000000 0.127054 0.000000 0.991896 1.000000 1.000000 1.000000
2960.127197 0.000000 6080.049316 0.000000 0.401424 0.000000 0.915892 1.000000 1.000000 1.000000
2986.573975 0.000000 6056.659668 0.000000 0.074841 0.000000 0.997195 1.000000 1.000000 1.000000
2965.221680 0.000000 6014.520996 0.000000 0.503646 0.000000 0.863910 1.000000 1.000000 1.000000
2956.111572 0.000000 6070.317383 0.000000 0.423568 0.000000 0.905864 1.000000 1.000000 1.000000
2989.043945 0.000000 6061.447266 0.000000 0.683896 0.000000 0.729580 1.000000 1.000000 1.000000
2956.972900 0.000000 6077.767090 0.000000 0.647919 0.000000 0.761709 1.000000 1.000000 1.000000
2968.780273 0.000000 6090.687012 0.000000 0.930661 0.000000 0.365883 1.000000 1.000000 1.000000
2974.249512 0.000000 5999.592285 0.000000 0.768552 0.000000 0.639787 1.000000 1.000000 1.000000
2998.793945 0.000000 6076.144043 0.000000 0.854269 0.000000 0.519830 1.000000 1.000000 1.000000
2961.739990 0.000000 6023.197266 0.000000 0.161476 0.000000 0.986877 1.000000 1.000000 1.000000
2954.962646 0.000000 6062.061035 0.000000 0.182496 0.000000 0.983207 1.000000 1.000000 1.000000
2996.966064 0.000000 6069.198730 0.000000 0.883755 0.000000 0.467949 1.000000 1.000000 1.000000
2996.137695 0.000000 6071.940430 0.000000 0.636982 0.000000 0.770879 1.000000 1.000000 1.000000
2996.421143 0.000000 6086.798828 0.000000 0.999635 0.000000 0.027013 1.000000 1.000000 1.000000
2953.500488 0.000000 6041.551270 0.000000 0.848465 0.000000 0.529252 1.000000 1.000000 1.000000
2959.835205 0.000000 6028.693848 0.000000 0.558977 0.000000 0.829183 1.000000 1.000000 1.000000
2958.518066 0.000000 6006.620605 0.000000 0.767930 0.000000 0.640534 1.000000 1.000000 1.000000
2956.327881 0.000000 6006.424805 0.000000 0.983513 0.000000 0.180835 1.000000 1.000000 1.000000
2955.269531 0.000000 6048.681152 0.000000 0.972655 0.000000 0.232253 1.000000 1.000000 1.000000
2986.110840 0.000000 6051.841309 0.000000 0.635567 0.000000 0.772046 1.000000 1.000000 1.000000
2996.838623 0.000000 6080.505859 0.000000 0.865729 0.000000 0.500514 1.000000 1.000000 1.000000
2998.746094 0.000000 6087.141113 0.000000 0.959451 0.000000 0.281875 1.000000 1.000000 1.000000
2988.167969 0.000000 6065.191895 0.000000 0.251830 0.000000 0.967772 1.000000 1.000000 1.000000
2999.392090 0.000000 6080.780762 0.000000 0.999672 0.000000 0.025609 1.000000 1.000000 1.000000
2956.635498 0.000000 6060.916016 0.000000 0.953415 0.000000 0.301663 1.000000 1.000000 1.000000
2955.672607 0.000000 6065.780273 0.000000 0.918940 0.000000 0.394397 1.000000 1.000000 1.000000
2952.766602 0.000000 6039.347168 0.000000 0.850429 0.000000 0.526090 1.000000 1.000000 1.000000
2959.175537 0.000000 6056.019043 0.000000 0.871631 0.000000 0.490162 1.000000 1.000000 1.000000
2970.799316 0.000000 6007.529785 0.000000 0.205228 0.000000 0.978714 1.000000 1.000000 1.000000
2996.207764 0.000000 6082.927734 0.000000 0.769054 0.000000 0.639184 1.000000 1.000000 1.000000
2951.973389 0.000000 6042.605957 0.000000 0.583655 0.000000 0.812002 1.000000 1.000000 1.000000
2961.277832 0.000000 6081.416016 0.000000 0.839124 0.000000 0.543940 1.000000 1.000000 1.000000
2999.097656 0.000000 6083.556641 0.000000 0.904933 0.000000 0.425553 1.000000 1.000000 1.000000
2954.197266 0.000000 6037.560547 0.000000 0.998199 0.000000 0.059992 1.000000 1.000000 1.000000
2964.873047 0.000000 6049.862793 0.000000 0.993933 0.000000 0.109984 1.000000 1.000000 1.000000
2959.187500 0.000000 6065.766602 0.000000 0.893746 0.000000 0.448573 1.000000 1.000000 1.000000
2967.312500 0.000000 6011.088867 0.000000 0.936222 0.000000 0.351410 1.000000 1.000000 1.000000
2957.342773 0.000000 6030.807129 0.000000 0.338513 0.000000 0.940962 1.000000 1.000000 1.000000
2959.790283 0.000000 6059.270508 0.000000 0.339232 0.000000 0.940703 1.000000 1.000000 1.000000
2997.438232 0.000000 6072.812988 0.000000 0.999998 0.000000 0.001846 1.000000 1.000000 1.000000
2961.390625 0.000000 6006.381348 0.000000 0.992905 0.000000 0.118907 1.000000 1.000000 1.000000
2998.189209 0.000000 6079.953613 0.000000 0.051026 0.000000 0.998697 1.000000 1.000000 1.000000
2996.993652 0.000000 6070.701172 0.000000 0.946797 0.000000 0.321830 1.000000 1.000000 1.000000
2959.712646 0.000000 6062.542969 0.000000 0.947545 0.000000 0.319622 1.000000 1.000000 1.000000
2959.520264 0.000000 6027.288086 0.000000 0.701329 0.000000 0.712837 1.000000 1.000000 1.000000
2956.666260 0.000000 6049.278809 0.000000 0.029915 0.000000 0.999552 1.000000 1.000000 1.000000
2959.968994 0.000000 6006.709473 0.000000 0.505412 0.000000 0.862878 1.000000 1.000000 1.000000
2956.413086 0.000000 6062.363770 0.000000 0.999580 0.000000 0.028977 1.000000 1.000000 1.000000
2996.896973 0.000000 6079.055176 0.000000 0.389355 0.000000 0.921088 1.000000 1.000000 1.000000
2956.953369 0.000000 6076.407227 0.000000 0.843024 0.000000 0.537875 1.000000 1.000000 1.000000
2961.647705 0.000000 6082.937500 0.000000 0.883565 0.000000 0.468308 1.000000 1.000000 1.000000
2973.393799 0.000000 6003.593750 0.000000 0.587112 0.000000 0.809506 1.000000 1.000000 1.000000
2952.554688 0.000000 6040.678711 0.000000 0.279700 0.000000 0.960088 1.000000 1.000000 1.000000
2957.625000 0.000000 6072.653320 0.000000 0.998626 0.000000 0.052396 1.000000 1.000000 1.000000
2958.371094 0.000000 6063.403809 0.000000 0.603946 0.000000 0.797025 1.000000 1.000000 1.000000
2957.864746 0.000000 6060.992676 0.000000 0.824245 0.000000 0.566234 1.000000 1.000000 1.000000
2955.035645 0.000000 6049.862305 0.000000 0.092191 0.000000 0.995741 1.000000 1.000000 1.000000
2961.742920 0.000000 6025.662598 0.000000 0.012263 0.000000 0.999925 1.000000 1.000000 1.000000
2999.186523 0.000000 6072.271973 0.000000 0.819565 0.000000 0.572987 1.000000 1.000000 1.000000
2953.582275 0.000000 6038.573730 0.000000 0.084818 0.000000 0.996396 1.000000 1.000000 1.000000
2997.398438 0.000000 6071.722168 0.000000 0.415364 0.000000 0.909655 1.000000 1.000000 1.000000
2956.487061 0.000000 6007.853516 0.000000 0.410311 0.000000 0.911946 1.000000 1.000000 1.000000
2999.476318 0.000000 6074.368652 0.000000 0.011937 0.000000 0.999929 1.000000 1.000000 1.000000
2957.811768 0.000000 6058.005859 0.000000 0.933271 0.000000 0.359174 1.000000 1.000000 1.000000
2973.558594 0.000000 6000.365723 0.000000 0.978642 0.000000 0.205573 1.000000 1.000000 1.000000
2967.914307 0.000000 6008.138184 0.000000 0.593724 0.000000 0.804668 1.000000 1.000000 1.000000
2966.435303 0.000000 6009.550293 0.000000 0.999995 0.000000 0.003280 1.000000 1.000000 1.000000
2992.998291 0.000000 6066.606445 0.000000 0.236564 0.000000 0.971616 1.000000 1.000000 1.000000
2947.557617 0.000000 6104.476074 0.000000 0.996974 0.000000 0.077734 1.000000 1.000000 1.000000
2958.001221 0.000000 6094.071289 0.000000 0.992984 0.000000 0.118251 1.000000 1.000000 1.000000
2964.381592 0.000000 6151.025391 0.000000 0.489689 0.000000 0.871897 1.000000 1.000000 1.000000
2966.701904 0.000000 6096.281738 0.000000 0.529356 0.000000 0.848400 1.000000 1.000000 1.000000
2960.830322 0.000000 6101.662598 0.000000 0.023753 0.000000 0.999718 1.000000 1.000000 1.000000
2976.239990 0.000000 6163.514648 0.000000 0.199276 0.000000 0.979943 1.000000 1.000000 1.000000
2987.962646 0.000000 6144.671387 0.000000 0.276795 0.000000 0.960929 1.000000 1.000000 1.000000
2960.505859 0.000000 6155.079102 0.000000 0.297739 0.000000 0.954647 1.000000 1.000000 1.000000
2955.407959 0.000000 6161.696289 0.000000 0.494130 0.000000 0.869388 1.000000 1.000000 1.000000
2917.999268 0.000000 6146.168945 0.000000 0.436712 0.000000 0.899601 1.000000 1.000000 1.000000
2965.697021 0.000000 6101.131348 0.000000 0.905371 0.000000 0.424621 1.000000 1.000000 1.000000
2954.749756 0.000000 6113.269531 0.000000 0.988906 0.000000 0.148542 1.000000 1.000000 1.000000
2925.491211 0.000000 6130.045898 0.000000 0.071964 0.000000 0.997407 1.000000 1.000000 1.000000
2958.422607 0.000000 6165.188477 0.000000 0.364680 0.000000 0.931133 1.000000 1.000000 1.000000
2964.854248 0.000000 6161.103516 0.000000 0.494841 0.000000 0.868984 1.000000 1.000000 1.000000
2914.512939 0.000000 6138.196289 0.000000 0.847821 0.000000 0.530283 1.000000 1.000000 1.000000
2954.255615 0.000000 6165.926758 0.000000 0.910705 0.000000 0.413057 1.000000 1.000000 1.000000
2975.431641 0.000000 6159.354492 0.000000 0.284474 0.000000 0.958684 1.000000 1.000000 1.000000
2960.535400 0.000000 6167.811523 0.000000 0.952401 0.000000 0.304848 1.000000 1.000000 1.000000
2965.980225 0.000000 6165.938965 0.000000 0.201126 0.000000 0.979565 1.000000 1.000000 1.000000
2952.052979 0.000000 6161.395020 0.000000 0.001332 0.000000 0.999999 1.000000 1.000000 1.000000
2962.818604 0.000000 6158.280273 0.000000 0.131215 0.000000 0.991354 1.000000 1.000000 1.000000
2919.610596 0.000000 6154.298340 0.000000 0.864969 0.000000 0.501826 1.000000 1.000000 1.000000
2948.137207 0.000000 6109.000488 0.000000 0.414548 0.000000 0.910027 1.000000 1.000000 1.000000
2927.693359 0.000000 6127.995605 0.000000 0.998094 0.000000 0.061711 1.000000 1.000000 1.000000
2916.750000 0.000000 6148.796875 0.000000 0.999938 0.000000 0.011151 1.000000 1.000000 1.000000
2964.736816 0.000000 6098.410645 0.000000 0.871199 0.000000 0.490931 1.000000 1.000000 1.000000
2957.585205 0.000000 6112.512695 0.000000 0.870898 0.000000 0.491463 1.000000 1.000000 1.000000
2959.555176 0.000000 6157.744141 0.000000 0.026266 0.000000 0.999655 1.000000 1.000000 1.000000
2958.293457 0.000000 6162.298828 0.000000 0.787643 0.000000 0.616132 1.000000 1.000000 1.000000
2963.148193 0.000000 6103.288574 0.000000 0.176866 0.000000 0.984235 1.000000 1.000000 1.000000
2913.206543 0.000000 6135.921387 0.000000 0.950991 0.000000 0.309220 1.000000 1.000000 1.000000
2954.819824 0.000000 6103.053711 0.000000 0.574839 0.000000 0.818267 1.000000 1.000000 1.000000
2953.540527 0.000000 6163.473145 0.000000 0.842335 0.000000 0.538954 1.000000 1.000000 1.000000
2915.591553 0.000000 6136.031250 0.000000 0.372528 0.000000 0.928021 1.000000 1.000000 1.000000
2944.692871 0.000000 6156.653809 0.000000 0.549219 0.000000 0.835678 1.000000 1.000000 1.000000
2946.659668 0.000000 6160.352051 0.000000 0.787977 0.000000 0.615705 1.000000 1.000000 1.000000
2918.989990 0.000000 6138.254395 0.000000 0.289516 0.000000 0.957173 1.000000 1.000000 1.000000
2919.833740 0.000000 6144.816895 0.000000 0.372731 0.000000 0.927939 1.000000 1.000000 1.000000
2958.176270 0.000000 6169.412598 0.000000 0.289417 0.000000 0.957203 1.000000 1.000000 1.000000
2977.025391 0.000000 6158.220703 0.000000 0.528907 0.000000 0.848680 1.000000 1.000000 1.000000
2946.178467 0.000000 6109.225586 0.000000 0.681342 0.000000 0.731965 1.000000 1.000000 1.000000
2977.221436 0.000000 6160.064453 0.000000 0.760644 0.000000 0.649169 1.000000 1.000000 1.000000
2961.118896 0.000000 6156.761719 0.000000 0.968188 0.000000 0.250225 1.000000 1.000000 1.000000
2921.321045 0.000000 6155.113281 0.000000 0.871750 0.000000 0.489951 1.000000 1.000000 1.000000
2954.447266 0.000000 6111.363281 0.000000 0.998139 0.000000 0.060982 1.000000 1.000000 1.000000
2945.840088 0.000000 6152.750977 0.000000 0.331845 0.000000 0.943334 1.000000 1.000000 1.000000
2974.063721 0.000000 6158.237305 0.000000 0.332430 0.000000 0.943128 1.000000 1.000000 1.000000
2918.195312 0.000000 6147.935547 0.000000 0.885016 0.000000 0.465561 1.000000 1.000000 1.000000
2989.549072 0.000000 6144.030273 0.000000 0.377062 0.000000 0.926188 1.000000 1.000000 1.000000
2962.445557 0.000000 6101.897461 0.000000 0.996031 0.000000 0.089004 1.000000 1.000000 1.000000
2956.519531 0.000000 6094.649902 0.000000 0.118637 0.000000 0.992938 1.000000 1.000000 1.000000
2947.026855 0.000000 6103.036133 0.000000 0.998321 0.000000 0.057927 1.000000 1.000000 1.000000
2915.635986 0.000000 6134.411133 0.000000 0.257265 0.000000 0.966341 1.000000 1.000000 1.000000
2954.938965 0.000000 6094.576660 0.000000 0.997504 0.000000 0.070614 1.000000 1.000000 1.000000
2963.801270 0.000000 6159.375488 0.000000 0.769267 0.000000 0.638928 1.000000 1.000000 1.000000
2920.015625 0.000000 6137.221680 0.000000 0.791894 0.000000 0.610659 1.000000 1.000000 1.000000
2974.908447 0.000000 6163.006836 0.000000 0.394945 0.000000 0.918705 1.000000 1.000000 1.000000
2921.543457 0.000000 6134.785156 0.000000 0.007293 0.000000 0.999973 1.000000 1.000000 1.000000
2915.248535 0.000000 6132.461426 0.000000 0.399395 0.000000 0.916779 1.000000 1.000000 1.000000
2959.705811 0.000000 6164.926270 0.000000 0.872317 0.000000 0.488940 1.000000 1.000000 1.000000
2965.355713 0.000000 6162.357422 0.000000 0.322743 0.000000 0.946487 1.000000 1.000000 1.000000
2947.597412 0.000000 6161.945312 0.000000 0.716855 0.000000 0.697222 1.000000 1.000000 1.000000
2943.756104 0.000000 6157.788086 0.000000 0.999846 0.000000 0.017543 1.000000 1.000000 1.000000
2922.829590 0.000000 6130.980957 0.000000 0.472601 0.000000 0.881277 1.000000 1.000000 1.000000
2927.729248 0.000000 6124.893555 0.000000 0.668049 0.000000 0.744117 1.000000 1.000000 1.000000
2959.333252 0.000000 6168.022949 0.000000 0.956705 0.000000 0.291058 1.000000 1.000000 1.000000
2919.390381 0.000000 6147.723633 0.000000 0.589568 0.000000 0.807719 1.000000 1.000000 1.000000
2943.191162 0.000000 6156.734863 0.000000 0.980157 0.000000 0.198220 1.000000 1.000000 1.000000
2960.451416 0.000000 6153.956543 0.000000 0.942139 0.000000 0.335223 1.000000 1.000000 1.000000
2956.736328 0.000000 6113.174316 0.000000 0.298026 0.000000 0.954558 1.000000 1.000000 1.000000
2918.711914 0.000000 6146.938477 0.000000 0.093578 0.000000 0.995612 1.000000 1.000000 1.000000
2920.142578 0.000000 6153.344727 0.000000 0.570029 0.000000 0.821624 1.000000 1.000000 1.000000
2926.733887 0.000000 6124.595215 0.000000 0.617177 0.000000 0.786825 1.000000 1.000000 1.000000
2921.871094 0.000000 6152.395508 0.000000 0.859867 0.000000 0.510518 1.000000 1.000000 1.000000
2919.225098 0.000000 6149.664551 0.000000 0.199354 0.000000 0.979927 1.000000 1.000000 1.000000
3013.916504 0.000000 6014.514648 0.000000 0.914768 0.000000 0.403980 1.000000 1.000000 1.000000
2999.897461 0.000000 6088.974609 0.000000 0.017981 0.000000 0.999838 1.000000 1.000000 1.000000
3028.860107 0.000000 6030.971680 0.000000 0.170015 0.000000 0.985442 1.000000 1.000000 1.000000
3043.136230 0.000000 6034.159668 0.000000 0.602481 0.000000 0.798133 1.000000 1.000000 1.000000
3090.951660 0.000000 6015.173340 0.000000 0.816868 0.000000 0.576824 1.000000 1.000000 1.000000
3035.782959 0.000000 6014.293457 0.000000 0.894413 0.000000 0.447242 1.000000 1.000000 1.000000
3044.827637 0.000000 6016.099121 0.000000 0.589506 0.000000 0.807764 1.000000 1.000000 1.000000
3082.783936 0.000000 6012.774414 0.000000 0.832430 0.000000 0.554130 1.000000 1.000000 1.000000
3069.602051 0.000000 6014.665527 0.000000 0.970286 0.000000 0.241961 1.000000 1.000000 1.000000
3078.050293 0.000000 6057.863281 0.000000 0.285175 0.000000 0.958475 1.000000 1.000000 1.000000
3019.233398 0.000000 6036.303711 0.000000 0.620212 0.000000 0.784434 1.000000 1.000000 1.000000
3046.465088 0.000000 6036.821777 0.000000 0.840070 0.000000 0.542478 1.000000 1.000000 1.000000
3081.349854 0.000000 6046.624023 0.000000 0.903197 0.000000 0.429227 1.000000 1.000000 1.000000
3054.509521 0.000000 6019.439941 0.000000 0.990253 0.000000 0.139284 1.000000 1.000000 1.000000
3027.177490 0.000000 6036.682617 0.000000 0.224423 0.000000 0.974492 1.000000 1.000000 1.000000
3033.662354 0.000000 6041.314941 0.000000 0.767669 0.000000 0.640847 1.000000 1.000000 1.000000
3025.173340 0.000000 6014.796875 0.000000 0.013105 0.000000 0.999914 1.000000 1.000000 1.000000
3086.813721 0.000000 6022.854980 0.000000 0.716981 0.000000 0.697092 1.000000 1.000000 1.000000
3090.843994 0.000000 6039.054688 0.000000 0.766382 0.000000 0.642385 1.000000 1.000000 1.000000
3057.679199 0.000000 6040.934570 0.000000 0.918559 0.000000 0.395285 1.000000 1.000000 1.000000
3054.759277 0.000000 6037.989258 0.000000 0.380466 0.000000 0.924795 1.000000 1.000000 1.000000
3002.470215 0.000000 6092.017578 0.000000 0.985536 0.000000 0.169466 1.000000 1.000000 1.000000
3026.567383 0.000000 6040.050293 0.000000 0.847708 0.000000 0.530463 1.000000 1.000000 1.000000
3032.183105 0.000000 6030.170410 0.000000 0.908433 0.000000 0.418032 1.000000 1.000000 1.000000
3086.904541 0.000000 6016.497559 0.000000 0.250209 0.000000 0.968192 1.000000 1.000000 1.000000
3077.415283 0.000000 6070.629883 0.000000 0.744179 0.000000 0.667980 1.000000 1.000000 1.000000
3072.226074 0.000000 6016.269043 0.000000 0.832809 0.000000 0.553561 1.000000 1.000000 1.000000
3048.413574 0.000000 6039.146973 0.000000 0.663118 0.000000 0.748515 1.000000 1.000000 1.000000
3051.870117 0.000000 6039.912109 0.000000 0.471553 0.000000 0.881838 1.000000 1.000000 1.000000
3088.802002 0.000000 6036.499512 0.000000 0.884368 0.000000 0.466790 1.000000 1.000000 1.000000
3045.776367 0.000000 6032.782715 0.000000 0.784368 0.000000 0.620296 1.000000 1.000000 1.000000
3025.915771 0.000000 6031.032227 0.000000 0.990675 0.000000 0.136246 1.000000 1.000000 1.000000
3002.717773 0.000000 6088.158691 0.000000 0.987568 0.000000 0.157195 1.000000 1.000000 1.000000
3024.116455 0.000000 6041.132812 0.000000 0.083337 0.000000 0.996521 1.000000 1.000000 1.000000
3077.177246 0.000000 6078.436523 0.000000 0.172843 0.000000 0.984949 1.000000 1.000000 1.000000
3010.588379 0.000000 6020.269043 0.000000 0.707636 0.000000 0.706577 1.000000 1.000000 1.000000
3057.267822 0.000000 6034.567871 0.000000 0.674039 0.000000 0.738696 1.000000 1.000000 1.000000
3064.863770 0.000000 6024.160645 0.000000 0.390700 0.000000 0.920518 1.000000 1.000000 1.000000
3066.736328 0.000000 6021.996094 0.000000 0.595216 0.000000 0.803566 1.000000 1.000000 1.000000
3027.218994 0.000000 6033.233887 0.000000 0.871960 0.000000 0.489577 1.000000 1.000000 1.000000
3028.852783 0.000000 6021.456543 0.000000 0.168547 0.000000 0.985694 1.000000 1.000000 1.000000
3069.979248 0.000000 6024.920898 0.000000 0.121285 0.000000 0.992618 1.000000 1.000000 1.000000
3033.846680 0.000000 6032.001465 0.000000 0.889133 0.000000 0.457649 1.000000 1.000000 1.000000
3066.503174 0.000000 6019.592773 0.000000 0.184402 0.000000 0.982851 1.000000 1.000000 1.000000
3059.574707 0.000000 6034.791992 0.000000 0.693905 0.000000 0.720067 1.000000 1.000000 1.000000
3068.869141 0.000000 6045.801270 0.000000 0.968041 0.000000 0.250794 1.000000 1.000000 1.000000
3083.628418 0.000000 6045.185547 0.000000 0.160139 0.000000 0.987094 1.000000 1.000000 1.000000
3016.852539 0.000000 6036.056641 0.000000 0.558982 0.000000 0.829180 1.000000 1.000000 1.000000
3048.802246 0.000000 6036.140137 0.000000 0.618154 0.000000 0.786057 1.000000 1.000000 1.000000
3026.303711 0.000000 6016.842773 0.000000 0.999912 0.000000 0.013256 1.000000 1.000000 1.000000
3072.500244 0.000000 6043.048828 0.000000 0.801707 0.000000 0.597717 1.000000 1.000000 1.000000
3037.888428 0.000000 6018.501465 0.000000 0.962735 0.000000 0.270445 1.000000 1.000000 1.000000
3084.955566 0.000000 6017.282715 0.000000 0.834865 0.000000 0.550455 1.000000 1.000000 1.000000
3083.226318 0.000000 6063.456055 0.000000 0.318496 0.000000 0.947924 1.000000 1.000000 1.000000
3075.263672 0.000000 6071.576660 0.000000 0.229536 0.000000 0.973300 1.000000 1.000000 1.000000
3045.498047 0.000000 6034.847656 0.000000 0.611452 0.000000 0.791282 1.000000 1.000000 1.000000
3030.986328 0.000000 6021.155273 0.000000 0.570869 0.000000 0.821041 1.000000 1.000000 1.000000
3081.769531 0.000000 6069.106445 0.000000 0.909599 0.000000 0.415488 1.000000 1.000000 1.000000
3078.437256 0.000000 6055.878906 0.000000 0.905033 0.000000 0.425342 1.000000 1.000000 1.000000
2999.787109 0.000000 6083.147949 0.000000 0.915399 0.000000 0.402547 1.000000 1.000000 1.000000
3041.315430 0.000000 6019.279297 0.000000 0.077664 0.000000 0.996980 1.000000 1.000000 1.000000
3078.911865 0.000000 6067.576660 0.000000 0.126665 0.000000 0.991946 1.000000 1.000000 1.000000
3092.542725 0.000000 6040.814453 0.000000 0.705489 0.000000 0.708721 1.000000 1.000000 1.000000
3092.711182 0.000000 6021.787109 0.000000 0.534618 0.000000 0.845094 1.000000 1.000000 1.000000
3090.369629 0.000000 6020.430176 0.000000 0.969418 0.000000 0.245414 1.000000 1.000000 1.000000
3067.118408 0.000000 6038.827637 0.000000 0.690174 0.000000 0.723643 1.000000 1.000000 1.000000
3013.138916 0.000000 6016.170410 0.000000 0.022663 0.000000 0.999743 1.000000 1.000000 1.000000
3069.535156 0.000000 6038.609375 0.000000 0.999966 0.000000 0.008197 1.000000 1.000000 1.000000
3089.330811 0.000000 6038.130859 0.000000 0.639918 0.000000 0.768443 1.000000 1.000000 1.000000
3008.904053 0.000000 6020.929688 0.000000 0.840479 0.000000 0.541844 1.000000 1.000000 1.000000
3024.189453 0.000000 6030.929199 0.000000 0.902537 0.000000 0.430612 1.000000 1.000000 1.000000
3077.745605 0.000000 6068.879883 0.000000 0.205877 0.000000 0.978578 1.000000 1.000000 1.000000
3044.516846 0.000000 6017.783691 0.000000 0.993553 0.000000 0.113370 1.000000 1.000000 1.000000
3059.199951 0.000000 6040.197266 0.000000 0.780183 0.000000 0.625552 1.000000 1.000000 1.000000
3027.709473 0.000000 6034.931152 0.000000 0.844322 0.000000 0.535836 1.000000 1.000000 1.000000
3074.259033 0.000000 6072.808594 0.000000 0.168977 0.000000 0.985620 1.000000 1.000000 1.000000
3076.342041 0.000000 6079.798340 0.000000 0.834865 0.000000 0.550454 1.000000 1.000000 1.000000
3086.336182 0.000000 6018.076660 0.000000 0.866338 0.000000 0.499458 1.000000 1.000000 1.000000
3073.498779 0.000000 6015.386230 0.000000 0.887385 0.000000 0.461029 1.000000 1.000000 1.000000
3015.690918 0.000000 6021.494141 0.000000 0.998075 0.000000 0.062019 1.000000 1.000000 1.000000
3080.536377 0.000000 6055.070312 0.000000 0.919923 0.000000 0.392100 1.000000 1.000000 1.000000
3014.375244 0.000000 6018.635742 0.000000 0.095699 0.000000 0.995410 1.000000 1.000000 1.000000
3032.695801 0.000000 6037.517578 0.000000 0.435351 0.000000 0.900261 1.000000 1.000000 1.000000
3068.611572 0.000000 6025.612305 0.000000 0.806084 0.000000 0.591801 1.000000 1.000000 1.000000
3082.005615 0.000000 6060.211426 0.000000 0.988587 0.000000 0.150648 1.000000 1.000000 1.000000
3077.802490 0.000000 6079.857910 0.000000 0.754047 0.000000 0.656821 1.000000 1.000000 1.000000
3076.008545 0.000000 6070.384766 0.000000 0.924587 0.000000 0.380971 1.000000 1.000000 1.000000
3073.042480 0.000000 6023.434082 0.000000 0.952696 0.000000 0.303926 1.000000 1.000000 1.000000
3070.984375 0.000000 6015.305176 0.000000 0.659470 0.000000 0.751731 1.000000 1.000000 1.000000
3034.648926 0.000000 6013.566406 0.000000 0.993371 0.000000 0.114950 1.000000 1.000000 1.000000
3067.307129 0.000000 6020.669922 0.000000 0.887374 0.000000 0.461051 1.000000 1.000000 1.000000
3065.460449 0.000000 6021.415527 0.000000 0.718987 0.000000 0.695023 1.000000 1.000000 1.000000
3032.166260 0.000000 6038.886230 0.000000 0.915994 0.000000 0.401193 1.000000 1.000000 1.000000
3054.619385 0.000000 6018.098633 0.000000 0.425227 0.000000 0.905087 1.000000 1.000000 1.000000
3066.353271 0.000000 6024.973633 0.000000 0.148234 0.000000 0.988952 1.000000 1.000000 1.000000
3044.177246 0.000000 6034.961914 0.000000 0.857843 0.000000 0.513912 1.000000 1.000000 1.000000
3038.650635 0.000000 6012.532715 0.000000 0.762356 0.000000 0.647158 1.000000 1.000000 1.000000
3075.475830 0.000000 6043.799316 0.000000 0.245617 0.000000 0.969367 1.000000 1.000000 1.000000
3051.532471 0.000000 6020.094238 0.000000 0.947267 0.000000 0.320446 1.000000 1.000000 1.000000
2999.804443 0.000000 6086.371094 0.000000 0.269338 0.000000 0.963046 1.000000 1.000000 1.000000
3082.076660 0.000000 6045.599121 0.000000 0.317522 0.000000 0.948251 1.000000 1.000000 1.000000
3082.232422 0.000000 6062.615234 0.000000 0.841486 0.000000 0.540280 1.000000 1.000000 1.000000
3072.319092 0.000000 6020.478027 0.000000 0.495758 0.000000 0.868461 1.000000 1.000000 1.000000
3028.314453 0.000000 6033.813965 0.000000 0.840559 0.000000 0.541720 1.000000 1.000000 1.000000
3008.130859 0.000000 6021.928711 0.000000 0.626411 0.000000 0.779493 1.000000 1.000000 1.000000
3061.385498 0.000000 6040.289551 0.000000 0.883092 0.000000 0.469199 1.000000 1.000000 1.000000
3087.334717 0.000000 6050.229492 0.000000 0.650056 0.000000 0.759886 1.000000 1.000000 1.000000
3059.977051 0.000000 6041.127441 0.000000 0.165543 0.000000 0.986203 1.000000 1.000000 1.000000
3073.962402 0.000000 6021.821289 0.000000 0.536498 0.000000 0.843902 1.000000 1.000000 1.000000
3082.126465 0.000000 6064.033691 0.000000 0.023618 0.000000 0.999721 1.000000 1.000000 1.000000
3035.359131 0.000000 6015.360840 0.000000 0.653175 0.000000 0.757207 1.000000 1.000000 1.000000
3034.269043 0.000000 6014.662598 0.000000 0.934993 0.000000 0.354666 1.000000 1.000000 1.000000
3069.508057 0.000000 6042.680176 0.000000 0.994516 0.000000 0.104588 1.000000 1.000000 1.000000
3078.411621 0.000000 6069.867188 0.000000 0.368471 0.000000 0.929639 1.000000 1.000000 1.000000
3092.960449 0.000000 6041.992676 0.000000 0.997757 0.000000 0.066942 1.000000 1.000000 1.000000
3029.442871 0.000000 6033.509766 0.000000 0.013894 0.000000 0.999903 1.000000 1.000000 1.000000
3083.843994 0.000000 6064.450684 0.000000 0.414388 0.000000 0.910100 1.000000 1.000000 1.000000
3075.103760 0.000000 6019.837402 0.000000 0.408662 0.000000 0.912686 1.000000 1.000000 1.000000
3068.181396 0.000000 6043.190918 0.000000 0.854168 0.000000 0.519997 1.000000 1.000000 1.000000
3101.637939 0.000000 6085.289062 0.000000 0.916853 0.000000 0.399226 1.000000 1.000000 1.000000
3096.879639 0.000000 6013.366699 0.000000 0.145435 0.000000 0.989368 1.000000 1.000000 1.000000
3105.586670 0.000000 6063.221191 0.000000 0.438151 0.000000 0.898901 1.000000 1.000000 1.000000
3103.429443 0.000000 6006.372559 0.000000 0.889598 0.000000 0.456745 1.000000 1.000000 1.000000
3113.502197 0.000000 6031.648926 0.000000 0.932180 0.000000 0.361994 1.000000 1.000000 1.000000
3122.602295 0.000000 6030.971680 0.000000 0.852085 0.000000 0.523404 1.000000 1.000000 1.000000
3129.525146 0.000000 6014.293457 0.000000 0.749702 0.000000 0.661775 1.000000 1.000000 1.000000
3100.072266 0.000000 6077.280273 0.000000 0.889169 0.000000 0.457579 1.000000 1.000000 1.000000
3138.569824 0.000000 6016.099121 0.000000 0.936023 0.000000 0.351939 1.000000 1.000000 1.000000
3102.083008 0.000000 6016.083496 0.000000 0.261396 0.000000 0.965232 1.000000 1.000000 1.000000
3159.043457 0.000000 6005.701660 0.000000 0.594730 0.000000 0.803926 1.000000 1.000000 1.000000
3149.398682 0.000000 6003.411133 0.000000 0.600083 0.000000 0.799938 1.000000 1.000000 1.000000
3109.359863 0.000000 6069.574707 0.000000 0.553411 0.000000 0.832909 1.000000 1.000000 1.000000
3101.211914 0.000000 6051.700684 0.000000 0.857107 0.000000 0.515138 1.000000 1.000000 1.000000
3109.236084 0.000000 6051.692383 0.000000 0.808401 0.000000 0.588632 1.000000 1.000000 1.000000
3156.414062 0.000000 6007.911621 0.000000 0.323004 0.000000 0.946398 1.000000 1.000000 1.000000
3107.094971 0.000000 6060.556152 0.000000 0.946269 0.000000 0.323379 1.000000 1.000000 1.000000
3113.127686 0.000000 6000.541992 0.000000 0.994888 0.000000 0.100980 1.000000 1.000000 1.000000
3096.635254 0.000000 6010.448730 0.000000 0.667392 0.000000 0.744707 1.000000 1.000000 1.000000
3117.831299 0.000000 6002.037598 0.000000 0.731117 0.000000 0.682252 1.000000 1.000000 1.000000
3099.394775 0.000000 6049.597656 0.000000 0.999883 0.000000 0.015283 1.000000 1.000000 1.000000
3096.459961 0.000000 6088.158691 0.000000 0.950655 0.000000 0.310251 1.000000 1.000000 1.000000
3155.779053 0.000000 6000.336914 0.000000 0.265104 0.000000 0.964220 1.000000 1.000000 1.000000
3100.690918 0.000000 6042.179199 0.000000 0.587801 0.000000 0.809005 1.000000 1.000000 1.000000
3103.581055 0.000000 6050.584961 0.000000 0.732837 0.000000 0.680404 1.000000 1.000000 1.000000
3102.269043 0.000000 6062.934570 0.000000 0.217849 0.000000 0.975983 1.000000 1.000000 1.000000
3093.754150 0.000000 6021.191895 0.000000 0.980155 0.000000 0.198235 1.000000 1.000000 1.000000
3136.077881 0.000000 6012.927734 0.000000 0.137510 0.000000 0.990500 1.000000 1.000000 1.000000
3122.688232 0.000000 5999.534180 0.000000 0.662071 0.000000 0.749441 1.000000 1.000000 1.000000
3115.331543 0.000000 6001.982910 0.000000 0.004180 0.000000 0.999991 1.000000 1.000000 1.000000
3114.901611 0.000000 6029.965820 0.000000 0.494709 0.000000 0.869058 1.000000 1.000000 1.000000
3123.970703 0.000000 6032.708984 0.000000 0.984388 0.000000 0.176011 1.000000 1.000000 1.000000
3121.149170 0.000000 6029.409668 0.000000 0.918691 0.000000 0.394978 1.000000 1.000000 1.000000
3096.113525 0.000000 6075.455078 0.000000 0.927785 0.000000 0.373116 1.000000 1.000000 1.000000
3128.059570 0.000000 6015.842773 0.000000 0.999446 0.000000 0.033293 1.000000 1.000000 1.000000
3113.818848 0.000000 6041.955566 0.000000 0.399725 0.000000 0.916635 1.000000 1.000000 1.000000
3097.627686 0.000000 6070.689941 0.000000 0.992625 0.000000 0.121225 1.000000 1.000000 1.000000
3107.595947 0.000000 6068.405273 0.000000 0.843216 0.000000 0.537574 1.000000 1.000000 1.000000
3119.088379 0.000000 6003.564453 0.000000 0.331934 0.000000 0.943302 1.000000 1.000000 1.000000
3140.441895 0.000000 6016.507812 0.000000 0.249222 0.000000 0.968446 1.000000 1.000000 1.000000
3137.160889 0.000000 6020.764648 0.000000 0.952743 0.000000 0.303779 1.000000 1.000000 1.000000
3116.665039 0.000000 6003.436035 0.000000 0.644971 0.000000 0.764207 1.000000 1.000000 1.000000
3155.792236 0.000000 6003.330078 0.000000 0.792380 0.000000 0.610027 1.000000 1.000000 1.000000
3112.406250 0.000000 6040.522461 0.000000 0.442676 0.000000 0.896681 1.000000 1.000000 1.000000
3134.339844 0.000000 6012.427246 0.000000 0.160367 0.000000 0.987057 1.000000 1.000000 1.000000
3103.822021 0.000000 6015.457031 0.000000 0.274699 0.000000 0.961530 1.000000 1.000000 1.000000
3101.021729 0.000000 6053.462402 0.000000 0.734622 0.000000 0.678477 1.000000 1.000000 1.000000
3131.383057 0.000000 6014.413574 0.000000 0.317861 0.000000 0.948137 1.000000 1.000000 1.000000
3113.550781 0.000000 6033.486816 0.000000 0.994848 0.000000 0.101375 1.000000 1.000000 1.000000
3114.588867 0.000000 6035.835938 0.000000 0.360134 0.000000 0.932901 1.000000 1.000000 1.000000
3101.059814 0.000000 6050.023926 0.000000 0.254392 0.000000 0.967101 1.000000 1.000000 1.000000
3097.616455 0.000000 6072.339355 0.000000 0.555864 0.000000 0.831273 1.000000 1.000000 1.000000
3114.948242 0.000000 6032.501465 0.000000 0.831781 0.000000 0.555104 1.000000 1.000000 1.000000
3106.256348 0.000000 6013.456543 0.000000 0.960690 0.000000 0.277622 1.000000 1.000000 1.000000
3114.479492 0.000000 5999.530762 0.000000 0.656484 0.000000 0.754340 1.000000 1.000000 1.000000
3096.107422 0.000000 6011.957520 0.000000 0.655857 0.000000 0.754885 1.000000 1.000000 1.000000
3105.741699 0.000000 6015.033203 0.000000 0.541413 0.000000 0.840757 1.000000 1.000000 1.000000
3110.352539 0.000000 6012.905273 0.000000 0.717463 0.000000 0.696597 1.000000 1.000000 1.000000
3122.402832 0.000000 6032.575684 0.000000 0.934566 0.000000 0.355790 1.000000 1.000000 1.000000
3102.073486 0.000000 6014.559570 0.000000 0.833302 0.000000 0.552818 1.000000 1.000000 1.000000
3119.357910 0.000000 6002.096680 0.000000 0.065543 0.000000 0.997850 1.000000 1.000000 1.000000
3130.350342 0.000000 6017.729492 0.000000 0.471243 0.000000 0.882004 1.000000 1.000000 1.000000
3106.810791 0.000000 6071.208496 0.000000 0.606762 0.000000 0.794884 1.000000 1.000000 1.000000
3118.417969 0.000000 6035.259766 0.000000 0.902118 0.000000 0.431489 1.000000 1.000000 1.000000
3101.856201 0.000000 6043.021973 0.000000 0.736595 0.000000 0.676335 1.000000 1.000000 1.000000
3132.349854 0.000000 6015.370605 0.000000 0.616229 0.000000 0.787567 1.000000 1.000000 1.000000
3145.452393 0.000000 6010.609863 0.000000 0.781367 0.000000 0.624072 1.000000 1.000000 1.000000
3135.643555 0.000000 6011.760254 0.000000 0.880697 0.000000 0.473679 1.000000 1.000000 1.000000
3136.412109 0.000000 6019.836426 0.000000 0.999989 0.000000 0.004742 1.000000 1.000000 1.000000
3095.940430 0.000000 6082.246582 0.000000 0.147754 0.000000 0.989024 1.000000 1.000000 1.000000
3111.937256 0.000000 6007.162109 0.000000 0.530554 0.000000 0.847651 1.000000 1.000000 1.000000
3113.159424 0.000000 6004.703613 0.000000 0.307784 0.000000 0.951456 1.000000 1.000000 1.000000
3093.611084 0.000000 6081.820312 0.000000 0.961497 0.000000 0.274816 1.000000 1.000000 1.000000
3115.819580 0.000000 6000.787598 0.000000 0.234862 0.000000 0.972029 1.000000 1.000000 1.000000
3114.297363 0.000000 6004.644531 0.000000 0.634870 0.000000 0.772619 1.000000 1.000000 1.000000
3132.503418 0.000000 6017.826660 0.000000 0.043420 0.000000 0.999057 1.000000 1.000000 1.000000
3007.443359 0.000000 6148.964355 0.000000 0.713288 0.000000 0.700871 1.000000 1.000000 1.000000
3019.760010 0.000000 6125.391113 0.000000 0.877440 0.000000 0.479687 1.000000 1.000000 1.000000
3090.951660 0.000000 6108.915527 0.000000 0.949910 0.000000 0.312524 1.000000 1.000000 1.000000
3044.533203 0.000000 6157.840820 0.000000 0.271680 0.000000 0.962388 1.000000 1.000000 1.000000
3081.820068 0.000000 6100.109863 0.000000 0.843693 0.000000 0.536826 1.000000 1.000000 1.000000
3004.460693 0.000000 6101.693359 0.000000 0.527074 0.000000 0.849820 1.000000 1.000000 1.000000
3056.472656 0.000000 6165.109375 0.000000 0.721186 0.000000 0.692742 1.000000 1.000000 1.000000
3004.351318 0.000000 6112.410156 0.000000 0.998078 0.000000 0.061963 1.000000 1.000000 1.000000
3015.617676 0.000000 6163.316895 0.000000 0.981481 0.000000 0.191561 1.000000 1.000000 1.000000
3070.953125 0.000000 6120.933105 0.000000 0.792456 0.000000 0.609929 1.000000 1.000000 1.000000
3079.017090 0.000000 6097.776855 0.000000 0.884148 0.000000 0.467206 1.000000 1.000000 1.000000
3007.849854 0.000000 6113.206543 0.000000 0.829317 0.000000 0.558778 1.000000 1.000000 1.000000
3060.669434 0.000000 6133.048340 0.000000 0.973418 0.000000 0.229035 1.000000 1.000000 1.000000
3059.722412 0.000000 6165.938965 0.000000 0.582732 0.000000 0.812665 1.000000 1.000000 1.000000
3083.608643 0.000000 6117.503418 0.000000 0.738913 0.000000 0.673801 1.000000 1.000000 1.000000
3073.040039 0.000000 6123.278320 0.000000 0.981494 0.000000 0.191492 1.000000 1.000000 1.000000
3069.130127 0.000000 6166.579590 0.000000 0.823314 0.000000 0.567586 1.000000 1.000000 1.000000
3029.071777 0.000000 6171.344727 0.000000 0.943514 0.000000 0.331334 1.000000 1.000000 1.000000
3018.096436 0.000000 6156.298340 0.000000 0.639310 0.000000 0.768949 1.000000 1.000000 1.000000
3053.297363 0.000000 6157.744141 0.000000 0.070774 0.000000 0.997492 1.000000 1.000000 1.000000
3052.035645 0.000000 6162.298828 0.000000 0.950061 0.000000 0.312063 1.000000 1.000000 1.000000
3012.527100 0.000000 6163.587402 0.000000 0.931878 0.000000 0.362772 1.000000 1.000000 1.000000
3074.402588 0.000000 6116.718750 0.000000 0.991272 0.000000 0.131832 1.000000 1.000000 1.000000
3049.853760 0.000000 6164.059570 0.000000 0.729196 0.000000 0.684305 1.000000 1.000000 1.000000
3081.060547 0.000000 6108.468750 0.000000 0.905524 0.000000 0.424295 1.000000 1.000000 1.000000
3017.116211 0.000000 6165.619141 0.000000 0.861818 0.000000 0.507217 1.000000 1.000000 1.000000
3006.231689 0.000000 6151.039062 0.000000 0.909679 0.000000 0.415311 1.000000 1.000000 1.000000
3068.865234 0.000000 6169.190918 0.000000 0.999796 0.000000 0.020193 1.000000 1.000000 1.000000
3014.519287 0.000000 6165.437012 0.000000 0.441108 0.000000 0.897454 1.000000 1.000000 1.000000
3055.502197 0.000000 6133.911133 0.000000 0.411555 0.000000 0.911385 1.000000 1.000000 1.000000
3016.097168 0.000000 6161.076172 0.000000 0.256160 0.000000 0.966635 1.000000 1.000000 1.000000
3005.616699 0.000000 6160.512695 0.000000 0.041550 0.000000 0.999136 1.000000 1.000000 1.000000
3006.493408 0.000000 6111.316406 0.000000 0.150267 0.000000 0.988645 1.000000 1.000000 1.000000
3009.746826 0.000000 6111.905273 0.000000 0.999469 0.000000 0.032595 1.000000 1.000000 1.000000
3052.034668 0.000000 6155.873047 0.000000 0.796108 0.000000 0.605154 1.000000 1.000000 1.000000
3007.294189 0.000000 6116.602051 0.000000 0.850822 0.000000 0.525454 1.000000 1.000000 1.000000
3002.123535 0.000000 6098.840820 0.000000 0.887628 0.000000 0.460560 1.000000 1.000000 1.000000
3087.284912 0.000000 6165.590332 0.000000 0.147864 0.000000 0.989008 1.000000 1.000000 1.000000
3076.938965 0.000000 6097.006348 0.000000 0.897018 0.000000 0.441995 1.000000 1.000000 1.000000
3033.636475 0.000000 6164.751465 0.000000 0.575767 0.000000 0.817614 1.000000 1.000000 1.000000
3087.373291 0.000000 6155.680664 0.000000 0.566153 0.000000 0.824300 1.000000 1.000000 1.000000
3002.753906 0.000000 6102.362793 0.000000 0.668126 0.000000 0.744048 1.000000 1.000000 1.000000
3062.499268 0.000000 6133.482910 0.000000 0.469226 0.000000 0.883078 1.000000 1.000000 1.000000
3016.804932 0.000000 6157.611816 0.000000 0.976212 0.000000 0.216819 1.000000 1.000000 1.000000
3083.963379 0.000000 6119.320312 0.000000 0.326823 0.000000 0.945085 1.000000 1.000000 1.000000
3081.926025 0.000000 6117.762207 0.000000 0.520598 0.000000 0.853802 1.000000 1.000000 1.000000
3002.465332 0.000000 6093.873535 0.000000 0.619809 0.000000 0.784753 1.000000 1.000000 1.000000
3075.677246 0.000000 6117.951660 0.000000 0.975164 0.000000 0.221485 1.000000 1.000000 1.000000
3014.225342 0.000000 6122.476074 0.000000 0.080307 0.000000 0.996770 1.000000 1.000000 1.000000
3091.683838 0.000000 6094.925293 0.000000 0.513256 0.000000 0.858235 1.000000 1.000000 1.000000
3005.598389 0.000000 6107.958008 0.000000 0.058807 0.000000 0.998269 1.000000 1.000000 1.000000
3007.743408 0.000000 6150.791504 0.000000 0.909388 0.000000 0.415949 1.000000 1.000000 1.000000
3054.397461 0.000000 6130.293945 0.000000 0.118624 0.000000 0.992939 1.000000 1.000000 1.000000
3049.269043 0.000000 6165.528809 0.000000 0.879491 0.000000 0.475915 1.000000 1.000000 1.000000
3015.208252 0.000000 6162.045410 0.000000 0.979465 0.000000 0.201613 1.000000 1.000000 1.000000
3058.756836 0.000000 6164.992188 0.000000 0.201677 0.000000 0.979452 1.000000 1.000000 1.000000
3022.888916 0.000000 6169.756836 0.000000 0.320173 0.000000 0.947359 1.000000 1.000000 1.000000
3007.147461 0.000000 6110.284180 0.000000 0.047517 0.000000 0.998870 1.000000 1.000000 1.000000
3092.308594 0.000000 6107.079102 0.000000 0.972853 0.000000 0.231424 1.000000 1.000000 1.000000
3076.441895 0.000000 6095.957520 0.000000 0.057201 0.000000 0.998363 1.000000 1.000000 1.000000
3006.993408 0.000000 6113.787598 0.000000 0.416824 0.000000 0.908987 1.000000 1.000000 1.000000
3092.520752 0.000000 6106.087402 0.000000 0.864932 0.000000 0.501890 1.000000 1.000000 1.000000
3094.536133 0.000000 6143.299805 0.000000 0.438196 0.000000 0.898880 1.000000 1.000000 1.000000
3101.185547 0.000000 6148.964355 0.000000 0.629655 0.000000 0.776875 1.000000 1.000000 1.000000
3096.301025 0.000000 6123.340820 0.000000 0.237961 0.000000 0.971275 1.000000 1.000000 1.000000
3101.180176 0.000000 6154.285645 0.000000 0.953140 0.000000 0.302531 1.000000 1.000000 1.000000
3104.235596 0.000000 6161.697754 0.000000 0.286198 0.000000 0.958170 1.000000 1.000000 1.000000
3094.646729 0.000000 6120.100098 0.000000 0.931470 0.000000 0.363818 1.000000 1.000000 1.000000
3102.748047 0.000000 6151.666016 0.000000 0.885790 0.000000 0.464086 1.000000 1.000000 1.000000
3094.329834 0.000000 6106.000977 0.000000 0.541759 0.000000 0.840534 1.000000 1.000000 1.000000
3093.819824 0.000000 6095.580566 0.000000 0.202796 0.000000 0.979221 1.000000 1.000000 1.000000
3105.610352 0.000000 6159.244141 0.000000 0.221163 0.000000 0.975237 1.000000 1.000000 1.000000
3101.156494 0.000000 6152.469238 0.000000 0.499455 0.000000 0.866340 1.000000 1.000000 1.000000
3094.430176 0.000000 6124.318848 0.000000 0.998534 0.000000 0.054125 1.000000 1.000000 1.000000
3102.730225 0.000000 6153.366699 0.000000 0.999870 0.000000 0.016099 1.000000 1.000000 1.000000
3097.563965 0.000000 6122.270020 0.000000 0.035272 0.000000 0.999378 1.000000 1.000000 1.000000
3095.093018 0.000000 6163.069336 0.000000 0.679481 0.000000 0.733693 1.000000 1.000000 1.000000
3101.485596 0.000000 6150.791504 0.000000 0.808220 0.000000 0.588880 1.000000 1.000000 1.000000
3094.777344 0.000000 6144.572266 0.000000 0.920865 0.000000 0.389883 1.000000 1.000000 1.000000
3104.637207 0.000000 6158.374512 0.000000 0.883878 0.000000 0.467717 1.000000 1.000000 1.000000
3093.901123 0.000000 6107.288574 0.000000 0.866171 0.000000 0.499749 1.000000 1.000000 1.000000
3100.517090 0.000000 6149.962402 0.000000 0.465647 0.000000 0.884971 1.000000 1.000000 1.000000
3429.425537 0.000000 6048.041016 0.000000 0.320321 0.000000 0.947309 1.000000 1.000000 1.000000
3467.526855 0.000000 6009.599609 0.000000 0.017453 0.000000 0.999848 1.000000 1.000000 1.000000
3438.468262 0.000000 6058.647461 0.000000 0.990570 0.000000 0.137010 1.000000 1.000000 1.000000
3465.461670 0.000000 6047.395508 0.000000 0.886135 0.000000 0.463427 1.000000 1.000000 1.000000
3434.407959 0.000000 6007.389160 0.000000 0.886541 0.000000 0.462651 1.000000 1.000000 1.000000
3431.641113 0.000000 6052.982422 0.000000 0.736320 0.000000 0.676633 1.000000 1.000000 1.000000
3423.261230 0.000000 6015.479004 0.000000 0.319375 0.000000 0.947628 1.000000 1.000000 1.000000
3430.290527 0.000000 6015.461914 0.000000 0.885044 0.000000 0.465508 1.000000 1.000000 1.000000
3424.892090 0.000000 6022.419922 0.000000 0.322026 0.000000 0.946731 1.000000 1.000000 1.000000
3422.162109 0.000000 6027.764648 0.000000 0.360320 0.000000 0.932829 1.000000 1.000000 1.000000
3467.257324 0.000000 6049.924316 0.000000 0.997599 0.000000 0.069252 1.000000 1.000000 1.000000
3467.401855 0.000000 6002.648926 0.000000 0.210051 0.000000 0.977690 1.000000 1.000000 1.000000
3461.625244 0.000000 6053.110840 0.000000 0.822734 0.000000 0.568426 1.000000 1.000000 1.000000
3436.686768 0.000000 6005.212402 0.000000 0.989055 0.000000 0.147550 1.000000 1.000000 1.000000
3463.770752 0.000000 6036.499512 0.000000 0.273217 0.000000 0.961952 1.000000 1.000000 1.000000
3426.296143 0.000000 6018.770508 0.000000 0.797410 0.000000 0.603438 1.000000 1.000000 1.000000
3425.417236 0.000000 6013.504395 0.000000 0.079534 0.000000 0.996832 1.000000 1.000000 1.000000
3462.552979 0.000000 6027.671875 0.000000 0.896663 0.000000 0.442715 1.000000 1.000000 1.000000
3428.498779 0.000000 6017.290039 0.000000 0.440447 0.000000 0.897779 1.000000 1.000000 1.000000
3424.611084 0.000000 6027.717773 0.000000 0.690203 0.000000 0.723616 1.000000 1.000000 1.000000
3425.104004 0.000000 6032.048828 0.000000 0.874279 0.000000 0.485424 1.000000 1.000000 1.000000
3466.364014 0.000000 6012.577148 0.000000 0.528056 0.000000 0.849210 1.000000 1.000000 1.000000
3429.189941 0.000000 6053.058105 0.000000 0.094744 0.000000 0.995502 1.000000 1.000000 1.000000
3428.541260 0.000000 6046.068359 0.000000 0.967489 0.000000 0.252913 1.000000 1.000000 1.000000
3437.244385 0.000000 6060.069824 0.000000 0.382197 0.000000 0.924081 1.000000 1.000000 1.000000
3468.303223 0.000000 6043.873047 0.000000 0.707349 0.000000 0.706865 1.000000 1.000000 1.000000
3467.653320 0.000000 6011.359375 0.000000 0.110448 0.000000 0.993882 1.000000 1.000000 1.000000
3462.795410 0.000000 6035.029785 0.000000 0.877009 0.000000 0.480474 1.000000 1.000000 1.000000
3463.035645 0.000000 6029.351562 0.000000 0.902896 0.000000 0.429858 1.000000 1.000000 1.000000
3433.003662 0.000000 6010.754395 0.000000 0.957161 0.000000 0.289555 1.000000 1.000000 1.000000
3427.067383 0.000000 6046.805176 0.000000 0.331282 0.000000 0.943532 1.000000 1.000000 1.000000
3438.899414 0.000000 6060.175781 0.000000 0.673194 0.000000 0.739466 1.000000 1.000000 1.000000
3437.389160 0.000000 6009.416016 0.000000 0.532153 0.000000 0.846648 1.000000 1.000000 1.000000
3467.730957 0.000000 6036.241699 0.000000 0.319724 0.000000 0.947511 1.000000 1.000000 1.000000
3426.661133 0.000000 6032.201172 0.000000 0.985223 0.000000 0.171275 1.000000 1.000000 1.000000
3427.880615 0.000000 6034.294922 0.000000 0.329808 0.000000 0.944048 1.000000 1.000000 1.000000
3468.376709 0.000000 6000.438965 0.000000 0.606468 0.000000 0.795107 1.000000 1.000000 1.000000
3429.811279 0.000000 6016.789551 0.000000 0.999982 0.000000 0.006009 1.000000 1.000000 1.000000
3429.588135 0.000000 6018.098633 0.000000 0.943628 0.000000 0.331007 1.000000 1.000000 1.000000
3466.407471 0.000000 6037.918457 0.000000 0.886857 0.000000 0.462045 1.000000 1.000000 1.000000
3436.416260 0.000000 6009.971191 0.000000 0.975361 0.000000 0.220617 1.000000 1.000000 1.000000
3437.375977 0.000000 6006.733398 0.000000 0.998296 0.000000 0.058360 1.000000 1.000000 1.000000
3472.892822 0.000000 6042.690918 0.000000 0.967284 0.000000 0.253695 1.000000 1.000000 1.000000
3468.495850 0.000000 6040.998535 0.000000 0.983411 0.000000 0.181389 1.000000 1.000000 1.000000
3469.068848 0.000000 6045.569824 0.000000 0.993554 0.000000 0.113359 1.000000 1.000000 1.000000
3474.459961 0.000000 6024.310059 0.000000 0.498820 0.000000 0.866706 1.000000 1.000000 1.000000
3475.659668 0.000000 6042.179199 0.000000 0.542195 0.000000 0.840252 1.000000 1.000000 1.000000
3477.033936 0.000000 6024.925781 0.000000 0.583155 0.000000 0.812361 1.000000 1.000000 1.000000
3474.371094 0.000000 6040.010254 0.000000 0.996493 0.000000 0.083681 1.000000 1.000000 1.000000
3468.947998 0.000000 6028.888672 0.000000 0.895999 0.000000 0.444056 1.000000 1.000000 1.000000
3469.794434 0.000000 6043.167969 0.000000 0.367975 0.000000 0.929836 1.000000 1.000000 1.000000
3468.788574 0.000000 6001.838379 0.000000 0.995308 0.000000 0.096757 1.000000 1.000000 1.000000
3474.706299 0.000000 6033.466797 0.000000 0.768371 0.000000 0.640005 1.000000 1.000000 1.000000
3476.005127 0.000000 6022.859863 0.000000 0.860618 0.000000 0.509251 1.000000 1.000000 1.000000
3469.162598 0.000000 6024.258789 0.000000 0.976050 0.000000 0.217547 1.000000 1.000000 1.000000
3468.496094 0.000000 6042.447754 0.000000 0.528109 0.000000 0.849177 1.000000 1.000000 1.000000
3468.869873 0.000000 6013.546387 0.000000 0.597803 0.000000 0.801643 1.000000 1.000000 1.000000
3468.916504 0.000000 6000.625977 0.000000 0.964380 0.000000 0.264521 1.000000 1.000000 1.000000
3599.557129 0.000000 6114.395020 0.000000 0.930667 0.000000 0.365868 1.000000 1.000000 1.000000
3622.354004 0.000000 6121.403809 0.000000 0.352629 0.000000 0.935763 1.000000 1.000000 1.000000
3590.354492 0.000000 6121.048340 0.000000 0.606527 0.000000 0.795063 1.000000 1.000000 1.000000
3617.935303 0.000000 6116.939453 0.000000 0.994381 0.000000 0.105865 1.000000 1.000000 1.000000
3631.752197 0.000000 6123.050781 0.000000 0.015588 0.000000 0.999878 1.000000 1.000000 1.000000
3635.454102 0.000000 6145.786621 0.000000 0.999771 0.000000 0.021392 1.000000 1.000000 1.000000
3593.439453 0.000000 6114.897461 0.000000 0.986271 0.000000 0.165138 1.000000 1.000000 1.000000
3576.374756 0.000000 6146.777832 0.000000 0.550849 0.000000 0.834605 1.000000 1.000000 1.000000
3591.766357 0.000000 6122.748047 0.000000 0.681936 0.000000 0.731412 1.000000 1.000000 1.000000
3623.431396 0.000000 6155.351562 0.000000 0.997112 0.000000 0.075944 1.000000 1.000000 1.000000
3578.595215 0.000000 6146.973633 0.000000 0.451115 0.000000 0.892466 1.000000 1.000000 1.000000
3582.122559 0.000000 6155.910645 0.000000 0.932590 0.000000 0.360937 1.000000 1.000000 1.000000
3581.633545 0.000000 6141.571289 0.000000 0.714570 0.000000 0.699564 1.000000 1.000000 1.000000
3624.025635 0.000000 6118.186523 0.000000 0.186873 0.000000 0.982384 1.000000 1.000000 1.000000
3635.745361 0.000000 6144.569336 0.000000 0.384415 0.000000 0.923161 1.000000 1.000000 1.000000
3583.359131 0.000000 6155.816895 0.000000 0.776173 0.000000 0.630520 1.000000 1.000000 1.000000
3625.033447 0.000000 6119.478516 0.000000 0.389770 0.000000 0.920912 1.000000 1.000000 1.000000
6734.907715 0.000000 8153.270996 0.000000 0.812831 0.000000 0.582499 1.000000 1.000000 1.000000
6705.095215 0.000000 8130.282227 0.000000 0.098153 0.000000 0.995171 1.000000 1.000000 1.000000
6711.361328 0.000000 8149.639648 0.000000 0.571558 0.000000 0.820562 1.000000 1.000000 1.000000
6708.110352 0.000000 8133.774414 0.000000 0.998223 0.000000 0.059591 1.000000 1.000000 1.000000
6734.391113 0.000000 8149.498535 0.000000 0.564846 0.000000 0.825196 1.000000 1.000000 1.000000
6708.847168 0.000000 8151.305664 0.000000 0.937387 0.000000 0.348289 1.000000 1.000000 1.000000
6711.910156 0.000000 8152.224121 0.000000 0.788233 0.000000 0.615377 1.000000 1.000000 1.000000
6723.356445 0.000000 8132.196289 0.000000 0.793434 0.000000 0.608657 1.000000 1.000000 1.000000
6735.931641 0.000000 8151.179199 0.000000 0.357204 0.000000 0.934026 1.000000 1.000000 1.000000
6724.656738 0.000000 8130.089355 0.000000 0.339908 0.000000 0.940459 1.000000 1.000000 1.000000
6738.450195 0.000000 8172.908691 0.000000 0.579507 0.000000 0.814967 1.000000 1.000000 1.000000
6748.112793 0.000000 8160.553711 0.000000 0.089410 0.000000 0.995995 1.000000 1.000000 1.000000
6744.394531 0.000000 8338.273438 0.000000 0.660417 0.000000 0.750899 1.000000 1.000000 1.000000
6692.153320 0.000000 8313.708008 0.000000 0.835158 0.000000 0.550010 1.000000 1.000000 1.000000
6698.457031 0.000000 8317.305664 0.000000 0.963683 0.000000 0.267050 1.000000 1.000000 1.000000
6698.673828 0.000000 8310.895508 0.000000 0.209573 0.000000 0.977793 1.000000 1.000000 1.000000
6659.383789 0.000000 8315.914062 0.000000 0.783702 0.000000 0.621136 1.000000 1.000000 1.000000
6687.759277 0.000000 8321.182617 0.000000 0.829396 0.000000 0.558662 1.000000 1.000000 1.000000
6698.523926 0.000000 8315.006836 0.000000 0.285656 0.000000 0.958332 1.000000 1.000000 1.000000
6696.875488 0.000000 8327.622070 0.000000 0.320335 0.000000 0.947304 1.000000 1.000000 1.000000
6689.581543 0.000000 8320.821289 0.000000 0.769879 0.000000 0.638190 1.000000 1.000000 1.000000
6688.808105 0.000000 8300.718750 0.000000 0.360234 0.000000 0.932862 1.000000 1.000000 1.000000
6688.338379 0.000000 8319.504883 0.000000 0.880744 0.000000 0.473592 1.000000 1.000000 1.000000
6744.760254 0.000000 8336.907227 0.000000 0.683530 0.000000 0.729922 1.000000 1.000000 1.000000
6692.947754 0.000000 8315.067383 0.000000 0.898335 0.000000 0.439310 1.000000 1.000000 1.000000
6649.298340 0.000000 8356.813477 0.000000 0.475794 0.000000 0.879557 1.000000 1.000000 1.000000
6648.845703 0.000000 8348.862305 0.000000 0.538800 0.000000 0.842434 1.000000 1.000000 1.000000
6649.107910 0.000000 8360.052734 0.000000 0.029105 0.000000 0.999576 1.000000 1.000000 1.000000
6650.666016 0.000000 8346.567383 0.000000 0.889347 0.000000 0.457234 1.000000 1.000000 1.000000
6636.893066 0.000000 8354.652344 0.000000 0.290976 0.000000 0.956730 1.000000 1.000000 1.000000
6651.637695 0.000000 8357.055664 0.000000 0.945126 0.000000 0.326707 1.000000 1.000000 1.000000
6652.626465 0.000000 8346.340820 0.000000 0.134750 0.000000 0.990880 1.000000 1.000000 1.000000
6650.339355 0.000000 8358.563477 0.000000 0.218827 0.000000 0.975764 1.000000 1.000000 1.000000
6637.634277 0.000000 8352.908203 0.000000 0.658950 0.000000 0.752187 1.000000 1.000000 1.000000
6639.355957 0.000000 8352.005859 0.000000 0.996418 0.000000 0.084568 1.000000 1.000000 1.000000
6684.444336 0.000000 8399.050781 0.000000 0.963880 0.000000 0.266336 1.000000 1.000000 1.000000
6665.632324 0.000000 8349.926758 0.000000 0.994290 0.000000 0.106709 1.000000 1.000000 1.000000
6681.118652 0.000000 8358.351562 0.000000 0.318593 0.000000 0.947892 1.000000 1.000000 1.000000
6686.125488 0.000000 8384.772461 0.000000 0.642190 0.000000 0.766545 1.000000 1.000000 1.000000
6741.761719 0.000000 8391.607422 0.000000 0.542197 0.000000 0.840252 1.000000 1.000000 1.000000
6744.703613 0.000000 8436.409180 0.000000 0.090617 0.000000 0.995886 1.000000 1.000000 1.000000
6679.350098 0.000000 8359.444336 0.000000 0.051235 0.000000 0.998687 1.000000 1.000000 1.000000
6740.276855 0.000000 8390.472656 0.000000 0.999801 0.000000 0.019948 1.000000 1.000000 1.000000
6738.811035 0.000000 8390.202148 0.000000 0.727582 0.000000 0.686020 1.000000 1.000000 1.000000
6684.389160 0.000000 8400.537109 0.000000 0.876676 0.000000 0.481081 1.000000 1.000000 1.000000
6631.270508 0.000000 8471.665039 0.000000 0.311963 0.000000 0.950094 1.000000 1.000000 1.000000
6630.194824 0.000000 8468.721680 0.000000 0.559818 0.000000 0.828615 1.000000 1.000000 1.000000
6631.560547 0.000000 8468.042969 0.000000 0.894738 0.000000 0.446592 1.000000 1.000000 1.000000
6744.394531 0.000000 8619.500000 0.000000 0.422607 0.000000 0.906313 1.000000 1.000000 1.000000
6684.458496 0.000000 8543.763672 0.000000 0.802750 0.000000 0.596316 1.000000 1.000000 1.000000
6692.914551 0.000000 8584.354492 0.000000 0.067222 0.000000 0.997738 1.000000 1.000000 1.000000
6665.277344 0.000000 8542.312500 0.000000 0.359297 0.000000 0.933223 1.000000 1.000000 1.000000
6747.226074 0.000000 8619.889648 0.000000 0.903670 0.000000 0.428229 1.000000 1.000000 1.000000
6693.873535 0.000000 8582.017578 0.000000 0.891928 0.000000 0.452176 1.000000 1.000000 1.000000
6671.646973 0.000000 8540.400391 0.000000 0.712851 0.000000 0.701315 1.000000 1.000000 1.000000
6682.979980 0.000000 8530.650391 0.000000 0.979772 0.000000 0.200118 1.000000 1.000000 1.000000
6664.276855 0.000000 8545.598633 0.000000 0.157136 0.000000 0.987577 1.000000 1.000000 1.000000
6687.179199 0.000000 8541.776367 0.000000 0.571355 0.000000 0.820703 1.000000 1.000000 1.000000
6693.885254 0.000000 8592.480469 0.000000 0.988118 0.000000 0.153695 1.000000 1.000000 1.000000
6665.521484 0.000000 8545.347656 0.000000 0.483784 0.000000 0.875188 1.000000 1.000000 1.000000
6678.258789 0.000000 8624.429688 0.000000 0.205776 0.000000 0.978599 1.000000 1.000000 1.000000
6680.258301 0.000000 8632.576172 0.000000 0.600429 0.000000 0.799678 1.000000 1.000000 1.000000
6677.534668 0.000000 8626.764648 0.000000 0.632228 0.000000 0.774782 1.000000 1.000000 1.000000
6757.130859 0.000000 8305.034180 0.000000 0.151603 0.000000 0.988441 1.000000 1.000000 1.000000
6840.658203 0.000000 8272.635742 0.000000 0.935190 0.000000 0.354146 1.000000 1.000000 1.000000
6754.540527 0.000000 8331.949219 0.000000 0.975871 0.000000 0.218349 1.000000 1.000000 1.000000
6763.040527 0.000000 8310.368164 0.000000 0.268976 0.000000 0.963147 1.000000 1.000000 1.000000
6838.396484 0.000000 8271.045898 0.000000 0.969376 0.000000 0.245583 1.000000 1.000000 1.000000
6754.761719 0.000000 8285.370117 0.000000 0.176887 0.000000 0.984231 1.000000 1.000000 1.000000
6752.166016 0.000000 8329.728516 0.000000 0.713761 0.000000 0.700389 1.000000 1.000000 1.000000
6751.302246 0.000000 8297.238281 0.000000 0.997098 0.000000 0.076124 1.000000 1.000000 1.000000
6842.229980 0.000000 8290.626953 0.000000 0.658947 0.000000 0.752189 1.000000 1.000000 1.000000
6763.171875 0.000000 8312.171875 0.000000 0.996438 0.000000 0.084325 1.000000 1.000000 1.000000
6758.634766 0.000000 8305.990234 0.000000 0.122312 0.000000 0.992492 1.000000 1.000000 1.000000
6771.318359 0.000000 8294.134766 0.000000 0.559231 0.000000 0.829012 1.000000 1.000000 1.000000
6754.523926 0.000000 8284.019531 0.000000 0.252664 0.000000 0.967554 1.000000 1.000000 1.000000
6840.924805 0.000000 8290.171875 0.000000 0.905934 0.000000 0.423420 1.000000 1.000000 1.000000
6764.807129 0.000000 8302.588867 0.000000 0.224110 0.000000 0.974564 1.000000 1.000000 1.000000
6850.506836 0.000000 8281.373047 0.000000 0.872454 0.000000 0.488696 1.000000 1.000000 1.000000
6850.525879 0.000000 8279.532227 0.000000 0.752268 0.000000 0.658857 1.000000 1.000000 1.000000
6765.305176 0.000000 8413.128906 0.000000 0.632711 0.000000 0.774388 1.000000 1.000000 1.000000
6762.214844 0.000000 8413.399414 0.000000 0.058747 0.000000 0.998273 1.000000 1.000000 1.000000
6910.253418 0.000000 8372.920898 0.000000 0.798180 0.000000 0.602419 1.000000 1.000000 1.000000
6914.564453 0.000000 8382.836914 0.000000 0.930260 0.000000 0.366900 1.000000 1.000000 1.000000
6900.707520 0.000000 8382.404297 0.000000 0.530344 0.000000 0.847782 1.000000 1.000000 1.000000
6858.432129 0.000000 8436.110352 0.000000 0.995534 0.000000 0.094399 1.000000 1.000000 1.000000
6903.409180 0.000000 8374.792969 0.000000 0.993537 0.000000 0.113505 1.000000 1.000000 1.000000
6912.787109 0.000000 8374.300781 0.000000 0.999932 0.000000 0.011631 1.000000 1.000000 1.000000
6915.724121 0.000000 8383.447266 0.000000 0.914562 0.000000 0.404446 1.000000 1.000000 1.000000
6807.923828 0.000000 8474.282227 0.000000 0.640479 0.000000 0.767975 1.000000 1.000000 1.000000
6787.758301 0.000000 8477.090820 0.000000 0.852300 0.000000 0.523053 1.000000 1.000000 1.000000
6822.180176 0.000000 8484.880859 0.000000 0.978820 0.000000 0.204723 1.000000 1.000000 1.000000
6755.473633 0.000000 8438.634766 0.000000 0.994200 0.000000 0.107552 1.000000 1.000000 1.000000
6756.666992 0.000000 8441.981445 0.000000 0.846466 0.000000 0.532443 1.000000 1.000000 1.000000
6810.819336 0.000000 8478.834961 0.000000 0.959430 0.000000 0.281947 1.000000 1.000000 1.000000
6785.583496 0.000000 8476.500977 0.000000 0.786739 0.000000 0.617285 1.000000 1.000000 1.000000
6755.500488 0.000000 8440.904297 0.000000 0.740103 0.000000 0.672494 1.000000 1.000000 1.000000
6824.034668 0.000000 8465.765625 0.000000 0.985880 0.000000 0.167456 1.000000 1.000000 1.000000
6786.802246 0.000000 8476.275391 0.000000 0.571829 0.000000 0.820373 1.000000 1.000000 1.000000
6786.384766 0.000000 8477.444336 0.000000 0.357340 0.000000 0.933975 1.000000 1.000000 1.000000
6810.031250 0.000000 8479.648438 0.000000 0.896308 0.000000 0.443432 1.000000 1.000000 1.000000
6859.845703 0.000000 8437.955078 0.000000 0.994433 0.000000 0.105373 1.000000 1.000000 1.000000
6916.067871 0.000000 8456.552734 0.000000 0.996443 0.000000 0.084271 1.000000 1.000000 1.000000
6918.010254 0.000000 8437.099609 0.000000 0.403627 0.000000 0.914924 1.000000 1.000000 1.000000
6890.450684 0.000000 8437.167969 0.000000 0.378539 0.000000 0.925586 1.000000 1.000000 1.000000
6871.822266 0.000000 8453.276367 0.000000 0.999961 0.000000 0.008826 1.000000 1.000000 1.000000
6856.898438 0.000000 8439.062500 0.000000 0.919337 0.000000 0.393472 1.000000 1.000000 1.000000
6849.887695 0.000000 8474.853516 0.000000 0.826098 0.000000 0.563526 1.000000 1.000000 1.000000
6892.879883 0.000000 8436.872070 0.000000 0.999858 0.000000 0.016872 1.000000 1.000000 1.000000
6848.503906 0.000000 8472.854492 0.000000 0.215042 0.000000 0.976605 1.000000 1.000000 1.000000
6914.929688 0.000000 8444.940430 0.000000 0.316220 0.000000 0.948686 1.000000 1.000000 1.000000
6857.875488 0.000000 8436.801758 0.000000 0.051423 0.000000 0.998677 1.000000 1.000000 1.000000
6907.567383 0.000000 8441.761719 0.000000 0.995778 0.000000 0.091790 1.000000 1.000000 1.000000
6906.270020 0.000000 8441.708984 0.000000 0.003777 0.000000 0.999993 1.000000 1.000000 1.000000
6804.144043 0.000000 8579.080078 0.000000 0.000304 0.000000 1.000000 1.000000 1.000000 1.000000
6786.993652 0.000000 8574.912109 0.000000 0.874786 0.000000 0.484510 1.000000 1.000000 1.000000
6807.901367 0.000000 8578.018555 0.000000 0.947706 0.000000 0.319145 1.000000 1.000000 1.000000
6775.225586 0.000000 8581.495117 0.000000 0.982805 0.000000 0.184646 1.000000 1.000000 1.000000
6783.451172 0.000000 8588.089844 0.000000 0.890194 0.000000 0.455582 1.000000 1.000000 1.000000
6805.866699 0.000000 8578.004883 0.000000 0.172258 0.000000 0.985052 1.000000 1.000000 1.000000
6766.329102 0.000000 8589.487305 0.000000 0.609221 0.000000 0.793000 1.000000 1.000000 1.000000
6782.454590 0.000000 8624.135742 0.000000 0.332114 0.000000 0.943239 1.000000 1.000000 1.000000
6837.685547 0.000000 8607.217773 0.000000 0.019707 0.000000 0.999806 1.000000 1.000000 1.000000
6921.577637 0.000000 8574.820312 0.000000 0.154556 0.000000 0.987984 1.000000 1.000000 1.000000
6897.296387 0.000000 8622.519531 0.000000 0.948731 0.000000 0.316084 1.000000 1.000000 1.000000
6928.639160 0.000000 8591.910156 0.000000 0.193407 0.000000 0.981119 1.000000 1.000000 1.000000
6876.919922 0.000000 8569.936523 0.000000 0.834566 0.000000 0.550907 1.000000 1.000000 1.000000
6923.815918 0.000000 8575.471680 0.000000 0.668654 0.000000 0.743574 1.000000 1.000000 1.000000
6926.505859 0.000000 8565.359375 0.000000 0.620822 0.000000 0.783951 1.000000 1.000000 1.000000
6857.591797 0.000000 8577.436523 0.000000 0.758163 0.000000 0.652066 1.000000 1.000000 1.000000
6871.716309 0.000000 8578.580078 0.000000 0.171799 0.000000 0.985132 1.000000 1.000000 1.000000
6871.226562 0.000000 8576.490234 0.000000 0.990255 0.000000 0.139264 1.000000 1.000000 1.000000
6924.080566 0.000000 8564.128906 0.000000 0.068683 0.000000 0.997639 1.000000 1.000000 1.000000
6857.187500 0.000000 8574.518555 0.000000 0.730851 0.000000 0.682537 1.000000 1.000000 1.000000
6856.436035 0.000000 8576.847656 0.000000 0.368613 0.000000 0.929583 1.000000 1.000000 1.000000
6877.375000 0.000000 8568.241211 0.000000 0.475159 0.000000 0.879900 1.000000 1.000000 1.000000
7009.022461 0.000000 8518.264648 0.000000 0.997427 0.000000 0.071683 1.000000 1.000000 1.000000
6966.655273 0.000000 8463.184570 0.000000 0.781422 0.000000 0.624003 1.000000 1.000000 1.000000
6978.255371 0.000000 8482.160156 0.000000 0.982812 0.000000 0.184611 1.000000 1.000000 1.000000
7009.771973 0.000000 8521.552734 0.000000 0.822824 0.000000 0.568296 1.000000 1.000000 1.000000
6976.179199 0.000000 8482.860352 0.000000 0.902653 0.000000 0.430370 1.000000 1.000000 1.000000
6968.849121 0.000000 8486.680664 0.000000 0.215087 0.000000 0.976595 1.000000 1.000000 1.000000
6948.884277 0.000000 8573.503906 0.000000 0.809724 0.000000 0.586811 1.000000 1.000000 1.000000
6982.466309 0.000000 8551.937500 0.000000 0.549271 0.000000 0.835645 1.000000 1.000000 1.000000
7026.683594 0.000000 8575.593750 0.000000 0.804390 0.000000 0.594101 1.000000 1.000000 1.000000
7014.110840 0.000000 8534.302734 0.000000 0.307969 0.000000 0.951397 1.000000 1.000000 1.000000
6948.001953 0.000000 8572.033203 0.000000 0.951935 0.000000 0.306301 1.000000 1.000000 1.000000
6949.877441 0.000000 8572.362305 0.000000 0.970428 0.000000 0.241391 1.000000 1.000000 1.000000
7044.611328 0.000000 8558.184570 0.000000 0.878657 0.000000 0.477453 1.000000 1.000000 1.000000
7046.020508 0.000000 8558.562500 0.000000 0.875897 0.000000 0.482498 1.000000 1.000000 1.000000
7262.931641 0.000000 8501.395508 0.000000 0.482716 0.000000 0.875777 1.000000 1.000000 1.000000
7263.785156 0.000000 8513.262695 0.000000 0.118479 0.000000 0.992957 1.000000 1.000000 1.000000
7274.363281 0.000000 8527.192383 0.000000 0.244846 0.000000 0.969562 1.000000 1.000000 1.000000
7262.537109 0.000000 8503.725586 0.000000 0.094005 0.000000 0.995572 1.000000 1.000000 1.000000
7264.513672 0.000000 8511.305664 0.000000 0.556673 0.000000 0.830732 1.000000 1.000000 1.000000
7234.495605 0.000000 8598.373047 0.000000 0.967322 0.000000 0.253552 1.000000 1.000000 1.000000
7236.687988 0.000000 8598.695312 0.000000 0.321113 0.000000 0.947041 1.000000 1.000000 1.000000
7240.497559 0.000000 8611.389648 0.000000 0.650118 0.000000 0.759834 1.000000 1.000000 1.000000
7314.783203 0.000000 8505.686523 0.000000 0.815366 0.000000 0.578946 1.000000 1.000000 1.000000
7367.167480 0.000000 8529.945312 0.000000 0.984803 0.000000 0.173675 1.000000 1.000000 1.000000
7354.010742 0.000000 8570.535156 0.000000 0.999979 0.000000 0.006514 1.000000 1.000000 1.000000
6794.294922 0.000000 8637.038086 0.000000 0.115461 0.000000 0.993312 1.000000 1.000000 1.000000
6821.913574 0.000000 8641.049805 0.000000 0.938258 0.000000 0.345936 1.000000 1.000000 1.000000
6820.002441 0.000000 8643.253906 0.000000 0.936273 0.000000 0.351274 1.000000 1.000000 1.000000
6816.190430 0.000000 8644.374023 0.000000 0.887144 0.000000 0.461493 1.000000 1.000000 1.000000
6794.574707 0.000000 8635.352539 0.000000 0.939816 0.000000 0.341680 1.000000 1.000000 1.000000
6819.351562 0.000000 8629.453125 0.000000 0.527633 0.000000 0.849472 1.000000 1.000000 1.000000
6883.067871 0.000000 8627.227539 0.000000 0.542164 0.000000 0.840272 1.000000 1.000000 1.000000
6880.592773 0.000000 8627.696289 0.000000 0.904775 0.000000 0.425890 1.000000 1.000000 1.000000
6899.559570 0.000000 8624.892578 0.000000 0.835771 0.000000 0.549078 1.000000 1.000000 1.000000
9065.335938 0.000000 6003.803223 0.000000 0.914505 0.000000 0.404575 1.000000 1.000000 1.000000
9069.174805 0.000000 6006.647949 0.000000 0.886889 0.000000 0.461983 1.000000 1.000000 1.000000
9067.669922 0.000000 6002.756836 0.000000 0.982292 0.000000 0.187354 1.000000 1.000000 1.000000
9066.635742 0.000000 6003.593750 0.000000 0.878787 0.000000 0.477215 1.000000 1.000000 1.000000
9277.944336 0.000000 6345.849609 0.000000 0.663772 0.000000 0.747935 1.000000 1.000000 1.000000
9263.326172 0.000000 6361.024902 0.000000 0.966959 0.000000 0.254932 1.000000 1.000000 1.000000
9371.542969 0.000000 6355.572754 0.000000 0.754551 0.000000 0.656241 1.000000 1.000000 1.000000
9336.684570 0.000000 6310.441406 0.000000 0.999530 0.000000 0.030641 1.000000 1.000000 1.000000
9334.974609 0.000000 6342.563477 0.000000 0.808192 0.000000 0.588919 1.000000 1.000000 1.000000
9349.416016 0.000000 6301.592773 0.000000 0.997951 0.000000 0.063989 1.000000 1.000000 1.000000
9327.367188 0.000000 6368.647461 0.000000 0.895458 0.000000 0.445145 1.000000 1.000000 1.000000
9337.287109 0.000000 6345.764648 0.000000 0.606281 0.000000 0.795251 1.000000 1.000000 1.000000
9312.494141 0.000000 6337.343262 0.000000 0.423003 0.000000 0.906128 1.000000 1.000000 1.000000
9323.886719 0.000000 6299.971191 0.000000 0.160024 0.000000 0.987113 1.000000 1.000000 1.000000
9321.464844 0.000000 6306.567871 0.000000 0.128849 0.000000 0.991664 1.000000 1.000000 1.000000
9318.654297 0.000000 6332.205078 0.000000 0.271068 0.000000 0.962560 1.000000 1.000000 1.000000
9370.121094 0.000000 6357.474121 0.000000 0.347739 0.000000 0.937591 1.000000 1.000000 1.000000
9351.041992 0.000000 6299.699219 0.000000 0.241131 0.000000 0.970492 1.000000 1.000000 1.000000
9347.229492 0.000000 6300.819336 0.000000 0.111255 0.000000 0.993792 1.000000 1.000000 1.000000
9337.258789 0.000000 6343.551758 0.000000 0.149578 0.000000 0.988750 1.000000 1.000000 1.000000
9318.360352 0.000000 6303.865234 0.000000 0.374899 0.000000 0.927066 1.000000 1.000000 1.000000
9323.203125 0.000000 6307.958496 0.000000 0.628275 0.000000 0.777991 1.000000 1.000000 1.000000
9442.108398 0.000000 6280.109863 0.000000 0.450342 0.000000 0.892856 1.000000 1.000000 1.000000
9397.958008 0.000000 6319.682617 0.000000 0.772531 0.000000 0.634977 1.000000 1.000000 1.000000
9443.871094 0.000000 6282.824219 0.000000 0.970470 0.000000 0.241223 1.000000 1.000000 1.000000
9407.605469 0.000000 6340.266602 0.000000 0.970318 0.000000 0.241834 1.000000 1.000000 1.000000
9430.125000 0.000000 6284.637695 0.000000 0.152514 0.000000 0.988301 1.000000 1.000000 1.000000
9410.576172 0.000000 6358.548340 0.000000 0.948189 0.000000 0.317708 1.000000 1.000000 1.000000
9418.705078 0.000000 6371.010742 0.000000 0.922615 0.000000 0.385722 1.000000 1.000000 1.000000
9432.947266 0.000000 6285.895020 0.000000 0.734492 0.000000 0.678617 1.000000 1.000000 1.000000
9388.571289 0.000000 6303.217285 0.000000 0.906007 0.000000 0.423262 1.000000 1.000000 1.000000
9388.000000 0.000000 6363.304199 0.000000 0.507749 0.000000 0.861505 1.000000 1.000000 1.000000
9442.460938 0.000000 6280.818848 0.000000 0.999165 0.000000 0.040862 1.000000 1.000000 1.000000
9394.975586 0.000000 6330.173828 0.000000 0.963749 0.000000 0.266810 1.000000 1.000000 1.000000
9412.879883 0.000000 6314.556641 0.000000 0.815654 0.000000 0.578541 1.000000 1.000000 1.000000
9420.230469 0.000000 6307.430664 0.000000 0.876629 0.000000 0.481167 1.000000 1.000000 1.000000
9396.400391 0.000000 6320.335938 0.000000 0.944916 0.000000 0.327313 1.000000 1.000000 1.000000
9420.039062 0.000000 6309.439941 0.000000 0.434703 0.000000 0.900574 1.000000 1.000000 1.000000
9449.714844 0.000000 6303.083496 0.000000 0.428903 0.000000 0.903351 1.000000 1.000000 1.000000
9448.431641 0.000000 6303.047852 0.000000 0.927903 0.000000 0.372822 1.000000 1.000000 1.000000
9257.454102 0.000000 6406.620605 0.000000 0.899142 0.000000 0.437657 1.000000 1.000000 1.000000
9269.704102 0.000000 6451.172363 0.000000 0.387506 0.000000 0.921867 1.000000 1.000000 1.000000
9256.966797 0.000000 6444.741211 0.000000 0.092354 0.000000 0.995726 1.000000 1.000000 1.000000
9241.929688 0.000000 6387.856934 0.000000 0.859282 0.000000 0.511502 1.000000 1.000000 1.000000
9259.741211 0.000000 6406.896484 0.000000 0.631088 0.000000 0.775712 1.000000 1.000000 1.000000
9258.287109 0.000000 6408.686523 0.000000 0.997201 0.000000 0.074771 1.000000 1.000000 1.000000
9246.184570 0.000000 6415.166016 0.000000 0.957875 0.000000 0.287184 1.000000 1.000000 1.000000
9258.656250 0.000000 6392.651855 0.000000 0.532398 0.000000 0.846494 1.000000 1.000000 1.000000
9240.804688 0.000000 6384.075195 0.000000 0.969438 0.000000 0.245337 1.000000 1.000000 1.000000
9307.600586 0.000000 6448.087891 0.000000 0.450956 0.000000 0.892546 1.000000 1.000000 1.000000
9304.671875 0.000000 6451.746094 0.000000 0.618199 0.000000 0.786021 1.000000 1.000000 1.000000
9315.499023 0.000000 6424.466309 0.000000 0.582028 0.000000 0.813169 1.000000 1.000000 1.000000
9303.991211 0.000000 6424.286133 0.000000 0.991760 0.000000 0.128109 1.000000 1.000000 1.000000
9307.518555 0.000000 6416.699219 0.000000 0.679222 0.000000 0.733933 1.000000 1.000000 1.000000
9288.061523 0.000000 6448.994629 0.000000 0.355662 0.000000 0.934615 1.000000 1.000000 1.000000
9253.615234 0.000000 6470.624512 0.000000 0.908009 0.000000 0.418951 1.000000 1.000000 1.000000
9253.273438 0.000000 6468.923340 0.000000 0.790316 0.000000 0.612700 1.000000 1.000000 1.000000
9329.969727 0.000000 6498.852051 0.000000 0.841755 0.000000 0.539860 1.000000 1.000000 1.000000
9322.115234 0.000000 6496.874023 0.000000 0.220321 0.000000 0.975427 1.000000 1.000000 1.000000
9289.067383 0.000000 6484.794434 0.000000 0.999829 0.000000 0.018511 1.000000 1.000000 1.000000
9357.182617 0.000000 6481.392090 0.000000 0.269649 0.000000 0.962959 1.000000 1.000000 1.000000
9307.030273 0.000000 6485.553711 0.000000 0.614773 0.000000 0.788704 1.000000 1.000000 1.000000
9290.806641 0.000000 6484.167969 0.000000 0.970634 0.000000 0.240563 1.000000 1.000000 1.000000
9323.915039 0.000000 6497.892090 0.000000 0.882030 0.000000 0.471193 1.000000 1.000000 1.000000
9321.697266 0.000000 6498.702148 0.000000 0.997384 0.000000 0.072288 1.000000 1.000000 1.000000
9356.813477 0.000000 6480.041504 0.000000 0.989903 0.000000 0.141749 1.000000 1.000000 1.000000
9322.702148 0.000000 6497.966309 0.000000 0.902578 0.000000 0.430526 1.000000 1.000000 1.000000
9426.922852 0.000000 6429.108398 0.000000 0.926033 0.000000 0.377442 1.000000 1.000000 1.000000
9403.416016 0.000000 6424.461426 0.000000 0.414360 0.000000 0.910113 1.000000 1.000000 1.000000
9376.996094 0.000000 6452.553711 0.000000 0.485292 0.000000 0.874352 1.000000 1.000000 1.000000
9428.746094 0.000000 6449.038086 0.000000 0.956739 0.000000 0.290946 1.000000 1.000000 1.000000
9406.042969 0.000000 6380.930664 0.000000 0.779687 0.000000 0.626169 1.000000 1.000000 1.000000
9385.870117 0.000000 6391.641113 0.000000 0.164139 0.000000 0.986437 1.000000 1.000000 1.000000
9374.234375 0.000000 6453.725098 0.000000 0.959313 0.000000 0.282343 1.000000 1.000000 1.000000
9406.809570 0.000000 6383.931641 0.000000 0.828051 0.000000 0.560653 1.000000 1.000000 1.000000
9429.740234 0.000000 6426.298828 0.000000 0.974402 0.000000 0.224811 1.000000 1.000000 1.000000
9402.754883 0.000000 6422.509766 0.000000 0.770636 0.000000 0.637275 1.000000 1.000000 1.000000
9399.633789 0.000000 6449.396973 0.000000 0.492903 0.000000 0.870085 1.000000 1.000000 1.000000
9428.689453 0.000000 6428.026855 0.000000 0.970767 0.000000 0.240026 1.000000 1.000000 1.000000
9377.914062 0.000000 6453.712891 0.000000 0.542671 0.000000 0.839946 1.000000 1.000000 1.000000
9398.344727 0.000000 6448.458496 0.000000 0.979073 0.000000 0.203511 1.000000 1.000000 1.000000
9387.812500 0.000000 6477.999023 0.000000 0.573329 0.000000 0.819325 1.000000 1.000000 1.000000
9445.597656 0.000000 6474.079102 0.000000 0.997706 0.000000 0.067700 1.000000 1.000000 1.000000
9423.046875 0.000000 6502.482422 0.000000 0.237291 0.000000 0.971439 1.000000 1.000000 1.000000
9409.410156 0.000000 6492.006836 0.000000 0.999989 0.000000 0.004590 1.000000 1.000000 1.000000
9423.270508 0.000000 6504.851074 0.000000 0.713499 0.000000 0.700656 1.000000 1.000000 1.000000
9407.951172 0.000000 6493.393555 0.000000 0.999844 0.000000 0.017636 1.000000 1.000000 1.000000
9444.143555 0.000000 6475.358887 0.000000 0.989501 0.000000 0.144528 1.000000 1.000000 1.000000
9409.404297 0.000000 6493.709473 0.000000 0.395656 0.000000 0.918399 1.000000 1.000000 1.000000
9538.680664 0.000000 6781.589355 0.000000 0.853486 0.000000 0.521115 1.000000 1.000000 1.000000
9530.788086 0.000000 6780.550781 0.000000 0.517086 0.000000 0.855934 1.000000 1.000000 1.000000
9534.576172 0.000000 6783.234863 0.000000 0.988173 0.000000 0.153344 1.000000 1.000000 1.000000
9522.486328 0.000000 6807.468750 0.000000 0.689809 0.000000 0.723992 1.000000 1.000000 1.000000
9533.521484 0.000000 6780.943848 0.000000 0.366556 0.000000 0.930396 1.000000 1.000000 1.000000
9562.747070 0.000000 6799.495117 0.000000 0.593061 0.000000 0.805157 1.000000 1.000000 1.000000
9563.102539 0.000000 6802.986816 0.000000 0.512550 0.000000 0.858657 1.000000 1.000000 1.000000
10196.385742 0.000000 7755.337891 0.000000 0.987482 0.000000 0.157731 1.000000 1.000000 1.000000
10195.470703 0.000000 7776.685547 0.000000 0.676408 0.000000 0.736527 1.000000 1.000000 1.000000
10167.953125 0.000000 7768.090820 0.000000 0.999930 0.000000 0.011804 1.000000 1.000000 1.000000
10216.979492 0.000000 7777.462891 0.000000 0.875766 0.000000 0.482736 1.000000 1.000000 1.000000
10194.605469 0.000000 7775.474609 0.000000 0.668514 0.000000 0.743699 1.000000 1.000000 1.000000
10230.675781 0.000000 7757.204590 0.000000 0.887914 0.000000 0.460009 1.000000 1.000000 1.000000
10247.566406 0.000000 7754.628418 0.000000 0.235049 0.000000 0.971983 1.000000 1.000000 1.000000
10239.618164 0.000000 7775.370117 0.000000 0.743348 0.000000 0.668905 1.000000 1.000000 1.000000
10153.117188 0.000000 7866.763184 0.000000 0.335294 0.000000 0.942114 1.000000 1.000000 1.000000
10219.716797 0.000000 7794.671875 0.000000 0.786482 0.000000 0.617613 1.000000 1.000000 1.000000
10325.059570 0.000000 7772.159668 0.000000 0.752353 0.000000 0.658760 1.000000 1.000000 1.000000
10324.871094 0.000000 7775.070312 0.000000 0.793875 0.000000 0.608081 1.000000 1.000000 1.000000
10322.448242 0.000000 7768.070312 0.000000 0.943334 0.000000 0.331845 1.000000 1.000000 1.000000
10323.183594 0.000000 7775.329102 0.000000 0.521531 0.000000 0.853232 1.000000 1.000000 1.000000
10322.728516 0.000000 7769.505371 0.000000 0.870936 0.000000 0.491396 1.000000 1.000000 1.000000
10406.751953 0.000000 7769.098145 0.000000 0.753038 0.000000 0.657977 1.000000 1.000000 1.000000
10426.553711 0.000000 7768.061035 0.000000 0.879969 0.000000 0.475032 1.000000 1.000000 1.000000
10426.922852 0.000000 7770.051270 0.000000 0.926180 0.000000 0.377082 1.000000 1.000000 1.000000
10401.945312 0.000000 7781.782715 0.000000 0.798717 0.000000 0.601707 1.000000 1.000000 1.000000
10319.404297 0.000000 7789.787109 0.000000 0.968944 0.000000 0.247281 1.000000 1.000000 1.000000
10402.314453 0.000000 7783.887695 0.000000 0.876740 0.000000 0.480965 1.000000 1.000000 1.000000
10403.574219 0.000000 7782.284668 0.000000 0.928726 0.000000 0.370767 1.000000 1.000000 1.000000
10489.274414 0.000000 7864.455566 0.000000 0.930246 0.000000 0.366936 1.000000 1.000000 1.000000
10434.664062 0.000000 7868.585938 0.000000 0.649270 0.000000 0.760558 1.000000 1.000000 1.000000
10475.125977 0.000000 7871.393066 0.000000 0.045406 0.000000 0.998969 1.000000 1.000000 1.000000
10462.631836 0.000000 7867.363770 0.000000 0.801486 0.000000 0.598014 1.000000 1.000000 1.000000
10495.266602 0.000000 7854.424316 0.000000 0.004473 0.000000 0.999990 1.000000 1.000000 1.000000
10434.713867 0.000000 7869.974121 0.000000 0.930964 0.000000 0.365110 1.000000 1.000000 1.000000
10474.174805 0.000000 7870.627441 0.000000 0.410507 0.000000 0.911857 1.000000 1.000000 1.000000
10475.327148 0.000000 7870.267578 0.000000 0.933735 0.000000 0.357966 1.000000 1.000000 1.000000
10015.884766 0.000000 7965.786621 0.000000 0.677626 0.000000 0.735407 1.000000 1.000000 1.000000
10012.976562 0.000000 7964.640137 0.000000 0.781327 0.000000 0.624122 1.000000 1.000000 1.000000
10026.316406 0.000000 7951.091309 0.000000 0.923491 0.000000 0.383619 1.000000 1.000000 1.000000
10014.816406 0.000000 7963.934570 0.000000 0.997873 0.000000 0.065192 1.000000 1.000000 1.000000
10012.199219 0.000000 7963.101074 0.000000 0.931399 0.000000 0.363999 1.000000 1.000000 1.000000
10027.925781 0.000000 7950.967285 0.000000 0.775099 0.000000 0.631840 1.000000 1.000000 1.000000
10038.559570 0.000000 7960.132812 0.000000 0.999836 0.000000 0.018135 1.000000 1.000000 1.000000
10054.227539 0.000000 7885.265625 0.000000 0.652178 0.000000 0.758066 1.000000 1.000000 1.000000
10075.271484 0.000000 7887.101074 0.000000 0.839469 0.000000 0.543407 1.000000 1.000000 1.000000
10074.208984 0.000000 7884.430664 0.000000 0.512652 0.000000 0.858597 1.000000 1.000000 1.000000
10039.375000 0.000000 7958.499023 0.000000 0.383810 0.000000 0.923412 1.000000 1.000000 1.000000
10039.475586 0.000000 7961.406738 0.000000 0.981494 0.000000 0.191493 1.000000 1.000000 1.000000
10074.194336 0.000000 7887.849609 0.000000 0.379685 0.000000 0.925116 1.000000 1.000000 1.000000
10199.883789 0.000000 7928.311035 0.000000 0.535220 0.000000 0.844713 1.000000 1.000000 1.000000
10181.218750 0.000000 7951.097656 0.000000 0.766147 0.000000 0.642666 1.000000 1.000000 1.000000
10131.385742 0.000000 7879.528320 0.000000 0.790916 0.000000 0.611924 1.000000 1.000000 1.000000
10196.256836 0.000000 7955.811523 0.000000 0.864674 0.000000 0.502333 1.000000 1.000000 1.000000
10153.889648 0.000000 7900.731445 0.000000 0.888745 0.000000 0.458403 1.000000 1.000000 1.000000
10201.744141 0.000000 7928.915527 0.000000 0.651766 0.000000 0.758420 1.000000 1.000000 1.000000
10200.219727 0.000000 7926.484375 0.000000 0.923332 0.000000 0.384002 1.000000 1.000000 1.000000
10188.326172 0.000000 7884.035645 0.000000 0.905248 0.000000 0.424883 1.000000 1.000000 1.000000
10130.218750 0.000000 7878.451172 0.000000 0.593869 0.000000 0.804562 1.000000 1.000000 1.000000
10209.659180 0.000000 7954.346680 0.000000 0.772447 0.000000 0.635079 1.000000 1.000000 1.000000
10145.539062 0.000000 7878.428223 0.000000 0.974039 0.000000 0.226380 1.000000 1.000000 1.000000
10152.056641 0.000000 7900.853027 0.000000 0.529018 0.000000 0.848611 1.000000 1.000000 1.000000
10163.056641 0.000000 7887.376465 0.000000 0.035020 0.000000 0.999387 1.000000 1.000000 1.000000
10162.245117 0.000000 7886.303711 0.000000 0.517145 0.000000 0.855898 1.000000 1.000000 1.000000
10144.961914 0.000000 7879.488281 0.000000 0.388633 0.000000 0.921393 1.000000 1.000000 1.000000
10222.257812 0.000000 7897.939453 0.000000 0.283989 0.000000 0.958828 1.000000 1.000000 1.000000
10361.744141 0.000000 7945.161133 0.000000 0.991903 0.000000 0.127001 1.000000 1.000000 1.000000
10343.684570 0.000000 7964.012207 0.000000 0.900891 0.000000 0.434045 1.000000 1.000000 1.000000
10342.910156 0.000000 7965.111328 0.000000 0.589405 0.000000 0.807838 1.000000 1.000000 1.000000
10480.623047 0.000000 7900.589844 0.000000 0.751002 0.000000 0.660299 1.000000 1.000000 1.000000
10482.146484 0.000000 7903.228027 0.000000 0.817758 0.000000 0.575562 1.000000 1.000000 1.000000
10482.466797 0.000000 7901.217285 0.000000 0.508228 0.000000 0.861223 1.000000 1.000000 1.000000
10478.071289 0.000000 7910.638672 0.000000 0.993090 0.000000 0.117354 1.000000 1.000000 1.000000
10482.074219 0.000000 7877.059082 0.000000 0.512305 0.000000 0.858803 1.000000 1.000000 1.000000
10499.997070 0.000000 7843.044434 0.000000 0.373247 0.000000 0.927732 1.000000 1.000000 1.000000
"}
object={
	name="tree_cypress_01_generator_1_1"
	render_pass=Map
	clamp_to_water_level=no
	generated_content=yes
	layer="tree_high_layer"
	pdxmesh="tree_cypress_01_b_mesh"
	count=1568
	transform="3279.144043 0.000000 5280.787598 0.000000 0.949912 0.000000 -0.312518 1.000000 1.000000 1.000000
3280.944092 0.000000 5289.392090 0.000000 0.996566 0.000000 -0.082803 1.000000 1.000000 1.000000
3281.384033 0.000000 5317.268555 0.000000 0.993925 0.000000 -0.110060 1.000000 1.000000 1.000000
3292.968018 0.000000 5302.489258 0.000000 0.969558 0.000000 -0.244861 1.000000 1.000000 1.000000
3371.719482 0.000000 5297.458008 0.000000 0.733043 0.000000 -0.680182 1.000000 1.000000 1.000000
3369.638184 0.000000 5320.194824 0.000000 0.707441 0.000000 -0.706773 1.000000 1.000000 1.000000
3333.061279 0.000000 5295.193359 0.000000 0.836151 0.000000 -0.548500 1.000000 1.000000 1.000000
3297.200928 0.000000 5330.884277 0.000000 0.890598 0.000000 -0.454790 1.000000 1.000000 1.000000
3326.666016 0.000000 5294.445312 0.000000 0.939316 0.000000 -0.343054 1.000000 1.000000 1.000000
3304.344482 0.000000 5324.659180 0.000000 0.675533 0.000000 -0.737330 1.000000 1.000000 1.000000
3341.580811 0.000000 5309.917969 0.000000 0.968808 0.000000 -0.247812 1.000000 1.000000 1.000000
3296.368896 0.000000 5313.287109 0.000000 0.734810 0.000000 -0.678273 1.000000 1.000000 1.000000
3337.787354 0.000000 5314.600586 0.000000 0.999999 0.000000 -0.001252 1.000000 1.000000 1.000000
3282.375977 0.000000 5303.111816 0.000000 0.702984 0.000000 -0.711206 1.000000 1.000000 1.000000
3281.184326 0.000000 5314.079102 0.000000 0.993166 0.000000 -0.116713 1.000000 1.000000 1.000000
3333.096680 0.000000 5289.974609 0.000000 0.961159 0.000000 -0.275995 1.000000 1.000000 1.000000
3370.028564 0.000000 5286.562012 0.000000 0.785556 0.000000 -0.618790 1.000000 1.000000 1.000000
3294.759277 0.000000 5305.146484 0.000000 0.626390 0.000000 -0.779510 1.000000 1.000000 1.000000
3286.879150 0.000000 5299.660156 0.000000 0.962160 0.000000 -0.272484 1.000000 1.000000 1.000000
3288.918457 0.000000 5317.742188 0.000000 0.914857 0.000000 -0.403778 1.000000 1.000000 1.000000
3342.444336 0.000000 5316.869629 0.000000 0.983987 0.000000 -0.178240 1.000000 1.000000 1.000000
3296.786377 0.000000 5337.457520 0.000000 0.648938 0.000000 -0.760841 1.000000 1.000000 1.000000
3283.869385 0.000000 5318.452148 0.000000 0.952082 0.000000 -0.305844 1.000000 1.000000 1.000000
3286.300537 0.000000 5285.620605 0.000000 0.846410 0.000000 -0.532532 1.000000 1.000000 1.000000
3290.717773 0.000000 5303.050781 0.000000 0.599730 0.000000 -0.800202 1.000000 1.000000 1.000000
3324.910889 0.000000 5292.892090 0.000000 0.846328 0.000000 -0.532662 1.000000 1.000000 1.000000
3291.784180 0.000000 5330.773438 0.000000 0.770239 0.000000 -0.637755 1.000000 1.000000 1.000000
3352.306885 0.000000 5337.098633 0.000000 0.997030 0.000000 -0.077011 1.000000 1.000000 1.000000
3286.397949 0.000000 5334.395996 0.000000 0.847163 0.000000 -0.531333 1.000000 1.000000 1.000000
3299.515869 0.000000 5317.719238 0.000000 0.589881 0.000000 -0.807490 1.000000 1.000000 1.000000
3288.502441 0.000000 5329.276367 0.000000 0.773551 0.000000 -0.633734 1.000000 1.000000 1.000000
3291.716309 0.000000 5298.698730 0.000000 0.967859 0.000000 -0.251492 1.000000 1.000000 1.000000
3324.985840 0.000000 5282.355957 0.000000 0.771720 0.000000 -0.635963 1.000000 1.000000 1.000000
3287.363281 0.000000 5330.795410 0.000000 0.995012 0.000000 -0.099758 1.000000 1.000000 1.000000
3288.322998 0.000000 5279.782715 0.000000 0.935168 0.000000 -0.354206 1.000000 1.000000 1.000000
3326.942139 0.000000 5292.668457 0.000000 0.971030 0.000000 -0.238956 1.000000 1.000000 1.000000
3289.937500 0.000000 5333.717773 0.000000 0.850019 0.000000 -0.526751 1.000000 1.000000 1.000000
3286.397705 0.000000 5305.850586 0.000000 0.960393 0.000000 -0.278647 1.000000 1.000000 1.000000
3285.360352 0.000000 5317.682129 0.000000 0.596071 0.000000 -0.802932 1.000000 1.000000 1.000000
3294.497070 0.000000 5328.134277 0.000000 0.886847 0.000000 -0.462062 1.000000 1.000000 1.000000
3302.222656 0.000000 5341.392578 0.000000 0.751696 0.000000 -0.659510 1.000000 1.000000 1.000000
3370.413574 0.000000 5298.265625 0.000000 0.837887 0.000000 -0.545844 1.000000 1.000000 1.000000
3285.212158 0.000000 5286.735840 0.000000 0.962045 0.000000 -0.272891 1.000000 1.000000 1.000000
3325.748291 0.000000 5283.764648 0.000000 0.744999 0.000000 -0.667065 1.000000 1.000000 1.000000
3285.037354 0.000000 5319.289062 0.000000 0.872046 0.000000 -0.489425 1.000000 1.000000 1.000000
3288.168701 0.000000 5275.160645 0.000000 0.865385 0.000000 -0.501108 1.000000 1.000000 1.000000
3299.692627 0.000000 5338.079102 0.000000 0.782761 0.000000 -0.622322 1.000000 1.000000 1.000000
3299.350342 0.000000 5335.572754 0.000000 0.646519 0.000000 -0.762898 1.000000 1.000000 1.000000
3288.300049 0.000000 5331.785156 0.000000 0.641824 0.000000 -0.766852 1.000000 1.000000 1.000000
3284.922363 0.000000 5285.167480 0.000000 0.775052 0.000000 -0.631898 1.000000 1.000000 1.000000
3289.718750 0.000000 5273.654785 0.000000 0.991265 0.000000 -0.131883 1.000000 1.000000 1.000000
3284.405029 0.000000 5297.807617 0.000000 0.781148 0.000000 -0.624346 1.000000 1.000000 1.000000
3334.992188 0.000000 5304.335449 0.000000 0.661976 0.000000 -0.749525 1.000000 1.000000 1.000000
3294.232910 0.000000 5295.870605 0.000000 0.967411 0.000000 -0.253212 1.000000 1.000000 1.000000
3330.367920 0.000000 5304.781250 0.000000 0.921051 0.000000 -0.389442 1.000000 1.000000 1.000000
3297.427246 0.000000 5332.291016 0.000000 0.952011 0.000000 -0.306062 1.000000 1.000000 1.000000
3335.604004 0.000000 5295.035645 0.000000 0.859874 0.000000 -0.510506 1.000000 1.000000 1.000000
3286.835449 0.000000 5333.208008 0.000000 0.722553 0.000000 -0.691316 1.000000 1.000000 1.000000
3294.251465 0.000000 5302.270508 0.000000 0.999583 0.000000 -0.028861 1.000000 1.000000 1.000000
3328.477051 0.000000 5303.546875 0.000000 0.953547 0.000000 -0.301244 1.000000 1.000000 1.000000
3297.721924 0.000000 5333.604492 0.000000 0.943802 0.000000 -0.330511 1.000000 1.000000 1.000000
3305.970947 0.000000 5368.826660 0.000000 0.954628 0.000000 -0.297801 1.000000 1.000000 1.000000
3347.841553 0.000000 5420.156250 0.000000 0.924452 0.000000 -0.381300 1.000000 1.000000 1.000000
3334.288086 0.000000 5367.288574 0.000000 0.958520 0.000000 -0.285026 1.000000 1.000000 1.000000
3329.490967 0.000000 5390.354004 0.000000 0.999632 0.000000 -0.027117 1.000000 1.000000 1.000000
3317.690674 0.000000 5431.630859 0.000000 0.724213 0.000000 -0.689576 1.000000 1.000000 1.000000
3298.863037 0.000000 5409.365234 0.000000 0.956096 0.000000 -0.293054 1.000000 1.000000 1.000000
3313.017090 0.000000 5422.801758 0.000000 0.924591 0.000000 -0.380962 1.000000 1.000000 1.000000
3308.383789 0.000000 5405.113770 0.000000 0.660218 0.000000 -0.751074 1.000000 1.000000 1.000000
3351.426025 0.000000 5400.339844 0.000000 0.918077 0.000000 -0.396401 1.000000 1.000000 1.000000
3304.506836 0.000000 5397.062500 0.000000 0.605650 0.000000 -0.795731 1.000000 1.000000 1.000000
3319.199707 0.000000 5368.513672 0.000000 0.840870 0.000000 -0.541237 1.000000 1.000000 1.000000
3298.479736 0.000000 5361.521973 0.000000 0.968621 0.000000 -0.248541 1.000000 1.000000 1.000000
3340.019043 0.000000 5376.229980 0.000000 0.970142 0.000000 -0.242536 1.000000 1.000000 1.000000
3343.818848 0.000000 5431.863770 0.000000 0.830088 0.000000 -0.557633 1.000000 1.000000 1.000000
3352.107422 0.000000 5428.711426 0.000000 0.612173 0.000000 -0.790724 1.000000 1.000000 1.000000
3321.311523 0.000000 5375.585938 0.000000 0.979751 0.000000 -0.200219 1.000000 1.000000 1.000000
3297.200928 0.000000 5424.626465 0.000000 0.912964 0.000000 -0.408040 1.000000 1.000000 1.000000
3350.691406 0.000000 5421.560547 0.000000 0.807391 0.000000 -0.590017 1.000000 1.000000 1.000000
3308.100830 0.000000 5416.923828 0.000000 0.941069 0.000000 -0.338215 1.000000 1.000000 1.000000
3294.207275 0.000000 5431.515625 0.000000 0.802816 0.000000 -0.596227 1.000000 1.000000 1.000000
3307.354736 0.000000 5407.849121 0.000000 0.828079 0.000000 -0.560612 1.000000 1.000000 1.000000
3307.440918 0.000000 5436.005371 0.000000 0.858440 0.000000 -0.512915 1.000000 1.000000 1.000000
3305.315674 0.000000 5345.842285 0.000000 0.641416 0.000000 -0.767194 1.000000 1.000000 1.000000
3364.705566 0.000000 5392.435059 0.000000 0.589198 0.000000 -0.807989 1.000000 1.000000 1.000000
3299.674805 0.000000 5402.022461 0.000000 0.984175 0.000000 -0.177198 1.000000 1.000000 1.000000
3358.896240 0.000000 5404.438965 0.000000 0.740735 0.000000 -0.671798 1.000000 1.000000 1.000000
3299.531250 0.000000 5413.626465 0.000000 0.919725 0.000000 -0.392563 1.000000 1.000000 1.000000
3334.128662 0.000000 5432.782227 0.000000 0.980266 0.000000 -0.197685 1.000000 1.000000 1.000000
3301.885498 0.000000 5397.090820 0.000000 0.991477 0.000000 -0.130279 1.000000 1.000000 1.000000
3306.784912 0.000000 5432.496582 0.000000 0.808766 0.000000 -0.588130 1.000000 1.000000 1.000000
3323.084229 0.000000 5392.355957 0.000000 0.859287 0.000000 -0.511494 1.000000 1.000000 1.000000
3369.204102 0.000000 5391.088379 0.000000 0.796219 0.000000 -0.605009 1.000000 1.000000 1.000000
3308.445557 0.000000 5377.038574 0.000000 0.864392 0.000000 -0.502819 1.000000 1.000000 1.000000
3298.342773 0.000000 5415.681641 0.000000 0.967029 0.000000 -0.254667 1.000000 1.000000 1.000000
3353.246582 0.000000 5406.653320 0.000000 0.958118 0.000000 -0.286373 1.000000 1.000000 1.000000
3302.815918 0.000000 5345.787598 0.000000 0.714027 0.000000 -0.700118 1.000000 1.000000 1.000000
3332.795654 0.000000 5434.906738 0.000000 0.949785 0.000000 -0.312902 1.000000 1.000000 1.000000
3334.803955 0.000000 5372.498535 0.000000 0.776223 0.000000 -0.630458 1.000000 1.000000 1.000000
3315.213623 0.000000 5421.839355 0.000000 0.985446 0.000000 -0.169990 1.000000 1.000000 1.000000
3304.545166 0.000000 5370.638184 0.000000 0.978331 0.000000 -0.207049 1.000000 1.000000 1.000000
3323.229004 0.000000 5400.266602 0.000000 0.932783 0.000000 -0.360439 1.000000 1.000000 1.000000
3309.513184 0.000000 5391.345703 0.000000 0.936704 0.000000 -0.350122 1.000000 1.000000 1.000000
3320.760254 0.000000 5372.890137 0.000000 0.997173 0.000000 -0.075137 1.000000 1.000000 1.000000
3325.039551 0.000000 5358.166016 0.000000 0.897915 0.000000 -0.440169 1.000000 1.000000 1.000000
3327.926270 0.000000 5360.312500 0.000000 0.848899 0.000000 -0.528555 1.000000 1.000000 1.000000
3301.292480 0.000000 5414.175781 0.000000 0.812913 0.000000 -0.582385 1.000000 1.000000 1.000000
3309.505127 0.000000 5361.695312 0.000000 0.725734 0.000000 -0.687976 1.000000 1.000000 1.000000
3353.511719 0.000000 5404.830566 0.000000 0.984237 0.000000 -0.176854 1.000000 1.000000 1.000000
3365.557861 0.000000 5390.722656 0.000000 0.722169 0.000000 -0.691716 1.000000 1.000000 1.000000
3304.332520 0.000000 5368.201660 0.000000 0.631922 0.000000 -0.775032 1.000000 1.000000 1.000000
3292.592529 0.000000 5428.640625 0.000000 0.965245 0.000000 -0.261345 1.000000 1.000000 1.000000
3335.907959 0.000000 5432.661621 0.000000 0.958633 0.000000 -0.284644 1.000000 1.000000 1.000000
3313.657959 0.000000 5351.183594 0.000000 0.792046 0.000000 -0.610462 1.000000 1.000000 1.000000
3304.804443 0.000000 5344.344727 0.000000 0.948164 0.000000 -0.317781 1.000000 1.000000 1.000000
3313.239014 0.000000 5421.265625 0.000000 0.936807 0.000000 -0.349848 1.000000 1.000000 1.000000
3302.520752 0.000000 5400.463867 0.000000 0.699172 0.000000 -0.714953 1.000000 1.000000 1.000000
3294.904053 0.000000 5430.113770 0.000000 0.952435 0.000000 -0.304742 1.000000 1.000000 1.000000
3320.720215 0.000000 5368.164062 0.000000 0.885418 0.000000 -0.464796 1.000000 1.000000 1.000000
3300.406982 0.000000 5391.633789 0.000000 0.917819 0.000000 -0.397000 1.000000 1.000000 1.000000
3307.067627 0.000000 5351.885742 0.000000 0.881881 0.000000 -0.471471 1.000000 1.000000 1.000000
3301.134277 0.000000 5402.999023 0.000000 0.993803 0.000000 -0.111159 1.000000 1.000000 1.000000
3329.419434 0.000000 5386.390137 0.000000 0.999681 0.000000 -0.025241 1.000000 1.000000 1.000000
3351.425537 0.000000 5431.919922 0.000000 0.985844 0.000000 -0.167665 1.000000 1.000000 1.000000
3320.207520 0.000000 5369.465332 0.000000 0.867420 0.000000 -0.497577 1.000000 1.000000 1.000000
3374.251465 0.000000 5378.728027 0.000000 0.918854 0.000000 -0.394598 1.000000 1.000000 1.000000
3343.983154 0.000000 5423.411133 0.000000 0.617686 0.000000 -0.786425 1.000000 1.000000 1.000000
3349.531006 0.000000 5420.334961 0.000000 0.979965 0.000000 -0.199169 1.000000 1.000000 1.000000
3312.345947 0.000000 5352.727539 0.000000 0.999552 0.000000 -0.029923 1.000000 1.000000 1.000000
3335.088135 0.000000 5373.708984 0.000000 0.983827 0.000000 -0.179124 1.000000 1.000000 1.000000
3370.551270 0.000000 5385.981934 0.000000 0.923158 0.000000 -0.384421 1.000000 1.000000 1.000000
3303.167725 0.000000 5397.179199 0.000000 0.757847 0.000000 -0.652432 1.000000 1.000000 1.000000
3363.737305 0.000000 5391.701660 0.000000 0.999991 0.000000 -0.004179 1.000000 1.000000 1.000000
3300.173828 0.000000 5358.163086 0.000000 0.964861 0.000000 -0.262759 1.000000 1.000000 1.000000
3328.790039 0.000000 5377.915039 0.000000 0.878093 0.000000 -0.478491 1.000000 1.000000 1.000000
3301.512207 0.000000 5400.622559 0.000000 0.714865 0.000000 -0.699262 1.000000 1.000000 1.000000
3305.970947 0.000000 5462.568848 0.000000 0.930027 0.000000 -0.367490 1.000000 1.000000 1.000000
3290.913818 0.000000 5443.919434 0.000000 0.967069 0.000000 -0.254513 1.000000 1.000000 1.000000
3300.956787 0.000000 5510.168457 0.000000 0.987015 0.000000 -0.160627 1.000000 1.000000 1.000000
3303.011719 0.000000 5496.757324 0.000000 0.894267 0.000000 -0.447534 1.000000 1.000000 1.000000
3335.474609 0.000000 5498.883789 0.000000 0.869750 0.000000 -0.493492 1.000000 1.000000 1.000000
3327.743408 0.000000 5529.926758 0.000000 0.762562 0.000000 -0.646915 1.000000 1.000000 1.000000
3294.605225 0.000000 5462.344238 0.000000 0.728052 0.000000 -0.685522 1.000000 1.000000 1.000000
3300.986328 0.000000 5441.169922 0.000000 0.964714 0.000000 -0.263299 1.000000 1.000000 1.000000
3331.714844 0.000000 5501.245117 0.000000 0.622121 0.000000 -0.782921 1.000000 1.000000 1.000000
3313.846680 0.000000 5448.936035 0.000000 0.596962 0.000000 -0.802269 1.000000 1.000000 1.000000
3289.575684 0.000000 5518.611328 0.000000 0.848048 0.000000 -0.529920 1.000000 1.000000 1.000000
3296.057129 0.000000 5477.282227 0.000000 0.992514 0.000000 -0.122134 1.000000 1.000000 1.000000
3344.430664 0.000000 5502.393555 0.000000 0.608140 0.000000 -0.793830 1.000000 1.000000 1.000000
3306.149902 0.000000 5494.494629 0.000000 0.704212 0.000000 -0.709989 1.000000 1.000000 1.000000
3334.411865 0.000000 5514.789062 0.000000 0.997280 0.000000 -0.073710 1.000000 1.000000 1.000000
3311.290283 0.000000 5441.049316 0.000000 0.796012 0.000000 -0.605281 1.000000 1.000000 1.000000
3297.200928 0.000000 5518.368652 0.000000 0.977583 0.000000 -0.210552 1.000000 1.000000 1.000000
3334.012695 0.000000 5468.413574 0.000000 0.960906 0.000000 -0.276876 1.000000 1.000000 1.000000
3309.152100 0.000000 5489.980469 0.000000 0.999876 0.000000 -0.015737 1.000000 1.000000 1.000000
3291.082031 0.000000 5508.344727 0.000000 0.974560 0.000000 -0.224127 1.000000 1.000000 1.000000
3294.207275 0.000000 5525.257812 0.000000 0.999915 0.000000 -0.013049 1.000000 1.000000 1.000000
3300.834717 0.000000 5513.184570 0.000000 0.686239 0.000000 -0.727376 1.000000 1.000000 1.000000
3335.095947 0.000000 5517.596191 0.000000 0.988902 0.000000 -0.148571 1.000000 1.000000 1.000000
3339.705566 0.000000 5442.215332 0.000000 0.997245 0.000000 -0.074177 1.000000 1.000000 1.000000
3342.444336 0.000000 5504.354004 0.000000 0.692743 0.000000 -0.721185 1.000000 1.000000 1.000000
3285.950684 0.000000 5517.018066 0.000000 0.928115 0.000000 -0.372294 1.000000 1.000000 1.000000
3296.786377 0.000000 5524.941895 0.000000 0.990432 0.000000 -0.138000 1.000000 1.000000 1.000000
3328.830811 0.000000 5512.185547 0.000000 0.942381 0.000000 -0.334542 1.000000 1.000000 1.000000
3316.076416 0.000000 5438.129395 0.000000 0.709709 0.000000 -0.704495 1.000000 1.000000 1.000000
3344.830322 0.000000 5504.944336 0.000000 0.742109 0.000000 -0.670279 1.000000 1.000000 1.000000
3324.027588 0.000000 5514.571777 0.000000 0.944301 0.000000 -0.329082 1.000000 1.000000 1.000000
3312.119141 0.000000 5450.703613 0.000000 0.870590 0.000000 -0.492009 1.000000 1.000000 1.000000
3340.098389 0.000000 5507.455078 0.000000 0.988866 0.000000 -0.148810 1.000000 1.000000 1.000000
3297.619141 0.000000 5452.000000 0.000000 0.994488 0.000000 -0.104851 1.000000 1.000000 1.000000
3313.567627 0.000000 5446.509766 0.000000 0.999064 0.000000 -0.043252 1.000000 1.000000 1.000000
3334.756592 0.000000 5454.836914 0.000000 0.888558 0.000000 -0.458764 1.000000 1.000000 1.000000
3283.705078 0.000000 5517.463379 0.000000 0.989243 0.000000 -0.146284 1.000000 1.000000 1.000000
3284.075928 0.000000 5520.772461 0.000000 0.645576 0.000000 -0.763696 1.000000 1.000000 1.000000
3313.579102 0.000000 5439.767578 0.000000 0.737387 0.000000 -0.675471 1.000000 1.000000 1.000000
3293.958740 0.000000 5482.059082 0.000000 0.954126 0.000000 -0.299405 1.000000 1.000000 1.000000
3302.385986 0.000000 5467.512695 0.000000 0.905602 0.000000 -0.424128 1.000000 1.000000 1.000000
3305.441162 0.000000 5483.903320 0.000000 0.779675 0.000000 -0.626184 1.000000 1.000000 1.000000
3286.397949 0.000000 5521.880371 0.000000 0.950080 0.000000 -0.312006 1.000000 1.000000 1.000000
3340.214355 0.000000 5502.830566 0.000000 0.994841 0.000000 -0.101448 1.000000 1.000000 1.000000
3337.405762 0.000000 5484.512695 0.000000 0.687094 0.000000 -0.726568 1.000000 1.000000 1.000000
3301.303223 0.000000 5479.502441 0.000000 0.889805 0.000000 -0.456342 1.000000 1.000000 1.000000
3297.255859 0.000000 5479.837402 0.000000 0.828039 0.000000 -0.560671 1.000000 1.000000 1.000000
3306.319824 0.000000 5489.980957 0.000000 0.969216 0.000000 -0.246210 1.000000 1.000000 1.000000
3340.483643 0.000000 5479.657227 0.000000 0.836444 0.000000 -0.548052 1.000000 1.000000 1.000000
3311.060303 0.000000 5494.349609 0.000000 0.957818 0.000000 -0.287374 1.000000 1.000000 1.000000
3336.087646 0.000000 5500.566406 0.000000 0.739072 0.000000 -0.673626 1.000000 1.000000 1.000000
3334.349854 0.000000 5470.310547 0.000000 0.990175 0.000000 -0.139837 1.000000 1.000000 1.000000
3341.188232 0.000000 5443.220703 0.000000 0.976203 0.000000 -0.216859 1.000000 1.000000 1.000000
3308.858154 0.000000 5488.191406 0.000000 0.844480 0.000000 -0.535587 1.000000 1.000000 1.000000
3297.877686 0.000000 5516.755371 0.000000 0.747208 0.000000 -0.664591 1.000000 1.000000 1.000000
3297.555664 0.000000 5453.778320 0.000000 0.967563 0.000000 -0.252632 1.000000 1.000000 1.000000
3301.307129 0.000000 5443.196289 0.000000 0.607680 0.000000 -0.794182 1.000000 1.000000 1.000000
3314.317871 0.000000 5438.250488 0.000000 0.657338 0.000000 -0.753596 1.000000 1.000000 1.000000
3295.122559 0.000000 5440.914551 0.000000 0.996716 0.000000 -0.080978 1.000000 1.000000 1.000000
3293.147461 0.000000 5493.456055 0.000000 0.696501 0.000000 -0.717556 1.000000 1.000000 1.000000
3336.253174 0.000000 5530.195312 0.000000 0.931507 0.000000 -0.363724 1.000000 1.000000 1.000000
3307.721436 0.000000 5489.324219 0.000000 0.842975 0.000000 -0.537953 1.000000 1.000000 1.000000
3312.460693 0.000000 5448.284180 0.000000 0.598078 0.000000 -0.801438 1.000000 1.000000 1.000000
3284.672119 0.000000 5516.291016 0.000000 0.935986 0.000000 -0.352038 1.000000 1.000000 1.000000
3296.198486 0.000000 5453.198242 0.000000 0.781837 0.000000 -0.623483 1.000000 1.000000 1.000000
3340.166260 0.000000 5440.755371 0.000000 0.668879 0.000000 -0.743371 1.000000 1.000000 1.000000
3315.248535 0.000000 5448.669922 0.000000 0.929514 0.000000 -0.368786 1.000000 1.000000 1.000000
3341.041260 0.000000 5504.066895 0.000000 0.888770 0.000000 -0.458354 1.000000 1.000000 1.000000
3305.651367 0.000000 5449.075684 0.000000 0.986371 0.000000 -0.164537 1.000000 1.000000 1.000000
3296.512207 0.000000 5478.589844 0.000000 0.930145 0.000000 -0.367194 1.000000 1.000000 1.000000
3305.388916 0.000000 5465.489258 0.000000 0.919999 0.000000 -0.391920 1.000000 1.000000 1.000000
3282.444824 0.000000 5517.848633 0.000000 0.997635 0.000000 -0.068737 1.000000 1.000000 1.000000
3309.880371 0.000000 5483.884277 0.000000 0.987952 0.000000 -0.154763 1.000000 1.000000 1.000000
3300.643799 0.000000 5442.250488 0.000000 0.773392 0.000000 -0.633928 1.000000 1.000000 1.000000
3301.781738 0.000000 5442.191406 0.000000 0.881529 0.000000 -0.472130 1.000000 1.000000 1.000000
3287.181885 0.000000 5519.658691 0.000000 0.990345 0.000000 -0.138622 1.000000 1.000000 1.000000
3337.585449 0.000000 5452.709961 0.000000 0.916356 0.000000 -0.400365 1.000000 1.000000 1.000000
3340.930664 0.000000 5505.183105 0.000000 0.653736 0.000000 -0.756723 1.000000 1.000000 1.000000
3306.244385 0.000000 5488.922852 0.000000 0.812613 0.000000 -0.582804 1.000000 1.000000 1.000000
3339.357666 0.000000 5498.062988 0.000000 0.969993 0.000000 -0.243133 1.000000 1.000000 1.000000
3245.720459 0.000000 5568.274414 0.000000 0.588447 0.000000 -0.808536 1.000000 1.000000 1.000000
3267.926758 0.000000 5554.489746 0.000000 0.723068 0.000000 -0.690777 1.000000 1.000000 1.000000
3215.369141 0.000000 5611.958984 0.000000 0.999952 0.000000 -0.009837 1.000000 1.000000 1.000000
3228.570801 0.000000 5573.768066 0.000000 0.989924 0.000000 -0.141599 1.000000 1.000000 1.000000
3251.627930 0.000000 5553.018555 0.000000 0.982028 0.000000 -0.188735 1.000000 1.000000 1.000000
3274.126953 0.000000 5536.596191 0.000000 0.886866 0.000000 -0.462026 1.000000 1.000000 1.000000
3218.224365 0.000000 5592.935059 0.000000 0.610051 0.000000 -0.792362 1.000000 1.000000 1.000000
3260.524414 0.000000 5560.825195 0.000000 0.912505 0.000000 -0.409065 1.000000 1.000000 1.000000
3223.655518 0.000000 5591.178711 0.000000 0.589089 0.000000 -0.808068 1.000000 1.000000 1.000000
3239.354492 0.000000 5571.201172 0.000000 0.671838 0.000000 -0.740698 1.000000 1.000000 1.000000
3225.257812 0.000000 5606.136230 0.000000 0.676786 0.000000 -0.736180 1.000000 1.000000 1.000000
3233.260742 0.000000 5564.071777 0.000000 0.956105 0.000000 -0.293024 1.000000 1.000000 1.000000
3222.091064 0.000000 5597.458984 0.000000 0.878213 0.000000 -0.478269 1.000000 1.000000 1.000000
3224.140625 0.000000 5616.436523 0.000000 0.975054 0.000000 -0.221966 1.000000 1.000000 1.000000
3251.357666 0.000000 5564.059082 0.000000 0.944153 0.000000 -0.329508 1.000000 1.000000 1.000000
3228.264160 0.000000 5565.336426 0.000000 0.918686 0.000000 -0.394990 1.000000 1.000000 1.000000
3218.572021 0.000000 5581.904785 0.000000 0.635314 0.000000 -0.772254 1.000000 1.000000 1.000000
3218.360107 0.000000 5579.370117 0.000000 0.720217 0.000000 -0.693748 1.000000 1.000000 1.000000
3272.776611 0.000000 5538.476562 0.000000 0.820232 0.000000 -0.572031 1.000000 1.000000 1.000000
3258.575439 0.000000 5552.085938 0.000000 0.893047 0.000000 -0.449963 1.000000 1.000000 1.000000
3253.779053 0.000000 5547.480469 0.000000 0.964237 0.000000 -0.265041 1.000000 1.000000 1.000000
3223.135498 0.000000 5613.741699 0.000000 0.999904 0.000000 -0.013843 1.000000 1.000000 1.000000
3261.031738 0.000000 5558.715332 0.000000 0.719185 0.000000 -0.694819 1.000000 1.000000 1.000000
3230.154297 0.000000 5602.034668 0.000000 0.827530 0.000000 -0.561422 1.000000 1.000000 1.000000
3220.268066 0.000000 5598.248047 0.000000 0.899489 0.000000 -0.436943 1.000000 1.000000 1.000000
3212.684814 0.000000 5617.574219 0.000000 0.796370 0.000000 -0.604809 1.000000 1.000000 1.000000
3242.267334 0.000000 5562.008301 0.000000 0.867867 0.000000 -0.496796 1.000000 1.000000 1.000000
3246.741455 0.000000 5573.399414 0.000000 0.784121 0.000000 -0.620608 1.000000 1.000000 1.000000
3258.671143 0.000000 5561.101562 0.000000 0.997536 0.000000 -0.070154 1.000000 1.000000 1.000000
3280.017822 0.000000 5545.890137 0.000000 0.993438 0.000000 -0.114371 1.000000 1.000000 1.000000
3259.498047 0.000000 5559.644043 0.000000 0.999803 0.000000 -0.019850 1.000000 1.000000 1.000000
3225.563721 0.000000 5604.667480 0.000000 0.627930 0.000000 -0.778270 1.000000 1.000000 1.000000
3224.779053 0.000000 5588.142090 0.000000 0.933634 0.000000 -0.358228 1.000000 1.000000 1.000000
3242.019531 0.000000 5563.525879 0.000000 0.827812 0.000000 -0.561005 1.000000 1.000000 1.000000
3251.462402 0.000000 5561.522461 0.000000 0.723425 0.000000 -0.690403 1.000000 1.000000 1.000000
3236.834473 0.000000 5574.787109 0.000000 0.970329 0.000000 -0.241790 1.000000 1.000000 1.000000
3220.843994 0.000000 5596.720703 0.000000 0.990466 0.000000 -0.137759 1.000000 1.000000 1.000000
3229.905762 0.000000 5573.578125 0.000000 0.838738 0.000000 -0.544535 1.000000 1.000000 1.000000
3259.697998 0.000000 5561.989258 0.000000 0.617739 0.000000 -0.786383 1.000000 1.000000 1.000000
3231.430420 0.000000 5575.520996 0.000000 0.946712 0.000000 -0.322080 1.000000 1.000000 1.000000
3259.778809 0.000000 5558.180176 0.000000 0.861015 0.000000 -0.508580 1.000000 1.000000 1.000000
3276.057617 0.000000 5551.196777 0.000000 0.957795 0.000000 -0.287452 1.000000 1.000000 1.000000
3233.543701 0.000000 5583.389648 0.000000 0.651411 0.000000 -0.758725 1.000000 1.000000 1.000000
3272.359863 0.000000 5539.585938 0.000000 0.908794 0.000000 -0.417246 1.000000 1.000000 1.000000
3230.560791 0.000000 5574.997070 0.000000 0.938822 0.000000 -0.344402 1.000000 1.000000 1.000000
3347.209473 0.000000 5584.104492 0.000000 0.999180 0.000000 -0.040499 1.000000 1.000000 1.000000
3337.184814 0.000000 5560.503906 0.000000 0.905075 0.000000 -0.425251 1.000000 1.000000 1.000000
3335.967285 0.000000 5564.978516 0.000000 0.846778 0.000000 -0.531947 1.000000 1.000000 1.000000
3347.272705 0.000000 5603.273438 0.000000 0.985140 0.000000 -0.171755 1.000000 1.000000 1.000000
3373.156250 0.000000 5609.782227 0.000000 0.961919 0.000000 -0.273334 1.000000 1.000000 1.000000
3343.177734 0.000000 5566.462891 0.000000 0.728021 0.000000 -0.685555 1.000000 1.000000 1.000000
3290.496094 0.000000 5534.121094 0.000000 0.795901 0.000000 -0.605426 1.000000 1.000000 1.000000
3369.610596 0.000000 5591.655273 0.000000 0.861388 0.000000 -0.507948 1.000000 1.000000 1.000000
3343.898438 0.000000 5539.200684 0.000000 0.877335 0.000000 -0.479879 1.000000 1.000000 1.000000
3335.771729 0.000000 5557.890625 0.000000 0.924360 0.000000 -0.381521 1.000000 1.000000 1.000000
3336.083496 0.000000 5586.322754 0.000000 0.992569 0.000000 -0.121684 1.000000 1.000000 1.000000
3334.488770 0.000000 5567.062012 0.000000 0.600956 0.000000 -0.799282 1.000000 1.000000 1.000000
3281.741455 0.000000 5546.098633 0.000000 0.924625 0.000000 -0.380879 1.000000 1.000000 1.000000
3299.568359 0.000000 5537.121094 0.000000 0.991590 0.000000 -0.129417 1.000000 1.000000 1.000000
3339.097656 0.000000 5533.454102 0.000000 0.892827 0.000000 -0.450399 1.000000 1.000000 1.000000
3347.002686 0.000000 5596.409668 0.000000 0.911162 0.000000 -0.412048 1.000000 1.000000 1.000000
3296.478271 0.000000 5538.564453 0.000000 0.971206 0.000000 -0.238239 1.000000 1.000000 1.000000
3336.708740 0.000000 5554.486328 0.000000 0.831784 0.000000 -0.555099 1.000000 1.000000 1.000000
3359.608398 0.000000 5605.141602 0.000000 0.852074 0.000000 -0.523422 1.000000 1.000000 1.000000
3371.389893 0.000000 5618.087891 0.000000 1.000000 0.000000 -0.000321 1.000000 1.000000 1.000000
3346.618896 0.000000 5570.700684 0.000000 0.982174 0.000000 -0.187972 1.000000 1.000000 1.000000
3325.304199 0.000000 5535.203613 0.000000 0.862610 0.000000 -0.505869 1.000000 1.000000 1.000000
3368.676025 0.000000 5589.681641 0.000000 0.778379 0.000000 -0.627795 1.000000 1.000000 1.000000
3340.781982 0.000000 5553.000977 0.000000 0.999998 0.000000 -0.002177 1.000000 1.000000 1.000000
3342.894287 0.000000 5594.737793 0.000000 0.953367 0.000000 -0.301814 1.000000 1.000000 1.000000
3334.120605 0.000000 5556.749512 0.000000 0.896733 0.000000 -0.442572 1.000000 1.000000 1.000000
3327.564941 0.000000 5542.781250 0.000000 0.856611 0.000000 -0.515962 1.000000 1.000000 1.000000
3342.809570 0.000000 5576.263184 0.000000 0.899530 0.000000 -0.436858 1.000000 1.000000 1.000000
3334.914551 0.000000 5571.253906 0.000000 0.987506 0.000000 -0.157581 1.000000 1.000000 1.000000
3365.557861 0.000000 5578.207031 0.000000 0.880991 0.000000 -0.473133 1.000000 1.000000 1.000000
3348.344971 0.000000 5570.116699 0.000000 0.997938 0.000000 -0.064187 1.000000 1.000000 1.000000
3345.146973 0.000000 5540.480957 0.000000 0.934946 0.000000 -0.354790 1.000000 1.000000 1.000000
3369.048340 0.000000 5622.064941 0.000000 0.898176 0.000000 -0.439637 1.000000 1.000000 1.000000
3373.836426 0.000000 5600.975098 0.000000 0.997688 0.000000 -0.067966 1.000000 1.000000 1.000000
3350.502686 0.000000 5567.240234 0.000000 0.797809 0.000000 -0.602911 1.000000 1.000000 1.000000
3351.868164 0.000000 5566.487305 0.000000 0.966981 0.000000 -0.254849 1.000000 1.000000 1.000000
3365.401123 0.000000 5573.018066 0.000000 0.633292 0.000000 -0.773912 1.000000 1.000000 1.000000
3347.249023 0.000000 5600.311035 0.000000 0.866494 0.000000 -0.499188 1.000000 1.000000 1.000000
3347.281006 0.000000 5601.803711 0.000000 0.814305 0.000000 -0.580437 1.000000 1.000000 1.000000
3336.398438 0.000000 5559.208008 0.000000 0.980956 0.000000 -0.194230 1.000000 1.000000 1.000000
3330.218506 0.000000 5541.966309 0.000000 0.962083 0.000000 -0.272757 1.000000 1.000000 1.000000
3350.126221 0.000000 5555.269531 0.000000 0.956838 0.000000 -0.290622 1.000000 1.000000 1.000000
3345.576172 0.000000 5569.037109 0.000000 0.903974 0.000000 -0.427588 1.000000 1.000000 1.000000
3337.356201 0.000000 5531.399902 0.000000 0.597376 0.000000 -0.801961 1.000000 1.000000 1.000000
3337.280273 0.000000 5564.625977 0.000000 0.614479 0.000000 -0.788933 1.000000 1.000000 1.000000
3346.345703 0.000000 5572.021973 0.000000 0.917738 0.000000 -0.397187 1.000000 1.000000 1.000000
3351.674072 0.000000 5554.900391 0.000000 0.876542 0.000000 -0.481325 1.000000 1.000000 1.000000
3330.547607 0.000000 5545.609863 0.000000 0.731503 0.000000 -0.681838 1.000000 1.000000 1.000000
3365.879395 0.000000 5579.636230 0.000000 0.985831 0.000000 -0.167741 1.000000 1.000000 1.000000
3369.242920 0.000000 5623.199219 0.000000 0.985901 0.000000 -0.167330 1.000000 1.000000 1.000000
3349.750488 0.000000 5597.786621 0.000000 0.794690 0.000000 -0.607016 1.000000 1.000000 1.000000
3411.432861 0.000000 5337.888672 0.000000 0.809725 0.000000 -0.586810 1.000000 1.000000 1.000000
3406.793457 0.000000 5341.437500 0.000000 0.910510 0.000000 -0.413488 1.000000 1.000000 1.000000
3382.406738 0.000000 5310.605957 0.000000 0.892720 0.000000 -0.450612 1.000000 1.000000 1.000000
3394.957764 0.000000 5305.891113 0.000000 0.992893 0.000000 -0.119010 1.000000 1.000000 1.000000
3408.007324 0.000000 5338.265625 0.000000 0.916262 0.000000 -0.400580 1.000000 1.000000 1.000000
3428.838135 0.000000 5330.111816 0.000000 0.658148 0.000000 -0.752888 1.000000 1.000000 1.000000
3397.553955 0.000000 5305.880371 0.000000 0.880840 0.000000 -0.473413 1.000000 1.000000 1.000000
3437.491211 0.000000 5340.749512 0.000000 0.934780 0.000000 -0.355227 1.000000 1.000000 1.000000
3430.604004 0.000000 5328.456543 0.000000 0.996440 0.000000 -0.084307 1.000000 1.000000 1.000000
3383.842285 0.000000 5287.457031 0.000000 0.644137 0.000000 -0.764910 1.000000 1.000000 1.000000
3379.763916 0.000000 5314.560059 0.000000 0.678300 0.000000 -0.734785 1.000000 1.000000 1.000000
3429.988770 0.000000 5331.478516 0.000000 0.642333 0.000000 -0.766425 1.000000 1.000000 1.000000
3390.017822 0.000000 5305.997070 0.000000 0.820675 0.000000 -0.571395 1.000000 1.000000 1.000000
3379.102539 0.000000 5317.682129 0.000000 0.894852 0.000000 -0.446362 1.000000 1.000000 1.000000
3385.366699 0.000000 5307.060059 0.000000 0.955662 0.000000 -0.294465 1.000000 1.000000 1.000000
3394.269287 0.000000 5302.576660 0.000000 0.594847 0.000000 -0.803839 1.000000 1.000000 1.000000
3406.762451 0.000000 5339.230957 0.000000 0.980363 0.000000 -0.197203 1.000000 1.000000 1.000000
3386.667969 0.000000 5293.830566 0.000000 0.667810 0.000000 -0.744332 1.000000 1.000000 1.000000
3436.337891 0.000000 5338.461914 0.000000 0.813087 0.000000 -0.582142 1.000000 1.000000 1.000000
3387.884766 0.000000 5292.657715 0.000000 0.698452 0.000000 -0.715657 1.000000 1.000000 1.000000
3379.454834 0.000000 5315.689453 0.000000 0.828870 0.000000 -0.559441 1.000000 1.000000 1.000000
3377.527588 0.000000 5373.403320 0.000000 0.657686 0.000000 -0.753292 1.000000 1.000000 1.000000
3382.664795 0.000000 5371.741699 0.000000 0.973197 0.000000 -0.229972 1.000000 1.000000 1.000000
3379.320068 0.000000 5362.472656 0.000000 0.980358 0.000000 -0.197225 1.000000 1.000000 1.000000
3401.869141 0.000000 5345.091797 0.000000 0.961732 0.000000 -0.273992 1.000000 1.000000 1.000000
3396.030273 0.000000 5350.863281 0.000000 0.819377 0.000000 -0.573255 1.000000 1.000000 1.000000
3395.085693 0.000000 5353.910645 0.000000 0.798688 0.000000 -0.601745 1.000000 1.000000 1.000000
3406.542969 0.000000 5349.766602 0.000000 0.651052 0.000000 -0.759033 1.000000 1.000000 1.000000
3425.038818 0.000000 5350.229492 0.000000 0.932936 0.000000 -0.360041 1.000000 1.000000 1.000000
3396.979492 0.000000 5352.808594 0.000000 0.995369 0.000000 -0.096126 1.000000 1.000000 1.000000
3416.237793 0.000000 5345.153809 0.000000 0.804646 0.000000 -0.593755 1.000000 1.000000 1.000000
3402.003418 0.000000 5343.416016 0.000000 0.862067 0.000000 -0.506794 1.000000 1.000000 1.000000
3417.522461 0.000000 5344.178711 0.000000 0.589918 0.000000 -0.807463 1.000000 1.000000 1.000000
3424.107422 0.000000 5351.608887 0.000000 0.763643 0.000000 -0.645639 1.000000 1.000000 1.000000
3400.809814 0.000000 5351.885742 0.000000 0.986645 0.000000 -0.162887 1.000000 1.000000 1.000000
3398.372559 0.000000 5352.834961 0.000000 0.961469 0.000000 -0.274913 1.000000 1.000000 1.000000
3397.468994 0.000000 5353.901367 0.000000 0.597582 0.000000 -0.801808 1.000000 1.000000 1.000000
3402.904297 0.000000 5345.610840 0.000000 0.652412 0.000000 -0.757864 1.000000 1.000000 1.000000
3374.733887 0.000000 5610.045410 0.000000 0.778725 0.000000 -0.627366 1.000000 1.000000 1.000000
3221.626709 0.000000 5632.305176 0.000000 0.940796 0.000000 -0.338973 1.000000 1.000000 1.000000
3237.524170 0.000000 5700.203125 0.000000 0.703088 0.000000 -0.711102 1.000000 1.000000 1.000000
3227.358398 0.000000 5642.588867 0.000000 0.907832 0.000000 -0.419334 1.000000 1.000000 1.000000
3225.457520 0.000000 5649.740234 0.000000 0.780113 0.000000 -0.625639 1.000000 1.000000 1.000000
3226.566162 0.000000 5660.674316 0.000000 0.942922 0.000000 -0.333014 1.000000 1.000000 1.000000
3240.669678 0.000000 5702.273438 0.000000 0.964536 0.000000 -0.263951 1.000000 1.000000 1.000000
3233.211914 0.000000 5709.548340 0.000000 0.986350 0.000000 -0.164662 1.000000 1.000000 1.000000
3222.251953 0.000000 5659.421875 0.000000 0.884573 0.000000 -0.466402 1.000000 1.000000 1.000000
3227.295410 0.000000 5645.465332 0.000000 0.844852 0.000000 -0.535000 1.000000 1.000000 1.000000
3234.958252 0.000000 5714.809082 0.000000 0.598643 0.000000 -0.801016 1.000000 1.000000 1.000000
3216.337158 0.000000 5646.487793 0.000000 0.810910 0.000000 -0.585171 1.000000 1.000000 1.000000
3219.796631 0.000000 5643.346680 0.000000 0.999764 0.000000 -0.021733 1.000000 1.000000 1.000000
3223.380127 0.000000 5664.235840 0.000000 0.824474 0.000000 -0.565900 1.000000 1.000000 1.000000
3228.973389 0.000000 5661.097656 0.000000 0.883699 0.000000 -0.468056 1.000000 1.000000 1.000000
3224.936523 0.000000 5662.611816 0.000000 0.944011 0.000000 -0.329915 1.000000 1.000000 1.000000
3216.447998 0.000000 5626.733887 0.000000 0.927608 0.000000 -0.373554 1.000000 1.000000 1.000000
3225.118164 0.000000 5647.669922 0.000000 0.999716 0.000000 -0.023831 1.000000 1.000000 1.000000
3224.008789 0.000000 5686.913574 0.000000 0.951239 0.000000 -0.308456 1.000000 1.000000 1.000000
3244.984375 0.000000 5714.193359 0.000000 0.896035 0.000000 -0.443984 1.000000 1.000000 1.000000
3212.315674 0.000000 5634.397949 0.000000 0.948788 0.000000 -0.315913 1.000000 1.000000 1.000000
3222.902344 0.000000 5633.339844 0.000000 0.761428 0.000000 -0.648249 1.000000 1.000000 1.000000
3221.014648 0.000000 5642.280273 0.000000 0.721779 0.000000 -0.692124 1.000000 1.000000 1.000000
3217.700195 0.000000 5647.507324 0.000000 0.961062 0.000000 -0.276332 1.000000 1.000000 1.000000
3212.281738 0.000000 5641.532227 0.000000 0.770864 0.000000 -0.637000 1.000000 1.000000 1.000000
3224.092529 0.000000 5642.760742 0.000000 0.932962 0.000000 -0.359975 1.000000 1.000000 1.000000
3225.424316 0.000000 5686.473145 0.000000 0.900243 0.000000 -0.435388 1.000000 1.000000 1.000000
3217.511963 0.000000 5625.478027 0.000000 0.875000 0.000000 -0.484123 1.000000 1.000000 1.000000
3223.329590 0.000000 5632.051270 0.000000 0.965992 0.000000 -0.258571 1.000000 1.000000 1.000000
3235.756104 0.000000 5717.735840 0.000000 0.936380 0.000000 -0.350987 1.000000 1.000000 1.000000
3224.068848 0.000000 5672.217285 0.000000 0.996827 0.000000 -0.079598 1.000000 1.000000 1.000000
3218.427002 0.000000 5677.875977 0.000000 0.892756 0.000000 -0.450541 1.000000 1.000000 1.000000
3230.832764 0.000000 5687.147461 0.000000 0.995074 0.000000 -0.099130 1.000000 1.000000 1.000000
3218.102051 0.000000 5645.187012 0.000000 0.999988 0.000000 -0.004883 1.000000 1.000000 1.000000
3236.809814 0.000000 5703.513184 0.000000 0.718219 0.000000 -0.695817 1.000000 1.000000 1.000000
3366.540039 0.000000 5644.345703 0.000000 0.871157 0.000000 -0.491004 1.000000 1.000000 1.000000
3320.484863 0.000000 5685.781250 0.000000 0.985524 0.000000 -0.169539 1.000000 1.000000 1.000000
3297.635254 0.000000 5679.924805 0.000000 0.833798 0.000000 -0.552070 1.000000 1.000000 1.000000
3281.124023 0.000000 5714.005859 0.000000 0.875475 0.000000 -0.483264 1.000000 1.000000 1.000000
3300.956787 0.000000 5697.652832 0.000000 0.754882 0.000000 -0.655860 1.000000 1.000000 1.000000
3331.266357 0.000000 5700.203125 0.000000 0.962738 0.000000 -0.270434 1.000000 1.000000 1.000000
3372.197266 0.000000 5647.854492 0.000000 0.961253 0.000000 -0.275669 1.000000 1.000000 1.000000
3310.042236 0.000000 5695.383301 0.000000 0.742452 0.000000 -0.669900 1.000000 1.000000 1.000000
3310.174072 0.000000 5674.523926 0.000000 0.999861 0.000000 -0.016688 1.000000 1.000000 1.000000
3373.784668 0.000000 5634.630859 0.000000 0.968647 0.000000 -0.248441 1.000000 1.000000 1.000000
3300.916260 0.000000 5712.309570 0.000000 0.951166 0.000000 -0.308680 1.000000 1.000000 1.000000
3289.575684 0.000000 5706.095703 0.000000 0.721206 0.000000 -0.692721 1.000000 1.000000 1.000000
3368.040283 0.000000 5647.886230 0.000000 0.925671 0.000000 -0.378330 1.000000 1.000000 1.000000
3301.215576 0.000000 5680.859863 0.000000 0.973016 0.000000 -0.230739 1.000000 1.000000 1.000000
3370.693115 0.000000 5651.150391 0.000000 0.995161 0.000000 -0.098260 1.000000 1.000000 1.000000
3311.966553 0.000000 5686.677246 0.000000 0.951403 0.000000 -0.307948 1.000000 1.000000 1.000000
3312.994141 0.000000 5681.147949 0.000000 0.631099 0.000000 -0.775702 1.000000 1.000000 1.000000
3309.152100 0.000000 5677.464844 0.000000 0.782871 0.000000 -0.622184 1.000000 1.000000 1.000000
3294.579346 0.000000 5685.587402 0.000000 0.902200 0.000000 -0.431319 1.000000 1.000000 1.000000
3338.009033 0.000000 5709.604004 0.000000 0.933736 0.000000 -0.357962 1.000000 1.000000 1.000000
3315.501709 0.000000 5718.272461 0.000000 0.998275 0.000000 -0.058719 1.000000 1.000000 1.000000
3353.831543 0.000000 5697.574219 0.000000 0.679858 0.000000 -0.733344 1.000000 1.000000 1.000000
3322.531250 0.000000 5683.769531 0.000000 0.843693 0.000000 -0.536826 1.000000 1.000000 1.000000
3290.912842 0.000000 5690.234863 0.000000 0.711933 0.000000 -0.702247 1.000000 1.000000 1.000000
3302.300049 0.000000 5714.659668 0.000000 0.981137 0.000000 -0.193315 1.000000 1.000000 1.000000
3306.266846 0.000000 5684.651855 0.000000 0.875680 0.000000 -0.482893 1.000000 1.000000 1.000000
3366.831055 0.000000 5636.047852 0.000000 0.903967 0.000000 -0.427601 1.000000 1.000000 1.000000
3303.811768 0.000000 5680.849121 0.000000 0.731448 0.000000 -0.681898 1.000000 1.000000 1.000000
3301.362061 0.000000 5691.022949 0.000000 0.893490 0.000000 -0.449084 1.000000 1.000000 1.000000
3366.277344 0.000000 5700.472168 0.000000 0.992097 0.000000 -0.125473 1.000000 1.000000 1.000000
3297.323730 0.000000 5692.365234 0.000000 0.631340 0.000000 -0.775506 1.000000 1.000000 1.000000
3323.931641 0.000000 5699.833008 0.000000 0.998761 0.000000 -0.049767 1.000000 1.000000 1.000000
3372.646484 0.000000 5650.011719 0.000000 0.999686 0.000000 -0.025078 1.000000 1.000000 1.000000
3368.610352 0.000000 5644.418457 0.000000 0.747980 0.000000 -0.663722 1.000000 1.000000 1.000000
3317.692139 0.000000 5698.343750 0.000000 0.992989 0.000000 -0.118204 1.000000 1.000000 1.000000
3342.765137 0.000000 5696.467285 0.000000 0.999393 0.000000 -0.034850 1.000000 1.000000 1.000000
3366.406494 0.000000 5637.976074 0.000000 0.768932 0.000000 -0.639330 1.000000 1.000000 1.000000
3310.174805 0.000000 5685.580566 0.000000 0.941381 0.000000 -0.337346 1.000000 1.000000 1.000000
3314.863037 0.000000 5696.040527 0.000000 0.657056 0.000000 -0.753842 1.000000 1.000000 1.000000
3311.329834 0.000000 5709.172852 0.000000 0.717263 0.000000 -0.696802 1.000000 1.000000 1.000000
3341.731689 0.000000 5708.529785 0.000000 0.995911 0.000000 -0.090335 1.000000 1.000000 1.000000
3293.472656 0.000000 5692.378418 0.000000 0.657844 0.000000 -0.753154 1.000000 1.000000 1.000000
3301.292480 0.000000 5695.402344 0.000000 0.998633 0.000000 -0.052263 1.000000 1.000000 1.000000
3311.091309 0.000000 5677.122559 0.000000 0.658736 0.000000 -0.752374 1.000000 1.000000 1.000000
3297.877686 0.000000 5704.239746 0.000000 0.869142 0.000000 -0.494562 1.000000 1.000000 1.000000
3364.830078 0.000000 5632.200195 0.000000 0.999867 0.000000 -0.016296 1.000000 1.000000 1.000000
3296.161133 0.000000 5684.502930 0.000000 0.942318 0.000000 -0.334719 1.000000 1.000000 1.000000
3297.368652 0.000000 5678.262695 0.000000 0.884810 0.000000 -0.465953 1.000000 1.000000 1.000000
3322.381836 0.000000 5685.556641 0.000000 0.999731 0.000000 -0.023209 1.000000 1.000000 1.000000
3339.645264 0.000000 5709.068359 0.000000 0.989963 0.000000 -0.141327 1.000000 1.000000 1.000000
3314.253906 0.000000 5697.504883 0.000000 0.831385 0.000000 -0.555697 1.000000 1.000000 1.000000
3322.446289 0.000000 5699.267578 0.000000 0.819939 0.000000 -0.572451 1.000000 1.000000 1.000000
3344.356689 0.000000 5699.024902 0.000000 0.742072 0.000000 -0.670320 1.000000 1.000000 1.000000
3297.582031 0.000000 5681.884277 0.000000 0.848140 0.000000 -0.529772 1.000000 1.000000 1.000000
3371.192871 0.000000 5649.494141 0.000000 0.974669 0.000000 -0.223651 1.000000 1.000000 1.000000
3332.584961 0.000000 5695.035156 0.000000 0.738600 0.000000 -0.674144 1.000000 1.000000 1.000000
3363.451660 0.000000 5708.002441 0.000000 0.815667 0.000000 -0.578521 1.000000 1.000000 1.000000
3299.037354 0.000000 5679.925293 0.000000 0.787695 0.000000 -0.616066 1.000000 1.000000 1.000000
3310.685303 0.000000 5693.841309 0.000000 0.720159 0.000000 -0.693810 1.000000 1.000000 1.000000
3324.475586 0.000000 5707.123535 0.000000 0.836829 0.000000 -0.547464 1.000000 1.000000 1.000000
3365.594727 0.000000 5635.340332 0.000000 0.764118 0.000000 -0.645077 1.000000 1.000000 1.000000
3338.562256 0.000000 5708.392090 0.000000 0.641266 0.000000 -0.767319 1.000000 1.000000 1.000000
3307.321045 0.000000 5682.211426 0.000000 0.743377 0.000000 -0.668873 1.000000 1.000000 1.000000
3283.578125 0.000000 5714.298340 0.000000 0.969992 0.000000 -0.243136 1.000000 1.000000 1.000000
3334.302002 0.000000 5699.312012 0.000000 0.608421 0.000000 -0.793615 1.000000 1.000000 1.000000
3372.826904 0.000000 5706.069336 0.000000 0.899479 0.000000 -0.436963 1.000000 1.000000 1.000000
3310.856934 0.000000 5686.466797 0.000000 0.697185 0.000000 -0.716892 1.000000 1.000000 1.000000
3293.443359 0.000000 5718.011230 0.000000 0.918973 0.000000 -0.394321 1.000000 1.000000 1.000000
3311.583984 0.000000 5685.720215 0.000000 0.778416 0.000000 -0.627749 1.000000 1.000000 1.000000
3239.227783 0.000000 5719.102539 0.000000 0.612312 0.000000 -0.790616 1.000000 1.000000 1.000000
3248.084717 0.000000 5742.322266 0.000000 0.744239 0.000000 -0.667914 1.000000 1.000000 1.000000
3264.392822 0.000000 5786.136230 0.000000 0.989816 0.000000 -0.142353 1.000000 1.000000 1.000000
3247.737061 0.000000 5762.476074 0.000000 0.867986 0.000000 -0.496589 1.000000 1.000000 1.000000
3271.271484 0.000000 5787.731445 0.000000 0.977187 0.000000 -0.212379 1.000000 1.000000 1.000000
3278.455078 0.000000 5741.596680 0.000000 0.960866 0.000000 -0.277015 1.000000 1.000000 1.000000
3245.737305 0.000000 5736.142090 0.000000 0.838851 0.000000 -0.544361 1.000000 1.000000 1.000000
3235.748779 0.000000 5765.322754 0.000000 0.905056 0.000000 -0.425292 1.000000 1.000000 1.000000
3280.404297 0.000000 5786.911621 0.000000 0.629026 0.000000 -0.777385 1.000000 1.000000 1.000000
3239.938721 0.000000 5772.913086 0.000000 0.995696 0.000000 -0.092684 1.000000 1.000000 1.000000
3234.762939 0.000000 5743.291016 0.000000 0.946734 0.000000 -0.322017 1.000000 1.000000 1.000000
3246.923584 0.000000 5726.162598 0.000000 0.859103 0.000000 -0.511803 1.000000 1.000000 1.000000
3267.817871 0.000000 5790.695801 0.000000 0.879304 0.000000 -0.476260 1.000000 1.000000 1.000000
3237.972656 0.000000 5782.471680 0.000000 0.634797 0.000000 -0.772679 1.000000 1.000000 1.000000
3244.875244 0.000000 5718.399414 0.000000 0.770358 0.000000 -0.637612 1.000000 1.000000 1.000000
3249.435547 0.000000 5753.947266 0.000000 0.963359 0.000000 -0.268215 1.000000 1.000000 1.000000
3258.365234 0.000000 5803.680176 0.000000 0.909907 0.000000 -0.414813 1.000000 1.000000 1.000000
3280.896484 0.000000 5750.029785 0.000000 0.992393 0.000000 -0.123111 1.000000 1.000000 1.000000
3245.697998 0.000000 5765.752441 0.000000 0.975833 0.000000 -0.218516 1.000000 1.000000 1.000000
3242.806152 0.000000 5734.235352 0.000000 0.791207 0.000000 -0.611548 1.000000 1.000000 1.000000
3264.899658 0.000000 5789.403320 0.000000 0.990787 0.000000 -0.135430 1.000000 1.000000 1.000000
3236.730713 0.000000 5720.956055 0.000000 0.827789 0.000000 -0.561040 1.000000 1.000000 1.000000
3242.031250 0.000000 5718.661133 0.000000 0.802684 0.000000 -0.596405 1.000000 1.000000 1.000000
3242.341309 0.000000 5773.807129 0.000000 0.991179 0.000000 -0.132531 1.000000 1.000000 1.000000
3268.051758 0.000000 5793.442383 0.000000 0.747964 0.000000 -0.663740 1.000000 1.000000 1.000000
3232.274170 0.000000 5757.327148 0.000000 0.863142 0.000000 -0.504962 1.000000 1.000000 1.000000
3278.904297 0.000000 5743.753906 0.000000 0.906066 0.000000 -0.423136 1.000000 1.000000 1.000000
3273.915527 0.000000 5759.270020 0.000000 0.785406 0.000000 -0.618981 1.000000 1.000000 1.000000
3244.525879 0.000000 5733.046387 0.000000 0.988003 0.000000 -0.154437 1.000000 1.000000 1.000000
3240.402100 0.000000 5774.792480 0.000000 0.890183 0.000000 -0.455603 1.000000 1.000000 1.000000
3280.178467 0.000000 5752.421875 0.000000 0.648803 0.000000 -0.760957 1.000000 1.000000 1.000000
3267.714600 0.000000 5811.201172 0.000000 0.916781 0.000000 -0.399389 1.000000 1.000000 1.000000
3249.983643 0.000000 5758.514160 0.000000 0.992503 0.000000 -0.122221 1.000000 1.000000 1.000000
3247.446045 0.000000 5724.447266 0.000000 0.973188 0.000000 -0.230010 1.000000 1.000000 1.000000
3263.062256 0.000000 5796.468262 0.000000 0.879966 0.000000 -0.475036 1.000000 1.000000 1.000000
3246.684326 0.000000 5758.970703 0.000000 0.999942 0.000000 -0.010761 1.000000 1.000000 1.000000
3234.655518 0.000000 5766.581055 0.000000 0.964123 0.000000 -0.265456 1.000000 1.000000 1.000000
3234.485352 0.000000 5726.916992 0.000000 0.902025 0.000000 -0.431683 1.000000 1.000000 1.000000
3236.312744 0.000000 5739.859375 0.000000 0.767488 0.000000 -0.641063 1.000000 1.000000 1.000000
3276.671387 0.000000 5766.976562 0.000000 0.964977 0.000000 -0.262335 1.000000 1.000000 1.000000
3269.573975 0.000000 5793.600098 0.000000 0.994864 0.000000 -0.101221 1.000000 1.000000 1.000000
3234.079102 0.000000 5769.751953 0.000000 0.826155 0.000000 -0.563443 1.000000 1.000000 1.000000
3278.127441 0.000000 5804.136719 0.000000 0.929206 0.000000 -0.369563 1.000000 1.000000 1.000000
3264.842041 0.000000 5795.729492 0.000000 0.999924 0.000000 -0.012349 1.000000 1.000000 1.000000
3237.892822 0.000000 5768.052246 0.000000 0.999445 0.000000 -0.033301 1.000000 1.000000 1.000000
3249.461670 0.000000 5755.376953 0.000000 0.914518 0.000000 -0.404545 1.000000 1.000000 1.000000
3244.686523 0.000000 5719.731445 0.000000 0.999830 0.000000 -0.018426 1.000000 1.000000 1.000000
3272.739014 0.000000 5758.527832 0.000000 0.977062 0.000000 -0.212954 1.000000 1.000000 1.000000
3234.445801 0.000000 5744.575195 0.000000 0.951904 0.000000 -0.306397 1.000000 1.000000 1.000000
3248.072754 0.000000 5754.360840 0.000000 0.814656 0.000000 -0.579945 1.000000 1.000000 1.000000
3272.793701 0.000000 5759.820801 0.000000 0.720753 0.000000 -0.693192 1.000000 1.000000 1.000000
3239.091309 0.000000 5779.766113 0.000000 0.722916 0.000000 -0.690936 1.000000 1.000000 1.000000
3279.313721 0.000000 5787.428223 0.000000 0.666655 0.000000 -0.745366 1.000000 1.000000 1.000000
3247.015869 0.000000 5748.156250 0.000000 0.963282 0.000000 -0.268492 1.000000 1.000000 1.000000
3235.345947 0.000000 5767.574219 0.000000 0.955875 0.000000 -0.293773 1.000000 1.000000 1.000000
3247.827881 0.000000 5761.125000 0.000000 0.981736 0.000000 -0.190248 1.000000 1.000000 1.000000
3243.574951 0.000000 5774.254395 0.000000 0.917901 0.000000 -0.396811 1.000000 1.000000 1.000000
3235.050781 0.000000 5742.282227 0.000000 0.982051 0.000000 -0.188617 1.000000 1.000000 1.000000
3312.575195 0.000000 5718.797363 0.000000 0.845099 0.000000 -0.534609 1.000000 1.000000 1.000000
3298.340332 0.000000 5740.881348 0.000000 0.964566 0.000000 -0.263841 1.000000 1.000000 1.000000
3294.605225 0.000000 5743.570801 0.000000 0.775760 0.000000 -0.631028 1.000000 1.000000 1.000000
3302.288086 0.000000 5725.832031 0.000000 0.748724 0.000000 -0.662882 1.000000 1.000000 1.000000
3290.496094 0.000000 5721.605469 0.000000 0.883236 0.000000 -0.468929 1.000000 1.000000 1.000000
3280.991699 0.000000 5797.529785 0.000000 0.730648 0.000000 -0.682754 1.000000 1.000000 1.000000
3301.885498 0.000000 5772.059570 0.000000 0.655878 0.000000 -0.754867 1.000000 1.000000 1.000000
3291.065430 0.000000 5769.358398 0.000000 0.933744 0.000000 -0.357940 1.000000 1.000000 1.000000
3284.008789 0.000000 5763.648438 0.000000 0.707057 0.000000 -0.707156 1.000000 1.000000 1.000000
3283.945312 0.000000 5759.334473 0.000000 0.759349 0.000000 -0.650684 1.000000 1.000000 1.000000
3281.049561 0.000000 5788.373535 0.000000 0.917637 0.000000 -0.397420 1.000000 1.000000 1.000000
3330.676758 0.000000 5718.348633 0.000000 0.845219 0.000000 -0.534421 1.000000 1.000000 1.000000
3283.173096 0.000000 5779.128906 0.000000 0.618926 0.000000 -0.785449 1.000000 1.000000 1.000000
3294.710938 0.000000 5781.132812 0.000000 0.802235 0.000000 -0.597008 1.000000 1.000000 1.000000
3295.152832 0.000000 5729.535645 0.000000 0.884979 0.000000 -0.465630 1.000000 1.000000 1.000000
3283.936523 0.000000 5757.826172 0.000000 0.994156 0.000000 -0.107956 1.000000 1.000000 1.000000
3288.615967 0.000000 5751.861816 0.000000 0.817404 0.000000 -0.576065 1.000000 1.000000 1.000000
3300.377197 0.000000 5775.721680 0.000000 0.869417 0.000000 -0.494080 1.000000 1.000000 1.000000
3288.374023 0.000000 5735.315430 0.000000 0.923565 0.000000 -0.383441 1.000000 1.000000 1.000000
3182.442871 0.000000 5893.957031 0.000000 0.997750 0.000000 -0.067044 1.000000 1.000000 1.000000
3172.794189 0.000000 5890.643066 0.000000 0.675366 0.000000 -0.737483 1.000000 1.000000 1.000000
3184.146973 0.000000 5878.466797 0.000000 0.973979 0.000000 -0.226639 1.000000 1.000000 1.000000
3176.179443 0.000000 5904.747559 0.000000 0.951942 0.000000 -0.306280 1.000000 1.000000 1.000000
3166.380615 0.000000 5925.513672 0.000000 0.847128 0.000000 -0.531388 1.000000 1.000000 1.000000
3130.206299 0.000000 5994.083984 0.000000 0.914411 0.000000 -0.404786 1.000000 1.000000 1.000000
3136.802979 0.000000 5992.668945 0.000000 0.636762 0.000000 -0.771061 1.000000 1.000000 1.000000
3163.459229 0.000000 5987.177734 0.000000 0.988234 0.000000 -0.152947 1.000000 1.000000 1.000000
3182.153809 0.000000 5976.390137 0.000000 0.973586 0.000000 -0.228319 1.000000 1.000000 1.000000
3170.200928 0.000000 5990.212402 0.000000 0.984896 0.000000 -0.173147 1.000000 1.000000 1.000000
3121.626953 0.000000 5986.927734 0.000000 0.895078 0.000000 -0.445910 1.000000 1.000000 1.000000
3144.947510 0.000000 5963.258301 0.000000 0.980666 0.000000 -0.195687 1.000000 1.000000 1.000000
3165.968262 0.000000 5922.526855 0.000000 0.942755 0.000000 -0.333488 1.000000 1.000000 1.000000
3180.398682 0.000000 5959.368652 0.000000 0.772300 0.000000 -0.635257 1.000000 1.000000 1.000000
3122.855469 0.000000 5998.563965 0.000000 0.924386 0.000000 -0.381458 1.000000 1.000000 1.000000
3170.919434 0.000000 5984.694336 0.000000 0.689801 0.000000 -0.723999 1.000000 1.000000 1.000000
3143.595947 0.000000 5976.575195 0.000000 0.660445 0.000000 -0.750874 1.000000 1.000000 1.000000
3164.057373 0.000000 5924.730469 0.000000 0.986111 0.000000 -0.166088 1.000000 1.000000 1.000000
3128.258545 0.000000 5992.731445 0.000000 0.940068 0.000000 -0.340987 1.000000 1.000000 1.000000
3176.260986 0.000000 5977.251953 0.000000 0.931760 0.000000 -0.363074 1.000000 1.000000 1.000000
3134.605469 0.000000 5992.723633 0.000000 0.998870 0.000000 -0.047522 1.000000 1.000000 1.000000
3123.909912 0.000000 5986.777344 0.000000 0.942121 0.000000 -0.335272 1.000000 1.000000 1.000000
3129.393311 0.000000 5988.710449 0.000000 0.881827 0.000000 -0.471573 1.000000 1.000000 1.000000
3148.855713 0.000000 5965.702637 0.000000 0.940573 0.000000 -0.339593 1.000000 1.000000 1.000000
3143.997314 0.000000 5961.653320 0.000000 0.902897 0.000000 -0.429857 1.000000 1.000000 1.000000
3122.863525 0.000000 5988.395020 0.000000 0.899709 0.000000 -0.436490 1.000000 1.000000 1.000000
3185.401855 0.000000 5936.982910 0.000000 0.999936 0.000000 -0.011297 1.000000 1.000000 1.000000
3128.520264 0.000000 5994.845215 0.000000 0.989748 0.000000 -0.142822 1.000000 1.000000 1.000000
3159.490723 0.000000 5954.314453 0.000000 0.792112 0.000000 -0.610376 1.000000 1.000000 1.000000
3186.620850 0.000000 5964.516602 0.000000 0.693112 0.000000 -0.720830 1.000000 1.000000 1.000000
3179.599121 0.000000 5987.246094 0.000000 0.946031 0.000000 -0.324075 1.000000 1.000000 1.000000
3142.182617 0.000000 5976.943359 0.000000 0.979738 0.000000 -0.200282 1.000000 1.000000 1.000000
3128.553223 0.000000 5978.193848 0.000000 0.870001 0.000000 -0.493050 1.000000 1.000000 1.000000
3129.503418 0.000000 5987.237305 0.000000 0.922692 0.000000 -0.385539 1.000000 1.000000 1.000000
3178.995361 0.000000 5985.760742 0.000000 0.853586 0.000000 -0.520952 1.000000 1.000000 1.000000
3161.944580 0.000000 5927.940430 0.000000 0.747086 0.000000 -0.664727 1.000000 1.000000 1.000000
3155.642334 0.000000 5918.516113 0.000000 0.881172 0.000000 -0.472795 1.000000 1.000000 1.000000
3160.466553 0.000000 5991.761230 0.000000 0.655788 0.000000 -0.754945 1.000000 1.000000 1.000000
3156.950195 0.000000 5961.359375 0.000000 0.763658 0.000000 -0.645621 1.000000 1.000000 1.000000
3183.417236 0.000000 5976.311523 0.000000 0.680283 0.000000 -0.732949 1.000000 1.000000 1.000000
3150.075195 0.000000 5965.560547 0.000000 0.827259 0.000000 -0.561821 1.000000 1.000000 1.000000
3128.593994 0.000000 5985.971191 0.000000 0.999996 0.000000 -0.002709 1.000000 1.000000 1.000000
3171.499512 0.000000 5910.486328 0.000000 0.817735 0.000000 -0.575595 1.000000 1.000000 1.000000
3169.771973 0.000000 5914.681641 0.000000 0.796377 0.000000 -0.604801 1.000000 1.000000 1.000000
3228.784180 0.000000 5823.249512 0.000000 0.600114 0.000000 -0.799915 1.000000 1.000000 1.000000
3216.344482 0.000000 5843.487305 0.000000 0.699122 0.000000 -0.715002 1.000000 1.000000 1.000000
3252.332031 0.000000 5830.380859 0.000000 0.960422 0.000000 -0.278548 1.000000 1.000000 1.000000
3247.008545 0.000000 5875.762207 0.000000 0.610166 0.000000 -0.792273 1.000000 1.000000 1.000000
3219.274902 0.000000 5891.512695 0.000000 0.941133 0.000000 -0.338037 1.000000 1.000000 1.000000
3203.981445 0.000000 5872.724121 0.000000 0.957500 0.000000 -0.288435 1.000000 1.000000 1.000000
3262.180176 0.000000 5826.883789 0.000000 0.653017 0.000000 -0.757343 1.000000 1.000000 1.000000
3206.844971 0.000000 5904.232910 0.000000 0.874936 0.000000 -0.484238 1.000000 1.000000 1.000000
3249.492676 0.000000 5867.186523 0.000000 0.818414 0.000000 -0.574628 1.000000 1.000000 1.000000
3276.825928 0.000000 5831.369141 0.000000 0.898376 0.000000 -0.439226 1.000000 1.000000 1.000000
3229.995850 0.000000 5880.008789 0.000000 0.655772 0.000000 -0.754959 1.000000 1.000000 1.000000
3269.989014 0.000000 5829.354004 0.000000 0.998144 0.000000 -0.060904 1.000000 1.000000 1.000000
3202.626709 0.000000 5875.740234 0.000000 0.738574 0.000000 -0.674173 1.000000 1.000000 1.000000
3252.218018 0.000000 5827.191406 0.000000 0.998732 0.000000 -0.050349 1.000000 1.000000 1.000000
3261.172852 0.000000 5849.947266 0.000000 0.989779 0.000000 -0.142611 1.000000 1.000000 1.000000
3259.710449 0.000000 5828.784668 0.000000 0.842025 0.000000 -0.539439 1.000000 1.000000 1.000000
3228.228271 0.000000 5882.390137 0.000000 0.668194 0.000000 -0.743987 1.000000 1.000000 1.000000
3269.659912 0.000000 5844.732422 0.000000 0.946901 0.000000 -0.321525 1.000000 1.000000 1.000000
3197.739746 0.000000 5873.299805 0.000000 0.934900 0.000000 -0.354912 1.000000 1.000000 1.000000
3250.707764 0.000000 5884.941406 0.000000 0.823737 0.000000 -0.566972 1.000000 1.000000 1.000000
3213.042725 0.000000 5901.207520 0.000000 0.974430 0.000000 -0.224693 1.000000 1.000000 1.000000
3228.012207 0.000000 5852.595703 0.000000 0.968589 0.000000 -0.248666 1.000000 1.000000 1.000000
3193.716064 0.000000 5869.812500 0.000000 0.811373 0.000000 -0.584528 1.000000 1.000000 1.000000
3193.101074 0.000000 5879.286133 0.000000 0.967591 0.000000 -0.252523 1.000000 1.000000 1.000000
3224.798096 0.000000 5825.184570 0.000000 0.982086 0.000000 -0.188434 1.000000 1.000000 1.000000
3230.189453 0.000000 5887.317383 0.000000 0.998913 0.000000 -0.046611 1.000000 1.000000 1.000000
3250.867432 0.000000 5868.956543 0.000000 0.702375 0.000000 -0.711807 1.000000 1.000000 1.000000
3189.732666 0.000000 5885.611816 0.000000 0.879492 0.000000 -0.475913 1.000000 1.000000 1.000000
3228.973389 0.000000 5848.582031 0.000000 0.986115 0.000000 -0.166062 1.000000 1.000000 1.000000
3253.779053 0.000000 5828.707031 0.000000 0.990724 0.000000 -0.135887 1.000000 1.000000 1.000000
3244.673340 0.000000 5867.946289 0.000000 0.717707 0.000000 -0.696345 1.000000 1.000000 1.000000
3274.868164 0.000000 5831.902832 0.000000 0.999994 0.000000 -0.003518 1.000000 1.000000 1.000000
3201.406006 0.000000 5865.551270 0.000000 0.976150 0.000000 -0.217098 1.000000 1.000000 1.000000
3193.124756 0.000000 5871.810547 0.000000 0.717313 0.000000 -0.696751 1.000000 1.000000 1.000000
3216.977295 0.000000 5856.553711 0.000000 0.667870 0.000000 -0.744278 1.000000 1.000000 1.000000
3220.708496 0.000000 5894.943359 0.000000 0.999918 0.000000 -0.012839 1.000000 1.000000 1.000000
3230.903076 0.000000 5833.280273 0.000000 0.972571 0.000000 -0.232605 1.000000 1.000000 1.000000
3252.300781 0.000000 5825.106445 0.000000 0.954173 0.000000 -0.299255 1.000000 1.000000 1.000000
3219.611572 0.000000 5893.399414 0.000000 0.984288 0.000000 -0.176573 1.000000 1.000000 1.000000
3268.255859 0.000000 5829.029785 0.000000 0.973769 0.000000 -0.227537 1.000000 1.000000 1.000000
3199.290527 0.000000 5873.969727 0.000000 0.845374 0.000000 -0.534174 1.000000 1.000000 1.000000
3260.543701 0.000000 5851.526367 0.000000 0.923356 0.000000 -0.383944 1.000000 1.000000 1.000000
3275.453857 0.000000 5830.357422 0.000000 0.994544 0.000000 -0.104315 1.000000 1.000000 1.000000
3214.678223 0.000000 5900.856934 0.000000 0.993443 0.000000 -0.114328 1.000000 1.000000 1.000000
3196.472412 0.000000 5872.140137 0.000000 0.733354 0.000000 -0.679846 1.000000 1.000000 1.000000
3250.924561 0.000000 5883.278320 0.000000 0.948810 0.000000 -0.315846 1.000000 1.000000 1.000000
3267.916260 0.000000 5815.552734 0.000000 0.772004 0.000000 -0.635618 1.000000 1.000000 1.000000
3257.148438 0.000000 5817.187500 0.000000 0.983492 0.000000 -0.180953 1.000000 1.000000 1.000000
3221.003174 0.000000 5892.003906 0.000000 0.882975 0.000000 -0.469421 1.000000 1.000000 1.000000
3228.253418 0.000000 5821.809570 0.000000 0.797882 0.000000 -0.602814 1.000000 1.000000 1.000000
3231.933594 0.000000 5889.714844 0.000000 0.999980 0.000000 -0.006373 1.000000 1.000000 1.000000
3248.022705 0.000000 5867.623047 0.000000 0.987408 0.000000 -0.158194 1.000000 1.000000 1.000000
3249.679443 0.000000 5880.447266 0.000000 0.917750 0.000000 -0.397158 1.000000 1.000000 1.000000
3264.021484 0.000000 5835.327637 0.000000 0.999936 0.000000 -0.011347 1.000000 1.000000 1.000000
3227.700928 0.000000 5891.776367 0.000000 0.971864 0.000000 -0.235541 1.000000 1.000000 1.000000
3230.476562 0.000000 5820.767578 0.000000 0.987379 0.000000 -0.158377 1.000000 1.000000 1.000000
3236.125488 0.000000 5881.747559 0.000000 0.964554 0.000000 -0.263887 1.000000 1.000000 1.000000
3226.828857 0.000000 5851.799316 0.000000 0.600043 0.000000 -0.799968 1.000000 1.000000 1.000000
3195.724365 0.000000 5883.916016 0.000000 0.687199 0.000000 -0.726469 1.000000 1.000000 1.000000
3221.429688 0.000000 5849.717773 0.000000 0.996739 0.000000 -0.080696 1.000000 1.000000 1.000000
3262.658447 0.000000 5857.951660 0.000000 0.974132 0.000000 -0.225980 1.000000 1.000000 1.000000
3250.203125 0.000000 5870.054199 0.000000 0.974009 0.000000 -0.226510 1.000000 1.000000 1.000000
3226.489746 0.000000 5853.155273 0.000000 0.960141 0.000000 -0.279514 1.000000 1.000000 1.000000
3225.929932 0.000000 5840.606445 0.000000 0.765325 0.000000 -0.643645 1.000000 1.000000 1.000000
3221.922119 0.000000 5895.356445 0.000000 0.614284 0.000000 -0.789085 1.000000 1.000000 1.000000
3187.239258 0.000000 5885.868652 0.000000 0.995460 0.000000 -0.095179 1.000000 1.000000 1.000000
3204.338867 0.000000 5868.422852 0.000000 0.933134 0.000000 -0.359529 1.000000 1.000000 1.000000
3282.660156 0.000000 5814.806641 0.000000 0.986882 0.000000 -0.161442 1.000000 1.000000 1.000000
3189.433105 0.000000 5928.992676 0.000000 0.996662 0.000000 -0.081642 1.000000 1.000000 1.000000
3201.400879 0.000000 5920.772461 0.000000 0.845010 0.000000 -0.534751 1.000000 1.000000 1.000000
3208.819824 0.000000 5922.119629 0.000000 0.736091 0.000000 -0.676883 1.000000 1.000000 1.000000
3187.719482 0.000000 5962.640625 0.000000 0.918522 0.000000 -0.395371 1.000000 1.000000 1.000000
3205.597900 0.000000 5918.949707 0.000000 0.803834 0.000000 -0.594853 1.000000 1.000000 1.000000
3200.828369 0.000000 5915.545898 0.000000 0.895990 0.000000 -0.444074 1.000000 1.000000 1.000000
3193.233398 0.000000 5930.567871 0.000000 0.825328 0.000000 -0.564654 1.000000 1.000000 1.000000
3208.545898 0.000000 5913.316406 0.000000 0.822512 0.000000 -0.568748 1.000000 1.000000 1.000000
3193.136963 0.000000 5955.855469 0.000000 0.856840 0.000000 -0.515583 1.000000 1.000000 1.000000
3190.266602 0.000000 5951.132812 0.000000 0.756521 0.000000 -0.653969 1.000000 1.000000 1.000000
3202.736084 0.000000 5913.533203 0.000000 0.775005 0.000000 -0.631955 1.000000 1.000000 1.000000
3194.656494 0.000000 5952.736816 0.000000 0.834562 0.000000 -0.550914 1.000000 1.000000 1.000000
3194.778564 0.000000 5929.117676 0.000000 0.723021 0.000000 -0.690826 1.000000 1.000000 1.000000
3191.594238 0.000000 5929.353516 0.000000 0.590044 0.000000 -0.807371 1.000000 1.000000 1.000000
3187.234863 0.000000 5960.329102 0.000000 0.930480 0.000000 -0.366342 1.000000 1.000000 1.000000
3193.253418 0.000000 5957.564453 0.000000 0.971819 0.000000 -0.235728 1.000000 1.000000 1.000000
3187.269531 0.000000 5948.705566 0.000000 0.639400 0.000000 -0.768875 1.000000 1.000000 1.000000
3188.931152 0.000000 5950.854980 0.000000 0.678705 0.000000 -0.734411 1.000000 1.000000 1.000000
3384.656006 0.000000 5631.403809 0.000000 0.846274 0.000000 -0.532748 1.000000 1.000000 1.000000
3382.882324 0.000000 5718.210449 0.000000 0.683676 0.000000 -0.729786 1.000000 1.000000 1.000000
3396.753906 0.000000 5684.241699 0.000000 0.868583 0.000000 -0.495543 1.000000 1.000000 1.000000
3444.685791 0.000000 5705.951172 0.000000 0.766183 0.000000 -0.642622 1.000000 1.000000 1.000000
3384.301025 0.000000 5636.304688 0.000000 0.727371 0.000000 -0.686244 1.000000 1.000000 1.000000
3380.265137 0.000000 5714.280762 0.000000 0.968912 0.000000 -0.247405 1.000000 1.000000 1.000000
3424.035645 0.000000 5709.629883 0.000000 0.604816 0.000000 -0.796365 1.000000 1.000000 1.000000
3392.221924 0.000000 5642.748535 0.000000 0.853042 0.000000 -0.521842 1.000000 1.000000 1.000000
3433.565186 0.000000 5692.392578 0.000000 0.981473 0.000000 -0.191599 1.000000 1.000000 1.000000
3399.892090 0.000000 5681.979004 0.000000 0.999658 0.000000 -0.026163 1.000000 1.000000 1.000000
3422.966553 0.000000 5697.215820 0.000000 0.992913 0.000000 -0.118840 1.000000 1.000000 1.000000
3407.949707 0.000000 5674.112305 0.000000 0.999992 0.000000 -0.003946 1.000000 1.000000 1.000000
3388.437500 0.000000 5626.797363 0.000000 0.889063 0.000000 -0.457786 1.000000 1.000000 1.000000
3406.736328 0.000000 5681.147949 0.000000 0.814889 0.000000 -0.579617 1.000000 1.000000 1.000000
3428.266113 0.000000 5689.033203 0.000000 0.873365 0.000000 -0.487066 1.000000 1.000000 1.000000
3426.277344 0.000000 5707.922363 0.000000 0.704428 0.000000 -0.709776 1.000000 1.000000 1.000000
3385.647705 0.000000 5633.889160 0.000000 0.868951 0.000000 -0.494897 1.000000 1.000000 1.000000
3399.527832 0.000000 5645.364258 0.000000 0.929839 0.000000 -0.367966 1.000000 1.000000 1.000000
3398.735596 0.000000 5647.778320 0.000000 0.991075 0.000000 -0.133304 1.000000 1.000000 1.000000
3442.575928 0.000000 5704.450195 0.000000 0.984756 0.000000 -0.173939 1.000000 1.000000 1.000000
3400.393799 0.000000 5652.327148 0.000000 0.768053 0.000000 -0.640387 1.000000 1.000000 1.000000
3379.302734 0.000000 5656.538574 0.000000 0.880148 0.000000 -0.474699 1.000000 1.000000 1.000000
3413.721680 0.000000 5667.013672 0.000000 0.984600 0.000000 -0.174825 1.000000 1.000000 1.000000
3377.051270 0.000000 5656.768066 0.000000 0.997888 0.000000 -0.064960 1.000000 1.000000 1.000000
3389.313477 0.000000 5655.666504 0.000000 0.915288 0.000000 -0.402801 1.000000 1.000000 1.000000
3446.819580 0.000000 5705.999023 0.000000 0.995129 0.000000 -0.098585 1.000000 1.000000 1.000000
3378.281250 0.000000 5715.165039 0.000000 0.965529 0.000000 -0.260297 1.000000 1.000000 1.000000
3398.059326 0.000000 5682.756348 0.000000 0.837709 0.000000 -0.546116 1.000000 1.000000 1.000000
3395.317139 0.000000 5682.876953 0.000000 0.889660 0.000000 -0.456623 1.000000 1.000000 1.000000
3427.266357 0.000000 5706.278809 0.000000 0.721738 0.000000 -0.692166 1.000000 1.000000 1.000000
3398.331299 0.000000 5685.279785 0.000000 0.756196 0.000000 -0.654345 1.000000 1.000000 1.000000
3445.339600 0.000000 5704.316895 0.000000 0.925797 0.000000 -0.378021 1.000000 1.000000 1.000000
3379.315430 0.000000 5712.707031 0.000000 0.992819 0.000000 -0.119624 1.000000 1.000000 1.000000
3384.840820 0.000000 5625.800293 0.000000 0.993131 0.000000 -0.117012 1.000000 1.000000 1.000000
3447.176514 0.000000 5717.291016 0.000000 0.999256 0.000000 -0.038566 1.000000 1.000000 1.000000
3386.304199 0.000000 5715.991699 0.000000 0.892267 0.000000 -0.451508 1.000000 1.000000 1.000000
3411.313721 0.000000 5658.877441 0.000000 0.778214 0.000000 -0.627999 1.000000 1.000000 1.000000
3385.479492 0.000000 5637.311035 0.000000 0.998052 0.000000 -0.062380 1.000000 1.000000 1.000000
3381.207520 0.000000 5715.537598 0.000000 0.936723 0.000000 -0.350072 1.000000 1.000000 1.000000
3384.390625 0.000000 5633.006836 0.000000 0.988658 0.000000 -0.150184 1.000000 1.000000 1.000000
3432.439697 0.000000 5693.375000 0.000000 0.908314 0.000000 -0.418289 1.000000 1.000000 1.000000
3394.149170 0.000000 5672.860352 0.000000 0.913823 0.000000 -0.406114 1.000000 1.000000 1.000000
3385.771973 0.000000 5632.414551 0.000000 0.811624 0.000000 -0.584180 1.000000 1.000000 1.000000
3425.417480 0.000000 5706.751465 0.000000 0.908534 0.000000 -0.417811 1.000000 1.000000 1.000000
3382.527588 0.000000 5661.623047 0.000000 0.839309 0.000000 -0.543655 1.000000 1.000000 1.000000
3411.496338 0.000000 5683.197754 0.000000 0.767619 0.000000 -0.640906 1.000000 1.000000 1.000000
3394.119385 0.000000 5681.979492 0.000000 0.999992 0.000000 -0.004091 1.000000 1.000000 1.000000
3423.609863 0.000000 5694.263184 0.000000 0.726050 0.000000 -0.687642 1.000000 1.000000 1.000000
3383.812256 0.000000 5661.026367 0.000000 0.629843 0.000000 -0.776723 1.000000 1.000000 1.000000
3391.951904 0.000000 5644.046875 0.000000 0.989579 0.000000 -0.143988 1.000000 1.000000 1.000000
3430.358643 0.000000 5707.968750 0.000000 0.966796 0.000000 -0.255550 1.000000 1.000000 1.000000
3375.127686 0.000000 5638.577637 0.000000 0.772867 0.000000 -0.634568 1.000000 1.000000 1.000000
3451.063477 0.000000 5716.258301 0.000000 0.871006 0.000000 -0.491272 1.000000 1.000000 1.000000
3397.240234 0.000000 5663.145508 0.000000 0.988152 0.000000 -0.153477 1.000000 1.000000 1.000000
3389.258301 0.000000 5627.409180 0.000000 0.814852 0.000000 -0.579669 1.000000 1.000000 1.000000
3441.583740 0.000000 5795.125000 0.000000 0.992431 0.000000 -0.122804 1.000000 1.000000 1.000000
3401.205811 0.000000 5795.108887 0.000000 0.994047 0.000000 -0.108950 1.000000 1.000000 1.000000
3457.767334 0.000000 5776.286621 0.000000 0.798204 0.000000 -0.602387 1.000000 1.000000 1.000000
3453.781982 0.000000 5736.178223 0.000000 0.928785 0.000000 -0.370619 1.000000 1.000000 1.000000
3379.429443 0.000000 5726.724609 0.000000 0.953627 0.000000 -0.300991 1.000000 1.000000 1.000000
3391.465820 0.000000 5778.981934 0.000000 0.670586 0.000000 -0.741831 1.000000 1.000000 1.000000
3465.461670 0.000000 5766.168945 0.000000 0.973628 0.000000 -0.228141 1.000000 1.000000 1.000000
3379.320068 0.000000 5737.441406 0.000000 0.784980 0.000000 -0.619521 1.000000 1.000000 1.000000
3408.981201 0.000000 5787.709961 0.000000 0.988323 0.000000 -0.152370 1.000000 1.000000 1.000000
3462.086914 0.000000 5795.962402 0.000000 0.789714 0.000000 -0.613475 1.000000 1.000000 1.000000
3413.633789 0.000000 5790.728027 0.000000 0.999988 0.000000 -0.004960 1.000000 1.000000 1.000000
3422.821289 0.000000 5773.671875 0.000000 0.872839 0.000000 -0.488009 1.000000 1.000000 1.000000
3412.072754 0.000000 5739.426270 0.000000 0.944805 0.000000 -0.327634 1.000000 1.000000 1.000000
3465.812744 0.000000 5757.828125 0.000000 0.795044 0.000000 -0.606552 1.000000 1.000000 1.000000
3417.697021 0.000000 5779.856445 0.000000 0.799893 0.000000 -0.600143 1.000000 1.000000 1.000000
3455.826904 0.000000 5785.778809 0.000000 0.654441 0.000000 -0.756113 1.000000 1.000000 1.000000
3448.890137 0.000000 5775.700195 0.000000 0.723421 0.000000 -0.690407 1.000000 1.000000 1.000000
3419.205322 0.000000 5808.557617 0.000000 0.792073 0.000000 -0.610426 1.000000 1.000000 1.000000
3421.369141 0.000000 5780.188965 0.000000 0.918489 0.000000 -0.395446 1.000000 1.000000 1.000000
3458.504639 0.000000 5811.791016 0.000000 0.855035 0.000000 -0.518570 1.000000 1.000000 1.000000
3422.562012 0.000000 5783.830078 0.000000 0.975917 0.000000 -0.218144 1.000000 1.000000 1.000000
3423.382324 0.000000 5757.920410 0.000000 0.885889 0.000000 -0.463896 1.000000 1.000000 1.000000
3379.169922 0.000000 5745.708008 0.000000 0.989178 0.000000 -0.146721 1.000000 1.000000 1.000000
3381.948242 0.000000 5723.458008 0.000000 0.965246 0.000000 -0.261344 1.000000 1.000000 1.000000
3452.723145 0.000000 5770.216797 0.000000 0.687272 0.000000 -0.726400 1.000000 1.000000 1.000000
3384.700439 0.000000 5748.979004 0.000000 0.941449 0.000000 -0.337157 1.000000 1.000000 1.000000
3401.183105 0.000000 5810.974121 0.000000 0.891399 0.000000 -0.453219 1.000000 1.000000 1.000000
3409.797119 0.000000 5770.138672 0.000000 0.959830 0.000000 -0.280582 1.000000 1.000000 1.000000
3416.273438 0.000000 5777.511719 0.000000 0.978795 0.000000 -0.204840 1.000000 1.000000 1.000000
3448.930908 0.000000 5803.886719 0.000000 0.730534 0.000000 -0.682876 1.000000 1.000000 1.000000
3414.779785 0.000000 5739.207520 0.000000 0.936101 0.000000 -0.351732 1.000000 1.000000 1.000000
3453.745605 0.000000 5784.254395 0.000000 0.814942 0.000000 -0.579543 1.000000 1.000000 1.000000
3456.800781 0.000000 5800.370605 0.000000 0.951118 0.000000 -0.308829 1.000000 1.000000 1.000000
3408.169189 0.000000 5732.830566 0.000000 0.616702 0.000000 -0.787196 1.000000 1.000000 1.000000
3383.291748 0.000000 5743.699219 0.000000 0.815231 0.000000 -0.579136 1.000000 1.000000 1.000000
3460.192383 0.000000 5777.085449 0.000000 0.999846 0.000000 -0.017559 1.000000 1.000000 1.000000
3442.743164 0.000000 5726.037598 0.000000 0.774470 0.000000 -0.632611 1.000000 1.000000 1.000000
3457.754883 0.000000 5780.220703 0.000000 0.970599 0.000000 -0.240702 1.000000 1.000000 1.000000
3443.833984 0.000000 5794.222168 0.000000 0.808676 0.000000 -0.588255 1.000000 1.000000 1.000000
3426.766357 0.000000 5761.181641 0.000000 0.994576 0.000000 -0.104008 1.000000 1.000000 1.000000
3396.277832 0.000000 5756.252441 0.000000 0.979884 0.000000 -0.199566 1.000000 1.000000 1.000000
3408.955811 0.000000 5796.808105 0.000000 0.903865 0.000000 -0.427818 1.000000 1.000000 1.000000
3414.119385 0.000000 5730.102539 0.000000 0.995881 0.000000 -0.090673 1.000000 1.000000 1.000000
3415.832031 0.000000 5805.239258 0.000000 0.903799 0.000000 -0.427957 1.000000 1.000000 1.000000
3422.088135 0.000000 5749.711914 0.000000 0.809727 0.000000 -0.586807 1.000000 1.000000 1.000000
3412.857178 0.000000 5737.274902 0.000000 0.961929 0.000000 -0.273301 1.000000 1.000000 1.000000
3462.418213 0.000000 5777.166016 0.000000 0.631176 0.000000 -0.775640 1.000000 1.000000 1.000000
3417.333496 0.000000 5770.989746 0.000000 0.642216 0.000000 -0.766524 1.000000 1.000000 1.000000
3397.903076 0.000000 5782.775879 0.000000 0.966752 0.000000 -0.255715 1.000000 1.000000 1.000000
3455.782715 0.000000 5744.123047 0.000000 0.830268 0.000000 -0.557364 1.000000 1.000000 1.000000
3440.311768 0.000000 5796.861816 0.000000 0.962000 0.000000 -0.273050 1.000000 1.000000 1.000000
3392.296387 0.000000 5801.568848 0.000000 0.928693 0.000000 -0.370849 1.000000 1.000000 1.000000
3450.871582 0.000000 5780.529785 0.000000 0.944050 0.000000 -0.329802 1.000000 1.000000 1.000000
3458.298096 0.000000 5778.232422 0.000000 0.970919 0.000000 -0.239409 1.000000 1.000000 1.000000
3404.461670 0.000000 5762.811523 0.000000 0.993245 0.000000 -0.116034 1.000000 1.000000 1.000000
3425.346436 0.000000 5779.689453 0.000000 0.815089 0.000000 -0.579336 1.000000 1.000000 1.000000
3454.292236 0.000000 5734.300781 0.000000 0.978703 0.000000 -0.205281 1.000000 1.000000 1.000000
3424.808105 0.000000 5759.051270 0.000000 0.989274 0.000000 -0.146073 1.000000 1.000000 1.000000
3454.089600 0.000000 5743.290527 0.000000 0.652318 0.000000 -0.757945 1.000000 1.000000 1.000000
3378.583008 0.000000 5725.000977 0.000000 0.998719 0.000000 -0.050610 1.000000 1.000000 1.000000
3417.445557 0.000000 5745.505371 0.000000 0.735803 0.000000 -0.677196 1.000000 1.000000 1.000000
3388.377930 0.000000 5777.447754 0.000000 0.844113 0.000000 -0.536166 1.000000 1.000000 1.000000
3455.740234 0.000000 5735.287598 0.000000 0.904544 0.000000 -0.426379 1.000000 1.000000 1.000000
3416.950439 0.000000 5806.605957 0.000000 0.975915 0.000000 -0.218149 1.000000 1.000000 1.000000
3418.552734 0.000000 5774.542969 0.000000 0.967229 0.000000 -0.253907 1.000000 1.000000 1.000000
3452.628418 0.000000 5749.834961 0.000000 0.619023 0.000000 -0.785373 1.000000 1.000000 1.000000
3420.284668 0.000000 5775.594727 0.000000 0.766402 0.000000 -0.642362 1.000000 1.000000 1.000000
3425.657715 0.000000 5777.431152 0.000000 0.819865 0.000000 -0.572557 1.000000 1.000000 1.000000
3405.486572 0.000000 5749.169434 0.000000 0.764896 0.000000 -0.644154 1.000000 1.000000 1.000000
3380.313965 0.000000 5724.257812 0.000000 0.955073 0.000000 -0.296369 1.000000 1.000000 1.000000
3416.124023 0.000000 5779.298828 0.000000 0.598463 0.000000 -0.801151 1.000000 1.000000 1.000000
3465.687744 0.000000 5764.601562 0.000000 0.711344 0.000000 -0.702844 1.000000 1.000000 1.000000
3401.652588 0.000000 5793.607422 0.000000 0.963119 0.000000 -0.269076 1.000000 1.000000 1.000000
3387.151855 0.000000 5746.421875 0.000000 0.825853 0.000000 -0.563886 1.000000 1.000000 1.000000
3423.005615 0.000000 5779.459961 0.000000 0.904823 0.000000 -0.425788 1.000000 1.000000 1.000000
3408.642822 0.000000 5771.074707 0.000000 0.955386 0.000000 -0.295361 1.000000 1.000000 1.000000
3427.751465 0.000000 5760.061035 0.000000 0.651151 0.000000 -0.758948 1.000000 1.000000 1.000000
3408.593994 0.000000 5731.297852 0.000000 0.969670 0.000000 -0.244418 1.000000 1.000000 1.000000
3380.795410 0.000000 5741.611816 0.000000 0.731008 0.000000 -0.682368 1.000000 1.000000 1.000000
3420.515869 0.000000 5777.118652 0.000000 0.798918 0.000000 -0.601439 1.000000 1.000000 1.000000
3413.036133 0.000000 5803.997559 0.000000 0.999863 0.000000 -0.016568 1.000000 1.000000 1.000000
3378.207520 0.000000 5722.105957 0.000000 0.746090 0.000000 -0.665845 1.000000 1.000000 1.000000
3454.277344 0.000000 5737.457031 0.000000 0.985599 0.000000 -0.169098 1.000000 1.000000 1.000000
3417.388916 0.000000 5776.520020 0.000000 0.990603 0.000000 -0.136766 1.000000 1.000000 1.000000
3415.365723 0.000000 5740.489746 0.000000 0.800914 0.000000 -0.598780 1.000000 1.000000 1.000000
3462.966553 0.000000 5794.952148 0.000000 0.657526 0.000000 -0.753432 1.000000 1.000000 1.000000
3413.619385 0.000000 5731.306152 0.000000 0.610204 0.000000 -0.792244 1.000000 1.000000 1.000000
3379.972656 0.000000 5725.516113 0.000000 0.607869 0.000000 -0.794038 1.000000 1.000000 1.000000
3459.835693 0.000000 5778.375977 0.000000 0.967435 0.000000 -0.253118 1.000000 1.000000 1.000000
3467.977539 0.000000 5797.942383 0.000000 0.873035 0.000000 -0.487658 1.000000 1.000000 1.000000
3422.738037 0.000000 5775.218262 0.000000 0.664513 0.000000 -0.747277 1.000000 1.000000 1.000000
3441.537842 0.000000 5796.792480 0.000000 0.886919 0.000000 -0.461926 1.000000 1.000000 1.000000
3454.160156 0.000000 5760.153809 0.000000 0.866479 0.000000 -0.499213 1.000000 1.000000 1.000000
3454.658691 0.000000 5741.095703 0.000000 0.637118 0.000000 -0.770766 1.000000 1.000000 1.000000
3445.498535 0.000000 5802.580566 0.000000 0.888422 0.000000 -0.459028 1.000000 1.000000 1.000000
3421.142822 0.000000 5743.092773 0.000000 0.844098 0.000000 -0.536189 1.000000 1.000000 1.000000
3422.326172 0.000000 5758.824219 0.000000 0.987131 0.000000 -0.159915 1.000000 1.000000 1.000000
3472.892822 0.000000 5761.464355 0.000000 0.958915 0.000000 -0.283692 1.000000 1.000000 1.000000
3471.567383 0.000000 5765.188965 0.000000 0.963175 0.000000 -0.268874 1.000000 1.000000 1.000000
3437.683838 0.000000 5823.662598 0.000000 0.854153 0.000000 -0.520022 1.000000 1.000000 1.000000
3433.204834 0.000000 5849.500977 0.000000 0.801771 0.000000 -0.597632 1.000000 1.000000 1.000000
3397.546143 0.000000 5860.290527 0.000000 0.876086 0.000000 -0.482155 1.000000 1.000000 1.000000
3417.934814 0.000000 5814.545898 0.000000 0.909374 0.000000 -0.415980 1.000000 1.000000 1.000000
3440.588623 0.000000 5849.640137 0.000000 0.899787 0.000000 -0.436330 1.000000 1.000000 1.000000
3423.233154 0.000000 5859.064941 0.000000 0.798720 0.000000 -0.601703 1.000000 1.000000 1.000000
3403.830566 0.000000 5819.505371 0.000000 0.805138 0.000000 -0.593087 1.000000 1.000000 1.000000
3445.620605 0.000000 5849.276367 0.000000 0.943377 0.000000 -0.331723 1.000000 1.000000 1.000000
3424.792480 0.000000 5863.148438 0.000000 0.823923 0.000000 -0.566702 1.000000 1.000000 1.000000
3407.163818 0.000000 5846.225098 0.000000 0.785855 0.000000 -0.618411 1.000000 1.000000 1.000000
3390.858643 0.000000 5844.631348 0.000000 0.998391 0.000000 -0.056705 1.000000 1.000000 1.000000
3401.536133 0.000000 5852.565918 0.000000 0.953773 0.000000 -0.300529 1.000000 1.000000 1.000000
3414.607178 0.000000 5814.962402 0.000000 0.986314 0.000000 -0.164878 1.000000 1.000000 1.000000
3390.462646 0.000000 5864.208008 0.000000 0.920565 0.000000 -0.390590 1.000000 1.000000 1.000000
3407.605225 0.000000 5888.520508 0.000000 0.595340 0.000000 -0.803474 1.000000 1.000000 1.000000
3399.057861 0.000000 5814.553223 0.000000 0.974791 0.000000 -0.223118 1.000000 1.000000 1.000000
3428.266113 0.000000 5876.517578 0.000000 0.665821 0.000000 -0.746112 1.000000 1.000000 1.000000
3399.954834 0.000000 5856.839355 0.000000 0.989803 0.000000 -0.142443 1.000000 1.000000 1.000000
3400.907471 0.000000 5866.858398 0.000000 0.706097 0.000000 -0.708115 1.000000 1.000000 1.000000
3442.970947 0.000000 5898.337402 0.000000 0.858944 0.000000 -0.512070 1.000000 1.000000 1.000000
3399.085205 0.000000 5853.648438 0.000000 0.689519 0.000000 -0.724267 1.000000 1.000000 1.000000
3467.741943 0.000000 5819.319824 0.000000 0.639601 0.000000 -0.768707 1.000000 1.000000 1.000000
3426.313965 0.000000 5878.648438 0.000000 0.995394 0.000000 -0.095869 1.000000 1.000000 1.000000
3439.738770 0.000000 5882.288086 0.000000 0.964742 0.000000 -0.263196 1.000000 1.000000 1.000000
3398.398926 0.000000 5848.419922 0.000000 0.877500 0.000000 -0.479577 1.000000 1.000000 1.000000
3411.983154 0.000000 5820.195312 0.000000 0.920821 0.000000 -0.389985 1.000000 1.000000 1.000000
3440.744873 0.000000 5877.636230 0.000000 0.744397 0.000000 -0.667737 1.000000 1.000000 1.000000
3430.604004 0.000000 5890.909668 0.000000 0.937347 0.000000 -0.348398 1.000000 1.000000 1.000000
3399.978027 0.000000 5812.289551 0.000000 0.983346 0.000000 -0.181744 1.000000 1.000000 1.000000
3435.602051 0.000000 5825.337402 0.000000 0.934482 0.000000 -0.356011 1.000000 1.000000 1.000000
3406.436279 0.000000 5837.938477 0.000000 0.651870 0.000000 -0.758331 1.000000 1.000000 1.000000
3403.914795 0.000000 5812.049805 0.000000 0.865645 0.000000 -0.500658 1.000000 1.000000 1.000000
3445.283936 0.000000 5830.988281 0.000000 0.790063 0.000000 -0.613025 1.000000 1.000000 1.000000
3410.023438 0.000000 5824.649414 0.000000 0.936080 0.000000 -0.351787 1.000000 1.000000 1.000000
3435.593750 0.000000 5865.337891 0.000000 0.764438 0.000000 -0.644698 1.000000 1.000000 1.000000
3423.770996 0.000000 5848.655762 0.000000 0.763906 0.000000 -0.645327 1.000000 1.000000 1.000000
3401.272461 0.000000 5829.358398 0.000000 0.986179 0.000000 -0.165685 1.000000 1.000000 1.000000
3439.245117 0.000000 5866.821777 0.000000 0.907109 0.000000 -0.420896 1.000000 1.000000 1.000000
3435.392822 0.000000 5849.392578 0.000000 0.779944 0.000000 -0.625850 1.000000 1.000000 1.000000
3437.843750 0.000000 5825.755371 0.000000 0.996313 0.000000 -0.085794 1.000000 1.000000 1.000000
3435.235596 0.000000 5829.461914 0.000000 0.706971 0.000000 -0.707243 1.000000 1.000000 1.000000
3405.955078 0.000000 5833.670898 0.000000 0.617171 0.000000 -0.786829 1.000000 1.000000 1.000000
3388.890381 0.000000 5865.551270 0.000000 0.962853 0.000000 -0.270026 1.000000 1.000000 1.000000
3427.678955 0.000000 5850.498047 0.000000 0.953602 0.000000 -0.301070 1.000000 1.000000 1.000000
3402.064697 0.000000 5826.815918 0.000000 0.795889 0.000000 -0.605442 1.000000 1.000000 1.000000
3400.314941 0.000000 5816.080078 0.000000 0.895363 0.000000 -0.445338 1.000000 1.000000 1.000000
3404.090088 0.000000 5894.652832 0.000000 0.939675 0.000000 -0.342069 1.000000 1.000000 1.000000
3432.456787 0.000000 5857.814941 0.000000 0.972552 0.000000 -0.232684 1.000000 1.000000 1.000000
3429.988770 0.000000 5893.931641 0.000000 0.910377 0.000000 -0.413780 1.000000 1.000000 1.000000
3429.801758 0.000000 5877.479492 0.000000 0.964342 0.000000 -0.264657 1.000000 1.000000 1.000000
3400.505859 0.000000 5902.970703 0.000000 0.836849 0.000000 -0.547434 1.000000 1.000000 1.000000
3456.833252 0.000000 5814.027344 0.000000 0.982885 0.000000 -0.184220 1.000000 1.000000 1.000000
3448.566406 0.000000 5893.335449 0.000000 0.999989 0.000000 -0.004708 1.000000 1.000000 1.000000
3445.415283 0.000000 5825.521973 0.000000 0.976234 0.000000 -0.216719 1.000000 1.000000 1.000000
3447.176514 0.000000 5904.775391 0.000000 0.819148 0.000000 -0.573582 1.000000 1.000000 1.000000
3436.023438 0.000000 5823.604492 0.000000 0.881628 0.000000 -0.471945 1.000000 1.000000 1.000000
3398.546631 0.000000 5813.055664 0.000000 0.985020 0.000000 -0.172442 1.000000 1.000000 1.000000
3442.365479 0.000000 5900.381348 0.000000 0.736897 0.000000 -0.676005 1.000000 1.000000 1.000000
3410.831787 0.000000 5816.392090 0.000000 0.965895 0.000000 -0.258933 1.000000 1.000000 1.000000
3432.263428 0.000000 5903.355957 0.000000 0.967499 0.000000 -0.252874 1.000000 1.000000 1.000000
3400.584473 0.000000 5814.612305 0.000000 0.596015 0.000000 -0.802973 1.000000 1.000000 1.000000
3408.307129 0.000000 5897.706543 0.000000 0.894699 0.000000 -0.446669 1.000000 1.000000 1.000000
3439.662354 0.000000 5883.912109 0.000000 0.687117 0.000000 -0.726546 1.000000 1.000000 1.000000
3424.526123 0.000000 5849.887207 0.000000 0.982720 0.000000 -0.185098 1.000000 1.000000 1.000000
3400.793701 0.000000 5826.096191 0.000000 0.917595 0.000000 -0.397516 1.000000 1.000000 1.000000
3403.005371 0.000000 5813.071777 0.000000 0.859582 0.000000 -0.510998 1.000000 1.000000 1.000000
3443.590332 0.000000 5899.553223 0.000000 0.970897 0.000000 -0.239497 1.000000 1.000000 1.000000
3425.211914 0.000000 5864.485840 0.000000 0.844065 0.000000 -0.536241 1.000000 1.000000 1.000000
3425.690918 0.000000 5886.565430 0.000000 0.768854 0.000000 -0.639425 1.000000 1.000000 1.000000
3442.169189 0.000000 5901.676758 0.000000 0.922107 0.000000 -0.386935 1.000000 1.000000 1.000000
3440.093262 0.000000 5815.332520 0.000000 0.996086 0.000000 -0.088390 1.000000 1.000000 1.000000
3427.756592 0.000000 5851.665527 0.000000 0.986590 0.000000 -0.163216 1.000000 1.000000 1.000000
3401.507568 0.000000 5903.584473 0.000000 0.777653 0.000000 -0.628694 1.000000 1.000000 1.000000
3422.553955 0.000000 5848.790527 0.000000 0.993414 0.000000 -0.114583 1.000000 1.000000 1.000000
3441.583740 0.000000 5982.609375 0.000000 0.939312 0.000000 -0.343065 1.000000 1.000000 1.000000
3433.204834 0.000000 5943.243164 0.000000 0.851314 0.000000 -0.524656 1.000000 1.000000 1.000000
3416.862549 0.000000 5928.193359 0.000000 0.875807 0.000000 -0.482662 1.000000 1.000000 1.000000
3440.588623 0.000000 5943.382324 0.000000 0.866476 0.000000 -0.499218 1.000000 1.000000 1.000000
3419.796387 0.000000 5922.356934 0.000000 0.781981 0.000000 -0.623302 1.000000 1.000000 1.000000
3444.570801 0.000000 5920.923340 0.000000 0.700851 0.000000 -0.713308 1.000000 1.000000 1.000000
3444.685791 0.000000 5987.177734 0.000000 0.672128 0.000000 -0.740435 1.000000 1.000000 1.000000
3414.312500 0.000000 5912.048340 0.000000 0.741890 0.000000 -0.670522 1.000000 1.000000 1.000000
3443.826172 0.000000 5994.644531 0.000000 0.596103 0.000000 -0.802908 1.000000 1.000000 1.000000
3466.996826 0.000000 5997.948242 0.000000 0.997784 0.000000 -0.066538 1.000000 1.000000 1.000000
3455.875977 0.000000 5941.115723 0.000000 0.907665 0.000000 -0.419696 1.000000 1.000000 1.000000
3407.588867 0.000000 5917.646973 0.000000 0.973198 0.000000 -0.229968 1.000000 1.000000 1.000000
3436.977051 0.000000 5960.928711 0.000000 0.997278 0.000000 -0.073727 1.000000 1.000000 1.000000
3412.109619 0.000000 5916.592773 0.000000 0.675509 0.000000 -0.737352 1.000000 1.000000 1.000000
3432.359619 0.000000 5905.883789 0.000000 0.968191 0.000000 -0.250210 1.000000 1.000000 1.000000
3441.532471 0.000000 5918.181641 0.000000 0.961088 0.000000 -0.276242 1.000000 1.000000 1.000000
3426.817871 0.000000 5933.398926 0.000000 0.993537 0.000000 -0.113509 1.000000 1.000000 1.000000
3433.182373 0.000000 5953.236816 0.000000 0.753676 0.000000 -0.657246 1.000000 1.000000 1.000000
3414.607178 0.000000 5908.704590 0.000000 0.989439 0.000000 -0.144949 1.000000 1.000000 1.000000
3464.569824 0.000000 5973.229004 0.000000 0.963936 0.000000 -0.266133 1.000000 1.000000 1.000000
3458.586914 0.000000 5943.161133 0.000000 0.958347 0.000000 -0.285607 1.000000 1.000000 1.000000
3444.098877 0.000000 5979.095215 0.000000 0.693106 0.000000 -0.720836 1.000000 1.000000 1.000000
3461.625244 0.000000 5959.368652 0.000000 0.954932 0.000000 -0.296826 1.000000 1.000000 1.000000
3457.144287 0.000000 5938.474609 0.000000 0.625145 0.000000 -0.780508 1.000000 1.000000 1.000000
3455.328369 0.000000 5948.298828 0.000000 0.988930 0.000000 -0.148385 1.000000 1.000000 1.000000
3446.765869 0.000000 5965.157227 0.000000 0.993472 0.000000 -0.114076 1.000000 1.000000 1.000000
3431.001709 0.000000 5974.984375 0.000000 0.997071 0.000000 -0.076478 1.000000 1.000000 1.000000
3434.132324 0.000000 5981.240234 0.000000 0.891393 0.000000 -0.453231 1.000000 1.000000 1.000000
3438.842041 0.000000 5939.027832 0.000000 0.865382 0.000000 -0.501112 1.000000 1.000000 1.000000
3436.109619 0.000000 5939.005859 0.000000 0.643508 0.000000 -0.765440 1.000000 1.000000 1.000000
3414.667725 0.000000 5929.135742 0.000000 0.779446 0.000000 -0.626469 1.000000 1.000000 1.000000
3407.309814 0.000000 5915.220703 0.000000 0.999883 0.000000 -0.015276 1.000000 1.000000 1.000000
3434.543457 0.000000 5941.049805 0.000000 0.658833 0.000000 -0.752289 1.000000 1.000000 1.000000
3439.535156 0.000000 5941.259277 0.000000 0.807562 0.000000 -0.589783 1.000000 1.000000 1.000000
3407.321289 0.000000 5908.478516 0.000000 0.954509 0.000000 -0.298183 1.000000 1.000000 1.000000
3440.361084 0.000000 5945.669434 0.000000 0.998379 0.000000 -0.056912 1.000000 1.000000 1.000000
3435.392822 0.000000 5943.134766 0.000000 0.685130 0.000000 -0.728421 1.000000 1.000000 1.000000
3462.602783 0.000000 5972.101562 0.000000 0.686960 0.000000 -0.726695 1.000000 1.000000 1.000000
3426.325928 0.000000 5935.514648 0.000000 0.998510 0.000000 -0.054572 1.000000 1.000000 1.000000
3402.064697 0.000000 5920.558105 0.000000 0.970513 0.000000 -0.241049 1.000000 1.000000 1.000000
3466.356689 0.000000 5958.044434 0.000000 0.884001 0.000000 -0.467485 1.000000 1.000000 1.000000
3439.091064 0.000000 5995.749512 0.000000 0.623662 0.000000 -0.781694 1.000000 1.000000 1.000000
3410.586182 0.000000 5925.791992 0.000000 0.985477 0.000000 -0.169809 1.000000 1.000000 1.000000
3459.627930 0.000000 5944.703613 0.000000 0.777943 0.000000 -0.628335 1.000000 1.000000 1.000000
3418.387451 0.000000 5927.022461 0.000000 0.786638 0.000000 -0.617415 1.000000 1.000000 1.000000
3464.918701 0.000000 5989.185547 0.000000 0.884375 0.000000 -0.466778 1.000000 1.000000 1.000000
3429.829834 0.000000 5969.277344 0.000000 0.998732 0.000000 -0.050344 1.000000 1.000000 1.000000
3459.300049 0.000000 5953.175781 0.000000 0.807823 0.000000 -0.589425 1.000000 1.000000 1.000000
3465.582275 0.000000 5955.434570 0.000000 0.966625 0.000000 -0.256197 1.000000 1.000000 1.000000
3428.092041 0.000000 5939.021484 0.000000 0.672015 0.000000 -0.740537 1.000000 1.000000 1.000000
3436.674316 0.000000 5957.678223 0.000000 0.741146 0.000000 -0.671344 1.000000 1.000000 1.000000
3465.857910 0.000000 5996.663086 0.000000 0.994866 0.000000 -0.101201 1.000000 1.000000 1.000000
3436.913330 0.000000 5992.865234 0.000000 0.874428 0.000000 -0.485156 1.000000 1.000000 1.000000
3464.155762 0.000000 5954.460938 0.000000 0.764014 0.000000 -0.645199 1.000000 1.000000 1.000000
3442.536133 0.000000 5959.137207 0.000000 0.999982 0.000000 -0.006004 1.000000 1.000000 1.000000
3402.236084 0.000000 5918.135254 0.000000 0.895760 0.000000 -0.444538 1.000000 1.000000 1.000000
3457.834229 0.000000 5952.905762 0.000000 0.838427 0.000000 -0.545013 1.000000 1.000000 1.000000
3411.576904 0.000000 5923.987305 0.000000 0.595087 0.000000 -0.803661 1.000000 1.000000 1.000000
3406.202881 0.000000 5916.995117 0.000000 0.903498 0.000000 -0.428593 1.000000 1.000000 1.000000
3440.797119 0.000000 5919.934570 0.000000 0.850822 0.000000 -0.525455 1.000000 1.000000 1.000000
3459.528076 0.000000 5955.846680 0.000000 0.980262 0.000000 -0.197705 1.000000 1.000000 1.000000
3455.038086 0.000000 5942.278320 0.000000 0.965152 0.000000 -0.261688 1.000000 1.000000 1.000000
3443.954102 0.000000 5985.952148 0.000000 0.839657 0.000000 -0.543118 1.000000 1.000000 1.000000
3459.199463 0.000000 5963.511230 0.000000 0.999820 0.000000 -0.018972 1.000000 1.000000 1.000000
3468.052490 0.000000 5983.700684 0.000000 0.998978 0.000000 -0.045207 1.000000 1.000000 1.000000
3435.826660 0.000000 5940.594727 0.000000 0.997919 0.000000 -0.064483 1.000000 1.000000 1.000000
3446.330078 0.000000 5925.708496 0.000000 0.895120 0.000000 -0.445825 1.000000 1.000000 1.000000
3417.206055 0.000000 5913.134277 0.000000 0.968429 0.000000 -0.249289 1.000000 1.000000 1.000000
3466.196777 0.000000 5956.811035 0.000000 0.768663 0.000000 -0.639654 1.000000 1.000000 1.000000
3455.030273 0.000000 5949.507324 0.000000 0.626703 0.000000 -0.779258 1.000000 1.000000 1.000000
3468.383301 0.000000 5969.058105 0.000000 0.977812 0.000000 -0.209485 1.000000 1.000000 1.000000
3404.605957 0.000000 5919.428223 0.000000 0.988266 0.000000 -0.152742 1.000000 1.000000 1.000000
3443.408691 0.000000 5920.580078 0.000000 0.810035 0.000000 -0.586381 1.000000 1.000000 1.000000
3438.880127 0.000000 5940.186035 0.000000 0.627442 0.000000 -0.778664 1.000000 1.000000 1.000000
3444.318359 0.000000 5922.125000 0.000000 0.681275 0.000000 -0.732028 1.000000 1.000000 1.000000
3442.541504 0.000000 5973.595215 0.000000 0.718219 0.000000 -0.695817 1.000000 1.000000 1.000000
3428.790283 0.000000 5937.576172 0.000000 0.819819 0.000000 -0.572623 1.000000 1.000000 1.000000
3441.660889 0.000000 5970.802734 0.000000 0.738671 0.000000 -0.674067 1.000000 1.000000 1.000000
3465.268555 0.000000 5981.552246 0.000000 0.845235 0.000000 -0.534394 1.000000 1.000000 1.000000
3476.606689 0.000000 5991.546875 0.000000 0.999895 0.000000 -0.014519 1.000000 1.000000 1.000000
3469.192871 0.000000 5980.648438 0.000000 0.995585 0.000000 -0.093867 1.000000 1.000000 1.000000
3471.181152 0.000000 5998.275391 0.000000 0.844032 0.000000 -0.536292 1.000000 1.000000 1.000000
3478.831787 0.000000 5979.792480 0.000000 0.997205 0.000000 -0.074715 1.000000 1.000000 1.000000
3468.779053 0.000000 5997.744629 0.000000 0.950460 0.000000 -0.310847 1.000000 1.000000 1.000000
3469.601074 0.000000 5993.256348 0.000000 0.740478 0.000000 -0.672081 1.000000 1.000000 1.000000
3468.498047 0.000000 5989.405762 0.000000 0.940536 0.000000 -0.339693 1.000000 1.000000 1.000000
3472.521729 0.000000 5975.484375 0.000000 0.989600 0.000000 -0.143848 1.000000 1.000000 1.000000
3469.635254 0.000000 5998.965820 0.000000 0.656542 0.000000 -0.754290 1.000000 1.000000 1.000000
3472.306152 0.000000 5981.513672 0.000000 0.978082 0.000000 -0.208219 1.000000 1.000000 1.000000
3469.632568 0.000000 5965.609375 0.000000 0.947962 0.000000 -0.318384 1.000000 1.000000 1.000000
3469.605469 0.000000 5967.062012 0.000000 0.774133 0.000000 -0.633023 1.000000 1.000000 1.000000
3952.349854 0.000000 5808.665527 0.000000 0.871715 0.000000 -0.490013 1.000000 1.000000 1.000000
3962.443848 0.000000 5802.743164 0.000000 0.651845 0.000000 -0.758352 1.000000 1.000000 1.000000
3956.782471 0.000000 5810.490723 0.000000 0.772136 0.000000 -0.635457 1.000000 1.000000 1.000000
3978.925293 0.000000 5798.760742 0.000000 0.992929 0.000000 -0.118710 1.000000 1.000000 1.000000
3963.030762 0.000000 5800.444824 0.000000 0.889316 0.000000 -0.457292 1.000000 1.000000 1.000000
3980.968750 0.000000 5799.504883 0.000000 0.995493 0.000000 -0.094832 1.000000 1.000000 1.000000
3984.723145 0.000000 5802.345703 0.000000 0.809035 0.000000 -0.587761 1.000000 1.000000 1.000000
3979.349609 0.000000 5803.829590 0.000000 0.999998 0.000000 -0.002146 1.000000 1.000000 1.000000
3978.183350 0.000000 5802.484375 0.000000 0.870775 0.000000 -0.491682 1.000000 1.000000 1.000000
3936.721680 0.000000 5839.191406 0.000000 0.855814 0.000000 -0.517283 1.000000 1.000000 1.000000
3933.021240 0.000000 5831.369141 0.000000 0.994771 0.000000 -0.102126 1.000000 1.000000 1.000000
3932.388916 0.000000 5833.749023 0.000000 0.917670 0.000000 -0.397343 1.000000 1.000000 1.000000
3940.123291 0.000000 5814.409180 0.000000 0.987941 0.000000 -0.154830 1.000000 1.000000 1.000000
3990.772461 0.000000 5814.878906 0.000000 0.865144 0.000000 -0.501524 1.000000 1.000000 1.000000
3937.499512 0.000000 5814.354004 0.000000 0.813151 0.000000 -0.582053 1.000000 1.000000 1.000000
3958.730957 0.000000 5849.994629 0.000000 0.824699 0.000000 -0.565572 1.000000 1.000000 1.000000
3990.395264 0.000000 5816.420898 0.000000 0.731643 0.000000 -0.681688 1.000000 1.000000 1.000000
3991.771484 0.000000 5816.443359 0.000000 0.791732 0.000000 -0.610869 1.000000 1.000000 1.000000
3990.104004 0.000000 5817.769531 0.000000 0.846876 0.000000 -0.531791 1.000000 1.000000 1.000000
3940.535400 0.000000 5843.446289 0.000000 0.768206 0.000000 -0.640202 1.000000 1.000000 1.000000
8979.279297 0.000000 5713.010742 0.000000 0.744501 0.000000 -0.667621 1.000000 1.000000 1.000000
8978.753906 0.000000 5715.791504 0.000000 0.977055 0.000000 -0.212987 1.000000 1.000000 1.000000
8872.485352 0.000000 5806.144043 0.000000 0.599266 0.000000 -0.800550 1.000000 1.000000 1.000000
8854.042969 0.000000 5808.368164 0.000000 0.807968 0.000000 -0.589226 1.000000 1.000000 1.000000
8848.540039 0.000000 5780.655762 0.000000 0.991856 0.000000 -0.127365 1.000000 1.000000 1.000000
8839.537109 0.000000 5778.235840 0.000000 0.637519 0.000000 -0.770435 1.000000 1.000000 1.000000
8903.252930 0.000000 5759.132812 0.000000 0.921739 0.000000 -0.387811 1.000000 1.000000 1.000000
8873.384766 0.000000 5807.172852 0.000000 0.643984 0.000000 -0.765039 1.000000 1.000000 1.000000
8998.799805 0.000000 5745.449219 0.000000 0.861790 0.000000 -0.507266 1.000000 1.000000 1.000000
8969.367188 0.000000 5719.793457 0.000000 0.850186 0.000000 -0.526483 1.000000 1.000000 1.000000
8960.744141 0.000000 5762.248535 0.000000 0.823697 0.000000 -0.567030 1.000000 1.000000 1.000000
8960.134766 0.000000 5763.746582 0.000000 0.958581 0.000000 -0.284821 1.000000 1.000000 1.000000
8871.455078 0.000000 5819.904785 0.000000 0.787423 0.000000 -0.616413 1.000000 1.000000 1.000000
8996.728516 0.000000 5929.081055 0.000000 0.902282 0.000000 -0.431146 1.000000 1.000000 1.000000
8939.238281 0.000000 5933.021484 0.000000 0.929486 0.000000 -0.368858 1.000000 1.000000 1.000000
8936.513672 0.000000 5933.962402 0.000000 0.924884 0.000000 -0.380249 1.000000 1.000000 1.000000
8944.881836 0.000000 5933.305664 0.000000 0.791890 0.000000 -0.610664 1.000000 1.000000 1.000000
8978.351562 0.000000 5931.724609 0.000000 0.917678 0.000000 -0.397326 1.000000 1.000000 1.000000
8971.828125 0.000000 5932.491211 0.000000 0.879901 0.000000 -0.475157 1.000000 1.000000 1.000000
8946.553711 0.000000 5930.133789 0.000000 0.679965 0.000000 -0.733245 1.000000 1.000000 1.000000
8922.779297 0.000000 5947.869629 0.000000 0.793070 0.000000 -0.609131 1.000000 1.000000 1.000000
9047.764648 0.000000 5765.322754 0.000000 0.982842 0.000000 -0.184448 1.000000 1.000000 1.000000
9031.267578 0.000000 5774.890137 0.000000 0.947669 0.000000 -0.319255 1.000000 1.000000 1.000000
9021.047852 0.000000 5731.598145 0.000000 0.980618 0.000000 -0.195929 1.000000 1.000000 1.000000
9040.804688 0.000000 5777.511719 0.000000 0.635135 0.000000 -0.772401 1.000000 1.000000 1.000000
9020.809570 0.000000 5756.252441 0.000000 0.864312 0.000000 -0.502957 1.000000 1.000000 1.000000
9067.268555 0.000000 5775.618652 0.000000 0.905869 0.000000 -0.423558 1.000000 1.000000 1.000000
9007.041992 0.000000 5730.574707 0.000000 0.865728 0.000000 -0.500515 1.000000 1.000000 1.000000
9000.599609 0.000000 5729.462891 0.000000 0.992080 0.000000 -0.125609 1.000000 1.000000 1.000000
9079.828125 0.000000 5784.232910 0.000000 0.893876 0.000000 -0.448315 1.000000 1.000000 1.000000
9032.800781 0.000000 5774.412109 0.000000 0.653115 0.000000 -0.757259 1.000000 1.000000 1.000000
9111.335938 0.000000 5779.721680 0.000000 0.999878 0.000000 -0.015614 1.000000 1.000000 1.000000
9084.445312 0.000000 5905.001953 0.000000 0.646583 0.000000 -0.762844 1.000000 1.000000 1.000000
9134.199219 0.000000 5812.108398 0.000000 0.758091 0.000000 -0.652149 1.000000 1.000000 1.000000
9119.775391 0.000000 5819.204102 0.000000 0.749670 0.000000 -0.661811 1.000000 1.000000 1.000000
9042.560547 0.000000 5992.668945 0.000000 0.870178 0.000000 -0.492737 1.000000 1.000000 1.000000
9003.493164 0.000000 5964.365234 0.000000 0.866146 0.000000 -0.499791 1.000000 1.000000 1.000000
9070.380859 0.000000 5991.164551 0.000000 0.927126 0.000000 -0.374749 1.000000 1.000000 1.000000
9067.666992 0.000000 5923.707031 0.000000 0.647459 0.000000 -0.762100 1.000000 1.000000 1.000000
9073.461914 0.000000 5991.371094 0.000000 0.991633 0.000000 -0.129091 1.000000 1.000000 1.000000
9067.107422 0.000000 5985.676758 0.000000 0.998814 0.000000 -0.048689 1.000000 1.000000 1.000000
9020.006836 0.000000 5955.205078 0.000000 0.757676 0.000000 -0.652630 1.000000 1.000000 1.000000
9044.142578 0.000000 5993.920898 0.000000 0.975771 0.000000 -0.218793 1.000000 1.000000 1.000000
9076.439453 0.000000 5909.521973 0.000000 0.992689 0.000000 -0.120701 1.000000 1.000000 1.000000
9033.136719 0.000000 5977.267090 0.000000 0.631630 0.000000 -0.775270 1.000000 1.000000 1.000000
9044.753906 0.000000 5992.389160 0.000000 0.897372 0.000000 -0.441275 1.000000 1.000000 1.000000
9075.705078 0.000000 5926.118652 0.000000 0.764918 0.000000 -0.644128 1.000000 1.000000 1.000000
2975.660400 0.000000 6001.597656 0.000000 0.911545 0.000000 -0.411201 1.000000 1.000000 1.000000
2987.962646 0.000000 6050.929199 0.000000 0.773501 0.000000 -0.633796 1.000000 1.000000 1.000000
2971.156250 0.000000 6091.331543 0.000000 0.915921 0.000000 -0.401358 1.000000 1.000000 1.000000
2963.743408 0.000000 6012.322266 0.000000 0.977122 0.000000 -0.212681 1.000000 1.000000 1.000000
2955.709229 0.000000 6042.080566 0.000000 0.998068 0.000000 -0.062130 1.000000 1.000000 1.000000
2998.431885 0.000000 6085.143066 0.000000 0.939664 0.000000 -0.342099 1.000000 1.000000 1.000000
2956.081543 0.000000 6050.632812 0.000000 0.955913 0.000000 -0.293649 1.000000 1.000000 1.000000
2956.746094 0.000000 6063.698242 0.000000 0.912287 0.000000 -0.409551 1.000000 1.000000 1.000000
2959.443115 0.000000 6077.242188 0.000000 0.991891 0.000000 -0.127093 1.000000 1.000000 1.000000
2959.043945 0.000000 6030.866699 0.000000 0.764970 0.000000 -0.644066 1.000000 1.000000 1.000000
2967.404053 0.000000 6092.938965 0.000000 0.849979 0.000000 -0.526816 1.000000 1.000000 1.000000
2995.858887 0.000000 6066.971191 0.000000 0.684699 0.000000 -0.728826 1.000000 1.000000 1.000000
2998.466309 0.000000 6071.331543 0.000000 0.956624 0.000000 -0.291324 1.000000 1.000000 1.000000
2959.555176 0.000000 6064.001953 0.000000 0.680554 0.000000 -0.732698 1.000000 1.000000 1.000000
2969.571289 0.000000 6085.746094 0.000000 0.999982 0.000000 -0.005948 1.000000 1.000000 1.000000
2958.292480 0.000000 6062.130859 0.000000 0.967763 0.000000 -0.251861 1.000000 1.000000 1.000000
2965.456299 0.000000 6079.515137 0.000000 0.998037 0.000000 -0.062624 1.000000 1.000000 1.000000
2957.614990 0.000000 6029.256836 0.000000 0.825346 0.000000 -0.564627 1.000000 1.000000 1.000000
2955.965088 0.000000 6044.885254 0.000000 0.876051 0.000000 -0.482218 1.000000 1.000000 1.000000
2961.792236 0.000000 6021.113770 0.000000 0.934628 0.000000 -0.355627 1.000000 1.000000 1.000000
2958.987061 0.000000 6048.967773 0.000000 0.891477 0.000000 -0.453067 1.000000 1.000000 1.000000
2998.958984 0.000000 6073.415527 0.000000 0.903272 0.000000 -0.429069 1.000000 1.000000 1.000000
2969.625977 0.000000 6006.089844 0.000000 0.978900 0.000000 -0.204339 1.000000 1.000000 1.000000
2962.782959 0.000000 6019.502930 0.000000 0.628604 0.000000 -0.777726 1.000000 1.000000 1.000000
2969.277100 0.000000 6092.519531 0.000000 0.990020 0.000000 -0.140930 1.000000 1.000000 1.000000
2960.255859 0.000000 6021.945312 0.000000 0.625319 0.000000 -0.780369 1.000000 1.000000 1.000000
2964.032715 0.000000 6007.988281 0.000000 0.938357 0.000000 -0.345668 1.000000 1.000000 1.000000
2972.547119 0.000000 6000.212402 0.000000 0.805183 0.000000 -0.593027 1.000000 1.000000 1.000000
2957.754639 0.000000 6050.200684 0.000000 0.764146 0.000000 -0.645043 1.000000 1.000000 1.000000
2996.702393 0.000000 6077.573730 0.000000 0.800473 0.000000 -0.599368 1.000000 1.000000 1.000000
2965.398926 0.000000 6012.036133 0.000000 0.764781 0.000000 -0.644291 1.000000 1.000000 1.000000
2997.510010 0.000000 6083.835449 0.000000 0.949754 0.000000 -0.312998 1.000000 1.000000 1.000000
2958.052246 0.000000 6064.594238 0.000000 0.935286 0.000000 -0.353893 1.000000 1.000000 1.000000
2959.303467 0.000000 6007.994629 0.000000 0.950723 0.000000 -0.310041 1.000000 1.000000 1.000000
2959.912598 0.000000 6081.684082 0.000000 0.824604 0.000000 -0.565711 1.000000 1.000000 1.000000
2964.764160 0.000000 6013.257324 0.000000 0.871048 0.000000 -0.491199 1.000000 1.000000 1.000000
2956.500977 0.000000 6051.970215 0.000000 0.931728 0.000000 -0.363156 1.000000 1.000000 1.000000
2952.249756 0.000000 6038.021973 0.000000 0.597409 0.000000 -0.801937 1.000000 1.000000 1.000000
2964.261719 0.000000 6009.652832 0.000000 0.603090 0.000000 -0.797674 1.000000 1.000000 1.000000
2990.101807 0.000000 6064.450684 0.000000 0.730818 0.000000 -0.682572 1.000000 1.000000 1.000000
2962.616699 0.000000 6015.163086 0.000000 0.909856 0.000000 -0.414925 1.000000 1.000000 1.000000
2960.222900 0.000000 6025.683105 0.000000 0.979818 0.000000 -0.199893 1.000000 1.000000 1.000000
2997.849854 0.000000 6070.047363 0.000000 0.996171 0.000000 -0.087429 1.000000 1.000000 1.000000
2960.510498 0.000000 6160.516113 0.000000 0.904515 0.000000 -0.426443 1.000000 1.000000 1.000000
2926.017822 0.000000 6125.391113 0.000000 0.999755 0.000000 -0.022140 1.000000 1.000000 1.000000
2954.135254 0.000000 6100.521484 0.000000 0.973489 0.000000 -0.228732 1.000000 1.000000 1.000000
2950.791016 0.000000 6157.840820 0.000000 0.926828 0.000000 -0.375486 1.000000 1.000000 1.000000
2965.781982 0.000000 6156.988770 0.000000 0.791030 0.000000 -0.611777 1.000000 1.000000 1.000000
2914.429443 0.000000 6133.551270 0.000000 0.661624 0.000000 -0.749836 1.000000 1.000000 1.000000
2972.448242 0.000000 6161.310547 0.000000 0.642653 0.000000 -0.766158 1.000000 1.000000 1.000000
2917.485107 0.000000 6131.295898 0.000000 0.623017 0.000000 -0.782208 1.000000 1.000000 1.000000
2946.722900 0.000000 6158.085449 0.000000 0.873282 0.000000 -0.487215 1.000000 1.000000 1.000000
2945.567871 0.000000 6107.416504 0.000000 0.746596 0.000000 -0.665277 1.000000 1.000000 1.000000
2952.242676 0.000000 6103.160645 0.000000 0.752636 0.000000 -0.658436 1.000000 1.000000 1.000000
2953.851074 0.000000 6158.798828 0.000000 0.953113 0.000000 -0.302615 1.000000 1.000000 1.000000
2921.260010 0.000000 6151.431641 0.000000 0.611460 0.000000 -0.791276 1.000000 1.000000 1.000000
2940.864502 0.000000 6159.912109 0.000000 0.782965 0.000000 -0.622066 1.000000 1.000000 1.000000
2962.972656 0.000000 6100.219238 0.000000 0.997266 0.000000 -0.073896 1.000000 1.000000 1.000000
2973.668701 0.000000 6163.610352 0.000000 0.931946 0.000000 -0.362596 1.000000 1.000000 1.000000
2965.129639 0.000000 6163.650391 0.000000 0.999872 0.000000 -0.015974 1.000000 1.000000 1.000000
2956.150391 0.000000 6110.793945 0.000000 0.796830 0.000000 -0.604204 1.000000 1.000000 1.000000
2945.408447 0.000000 6105.071289 0.000000 0.751079 0.000000 -0.660212 1.000000 1.000000 1.000000
2974.968994 0.000000 6161.503418 0.000000 0.785123 0.000000 -0.619339 1.000000 1.000000 1.000000
2989.587158 0.000000 6153.201172 0.000000 0.991858 0.000000 -0.127346 1.000000 1.000000 1.000000
2924.062256 0.000000 6125.284180 0.000000 0.990935 0.000000 -0.134343 1.000000 1.000000 1.000000
2952.043213 0.000000 6159.198730 0.000000 0.750360 0.000000 -0.661029 1.000000 1.000000 1.000000
2953.858154 0.000000 6160.644043 0.000000 0.997639 0.000000 -0.068680 1.000000 1.000000 1.000000
2944.078613 0.000000 6153.682129 0.000000 0.898338 0.000000 -0.439304 1.000000 1.000000 1.000000
2961.974854 0.000000 6150.242676 0.000000 0.712524 0.000000 -0.701648 1.000000 1.000000 1.000000
2959.971680 0.000000 6162.049316 0.000000 0.736109 0.000000 -0.676863 1.000000 1.000000 1.000000
2929.085205 0.000000 6127.005859 0.000000 0.994180 0.000000 -0.107731 1.000000 1.000000 1.000000
2956.977783 0.000000 6161.460449 0.000000 0.715150 0.000000 -0.698972 1.000000 1.000000 1.000000
2959.423340 0.000000 6166.416016 0.000000 0.963195 0.000000 -0.268803 1.000000 1.000000 1.000000
2956.047119 0.000000 6112.311035 0.000000 0.966899 0.000000 -0.255158 1.000000 1.000000 1.000000
2958.740234 0.000000 6160.903809 0.000000 0.999864 0.000000 -0.016474 1.000000 1.000000 1.000000
2953.647461 0.000000 6162.077637 0.000000 0.925288 0.000000 -0.379265 1.000000 1.000000 1.000000
2914.371826 0.000000 6136.764160 0.000000 0.761288 0.000000 -0.648414 1.000000 1.000000 1.000000
2914.425049 0.000000 6135.236816 0.000000 0.991086 0.000000 -0.133222 1.000000 1.000000 1.000000
2946.288086 0.000000 6104.111816 0.000000 0.708076 0.000000 -0.706137 1.000000 1.000000 1.000000
2919.264160 0.000000 6139.550293 0.000000 0.688468 0.000000 -0.725267 1.000000 1.000000 1.000000
2945.193604 0.000000 6157.887695 0.000000 0.998363 0.000000 -0.057196 1.000000 1.000000 1.000000
2966.773193 0.000000 6157.613281 0.000000 0.977368 0.000000 -0.211544 1.000000 1.000000 1.000000
2953.433105 0.000000 6103.113770 0.000000 0.922649 0.000000 -0.385642 1.000000 1.000000 1.000000
2919.720947 0.000000 6143.641113 0.000000 0.598126 0.000000 -0.801402 1.000000 1.000000 1.000000
2961.446289 0.000000 6152.023438 0.000000 0.665474 0.000000 -0.746421 1.000000 1.000000 1.000000
2968.312988 0.000000 6154.956543 0.000000 0.920372 0.000000 -0.391043 1.000000 1.000000 1.000000
2918.567871 0.000000 6152.331543 0.000000 0.806256 0.000000 -0.591567 1.000000 1.000000 1.000000
2919.036621 0.000000 6153.260254 0.000000 0.967730 0.000000 -0.251990 1.000000 1.000000 1.000000
2918.533691 0.000000 6145.282227 0.000000 0.640515 0.000000 -0.767946 1.000000 1.000000 1.000000
3067.333496 0.000000 6043.874512 0.000000 0.715228 0.000000 -0.698891 1.000000 1.000000 1.000000
3067.599609 0.000000 6024.481934 0.000000 0.970322 0.000000 -0.241818 1.000000 1.000000 1.000000
3090.970703 0.000000 6022.823242 0.000000 0.680587 0.000000 -0.732667 1.000000 1.000000 1.000000
3072.945068 0.000000 6040.902832 0.000000 0.942769 0.000000 -0.333446 1.000000 1.000000 1.000000
3008.340820 0.000000 6016.083496 0.000000 0.759319 0.000000 -0.650719 1.000000 1.000000 1.000000
3029.617676 0.000000 6023.871582 0.000000 0.999996 0.000000 -0.002717 1.000000 1.000000 1.000000
3058.792480 0.000000 6032.425293 0.000000 0.864411 0.000000 -0.502786 1.000000 1.000000 1.000000
3079.368164 0.000000 6053.992188 0.000000 0.733737 0.000000 -0.679434 1.000000 1.000000 1.000000
3068.479980 0.000000 6040.039062 0.000000 0.970643 0.000000 -0.240526 1.000000 1.000000 1.000000
2999.775635 0.000000 6085.113281 0.000000 0.974003 0.000000 -0.226534 1.000000 1.000000 1.000000
3080.858154 0.000000 6067.005371 0.000000 0.971861 0.000000 -0.235555 1.000000 1.000000 1.000000
3035.033691 0.000000 6017.733887 0.000000 0.993692 0.000000 -0.112148 1.000000 1.000000 1.000000
3030.064941 0.000000 6019.243164 0.000000 0.788539 0.000000 -0.614985 1.000000 1.000000 1.000000
3073.688477 0.000000 6037.431641 0.000000 0.993186 0.000000 -0.116538 1.000000 1.000000 1.000000
3029.342529 0.000000 6034.658203 0.000000 0.948269 0.000000 -0.317467 1.000000 1.000000 1.000000
3011.401855 0.000000 6016.672363 0.000000 0.924660 0.000000 -0.380795 1.000000 1.000000 1.000000
3082.693848 0.000000 6073.366211 0.000000 0.930979 0.000000 -0.365072 1.000000 1.000000 1.000000
3074.402588 0.000000 6022.976562 0.000000 0.837442 0.000000 -0.546526 1.000000 1.000000 1.000000
3079.073730 0.000000 6020.063477 0.000000 0.600376 0.000000 -0.799718 1.000000 1.000000 1.000000
3078.613037 0.000000 6046.366211 0.000000 0.787140 0.000000 -0.616774 1.000000 1.000000 1.000000
3066.382324 0.000000 6041.445801 0.000000 0.998569 0.000000 -0.053481 1.000000 1.000000 1.000000
3079.682861 0.000000 6069.428711 0.000000 0.654936 0.000000 -0.755685 1.000000 1.000000 1.000000
3068.255859 0.000000 6037.334473 0.000000 0.828972 0.000000 -0.559290 1.000000 1.000000 1.000000
3075.905518 0.000000 6042.473145 0.000000 0.989450 0.000000 -0.144877 1.000000 1.000000 1.000000
3032.988770 0.000000 6036.025391 0.000000 0.987755 0.000000 -0.156010 1.000000 1.000000 1.000000
2999.769775 0.000000 6071.999512 0.000000 0.845894 0.000000 -0.533352 1.000000 1.000000 1.000000
3072.593994 0.000000 6025.466797 0.000000 0.989565 0.000000 -0.144084 1.000000 1.000000 1.000000
3061.131836 0.000000 6041.538086 0.000000 0.689158 0.000000 -0.724611 1.000000 1.000000 1.000000
3035.054688 0.000000 6012.133789 0.000000 0.831572 0.000000 -0.555418 1.000000 1.000000 1.000000
3057.277832 0.000000 6038.849121 0.000000 0.974058 0.000000 -0.226297 1.000000 1.000000 1.000000
3087.383789 0.000000 6019.387207 0.000000 0.989248 0.000000 -0.146248 1.000000 1.000000 1.000000
3034.317383 0.000000 6015.842773 0.000000 0.999990 0.000000 -0.004384 1.000000 1.000000 1.000000
3085.532715 0.000000 6024.486816 0.000000 0.964281 0.000000 -0.264881 1.000000 1.000000 1.000000
3093.134277 0.000000 6080.780762 0.000000 0.588175 0.000000 -0.808733 1.000000 1.000000 1.000000
3050.270752 0.000000 6020.477539 0.000000 0.984844 0.000000 -0.173441 1.000000 1.000000 1.000000
3088.136230 0.000000 6015.008789 0.000000 0.919101 0.000000 -0.394021 1.000000 1.000000 1.000000
3059.054932 0.000000 6038.532715 0.000000 0.968031 0.000000 -0.250831 1.000000 1.000000 1.000000
3082.893311 0.000000 6014.603516 0.000000 0.702791 0.000000 -0.711396 1.000000 1.000000 1.000000
2999.912109 0.000000 6080.481445 0.000000 0.993065 0.000000 -0.117567 1.000000 1.000000 1.000000
3085.082520 0.000000 6022.864746 0.000000 0.950812 0.000000 -0.309767 1.000000 1.000000 1.000000
3035.921143 0.000000 6016.381348 0.000000 0.995709 0.000000 -0.092544 1.000000 1.000000 1.000000
3093.459717 0.000000 6039.329590 0.000000 0.614965 0.000000 -0.788555 1.000000 1.000000 1.000000
3079.865967 0.000000 6047.393555 0.000000 0.707284 0.000000 -0.706930 1.000000 1.000000 1.000000
3073.923584 0.000000 6024.503906 0.000000 0.970913 0.000000 -0.239434 1.000000 1.000000 1.000000
3013.018555 0.000000 6017.781738 0.000000 0.717861 0.000000 -0.696187 1.000000 1.000000 1.000000
3069.957275 0.000000 6040.450195 0.000000 0.909206 0.000000 -0.416346 1.000000 1.000000 1.000000
3014.056152 0.000000 6020.393555 0.000000 0.669244 0.000000 -0.743043 1.000000 1.000000 1.000000
3061.472656 0.000000 6038.000977 0.000000 0.969181 0.000000 -0.246352 1.000000 1.000000 1.000000
3082.865479 0.000000 6046.647949 0.000000 0.961036 0.000000 -0.276422 1.000000 1.000000 1.000000
3033.580078 0.000000 6030.495605 0.000000 0.903955 0.000000 -0.427628 1.000000 1.000000 1.000000
3049.557373 0.000000 6037.371582 0.000000 0.847783 0.000000 -0.530343 1.000000 1.000000 1.000000
3092.294922 0.000000 6023.205566 0.000000 0.987123 0.000000 -0.159960 1.000000 1.000000 1.000000
3083.368896 0.000000 6065.502441 0.000000 0.652893 0.000000 -0.757450 1.000000 1.000000 1.000000
3027.060059 0.000000 6015.716797 0.000000 0.919946 0.000000 -0.392046 1.000000 1.000000 1.000000
3038.607666 0.000000 6015.370605 0.000000 0.780536 0.000000 -0.625111 1.000000 1.000000 1.000000
3083.823242 0.000000 6060.633789 0.000000 0.687154 0.000000 -0.726512 1.000000 1.000000 1.000000
3083.467773 0.000000 6044.000977 0.000000 0.648729 0.000000 -0.761020 1.000000 1.000000 1.000000
2999.754883 0.000000 6073.353027 0.000000 0.996853 0.000000 -0.079272 1.000000 1.000000 1.000000
3080.145508 0.000000 6059.016113 0.000000 0.999956 0.000000 -0.009418 1.000000 1.000000 1.000000
3049.896484 0.000000 6036.320801 0.000000 0.598848 0.000000 -0.800863 1.000000 1.000000 1.000000
3087.998047 0.000000 6016.222168 0.000000 0.961607 0.000000 -0.274431 1.000000 1.000000 1.000000
3094.224121 0.000000 6074.390625 0.000000 0.817348 0.000000 -0.576144 1.000000 1.000000 1.000000
3154.186279 0.000000 6002.539551 0.000000 0.994679 0.000000 -0.103019 1.000000 1.000000 1.000000
3094.861084 0.000000 6081.738770 0.000000 0.671857 0.000000 -0.740681 1.000000 1.000000 1.000000
3111.321045 0.000000 6008.183105 0.000000 0.805418 0.000000 -0.592707 1.000000 1.000000 1.000000
3111.378662 0.000000 6065.560547 0.000000 0.921270 0.000000 -0.388923 1.000000 1.000000 1.000000
3133.616211 0.000000 6017.557617 0.000000 0.960907 0.000000 -0.276872 1.000000 1.000000 1.000000
3093.527100 0.000000 6040.998535 0.000000 0.732818 0.000000 -0.680424 1.000000 1.000000 1.000000
3113.501953 0.000000 6003.623047 0.000000 0.999766 0.000000 -0.021613 1.000000 1.000000 1.000000
3107.086182 0.000000 6009.288086 0.000000 0.960859 0.000000 -0.277037 1.000000 1.000000 1.000000
3108.738281 0.000000 6044.349609 0.000000 0.998867 0.000000 -0.047595 1.000000 1.000000 1.000000
3097.979736 0.000000 6074.178711 0.000000 0.642645 0.000000 -0.766164 1.000000 1.000000 1.000000
3133.052246 0.000000 6013.674316 0.000000 0.827719 0.000000 -0.561143 1.000000 1.000000 1.000000
3113.938721 0.000000 6039.517578 0.000000 0.910440 0.000000 -0.413641 1.000000 1.000000 1.000000
3108.884521 0.000000 6063.224609 0.000000 0.897611 0.000000 -0.440788 1.000000 1.000000 1.000000
3113.859131 0.000000 6010.105957 0.000000 0.998322 0.000000 -0.057905 1.000000 1.000000 1.000000
3135.621582 0.000000 6015.258301 0.000000 0.975498 0.000000 -0.220009 1.000000 1.000000 1.000000
3136.902832 0.000000 6018.744629 0.000000 0.855038 0.000000 -0.518565 1.000000 1.000000 1.000000
3115.177734 0.000000 6034.253418 0.000000 0.989491 0.000000 -0.144596 1.000000 1.000000 1.000000
3109.021240 0.000000 6011.721680 0.000000 0.993897 0.000000 -0.110312 1.000000 1.000000 1.000000
3111.838623 0.000000 6062.556152 0.000000 0.985017 0.000000 -0.172457 1.000000 1.000000 1.000000
3105.144043 0.000000 6016.672363 0.000000 0.756343 0.000000 -0.654176 1.000000 1.000000 1.000000
3103.997559 0.000000 6060.784180 0.000000 0.982302 0.000000 -0.187302 1.000000 1.000000 1.000000
3106.269287 0.000000 6069.845215 0.000000 0.607072 0.000000 -0.794647 1.000000 1.000000 1.000000
3131.278320 0.000000 6016.295898 0.000000 0.680415 0.000000 -0.732827 1.000000 1.000000 1.000000
3099.197021 0.000000 6071.888672 0.000000 0.887627 0.000000 -0.460562 1.000000 1.000000 1.000000
3147.092773 0.000000 6002.363281 0.000000 0.908079 0.000000 -0.418799 1.000000 1.000000 1.000000
3120.961182 0.000000 6033.233887 0.000000 0.818218 0.000000 -0.574907 1.000000 1.000000 1.000000
3099.411377 0.000000 6044.717773 0.000000 0.671888 0.000000 -0.740653 1.000000 1.000000 1.000000
3107.807861 0.000000 6042.054688 0.000000 0.917290 0.000000 -0.398220 1.000000 1.000000 1.000000
3119.167236 0.000000 6027.295898 0.000000 0.757342 0.000000 -0.653018 1.000000 1.000000 1.000000
3144.138916 0.000000 6010.706055 0.000000 0.967290 0.000000 -0.253675 1.000000 1.000000 1.000000
3101.018066 0.000000 6079.213867 0.000000 0.793663 0.000000 -0.608358 1.000000 1.000000 1.000000
3109.443604 0.000000 6009.361816 0.000000 0.621640 0.000000 -0.783303 1.000000 1.000000 1.000000
3107.663818 0.000000 6053.035645 0.000000 0.894710 0.000000 -0.446648 1.000000 1.000000 1.000000
3109.771484 0.000000 6042.290527 0.000000 0.848280 0.000000 -0.529549 1.000000 1.000000 1.000000
3157.110352 0.000000 6006.089844 0.000000 0.790343 0.000000 -0.612664 1.000000 1.000000 1.000000
3133.662842 0.000000 6015.483398 0.000000 0.905284 0.000000 -0.424807 1.000000 1.000000 1.000000
3113.485107 0.000000 6011.943848 0.000000 0.603488 0.000000 -0.797372 1.000000 1.000000 1.000000
3107.226562 0.000000 6062.359375 0.000000 0.936758 0.000000 -0.349977 1.000000 1.000000 1.000000
3108.805420 0.000000 6061.371094 0.000000 0.676495 0.000000 -0.736447 1.000000 1.000000 1.000000
3141.931641 0.000000 6017.621094 0.000000 0.987013 0.000000 -0.160639 1.000000 1.000000 1.000000
3112.814697 0.000000 6038.216309 0.000000 0.658835 0.000000 -0.752288 1.000000 1.000000 1.000000
3108.676758 0.000000 6059.471680 0.000000 0.877669 0.000000 -0.479267 1.000000 1.000000 1.000000
3121.451660 0.000000 6034.931152 0.000000 0.908195 0.000000 -0.418547 1.000000 1.000000 1.000000
3103.164062 0.000000 6007.975586 0.000000 0.838693 0.000000 -0.544605 1.000000 1.000000 1.000000
3134.675049 0.000000 6013.928711 0.000000 0.645760 0.000000 -0.763541 1.000000 1.000000 1.000000
3100.639160 0.000000 6043.778809 0.000000 0.925101 0.000000 -0.379722 1.000000 1.000000 1.000000
3107.907227 0.000000 6070.239258 0.000000 0.871423 0.000000 -0.490532 1.000000 1.000000 1.000000
3112.389893 0.000000 6009.587891 0.000000 0.934767 0.000000 -0.355261 1.000000 1.000000 1.000000
3102.415283 0.000000 6061.402344 0.000000 0.817842 0.000000 -0.575443 1.000000 1.000000 1.000000
3100.134521 0.000000 6085.393066 0.000000 0.971185 0.000000 -0.238326 1.000000 1.000000 1.000000
3095.091797 0.000000 6083.353516 0.000000 0.975738 0.000000 -0.218943 1.000000 1.000000 1.000000
3110.790283 0.000000 6006.833984 0.000000 0.918484 0.000000 -0.395459 1.000000 1.000000 1.000000
3104.292969 0.000000 6062.166016 0.000000 0.993470 0.000000 -0.114097 1.000000 1.000000 1.000000
3154.678711 0.000000 6001.201660 0.000000 0.612343 0.000000 -0.790592 1.000000 1.000000 1.000000
3112.175049 0.000000 6011.354492 0.000000 0.713304 0.000000 -0.700855 1.000000 1.000000 1.000000
3104.538330 0.000000 6053.475586 0.000000 0.723264 0.000000 -0.690571 1.000000 1.000000 1.000000
3132.589600 0.000000 6016.682129 0.000000 0.888245 0.000000 -0.459370 1.000000 1.000000 1.000000
3134.614990 0.000000 6016.467285 0.000000 0.679423 0.000000 -0.733747 1.000000 1.000000 1.000000
3144.864502 0.000000 6011.862793 0.000000 0.963520 0.000000 -0.267638 1.000000 1.000000 1.000000
3097.684814 0.000000 6088.964355 0.000000 0.998786 0.000000 -0.049268 1.000000 1.000000 1.000000
3114.713867 0.000000 6000.834473 0.000000 0.921126 0.000000 -0.389265 1.000000 1.000000 1.000000
3108.603760 0.000000 6008.450684 0.000000 0.683503 0.000000 -0.729948 1.000000 1.000000 1.000000
3100.823730 0.000000 6084.408691 0.000000 0.783805 0.000000 -0.621007 1.000000 1.000000 1.000000
3115.213623 0.000000 6031.151367 0.000000 0.969663 0.000000 -0.244447 1.000000 1.000000 1.000000
3137.576904 0.000000 6019.721191 0.000000 0.912418 0.000000 -0.409260 1.000000 1.000000 1.000000
3134.116943 0.000000 6011.389648 0.000000 0.981398 0.000000 -0.191987 1.000000 1.000000 1.000000
3088.312012 0.000000 6157.427734 0.000000 0.993669 0.000000 -0.112344 1.000000 1.000000 1.000000
3003.137451 0.000000 6107.108887 0.000000 0.994760 0.000000 -0.102236 1.000000 1.000000 1.000000
3090.055176 0.000000 6094.423340 0.000000 0.915306 0.000000 -0.402759 1.000000 1.000000 1.000000
3069.982178 0.000000 6163.514648 0.000000 0.999787 0.000000 -0.020638 1.000000 1.000000 1.000000
3078.813232 0.000000 6111.146973 0.000000 0.912029 0.000000 -0.410126 1.000000 1.000000 1.000000
3017.636475 0.000000 6159.302734 0.000000 0.678037 0.000000 -0.735028 1.000000 1.000000 1.000000
3063.827393 0.000000 6134.816406 0.000000 0.814302 0.000000 -0.580441 1.000000 1.000000 1.000000
3005.781738 0.000000 6104.913574 0.000000 0.641834 0.000000 -0.766844 1.000000 1.000000 1.000000
3015.939697 0.000000 6122.429688 0.000000 0.999338 0.000000 -0.036372 1.000000 1.000000 1.000000
3005.189453 0.000000 6109.423340 0.000000 0.908722 0.000000 -0.417401 1.000000 1.000000 1.000000
3006.988037 0.000000 6107.374512 0.000000 0.792789 0.000000 -0.609497 1.000000 1.000000 1.000000
3018.103271 0.000000 6127.582031 0.000000 0.953188 0.000000 -0.302379 1.000000 1.000000 1.000000
3076.729004 0.000000 6109.619141 0.000000 0.982114 0.000000 -0.188289 1.000000 1.000000 1.000000
3013.697021 0.000000 6120.888184 0.000000 0.811535 0.000000 -0.584304 1.000000 1.000000 1.000000
3072.593994 0.000000 6119.208984 0.000000 0.718253 0.000000 -0.695782 1.000000 1.000000 1.000000
3032.128906 0.000000 6167.543457 0.000000 0.647391 0.000000 -0.762158 1.000000 1.000000 1.000000
3014.344727 0.000000 6124.377441 0.000000 0.797225 0.000000 -0.603682 1.000000 1.000000 1.000000
3057.277832 0.000000 6132.591309 0.000000 0.785911 0.000000 -0.618340 1.000000 1.000000 1.000000
3073.547363 0.000000 6121.168457 0.000000 0.965759 0.000000 -0.259440 1.000000 1.000000 1.000000
3004.795166 0.000000 6158.239746 0.000000 0.834404 0.000000 -0.551154 1.000000 1.000000 1.000000
3071.872803 0.000000 6164.335938 0.000000 0.989420 0.000000 -0.145077 1.000000 1.000000 1.000000
3061.667725 0.000000 6157.190918 0.000000 0.989175 0.000000 -0.146738 1.000000 1.000000 1.000000
3090.423584 0.000000 6096.528320 0.000000 0.993761 0.000000 -0.111528 1.000000 1.000000 1.000000
3019.125488 0.000000 6158.038574 0.000000 0.734501 0.000000 -0.678608 1.000000 1.000000 1.000000
3091.387939 0.000000 6145.528809 0.000000 0.700079 0.000000 -0.714065 1.000000 1.000000 1.000000
3071.186768 0.000000 6123.554688 0.000000 0.858238 0.000000 -0.513252 1.000000 1.000000 1.000000
3004.895020 0.000000 6106.625977 0.000000 0.984635 0.000000 -0.174626 1.000000 1.000000 1.000000
3014.970215 0.000000 6119.696777 0.000000 0.907502 0.000000 -0.420048 1.000000 1.000000 1.000000
3008.904053 0.000000 6114.671875 0.000000 0.873095 0.000000 -0.487549 1.000000 1.000000 1.000000
3019.808594 0.000000 6127.229004 0.000000 0.997111 0.000000 -0.075954 1.000000 1.000000 1.000000
3092.533447 0.000000 6108.343262 0.000000 0.881139 0.000000 -0.472858 1.000000 1.000000 1.000000
3073.923584 0.000000 6118.246094 0.000000 0.598036 0.000000 -0.801469 1.000000 1.000000 1.000000
3005.922607 0.000000 6102.437012 0.000000 0.996226 0.000000 -0.086796 1.000000 1.000000 1.000000
3063.890625 0.000000 6132.811035 0.000000 0.643756 0.000000 -0.765231 1.000000 1.000000 1.000000
3014.165039 0.000000 6163.981445 0.000000 0.972355 0.000000 -0.233505 1.000000 1.000000 1.000000
3048.440430 0.000000 6164.427734 0.000000 0.728476 0.000000 -0.685071 1.000000 1.000000 1.000000
3015.106689 0.000000 6121.266113 0.000000 0.931143 0.000000 -0.364655 1.000000 1.000000 1.000000
3063.045898 0.000000 6156.925293 0.000000 0.980268 0.000000 -0.197671 1.000000 1.000000 1.000000
3082.073975 0.000000 6161.534668 0.000000 0.992277 0.000000 -0.124043 1.000000 1.000000 1.000000
3070.641113 0.000000 6122.286621 0.000000 0.686347 0.000000 -0.727274 1.000000 1.000000 1.000000
3093.276611 0.000000 6109.402832 0.000000 0.797469 0.000000 -0.603360 1.000000 1.000000 1.000000
3083.672607 0.000000 6111.174316 0.000000 0.999968 0.000000 -0.008062 1.000000 1.000000 1.000000
3073.683838 0.000000 6119.911621 0.000000 0.788217 0.000000 -0.615398 1.000000 1.000000 1.000000
3017.278076 0.000000 6160.578125 0.000000 0.837772 0.000000 -0.546020 1.000000 1.000000 1.000000
3056.743652 0.000000 6133.754395 0.000000 0.988843 0.000000 -0.148964 1.000000 1.000000 1.000000
3087.181152 0.000000 6164.400879 0.000000 0.795970 0.000000 -0.605336 1.000000 1.000000 1.000000
3006.871826 0.000000 6112.455078 0.000000 0.684477 0.000000 -0.729035 1.000000 1.000000 1.000000
3006.472168 0.000000 6115.686035 0.000000 0.911644 0.000000 -0.410981 1.000000 1.000000 1.000000
3088.177979 0.000000 6155.109375 0.000000 0.631529 0.000000 -0.775352 1.000000 1.000000 1.000000
3097.973633 0.000000 6145.949219 0.000000 0.755773 0.000000 -0.654834 1.000000 1.000000 1.000000
3093.754150 0.000000 6114.934082 0.000000 0.899387 0.000000 -0.437153 1.000000 1.000000 1.000000
3096.385010 0.000000 6162.131836 0.000000 0.921933 0.000000 -0.387348 1.000000 1.000000 1.000000
3095.824707 0.000000 6125.479004 0.000000 0.776357 0.000000 -0.630293 1.000000 1.000000 1.000000
3105.988281 0.000000 6161.089355 0.000000 0.741139 0.000000 -0.671352 1.000000 1.000000 1.000000
3097.969482 0.000000 6144.193848 0.000000 0.649647 0.000000 -0.760236 1.000000 1.000000 1.000000
3094.604980 0.000000 6145.686523 0.000000 0.871757 0.000000 -0.489938 1.000000 1.000000 1.000000
3105.941650 0.000000 6158.051758 0.000000 0.966651 0.000000 -0.256098 1.000000 1.000000 1.000000
3437.683838 0.000000 6011.146973 0.000000 0.955458 0.000000 -0.295129 1.000000 1.000000 1.000000
3429.478271 0.000000 6019.439941 0.000000 0.963501 0.000000 -0.267705 1.000000 1.000000 1.000000
3464.435303 0.000000 6026.119141 0.000000 0.722463 0.000000 -0.691410 1.000000 1.000000 1.000000
3437.640625 0.000000 6007.911621 0.000000 0.742022 0.000000 -0.670376 1.000000 1.000000 1.000000
3426.509766 0.000000 6033.690430 0.000000 0.800458 0.000000 -0.599388 1.000000 1.000000 1.000000
3424.873779 0.000000 6025.244141 0.000000 0.999876 0.000000 -0.015761 1.000000 1.000000 1.000000
3461.192627 0.000000 6035.696289 0.000000 0.976046 0.000000 -0.217564 1.000000 1.000000 1.000000
3423.087646 0.000000 6013.772461 0.000000 0.995172 0.000000 -0.098148 1.000000 1.000000 1.000000
3428.579102 0.000000 6015.523926 0.000000 0.639953 0.000000 -0.768414 1.000000 1.000000 1.000000
3423.544922 0.000000 6023.450684 0.000000 0.999422 0.000000 -0.033981 1.000000 1.000000 1.000000
3440.052490 0.000000 6001.541504 0.000000 0.945388 0.000000 -0.325947 1.000000 1.000000 1.000000
3463.079834 0.000000 6052.843262 0.000000 0.977016 0.000000 -0.213164 1.000000 1.000000 1.000000
3423.587402 0.000000 6024.887695 0.000000 0.995870 0.000000 -0.090788 1.000000 1.000000 1.000000
3470.659668 0.000000 6022.734863 0.000000 0.617968 0.000000 -0.786203 1.000000 1.000000 1.000000
3468.796875 0.000000 6035.952148 0.000000 0.998393 0.000000 -0.056671 1.000000 1.000000 1.000000
3468.485352 0.000000 6009.557617 0.000000 0.876960 0.000000 -0.480563 1.000000 1.000000 1.000000
3469.225830 0.000000 6014.809570 0.000000 0.975175 0.000000 -0.221433 1.000000 1.000000 1.000000
3468.722900 0.000000 6021.191895 0.000000 0.862869 0.000000 -0.505427 1.000000 1.000000 1.000000
3469.810547 0.000000 6010.689453 0.000000 0.692777 0.000000 -0.721152 1.000000 1.000000 1.000000
3474.202148 0.000000 6043.193359 0.000000 0.997054 0.000000 -0.076707 1.000000 1.000000 1.000000
3623.053467 0.000000 6117.291016 0.000000 0.971881 0.000000 -0.235471 1.000000 1.000000 1.000000
3592.070801 0.000000 6117.613770 0.000000 0.780649 0.000000 -0.624970 1.000000 1.000000 1.000000
3625.466797 0.000000 6155.489746 0.000000 0.668597 0.000000 -0.743625 1.000000 1.000000 1.000000
3634.677979 0.000000 6143.833984 0.000000 0.691305 0.000000 -0.722563 1.000000 1.000000 1.000000
3589.860107 0.000000 6123.151855 0.000000 0.970376 0.000000 -0.241599 1.000000 1.000000 1.000000
3598.070557 0.000000 6113.276367 0.000000 0.994299 0.000000 -0.106625 1.000000 1.000000 1.000000
3581.117188 0.000000 6134.264648 0.000000 0.804108 0.000000 -0.594484 1.000000 1.000000 1.000000
3617.115723 0.000000 6118.541016 0.000000 0.999996 0.000000 -0.002778 1.000000 1.000000 1.000000
3635.952393 0.000000 6142.698242 0.000000 0.717303 0.000000 -0.696762 1.000000 1.000000 1.000000
3580.151611 0.000000 6140.976562 0.000000 0.881213 0.000000 -0.472720 1.000000 1.000000 1.000000
3625.920166 0.000000 6118.800781 0.000000 0.873395 0.000000 -0.487013 1.000000 1.000000 1.000000
3614.935547 0.000000 6160.903809 0.000000 0.763094 0.000000 -0.646288 1.000000 1.000000 1.000000
3592.783691 0.000000 6118.762207 0.000000 0.974440 0.000000 -0.224649 1.000000 1.000000 1.000000
3617.938232 0.000000 6119.404785 0.000000 0.999619 0.000000 -0.027592 1.000000 1.000000 1.000000
6709.812012 0.000000 8153.808105 0.000000 0.912497 0.000000 -0.409083 1.000000 1.000000 1.000000
6718.522461 0.000000 8186.683594 0.000000 0.836055 0.000000 -0.548645 1.000000 1.000000 1.000000
6746.470215 0.000000 8161.456543 0.000000 0.592127 0.000000 -0.805844 1.000000 1.000000 1.000000
6713.624512 0.000000 8197.004883 0.000000 0.991725 0.000000 -0.128382 1.000000 1.000000 1.000000
6716.614746 0.000000 8195.376953 0.000000 0.808810 0.000000 -0.588070 1.000000 1.000000 1.000000
6748.378418 0.000000 8158.719238 0.000000 0.999740 0.000000 -0.022787 1.000000 1.000000 1.000000
6717.085938 0.000000 8188.818359 0.000000 0.997972 0.000000 -0.063648 1.000000 1.000000 1.000000
6751.811035 0.000000 8161.168945 0.000000 0.884026 0.000000 -0.467438 1.000000 1.000000 1.000000
6658.587891 0.000000 8312.329102 0.000000 0.689519 0.000000 -0.724268 1.000000 1.000000 1.000000
6689.958008 0.000000 8318.749023 0.000000 0.752625 0.000000 -0.658450 1.000000 1.000000 1.000000
6743.063477 0.000000 8327.001953 0.000000 0.969671 0.000000 -0.244416 1.000000 1.000000 1.000000
6688.926270 0.000000 8298.893555 0.000000 0.741267 0.000000 -0.671211 1.000000 1.000000 1.000000
6657.436035 0.000000 8315.249023 0.000000 1.000000 0.000000 -0.000304 1.000000 1.000000 1.000000
6698.998047 0.000000 8309.140625 0.000000 0.678789 0.000000 -0.734333 1.000000 1.000000 1.000000
6658.835938 0.000000 8314.140625 0.000000 0.949489 0.000000 -0.313802 1.000000 1.000000 1.000000
6745.703125 0.000000 8339.183594 0.000000 0.969094 0.000000 -0.246690 1.000000 1.000000 1.000000
6639.420410 0.000000 8353.758789 0.000000 0.857543 0.000000 -0.514412 1.000000 1.000000 1.000000
6652.258301 0.000000 8344.235352 0.000000 0.999602 0.000000 -0.028192 1.000000 1.000000 1.000000
6644.987305 0.000000 8356.329102 0.000000 0.961294 0.000000 -0.275524 1.000000 1.000000 1.000000
6649.250488 0.000000 8350.827148 0.000000 0.953099 0.000000 -0.302659 1.000000 1.000000 1.000000
6684.805664 0.000000 8374.526367 0.000000 0.936851 0.000000 -0.349728 1.000000 1.000000 1.000000
6741.802734 0.000000 8389.364258 0.000000 0.997300 0.000000 -0.073431 1.000000 1.000000 1.000000
6689.607422 0.000000 8384.870117 0.000000 0.812383 0.000000 -0.583124 1.000000 1.000000 1.000000
6745.406250 0.000000 8434.510742 0.000000 0.743575 0.000000 -0.668652 1.000000 1.000000 1.000000
6699.917480 0.000000 8343.127930 0.000000 0.986763 0.000000 -0.162167 1.000000 1.000000 1.000000
6685.779297 0.000000 8400.357422 0.000000 0.798556 0.000000 -0.601921 1.000000 1.000000 1.000000
6684.605957 0.000000 8376.130859 0.000000 0.952926 0.000000 -0.303204 1.000000 1.000000 1.000000
6665.857422 0.000000 8348.774414 0.000000 0.609429 0.000000 -0.792840 1.000000 1.000000 1.000000
6628.273438 0.000000 8463.530273 0.000000 0.729701 0.000000 -0.683766 1.000000 1.000000 1.000000
6631.365723 0.000000 8469.926758 0.000000 0.829204 0.000000 -0.558946 1.000000 1.000000 1.000000
6673.272949 0.000000 8520.091797 0.000000 0.652902 0.000000 -0.757442 1.000000 1.000000 1.000000
6683.652832 0.000000 8530.041016 0.000000 0.689198 0.000000 -0.724573 1.000000 1.000000 1.000000
6671.224609 0.000000 8542.760742 0.000000 0.600335 0.000000 -0.799749 1.000000 1.000000 1.000000
6686.051758 0.000000 8540.773438 0.000000 0.962266 0.000000 -0.272111 1.000000 1.000000 1.000000
6680.954590 0.000000 8530.813477 0.000000 0.946517 0.000000 -0.322653 1.000000 1.000000 1.000000
6692.469727 0.000000 8592.920898 0.000000 0.644303 0.000000 -0.764770 1.000000 1.000000 1.000000
6738.670410 0.000000 8619.145508 0.000000 0.925602 0.000000 -0.378498 1.000000 1.000000 1.000000
6744.760254 0.000000 8618.133789 0.000000 0.872786 0.000000 -0.488104 1.000000 1.000000 1.000000
6679.508789 0.000000 8635.203125 0.000000 0.988810 0.000000 -0.149179 1.000000 1.000000 1.000000
6680.776855 0.000000 8634.148438 0.000000 0.637817 0.000000 -0.770188 1.000000 1.000000 1.000000
6679.522949 0.000000 8625.321289 0.000000 0.889695 0.000000 -0.456556 1.000000 1.000000 1.000000
6771.242188 0.000000 8295.534180 0.000000 0.616422 0.000000 -0.787416 1.000000 1.000000 1.000000
6838.482910 0.000000 8273.309570 0.000000 0.587903 0.000000 -0.808931 1.000000 1.000000 1.000000
6752.789551 0.000000 8331.302734 0.000000 0.958291 0.000000 -0.285794 1.000000 1.000000 1.000000
6843.214355 0.000000 8290.811523 0.000000 0.810216 0.000000 -0.586131 1.000000 1.000000 1.000000
6812.943848 0.000000 8421.131836 0.000000 0.866598 0.000000 -0.499006 1.000000 1.000000 1.000000
6764.207031 0.000000 8415.250000 0.000000 0.723979 0.000000 -0.689822 1.000000 1.000000 1.000000
6811.413574 0.000000 8420.139648 0.000000 0.993799 0.000000 -0.111194 1.000000 1.000000 1.000000
6760.570801 0.000000 8422.719727 0.000000 0.949153 0.000000 -0.314815 1.000000 1.000000 1.000000
6762.756348 0.000000 8414.763672 0.000000 0.840860 0.000000 -0.541253 1.000000 1.000000 1.000000
6914.081543 0.000000 8380.315430 0.000000 0.887531 0.000000 -0.460748 1.000000 1.000000 1.000000
6901.108887 0.000000 8384.489258 0.000000 0.850571 0.000000 -0.525861 1.000000 1.000000 1.000000
6911.421387 0.000000 8374.979492 0.000000 0.825957 0.000000 -0.563733 1.000000 1.000000 1.000000
6923.797363 0.000000 8355.521484 0.000000 0.686871 0.000000 -0.726779 1.000000 1.000000 1.000000
6925.998535 0.000000 8354.263672 0.000000 0.913277 0.000000 -0.407339 1.000000 1.000000 1.000000
6804.446777 0.000000 8475.286133 0.000000 0.925488 0.000000 -0.378778 1.000000 1.000000 1.000000
6824.153809 0.000000 8487.650391 0.000000 0.620607 0.000000 -0.784122 1.000000 1.000000 1.000000
6824.857910 0.000000 8484.182617 0.000000 0.832702 0.000000 -0.553722 1.000000 1.000000 1.000000
6805.356934 0.000000 8473.328125 0.000000 0.840426 0.000000 -0.541926 1.000000 1.000000 1.000000
6779.096680 0.000000 8474.146484 0.000000 0.859672 0.000000 -0.510846 1.000000 1.000000 1.000000
6756.973633 0.000000 8440.060547 0.000000 0.939150 0.000000 -0.343507 1.000000 1.000000 1.000000
6824.981934 0.000000 8464.689453 0.000000 0.939373 0.000000 -0.342898 1.000000 1.000000 1.000000
6784.661621 0.000000 8477.747070 0.000000 0.962528 0.000000 -0.271181 1.000000 1.000000 1.000000
6819.921387 0.000000 8490.560547 0.000000 0.933526 0.000000 -0.358510 1.000000 1.000000 1.000000
6821.250488 0.000000 8469.726562 0.000000 0.892359 0.000000 -0.451325 1.000000 1.000000 1.000000
6861.008301 0.000000 8445.479492 0.000000 0.962794 0.000000 -0.270236 1.000000 1.000000 1.000000
6936.474609 0.000000 8490.201172 0.000000 0.882569 0.000000 -0.470183 1.000000 1.000000 1.000000
6907.246582 0.000000 8440.125000 0.000000 0.625169 0.000000 -0.780489 1.000000 1.000000 1.000000
6917.822266 0.000000 8457.984375 0.000000 0.807376 0.000000 -0.590038 1.000000 1.000000 1.000000
6862.908203 0.000000 8445.573242 0.000000 0.801206 0.000000 -0.598389 1.000000 1.000000 1.000000
6919.764648 0.000000 8437.107422 0.000000 0.863545 0.000000 -0.504273 1.000000 1.000000 1.000000
6860.716797 0.000000 8460.951172 0.000000 0.765257 0.000000 -0.643725 1.000000 1.000000 1.000000
6861.908691 0.000000 8460.172852 0.000000 0.959769 0.000000 -0.280790 1.000000 1.000000 1.000000
6935.331055 0.000000 8502.698242 0.000000 0.751375 0.000000 -0.659876 1.000000 1.000000 1.000000
6790.199707 0.000000 8581.801758 0.000000 0.746587 0.000000 -0.665287 1.000000 1.000000 1.000000
6783.962891 0.000000 8624.280273 0.000000 0.713042 0.000000 -0.701121 1.000000 1.000000 1.000000
6764.689941 0.000000 8588.728516 0.000000 0.972776 0.000000 -0.231747 1.000000 1.000000 1.000000
6785.926758 0.000000 8572.598633 0.000000 0.983578 0.000000 -0.180485 1.000000 1.000000 1.000000
6784.485840 0.000000 8574.591797 0.000000 0.991334 0.000000 -0.131363 1.000000 1.000000 1.000000
6836.729492 0.000000 8606.310547 0.000000 0.961515 0.000000 -0.274751 1.000000 1.000000 1.000000
6777.318848 0.000000 8581.683594 0.000000 0.836703 0.000000 -0.547657 1.000000 1.000000 1.000000
6805.644043 0.000000 8579.623047 0.000000 0.619903 0.000000 -0.784679 1.000000 1.000000 1.000000
6874.672852 0.000000 8569.021484 0.000000 0.996373 0.000000 -0.085091 1.000000 1.000000 1.000000
6924.336914 0.000000 8565.897461 0.000000 0.802848 0.000000 -0.596184 1.000000 1.000000 1.000000
6887.666016 0.000000 8620.823242 0.000000 0.771755 0.000000 -0.635921 1.000000 1.000000 1.000000
6870.171387 0.000000 8579.923828 0.000000 0.897695 0.000000 -0.440618 1.000000 1.000000 1.000000
6922.892578 0.000000 8594.955078 0.000000 0.841735 0.000000 -0.539891 1.000000 1.000000 1.000000
6977.570312 0.000000 8483.730469 0.000000 0.684967 0.000000 -0.728574 1.000000 1.000000 1.000000
6937.407227 0.000000 8493.679688 0.000000 0.597494 0.000000 -0.801873 1.000000 1.000000 1.000000
6969.384766 0.000000 8489.966797 0.000000 0.976838 0.000000 -0.213980 1.000000 1.000000 1.000000
7010.431641 0.000000 8519.832031 0.000000 0.630052 0.000000 -0.776553 1.000000 1.000000 1.000000
7013.074707 0.000000 8499.052734 0.000000 0.990619 0.000000 -0.136655 1.000000 1.000000 1.000000
7008.654297 0.000000 8520.415039 0.000000 0.985117 0.000000 -0.171888 1.000000 1.000000 1.000000
7012.944336 0.000000 8497.487305 0.000000 0.808205 0.000000 -0.588901 1.000000 1.000000 1.000000
6938.003418 0.000000 8491.455078 0.000000 0.999631 0.000000 -0.027173 1.000000 1.000000 1.000000
6939.787109 0.000000 8491.768555 0.000000 0.983371 0.000000 -0.181609 1.000000 1.000000 1.000000
7012.511230 0.000000 8535.350586 0.000000 0.754003 0.000000 -0.656872 1.000000 1.000000 1.000000
6980.590820 0.000000 8551.803711 0.000000 0.648768 0.000000 -0.760987 1.000000 1.000000 1.000000
7028.549316 0.000000 8575.377930 0.000000 0.625016 0.000000 -0.780612 1.000000 1.000000 1.000000
7027.395508 0.000000 8574.034180 0.000000 0.986357 0.000000 -0.164618 1.000000 1.000000 1.000000
7046.853516 0.000000 8559.726562 0.000000 0.778674 0.000000 -0.627429 1.000000 1.000000 1.000000
7272.265137 0.000000 8528.777344 0.000000 0.747308 0.000000 -0.664477 1.000000 1.000000 1.000000
7262.965332 0.000000 8510.719727 0.000000 0.995062 0.000000 -0.099254 1.000000 1.000000 1.000000
7275.088379 0.000000 8529.578125 0.000000 0.971599 0.000000 -0.236635 1.000000 1.000000 1.000000
7275.898438 0.000000 8526.458984 0.000000 0.878975 0.000000 -0.476869 1.000000 1.000000 1.000000
7265.694336 0.000000 8510.621094 0.000000 0.926960 0.000000 -0.375159 1.000000 1.000000 1.000000
7240.321777 0.000000 8608.988281 0.000000 0.975031 0.000000 -0.222068 1.000000 1.000000 1.000000
7241.379883 0.000000 8610.537109 0.000000 0.980566 0.000000 -0.196192 1.000000 1.000000 1.000000
7366.007324 0.000000 8528.777344 0.000000 0.773760 0.000000 -0.633479 1.000000 1.000000 1.000000
7348.654297 0.000000 8579.856445 0.000000 0.802872 0.000000 -0.596151 1.000000 1.000000 1.000000
7354.441406 0.000000 8569.149414 0.000000 0.892208 0.000000 -0.451625 1.000000 1.000000 1.000000
7366.687500 0.000000 8530.926758 0.000000 0.943910 0.000000 -0.330203 1.000000 1.000000 1.000000
7351.241211 0.000000 8579.647461 0.000000 0.938324 0.000000 -0.345758 1.000000 1.000000 1.000000
7355.540039 0.000000 8570.230469 0.000000 0.669693 0.000000 -0.742638 1.000000 1.000000 1.000000
6821.359375 0.000000 8642.464844 0.000000 0.985667 0.000000 -0.168701 1.000000 1.000000 1.000000
6897.976562 0.000000 8624.668945 0.000000 0.971009 0.000000 -0.239044 1.000000 1.000000 1.000000
9069.205078 0.000000 6009.160645 0.000000 0.825549 0.000000 -0.564331 1.000000 1.000000 1.000000
9069.764648 0.000000 6007.955078 0.000000 0.771035 0.000000 -0.636793 1.000000 1.000000 1.000000
9064.624023 0.000000 6002.816895 0.000000 0.812276 0.000000 -0.583273 1.000000 1.000000 1.000000
9261.698242 0.000000 6360.669922 0.000000 0.651509 0.000000 -0.758641 1.000000 1.000000 1.000000
9320.600586 0.000000 6298.784180 0.000000 0.663856 0.000000 -0.747860 1.000000 1.000000 1.000000
9348.893555 0.000000 6298.675781 0.000000 0.680222 0.000000 -0.733006 1.000000 1.000000 1.000000
9321.541992 0.000000 6333.509277 0.000000 0.645947 0.000000 -0.763382 1.000000 1.000000 1.000000
9339.714844 0.000000 6357.731934 0.000000 0.716425 0.000000 -0.697664 1.000000 1.000000 1.000000
9370.066406 0.000000 6355.937012 0.000000 0.877504 0.000000 -0.479570 1.000000 1.000000 1.000000
9422.960938 0.000000 6300.753906 0.000000 0.880952 0.000000 -0.473206 1.000000 1.000000 1.000000
9413.550781 0.000000 6316.869629 0.000000 0.902769 0.000000 -0.430125 1.000000 1.000000 1.000000
9421.662109 0.000000 6308.991211 0.000000 0.947740 0.000000 -0.319045 1.000000 1.000000 1.000000
9392.459961 0.000000 6329.911133 0.000000 0.991610 0.000000 -0.129262 1.000000 1.000000 1.000000
9379.263672 0.000000 6345.724121 0.000000 0.995323 0.000000 -0.096605 1.000000 1.000000 1.000000
9406.994141 0.000000 6341.987305 0.000000 0.974069 0.000000 -0.226252 1.000000 1.000000 1.000000
9377.359375 0.000000 6345.554688 0.000000 0.980868 0.000000 -0.194675 1.000000 1.000000 1.000000
9411.797852 0.000000 6359.761719 0.000000 0.937794 0.000000 -0.347193 1.000000 1.000000 1.000000
9397.167969 0.000000 6318.370117 0.000000 0.895110 0.000000 -0.445845 1.000000 1.000000 1.000000
9259.623047 0.000000 6394.224609 0.000000 0.661940 0.000000 -0.749557 1.000000 1.000000 1.000000
9247.653320 0.000000 6414.274902 0.000000 0.944631 0.000000 -0.328136 1.000000 1.000000 1.000000
9241.401367 0.000000 6385.326660 0.000000 0.724735 0.000000 -0.689027 1.000000 1.000000 1.000000
9247.489258 0.000000 6458.467285 0.000000 0.994042 0.000000 -0.109001 1.000000 1.000000 1.000000
9245.403320 0.000000 6459.005859 0.000000 0.998706 0.000000 -0.050860 1.000000 1.000000 1.000000
9244.320312 0.000000 6458.329590 0.000000 0.623670 0.000000 -0.781688 1.000000 1.000000 1.000000
9318.700195 0.000000 6399.677734 0.000000 0.677567 0.000000 -0.735461 1.000000 1.000000 1.000000
9288.484375 0.000000 6447.869141 0.000000 0.709003 0.000000 -0.705206 1.000000 1.000000 1.000000
9342.444336 0.000000 6380.181152 0.000000 0.944018 0.000000 -0.329895 1.000000 1.000000 1.000000
9306.365234 0.000000 6417.412598 0.000000 0.999848 0.000000 -0.017410 1.000000 1.000000 1.000000
9289.448242 0.000000 6449.117676 0.000000 0.905688 0.000000 -0.423946 1.000000 1.000000 1.000000
9251.629883 0.000000 6468.315430 0.000000 0.917745 0.000000 -0.397171 1.000000 1.000000 1.000000
9357.943359 0.000000 6478.915527 0.000000 0.997355 0.000000 -0.072679 1.000000 1.000000 1.000000
9304.290039 0.000000 6479.132812 0.000000 0.690040 0.000000 -0.723771 1.000000 1.000000 1.000000
9307.335938 0.000000 6478.041504 0.000000 0.755358 0.000000 -0.655312 1.000000 1.000000 1.000000
9309.119141 0.000000 6484.690918 0.000000 0.951240 0.000000 -0.308452 1.000000 1.000000 1.000000
9305.039062 0.000000 6476.506348 0.000000 0.623003 0.000000 -0.782220 1.000000 1.000000 1.000000
9323.217773 0.000000 6499.494141 0.000000 0.993782 0.000000 -0.111343 1.000000 1.000000 1.000000
9290.473633 0.000000 6486.874023 0.000000 0.964629 0.000000 -0.263612 1.000000 1.000000 1.000000
9369.978516 0.000000 6485.314941 0.000000 0.708616 0.000000 -0.705594 1.000000 1.000000 1.000000
9330.861328 0.000000 6500.759766 0.000000 0.760691 0.000000 -0.649114 1.000000 1.000000 1.000000
9329.141602 0.000000 6500.774414 0.000000 0.963301 0.000000 -0.268423 1.000000 1.000000 1.000000
9306.025391 0.000000 6487.395996 0.000000 0.999574 0.000000 -0.029191 1.000000 1.000000 1.000000
9323.547852 0.000000 6496.635742 0.000000 0.694838 0.000000 -0.719166 1.000000 1.000000 1.000000
9405.177734 0.000000 6382.722656 0.000000 0.720068 0.000000 -0.693904 1.000000 1.000000 1.000000
9376.101562 0.000000 6429.855469 0.000000 0.999774 0.000000 -0.021260 1.000000 1.000000 1.000000
9417.521484 0.000000 6434.296875 0.000000 0.868526 0.000000 -0.495644 1.000000 1.000000 1.000000
9384.548828 0.000000 6390.425781 0.000000 0.809429 0.000000 -0.587218 1.000000 1.000000 1.000000
9403.983398 0.000000 6423.160645 0.000000 0.595753 0.000000 -0.803168 1.000000 1.000000 1.000000
9442.068359 0.000000 6493.192871 0.000000 0.991818 0.000000 -0.127656 1.000000 1.000000 1.000000
9420.933594 0.000000 6505.532715 0.000000 0.606529 0.000000 -0.795062 1.000000 1.000000 1.000000
9443.886719 0.000000 6491.370605 0.000000 0.928693 0.000000 -0.370850 1.000000 1.000000 1.000000
9442.141602 0.000000 6478.786133 0.000000 0.989128 0.000000 -0.147060 1.000000 1.000000 1.000000
9445.063477 0.000000 6472.073730 0.000000 0.988416 0.000000 -0.151771 1.000000 1.000000 1.000000
9443.595703 0.000000 6479.164551 0.000000 0.951020 0.000000 -0.309130 1.000000 1.000000 1.000000
9522.458984 0.000000 6811.274414 0.000000 0.999267 0.000000 -0.038274 1.000000 1.000000 1.000000
9527.003906 0.000000 6782.362793 0.000000 0.700337 0.000000 -0.713813 1.000000 1.000000 1.000000
9566.184570 0.000000 6802.144531 0.000000 0.797727 0.000000 -0.603019 1.000000 1.000000 1.000000
10066.435547 0.000000 7873.219238 0.000000 0.912959 0.000000 -0.408050 1.000000 1.000000 1.000000
10193.263672 0.000000 7775.746094 0.000000 0.999608 0.000000 -0.028000 1.000000 1.000000 1.000000
10195.486328 0.000000 7774.395508 0.000000 0.599584 0.000000 -0.800312 1.000000 1.000000 1.000000
10197.410156 0.000000 7754.148438 0.000000 0.835980 0.000000 -0.548761 1.000000 1.000000 1.000000
10218.045898 0.000000 7776.333984 0.000000 0.992427 0.000000 -0.122839 1.000000 1.000000 1.000000
10246.963867 0.000000 7757.711426 0.000000 0.769614 0.000000 -0.638509 1.000000 1.000000 1.000000
10233.766602 0.000000 7756.934082 0.000000 0.645759 0.000000 -0.763541 1.000000 1.000000 1.000000
10245.120117 0.000000 7754.832031 0.000000 0.941154 0.000000 -0.337979 1.000000 1.000000 1.000000
10316.525391 0.000000 7790.920410 0.000000 0.646165 0.000000 -0.763198 1.000000 1.000000 1.000000
10486.908203 0.000000 7865.210938 0.000000 0.999801 0.000000 -0.019969 1.000000 1.000000 1.000000
10494.972656 0.000000 7855.812012 0.000000 0.705166 0.000000 -0.709042 1.000000 1.000000 1.000000
10461.250977 0.000000 7866.834961 0.000000 0.729528 0.000000 -0.683951 1.000000 1.000000 1.000000
10435.895508 0.000000 7868.354980 0.000000 0.678648 0.000000 -0.734464 1.000000 1.000000 1.000000
10488.085938 0.000000 7865.199707 0.000000 0.909042 0.000000 -0.416704 1.000000 1.000000 1.000000
10015.368164 0.000000 7962.014160 0.000000 0.691000 0.000000 -0.722855 1.000000 1.000000 1.000000
10019.440430 0.000000 7945.837891 0.000000 0.901372 0.000000 -0.433045 1.000000 1.000000 1.000000
9997.677734 0.000000 7939.908691 0.000000 0.960499 0.000000 -0.278285 1.000000 1.000000 1.000000
10019.745117 0.000000 7944.615234 0.000000 0.998843 0.000000 -0.048096 1.000000 1.000000 1.000000
10052.211914 0.000000 7887.668457 0.000000 0.998420 0.000000 -0.056197 1.000000 1.000000 1.000000
10052.425781 0.000000 7885.841309 0.000000 0.967668 0.000000 -0.252226 1.000000 1.000000 1.000000
10055.495117 0.000000 7884.210449 0.000000 0.792589 0.000000 -0.609756 1.000000 1.000000 1.000000
10144.166016 0.000000 7878.466797 0.000000 0.958551 0.000000 -0.284922 1.000000 1.000000 1.000000
10208.618164 0.000000 7955.266113 0.000000 0.809683 0.000000 -0.586868 1.000000 1.000000 1.000000
10186.414062 0.000000 7929.514648 0.000000 0.676103 0.000000 -0.736807 1.000000 1.000000 1.000000
10190.969727 0.000000 7886.767578 0.000000 0.971307 0.000000 -0.237828 1.000000 1.000000 1.000000
10213.873047 0.000000 7900.962891 0.000000 0.999865 0.000000 -0.016459 1.000000 1.000000 1.000000
10197.666016 0.000000 7957.378418 0.000000 0.988039 0.000000 -0.154206 1.000000 1.000000 1.000000
10209.181641 0.000000 7952.906738 0.000000 0.975565 0.000000 -0.219710 1.000000 1.000000 1.000000
10189.230469 0.000000 7885.577637 0.000000 0.778289 0.000000 -0.627907 1.000000 1.000000 1.000000
10213.264648 0.000000 7902.729980 0.000000 0.787715 0.000000 -0.616040 1.000000 1.000000 1.000000
10213.830078 0.000000 7903.738770 0.000000 0.684957 0.000000 -0.728584 1.000000 1.000000 1.000000
10361.041016 0.000000 7942.797852 0.000000 0.651522 0.000000 -0.758629 1.000000 1.000000 1.000000
10362.277344 0.000000 7955.068359 0.000000 0.982541 0.000000 -0.186047 1.000000 1.000000 1.000000
10363.925781 0.000000 7943.400391 0.000000 0.657290 0.000000 -0.753638 1.000000 1.000000 1.000000
10361.166016 0.000000 7952.280762 0.000000 0.962573 0.000000 -0.271024 1.000000 1.000000 1.000000
10482.945312 0.000000 7876.230957 0.000000 0.967080 0.000000 -0.254471 1.000000 1.000000 1.000000
10479.321289 0.000000 7912.275391 0.000000 0.953046 0.000000 -0.302826 1.000000 1.000000 1.000000
10483.723633 0.000000 7902.805664 0.000000 0.997890 0.000000 -0.064935 1.000000 1.000000 1.000000
10471.903320 0.000000 7885.220703 0.000000 0.629147 0.000000 -0.777286 1.000000 1.000000 1.000000
10483.820312 0.000000 7877.765625 0.000000 0.901748 0.000000 -0.432263 1.000000 1.000000 1.000000
10499.333008 0.000000 7845.118164 0.000000 0.916221 0.000000 -0.400672 1.000000 1.000000 1.000000
"}
object={
	name="tree_cypress_01_generator_1_2"
	render_pass=Map
	clamp_to_water_level=no
	generated_content=yes
	layer="tree_high_layer"
	pdxmesh="tree_cypress_01_c_mesh"
	count=1041
	transform="3279.906738 0.000000 5306.808105 0.000000 0.038277 0.000000 -0.999267 1.000000 1.000000 1.000000
3281.708496 0.000000 5324.453125 0.000000 0.100424 0.000000 -0.994945 1.000000 1.000000 1.000000
3326.286621 0.000000 5290.967285 0.000000 0.583571 0.000000 -0.812062 1.000000 1.000000 1.000000
3290.624023 0.000000 5272.644043 0.000000 0.088683 0.000000 -0.996060 1.000000 1.000000 1.000000
3373.213867 0.000000 5292.712891 0.000000 0.019390 0.000000 -0.999812 1.000000 1.000000 1.000000
3300.916260 0.000000 5337.340820 0.000000 0.100419 0.000000 -0.994945 1.000000 1.000000 1.000000
3288.198730 0.000000 5315.026855 0.000000 0.146691 0.000000 -0.989182 1.000000 1.000000 1.000000
3285.458008 0.000000 5302.269531 0.000000 0.370185 0.000000 -0.928958 1.000000 1.000000 1.000000
3285.661621 0.000000 5296.998047 0.000000 0.587236 0.000000 -0.809416 1.000000 1.000000 1.000000
3284.665039 0.000000 5316.164062 0.000000 0.254663 0.000000 -0.967030 1.000000 1.000000 1.000000
3284.713867 0.000000 5305.201172 0.000000 0.460197 0.000000 -0.887817 1.000000 1.000000 1.000000
3296.228760 0.000000 5307.751953 0.000000 0.567671 0.000000 -0.823255 1.000000 1.000000 1.000000
3291.718750 0.000000 5305.117188 0.000000 0.056262 0.000000 -0.998416 1.000000 1.000000 1.000000
3299.322998 0.000000 5312.618652 0.000000 0.534706 0.000000 -0.845038 1.000000 1.000000 1.000000
3282.386719 0.000000 5288.605469 0.000000 0.509585 0.000000 -0.860420 1.000000 1.000000 1.000000
3280.991699 0.000000 5328.818848 0.000000 0.155913 0.000000 -0.987771 1.000000 1.000000 1.000000
3290.560059 0.000000 5328.476562 0.000000 0.522585 0.000000 -0.852587 1.000000 1.000000 1.000000
3291.065430 0.000000 5300.647461 0.000000 0.528389 0.000000 -0.849003 1.000000 1.000000 1.000000
3289.549561 0.000000 5274.988281 0.000000 0.508729 0.000000 -0.860927 1.000000 1.000000 1.000000
3303.438232 0.000000 5342.569336 0.000000 0.445547 0.000000 -0.895258 1.000000 1.000000 1.000000
3295.292236 0.000000 5292.117188 0.000000 0.363454 0.000000 -0.931612 1.000000 1.000000 1.000000
3290.068604 0.000000 5283.166016 0.000000 0.030637 0.000000 -0.999531 1.000000 1.000000 1.000000
3292.839600 0.000000 5327.745117 0.000000 0.122992 0.000000 -0.992408 1.000000 1.000000 1.000000
3287.578613 0.000000 5276.446289 0.000000 0.417188 0.000000 -0.908820 1.000000 1.000000 1.000000
3282.717529 0.000000 5315.499023 0.000000 0.242668 0.000000 -0.970109 1.000000 1.000000 1.000000
3297.868408 0.000000 5308.510254 0.000000 0.129982 0.000000 -0.991516 1.000000 1.000000 1.000000
3370.557373 0.000000 5288.193359 0.000000 0.327412 0.000000 -0.944882 1.000000 1.000000 1.000000
3280.977051 0.000000 5304.133789 0.000000 0.417676 0.000000 -0.908596 1.000000 1.000000 1.000000
3293.164062 0.000000 5304.255859 0.000000 0.167777 0.000000 -0.985825 1.000000 1.000000 1.000000
3286.995605 0.000000 5301.369141 0.000000 0.404529 0.000000 -0.914525 1.000000 1.000000 1.000000
3298.281982 0.000000 5318.742676 0.000000 0.305269 0.000000 -0.952266 1.000000 1.000000 1.000000
3282.917725 0.000000 5317.042480 0.000000 0.206577 0.000000 -0.978430 1.000000 1.000000 1.000000
3284.083008 0.000000 5296.478027 0.000000 0.147843 0.000000 -0.989011 1.000000 1.000000 1.000000
3343.421631 0.000000 5317.994141 0.000000 0.449567 0.000000 -0.893247 1.000000 1.000000 1.000000
3285.853516 0.000000 5298.554688 0.000000 0.437150 0.000000 -0.899389 1.000000 1.000000 1.000000
3303.526367 0.000000 5340.799805 0.000000 0.436612 0.000000 -0.899650 1.000000 1.000000 1.000000
3329.728760 0.000000 5303.670898 0.000000 0.228417 0.000000 -0.973563 1.000000 1.000000 1.000000
3337.112305 0.000000 5284.733887 0.000000 0.271691 0.000000 -0.962384 1.000000 1.000000 1.000000
3290.103516 0.000000 5301.692383 0.000000 0.051042 0.000000 -0.998697 1.000000 1.000000 1.000000
3285.559814 0.000000 5330.874023 0.000000 0.012291 0.000000 -0.999924 1.000000 1.000000 1.000000
3335.438721 0.000000 5306.184570 0.000000 0.311742 0.000000 -0.950167 1.000000 1.000000 1.000000
3289.528320 0.000000 5332.502441 0.000000 0.301539 0.000000 -0.953454 1.000000 1.000000 1.000000
3287.181885 0.000000 5332.174316 0.000000 0.310812 0.000000 -0.950472 1.000000 1.000000 1.000000
3314.630615 0.000000 5389.357422 0.000000 0.094482 0.000000 -0.995527 1.000000 1.000000 1.000000
3367.798096 0.000000 5382.268555 0.000000 0.153974 0.000000 -0.988075 1.000000 1.000000 1.000000
3305.277100 0.000000 5348.810547 0.000000 0.198160 0.000000 -0.980170 1.000000 1.000000 1.000000
3364.025146 0.000000 5401.317871 0.000000 0.092758 0.000000 -0.995689 1.000000 1.000000 1.000000
3326.054199 0.000000 5359.903809 0.000000 0.421205 0.000000 -0.906965 1.000000 1.000000 1.000000
3310.042236 0.000000 5414.156738 0.000000 0.550028 0.000000 -0.835146 1.000000 1.000000 1.000000
3303.540039 0.000000 5343.452637 0.000000 0.282304 0.000000 -0.959325 1.000000 1.000000 1.000000
3350.083984 0.000000 5432.191406 0.000000 0.368488 0.000000 -0.929633 1.000000 1.000000 1.000000
3295.442871 0.000000 5348.822266 0.000000 0.297686 0.000000 -0.954664 1.000000 1.000000 1.000000
3333.061279 0.000000 5388.935547 0.000000 0.269741 0.000000 -0.962933 1.000000 1.000000 1.000000
3339.440186 0.000000 5390.783691 0.000000 0.538169 0.000000 -0.842837 1.000000 1.000000 1.000000
3358.427002 0.000000 5407.240723 0.000000 0.328868 0.000000 -0.944376 1.000000 1.000000 1.000000
3318.520020 0.000000 5372.354980 0.000000 0.132483 0.000000 -0.991185 1.000000 1.000000 1.000000
3372.070557 0.000000 5382.859375 0.000000 0.570799 0.000000 -0.821090 1.000000 1.000000 1.000000
3351.557129 0.000000 5404.987793 0.000000 0.314626 0.000000 -0.949216 1.000000 1.000000 1.000000
3355.147949 0.000000 5400.731445 0.000000 0.362478 0.000000 -0.931993 1.000000 1.000000 1.000000
3304.466064 0.000000 5430.955078 0.000000 0.404405 0.000000 -0.914580 1.000000 1.000000 1.000000
3358.539551 0.000000 5345.191895 0.000000 0.324878 0.000000 -0.945756 1.000000 1.000000 1.000000
3312.994141 0.000000 5399.921387 0.000000 0.336276 0.000000 -0.941763 1.000000 1.000000 1.000000
3308.327881 0.000000 5348.216797 0.000000 0.067699 0.000000 -0.997706 1.000000 1.000000 1.000000
3293.842773 0.000000 5435.779297 0.000000 0.252053 0.000000 -0.967713 1.000000 1.000000 1.000000
3315.501709 0.000000 5437.045898 0.000000 0.168291 0.000000 -0.985737 1.000000 1.000000 1.000000
3312.800781 0.000000 5349.766602 0.000000 0.249847 0.000000 -0.968285 1.000000 1.000000 1.000000
3303.403809 0.000000 5394.362793 0.000000 0.513045 0.000000 -0.858362 1.000000 1.000000 1.000000
3305.539307 0.000000 5351.600098 0.000000 0.447551 0.000000 -0.894258 1.000000 1.000000 1.000000
3299.873779 0.000000 5359.173340 0.000000 0.292812 0.000000 -0.956170 1.000000 1.000000 1.000000
3307.142334 0.000000 5374.836914 0.000000 0.395139 0.000000 -0.918621 1.000000 1.000000 1.000000
3320.931152 0.000000 5397.369141 0.000000 0.207132 0.000000 -0.978313 1.000000 1.000000 1.000000
3340.390137 0.000000 5418.787109 0.000000 0.147227 0.000000 -0.989103 1.000000 1.000000 1.000000
3316.076416 0.000000 5344.387207 0.000000 0.052374 0.000000 -0.998628 1.000000 1.000000 1.000000
3329.102783 0.000000 5387.724609 0.000000 0.533198 0.000000 -0.845990 1.000000 1.000000 1.000000
3296.478271 0.000000 5351.080078 0.000000 0.427352 0.000000 -0.904086 1.000000 1.000000 1.000000
3320.350586 0.000000 5370.852539 0.000000 0.047979 0.000000 -0.998848 1.000000 1.000000 1.000000
3371.450928 0.000000 5385.036133 0.000000 0.410956 0.000000 -0.911655 1.000000 1.000000 1.000000
3372.646484 0.000000 5368.785156 0.000000 0.124542 0.000000 -0.992214 1.000000 1.000000 1.000000
3337.405762 0.000000 5390.770508 0.000000 0.246982 0.000000 -0.969020 1.000000 1.000000 1.000000
3330.933838 0.000000 5388.689941 0.000000 0.086265 0.000000 -0.996272 1.000000 1.000000 1.000000
3334.799072 0.000000 5389.873047 0.000000 0.334090 0.000000 -0.942541 1.000000 1.000000 1.000000
3306.427002 0.000000 5430.089844 0.000000 0.343496 0.000000 -0.939154 1.000000 1.000000 1.000000
3367.206787 0.000000 5398.593750 0.000000 0.357792 0.000000 -0.933801 1.000000 1.000000 1.000000
3301.712891 0.000000 5390.897949 0.000000 0.094306 0.000000 -0.995543 1.000000 1.000000 1.000000
3314.424316 0.000000 5386.799316 0.000000 0.581848 0.000000 -0.813298 1.000000 1.000000 1.000000
3308.859375 0.000000 5346.621094 0.000000 0.296043 0.000000 -0.955174 1.000000 1.000000 1.000000
3368.407471 0.000000 5392.793945 0.000000 0.022155 0.000000 -0.999755 1.000000 1.000000 1.000000
3342.671631 0.000000 5425.847656 0.000000 0.499599 0.000000 -0.866257 1.000000 1.000000 1.000000
3308.678223 0.000000 5406.759277 0.000000 0.496233 0.000000 -0.868189 1.000000 1.000000 1.000000
3340.958496 0.000000 5424.886230 0.000000 0.084033 0.000000 -0.996463 1.000000 1.000000 1.000000
3354.230225 0.000000 5410.593750 0.000000 0.443369 0.000000 -0.896339 1.000000 1.000000 1.000000
3370.537598 0.000000 5390.311035 0.000000 0.424173 0.000000 -0.905581 1.000000 1.000000 1.000000
3350.299072 0.000000 5401.377930 0.000000 0.102052 0.000000 -0.994779 1.000000 1.000000 1.000000
3373.521484 0.000000 5367.010254 0.000000 0.534730 0.000000 -0.845023 1.000000 1.000000 1.000000
3336.225586 0.000000 5389.950195 0.000000 0.466969 0.000000 -0.884274 1.000000 1.000000 1.000000
3297.477051 0.000000 5434.090820 0.000000 0.515147 0.000000 -0.857102 1.000000 1.000000 1.000000
3319.065186 0.000000 5355.264648 0.000000 0.291049 0.000000 -0.956708 1.000000 1.000000 1.000000
3302.974609 0.000000 5401.689941 0.000000 0.546864 0.000000 -0.837221 1.000000 1.000000 1.000000
3296.720459 0.000000 5435.160645 0.000000 0.260160 0.000000 -0.965565 1.000000 1.000000 1.000000
3342.595703 0.000000 5432.204102 0.000000 0.486682 0.000000 -0.873579 1.000000 1.000000 1.000000
3335.092041 0.000000 5436.426270 0.000000 0.454827 0.000000 -0.890580 1.000000 1.000000 1.000000
3317.883301 0.000000 5367.066406 0.000000 0.342604 0.000000 -0.939480 1.000000 1.000000 1.000000
3304.716064 0.000000 5476.002930 0.000000 0.577299 0.000000 -0.816533 1.000000 1.000000 1.000000
3296.543945 0.000000 5485.858398 0.000000 0.261690 0.000000 -0.965152 1.000000 1.000000 1.000000
3298.863037 0.000000 5503.107422 0.000000 0.132557 0.000000 -0.991175 1.000000 1.000000 1.000000
3294.395752 0.000000 5522.347168 0.000000 0.403243 0.000000 -0.915093 1.000000 1.000000 1.000000
3338.712158 0.000000 5449.869141 0.000000 0.438184 0.000000 -0.898885 1.000000 1.000000 1.000000
3336.883057 0.000000 5440.958008 0.000000 0.326663 0.000000 -0.945141 1.000000 1.000000 1.000000
3330.293457 0.000000 5522.145508 0.000000 0.198989 0.000000 -0.980002 1.000000 1.000000 1.000000
3296.844238 0.000000 5507.121582 0.000000 0.559321 0.000000 -0.828951 1.000000 1.000000 1.000000
3335.093262 0.000000 5529.026855 0.000000 0.476483 0.000000 -0.879184 1.000000 1.000000 1.000000
3346.497803 0.000000 5517.759766 0.000000 0.025353 0.000000 -0.999679 1.000000 1.000000 1.000000
3341.127441 0.000000 5465.208496 0.000000 0.393200 0.000000 -0.919453 1.000000 1.000000 1.000000
3333.075684 0.000000 5464.687988 0.000000 0.120267 0.000000 -0.992742 1.000000 1.000000 1.000000
3292.937744 0.000000 5483.938965 0.000000 0.303732 0.000000 -0.952758 1.000000 1.000000 1.000000
3336.911621 0.000000 5482.396973 0.000000 0.381199 0.000000 -0.924493 1.000000 1.000000 1.000000
3299.322998 0.000000 5500.103027 0.000000 0.466241 0.000000 -0.884658 1.000000 1.000000 1.000000
3338.116943 0.000000 5447.093262 0.000000 0.513830 0.000000 -0.857892 1.000000 1.000000 1.000000
3299.329834 0.000000 5471.386719 0.000000 0.356506 0.000000 -0.934293 1.000000 1.000000 1.000000
3306.266846 0.000000 5497.167480 0.000000 0.217978 0.000000 -0.975954 1.000000 1.000000 1.000000
3294.758057 0.000000 5519.624512 0.000000 0.430372 0.000000 -0.902652 1.000000 1.000000 1.000000
3301.203857 0.000000 5481.567383 0.000000 0.464695 0.000000 -0.885471 1.000000 1.000000 1.000000
3308.377441 0.000000 5495.308594 0.000000 0.567320 0.000000 -0.823498 1.000000 1.000000 1.000000
3343.413086 0.000000 5465.836914 0.000000 0.171129 0.000000 -0.985249 1.000000 1.000000 1.000000
3297.810791 0.000000 5483.799805 0.000000 0.499101 0.000000 -0.866544 1.000000 1.000000 1.000000
3340.801270 0.000000 5472.338867 0.000000 0.023861 0.000000 -0.999715 1.000000 1.000000 1.000000
3302.781494 0.000000 5483.268555 0.000000 0.256120 0.000000 -0.966645 1.000000 1.000000 1.000000
3294.744141 0.000000 5475.440430 0.000000 0.002800 0.000000 -0.999996 1.000000 1.000000 1.000000
3309.023682 0.000000 5482.997559 0.000000 0.277793 0.000000 -0.960641 1.000000 1.000000 1.000000
3334.120605 0.000000 5463.007324 0.000000 0.075699 0.000000 -0.997131 1.000000 1.000000 1.000000
3338.268066 0.000000 5451.819824 0.000000 0.161372 0.000000 -0.986894 1.000000 1.000000 1.000000
3296.552246 0.000000 5439.856445 0.000000 0.583312 0.000000 -0.812248 1.000000 1.000000 1.000000
3341.616211 0.000000 5506.079102 0.000000 0.162981 0.000000 -0.986629 1.000000 1.000000 1.000000
3328.698242 0.000000 5523.217285 0.000000 0.301639 0.000000 -0.953422 1.000000 1.000000 1.000000
3290.453613 0.000000 5504.376953 0.000000 0.006703 0.000000 -0.999978 1.000000 1.000000 1.000000
3300.895996 0.000000 5499.715332 0.000000 0.486746 0.000000 -0.873544 1.000000 1.000000 1.000000
3306.893555 0.000000 5495.847656 0.000000 0.074101 0.000000 -0.997251 1.000000 1.000000 1.000000
3289.484619 0.000000 5503.273926 0.000000 0.480195 0.000000 -0.877162 1.000000 1.000000 1.000000
3333.252441 0.000000 5455.005859 0.000000 0.433269 0.000000 -0.901264 1.000000 1.000000 1.000000
3311.689697 0.000000 5493.006836 0.000000 0.076633 0.000000 -0.997059 1.000000 1.000000 1.000000
3292.110596 0.000000 5504.119141 0.000000 0.520373 0.000000 -0.853939 1.000000 1.000000 1.000000
3334.138428 0.000000 5471.841797 0.000000 0.573103 0.000000 -0.819484 1.000000 1.000000 1.000000
3299.487061 0.000000 5458.853027 0.000000 0.527893 0.000000 -0.849311 1.000000 1.000000 1.000000
3303.939209 0.000000 5445.395996 0.000000 0.375495 0.000000 -0.926825 1.000000 1.000000 1.000000
3326.193115 0.000000 5512.254883 0.000000 0.136595 0.000000 -0.990627 1.000000 1.000000 1.000000
3296.656494 0.000000 5484.533203 0.000000 0.004845 0.000000 -0.999988 1.000000 1.000000 1.000000
3334.006836 0.000000 5437.146973 0.000000 0.210449 0.000000 -0.977605 1.000000 1.000000 1.000000
3307.321045 0.000000 5494.727051 0.000000 0.148542 0.000000 -0.988906 1.000000 1.000000 1.000000
3291.138916 0.000000 5442.766602 0.000000 0.524193 0.000000 -0.851600 1.000000 1.000000 1.000000
3295.893311 0.000000 5521.823730 0.000000 0.036943 0.000000 -0.999317 1.000000 1.000000 1.000000
3307.161621 0.000000 5458.683105 0.000000 0.121318 0.000000 -0.992614 1.000000 1.000000 1.000000
3310.665771 0.000000 5493.409180 0.000000 0.286647 0.000000 -0.958036 1.000000 1.000000 1.000000
3253.104248 0.000000 5568.413574 0.000000 0.396960 0.000000 -0.917836 1.000000 1.000000 1.000000
3214.656738 0.000000 5617.958984 0.000000 0.430703 0.000000 -0.902494 1.000000 1.000000 1.000000
3252.218018 0.000000 5545.964844 0.000000 0.160931 0.000000 -0.986966 1.000000 1.000000 1.000000
3209.152832 0.000000 5615.766113 0.000000 0.440278 0.000000 -0.897861 1.000000 1.000000 1.000000
3221.794678 0.000000 5612.092773 0.000000 0.225705 0.000000 -0.974196 1.000000 1.000000 1.000000
3232.588867 0.000000 5586.163574 0.000000 0.256299 0.000000 -0.966598 1.000000 1.000000 1.000000
3252.348145 0.000000 5555.449707 0.000000 0.414329 0.000000 -0.910127 1.000000 1.000000 1.000000
3256.902588 0.000000 5553.948730 0.000000 0.031839 0.000000 -0.999493 1.000000 1.000000 1.000000
3266.025635 0.000000 5553.417969 0.000000 0.474005 0.000000 -0.880522 1.000000 1.000000 1.000000
3232.982422 0.000000 5566.136719 0.000000 0.487126 0.000000 -0.873332 1.000000 1.000000 1.000000
3221.587891 0.000000 5595.401367 0.000000 0.207095 0.000000 -0.978321 1.000000 1.000000 1.000000
3216.515137 0.000000 5618.773438 0.000000 0.542716 0.000000 -0.839916 1.000000 1.000000 1.000000
3257.790771 0.000000 5547.789062 0.000000 0.162415 0.000000 -0.986722 1.000000 1.000000 1.000000
3232.755127 0.000000 5581.496094 0.000000 0.243392 0.000000 -0.969928 1.000000 1.000000 1.000000
3241.172363 0.000000 5571.253906 0.000000 0.092722 0.000000 -0.995692 1.000000 1.000000 1.000000
3216.195312 0.000000 5616.950684 0.000000 0.338736 0.000000 -0.940881 1.000000 1.000000 1.000000
3220.009521 0.000000 5592.049805 0.000000 0.326228 0.000000 -0.945291 1.000000 1.000000 1.000000
3233.426025 0.000000 5584.683594 0.000000 0.236950 0.000000 -0.971522 1.000000 1.000000 1.000000
3216.362549 0.000000 5610.594238 0.000000 0.580116 0.000000 -0.814534 1.000000 1.000000 1.000000
3228.639648 0.000000 5591.814453 0.000000 0.535164 0.000000 -0.844748 1.000000 1.000000 1.000000
3233.106689 0.000000 5579.840332 0.000000 0.365743 0.000000 -0.930716 1.000000 1.000000 1.000000
3229.524170 0.000000 5574.892090 0.000000 0.308048 0.000000 -0.951371 1.000000 1.000000 1.000000
3225.551758 0.000000 5616.513184 0.000000 0.377542 0.000000 -0.925993 1.000000 1.000000 1.000000
3228.305420 0.000000 5588.734375 0.000000 0.134174 0.000000 -0.990958 1.000000 1.000000 1.000000
3243.370117 0.000000 5565.960449 0.000000 0.314030 0.000000 -0.949413 1.000000 1.000000 1.000000
3225.176514 0.000000 5611.153809 0.000000 0.315584 0.000000 -0.948898 1.000000 1.000000 1.000000
3250.967041 0.000000 5559.102539 0.000000 0.361471 0.000000 -0.932383 1.000000 1.000000 1.000000
3258.125488 0.000000 5559.833496 0.000000 0.186594 0.000000 -0.982437 1.000000 1.000000 1.000000
3270.568115 0.000000 5537.262695 0.000000 0.268821 0.000000 -0.963190 1.000000 1.000000 1.000000
3273.531738 0.000000 5539.512695 0.000000 0.150672 0.000000 -0.988584 1.000000 1.000000 1.000000
3243.899414 0.000000 5559.183105 0.000000 0.584003 0.000000 -0.811752 1.000000 1.000000 1.000000
3242.234375 0.000000 5560.393555 0.000000 0.050559 0.000000 -0.998721 1.000000 1.000000 1.000000
3348.196045 0.000000 5594.229492 0.000000 0.532638 0.000000 -0.846343 1.000000 1.000000 1.000000
3346.846436 0.000000 5568.413574 0.000000 0.377195 0.000000 -0.926134 1.000000 1.000000 1.000000
3357.299316 0.000000 5604.772461 0.000000 0.399882 0.000000 -0.916566 1.000000 1.000000 1.000000
3336.883057 0.000000 5534.700195 0.000000 0.191864 0.000000 -0.981422 1.000000 1.000000 1.000000
3366.436035 0.000000 5592.159668 0.000000 0.484639 0.000000 -0.874714 1.000000 1.000000 1.000000
3352.910889 0.000000 5554.435547 0.000000 0.015385 0.000000 -0.999882 1.000000 1.000000 1.000000
3364.233643 0.000000 5574.173340 0.000000 0.181662 0.000000 -0.983361 1.000000 1.000000 1.000000
3335.985840 0.000000 5569.278320 0.000000 0.170898 0.000000 -0.985289 1.000000 1.000000 1.000000
3332.343262 0.000000 5539.758301 0.000000 0.486069 0.000000 -0.873920 1.000000 1.000000 1.000000
3337.787354 0.000000 5595.827148 0.000000 0.584870 0.000000 -0.811127 1.000000 1.000000 1.000000
3327.211426 0.000000 5540.707520 0.000000 0.432890 0.000000 -0.901447 1.000000 1.000000 1.000000
3349.392822 0.000000 5535.712402 0.000000 0.377866 0.000000 -0.925860 1.000000 1.000000 1.000000
3349.394043 0.000000 5548.738281 0.000000 0.560008 0.000000 -0.828487 1.000000 1.000000 1.000000
3288.206055 0.000000 5535.973633 0.000000 0.357604 0.000000 -0.933873 1.000000 1.000000 1.000000
3349.876709 0.000000 5585.294434 0.000000 0.094991 0.000000 -0.995478 1.000000 1.000000 1.000000
3344.206543 0.000000 5569.097656 0.000000 0.150322 0.000000 -0.988637 1.000000 1.000000 1.000000
3360.003418 0.000000 5596.770020 0.000000 0.560905 0.000000 -0.827881 1.000000 1.000000 1.000000
3331.209473 0.000000 5584.694336 0.000000 0.189530 0.000000 -0.981875 1.000000 1.000000 1.000000
3342.638916 0.000000 5557.066895 0.000000 0.438695 0.000000 -0.898636 1.000000 1.000000 1.000000
3331.623291 0.000000 5541.995117 0.000000 0.092697 0.000000 -0.995694 1.000000 1.000000 1.000000
3336.009521 0.000000 5562.008301 0.000000 0.504608 0.000000 -0.863349 1.000000 1.000000 1.000000
3351.676025 0.000000 5585.896484 0.000000 0.518331 0.000000 -0.855180 1.000000 1.000000 1.000000
3322.495605 0.000000 5532.638184 0.000000 0.557245 0.000000 -0.830348 1.000000 1.000000 1.000000
3335.889160 0.000000 5556.087891 0.000000 0.093649 0.000000 -0.995605 1.000000 1.000000 1.000000
3337.448486 0.000000 5557.894531 0.000000 0.231728 0.000000 -0.972781 1.000000 1.000000 1.000000
3349.396484 0.000000 5534.045898 0.000000 0.035193 0.000000 -0.999381 1.000000 1.000000 1.000000
3337.455078 0.000000 5585.639160 0.000000 0.028000 0.000000 -0.999608 1.000000 1.000000 1.000000
3353.671143 0.000000 5605.369141 0.000000 0.448235 0.000000 -0.893916 1.000000 1.000000 1.000000
3284.465332 0.000000 5534.621582 0.000000 0.403900 0.000000 -0.914803 1.000000 1.000000 1.000000
3372.064209 0.000000 5599.058594 0.000000 0.431047 0.000000 -0.902330 1.000000 1.000000 1.000000
3337.112305 0.000000 5565.960449 0.000000 0.416221 0.000000 -0.909263 1.000000 1.000000 1.000000
3345.585693 0.000000 5588.714355 0.000000 0.520261 0.000000 -0.854007 1.000000 1.000000 1.000000
3331.267578 0.000000 5540.669434 0.000000 0.215128 0.000000 -0.976586 1.000000 1.000000 1.000000
3331.469727 0.000000 5583.259277 0.000000 0.447734 0.000000 -0.894167 1.000000 1.000000 1.000000
3372.494629 0.000000 5618.742188 0.000000 0.319231 0.000000 -0.947677 1.000000 1.000000 1.000000
3334.269531 0.000000 5573.994141 0.000000 0.203786 0.000000 -0.979016 1.000000 1.000000 1.000000
3341.006348 0.000000 5593.373047 0.000000 0.247578 0.000000 -0.968868 1.000000 1.000000 1.000000
3327.666016 0.000000 5541.700684 0.000000 0.077502 0.000000 -0.996992 1.000000 1.000000 1.000000
3377.611328 0.000000 5312.579102 0.000000 0.254146 0.000000 -0.967166 1.000000 1.000000 1.000000
3391.377441 0.000000 5304.956055 0.000000 0.200111 0.000000 -0.979773 1.000000 1.000000 1.000000
3383.311279 0.000000 5298.566406 0.000000 0.326586 0.000000 -0.945167 1.000000 1.000000 1.000000
3398.249023 0.000000 5303.320312 0.000000 0.198436 0.000000 -0.980114 1.000000 1.000000 1.000000
3420.355469 0.000000 5326.028320 0.000000 0.416851 0.000000 -0.908975 1.000000 1.000000 1.000000
3428.835449 0.000000 5341.542480 0.000000 0.517318 0.000000 -0.855793 1.000000 1.000000 1.000000
3409.253662 0.000000 5334.146973 0.000000 0.521738 0.000000 -0.853106 1.000000 1.000000 1.000000
3436.114990 0.000000 5343.001465 0.000000 0.365473 0.000000 -0.930822 1.000000 1.000000 1.000000
3385.460938 0.000000 5305.117188 0.000000 0.556609 0.000000 -0.830775 1.000000 1.000000 1.000000
3419.432617 0.000000 5328.841309 0.000000 0.496073 0.000000 -0.868281 1.000000 1.000000 1.000000
3388.501465 0.000000 5305.146484 0.000000 0.498766 0.000000 -0.866737 1.000000 1.000000 1.000000
3384.302490 0.000000 5292.351562 0.000000 0.209208 0.000000 -0.977871 1.000000 1.000000 1.000000
3382.140869 0.000000 5296.541504 0.000000 0.510485 0.000000 -0.859887 1.000000 1.000000 1.000000
3377.217041 0.000000 5323.158691 0.000000 0.357104 0.000000 -0.934065 1.000000 1.000000 1.000000
3387.700928 0.000000 5294.574707 0.000000 0.016215 0.000000 -0.999869 1.000000 1.000000 1.000000
3435.749512 0.000000 5339.574219 0.000000 0.076583 0.000000 -0.997063 1.000000 1.000000 1.000000
3386.697510 0.000000 5309.565918 0.000000 0.583266 0.000000 -0.812281 1.000000 1.000000 1.000000
3380.737793 0.000000 5301.369141 0.000000 0.213040 0.000000 -0.977044 1.000000 1.000000 1.000000
3421.083984 0.000000 5324.071289 0.000000 0.021972 0.000000 -0.999759 1.000000 1.000000 1.000000
3376.319580 0.000000 5319.389648 0.000000 0.580265 0.000000 -0.814428 1.000000 1.000000 1.000000
3421.927490 0.000000 5326.437500 0.000000 0.108897 0.000000 -0.994053 1.000000 1.000000 1.000000
3378.986572 0.000000 5313.292480 0.000000 0.377493 0.000000 -0.926013 1.000000 1.000000 1.000000
3375.809082 0.000000 5322.988770 0.000000 0.054984 0.000000 -0.998487 1.000000 1.000000 1.000000
3428.623535 0.000000 5331.746582 0.000000 0.370762 0.000000 -0.928728 1.000000 1.000000 1.000000
3410.239014 0.000000 5335.329102 0.000000 0.321230 0.000000 -0.947001 1.000000 1.000000 1.000000
3408.688721 0.000000 5340.723633 0.000000 0.383955 0.000000 -0.923352 1.000000 1.000000 1.000000
3417.934814 0.000000 5345.834961 0.000000 0.557587 0.000000 -0.830118 1.000000 1.000000 1.000000
3422.846191 0.000000 5350.583984 0.000000 0.140859 0.000000 -0.990030 1.000000 1.000000 1.000000
3399.281494 0.000000 5351.600098 0.000000 0.420199 0.000000 -0.907432 1.000000 1.000000 1.000000
3396.558105 0.000000 5345.787598 0.000000 0.263678 0.000000 -0.964611 1.000000 1.000000 1.000000
3419.046387 0.000000 5347.719238 0.000000 0.566247 0.000000 -0.824236 1.000000 1.000000 1.000000
3394.447510 0.000000 5352.080566 0.000000 0.291387 0.000000 -0.956605 1.000000 1.000000 1.000000
3434.930420 0.000000 5349.478516 0.000000 0.417371 0.000000 -0.908736 1.000000 1.000000 1.000000
3431.702393 0.000000 5348.548828 0.000000 0.096963 0.000000 -0.995288 1.000000 1.000000 1.000000
3382.882324 0.000000 5624.468262 0.000000 0.342163 0.000000 -0.939640 1.000000 1.000000 1.000000
3246.297363 0.000000 5715.284668 0.000000 0.283324 0.000000 -0.959024 1.000000 1.000000 1.000000
3227.882812 0.000000 5671.464844 0.000000 0.436045 0.000000 -0.899925 1.000000 1.000000 1.000000
3232.017578 0.000000 5689.129883 0.000000 0.029913 0.000000 -0.999552 1.000000 1.000000 1.000000
3211.047852 0.000000 5635.453125 0.000000 0.412075 0.000000 -0.911150 1.000000 1.000000 1.000000
3214.384766 0.000000 5626.318359 0.000000 0.344080 0.000000 -0.938940 1.000000 1.000000 1.000000
3222.721924 0.000000 5662.002441 0.000000 0.287564 0.000000 -0.957761 1.000000 1.000000 1.000000
3223.292969 0.000000 5681.729980 0.000000 0.309294 0.000000 -0.950967 1.000000 1.000000 1.000000
3233.884766 0.000000 5686.446777 0.000000 0.051672 0.000000 -0.998664 1.000000 1.000000 1.000000
3237.010010 0.000000 5717.127441 0.000000 0.543843 0.000000 -0.839187 1.000000 1.000000 1.000000
3235.779785 0.000000 5706.986816 0.000000 0.249041 0.000000 -0.968493 1.000000 1.000000 1.000000
3225.283447 0.000000 5671.530273 0.000000 0.439115 0.000000 -0.898431 1.000000 1.000000 1.000000
3223.723633 0.000000 5666.590820 0.000000 0.192509 0.000000 -0.981295 1.000000 1.000000 1.000000
3227.183350 0.000000 5647.909180 0.000000 0.229793 0.000000 -0.973240 1.000000 1.000000 1.000000
3228.264160 0.000000 5659.078613 0.000000 0.384776 0.000000 -0.923010 1.000000 1.000000 1.000000
3218.360107 0.000000 5673.112305 0.000000 0.039997 0.000000 -0.999200 1.000000 1.000000 1.000000
3219.836914 0.000000 5627.251953 0.000000 0.527219 0.000000 -0.849730 1.000000 1.000000 1.000000
3232.069336 0.000000 5716.950684 0.000000 0.150729 0.000000 -0.988575 1.000000 1.000000 1.000000
3222.520264 0.000000 5683.529785 0.000000 0.408122 0.000000 -0.912928 1.000000 1.000000 1.000000
3214.519043 0.000000 5624.642578 0.000000 0.082404 0.000000 -0.996599 1.000000 1.000000 1.000000
3235.419922 0.000000 5716.454590 0.000000 0.194327 0.000000 -0.980937 1.000000 1.000000 1.000000
3215.117188 0.000000 5627.847656 0.000000 0.376387 0.000000 -0.926463 1.000000 1.000000 1.000000
3226.149902 0.000000 5646.540527 0.000000 0.439210 0.000000 -0.898385 1.000000 1.000000 1.000000
3241.543213 0.000000 5703.488281 0.000000 0.415736 0.000000 -0.909485 1.000000 1.000000 1.000000
3236.727051 0.000000 5705.967773 0.000000 0.009762 0.000000 -0.999952 1.000000 1.000000 1.000000
3227.881348 0.000000 5646.747559 0.000000 0.258035 0.000000 -0.966136 1.000000 1.000000 1.000000
3226.465332 0.000000 5650.691895 0.000000 0.384453 0.000000 -0.923145 1.000000 1.000000 1.000000
3216.609131 0.000000 5647.715820 0.000000 0.584438 0.000000 -0.811438 1.000000 1.000000 1.000000
3224.537354 0.000000 5684.216797 0.000000 0.337060 0.000000 -0.941483 1.000000 1.000000 1.000000
3335.311279 0.000000 5708.094727 0.000000 0.380573 0.000000 -0.924751 1.000000 1.000000 1.000000
3343.046631 0.000000 5699.870117 0.000000 0.585868 0.000000 -0.810406 1.000000 1.000000 1.000000
3319.891602 0.000000 5696.985840 0.000000 0.450317 0.000000 -0.892869 1.000000 1.000000 1.000000
3297.200928 0.000000 5705.853027 0.000000 0.284275 0.000000 -0.958743 1.000000 1.000000 1.000000
3329.224365 0.000000 5697.215820 0.000000 0.510015 0.000000 -0.860166 1.000000 1.000000 1.000000
3365.164062 0.000000 5634.020508 0.000000 0.269599 0.000000 -0.962973 1.000000 1.000000 1.000000
3350.356689 0.000000 5697.868652 0.000000 0.012500 0.000000 -0.999922 1.000000 1.000000 1.000000
3293.842773 0.000000 5717.005859 0.000000 0.462406 0.000000 -0.886669 1.000000 1.000000 1.000000
3293.753662 0.000000 5694.876465 0.000000 0.465246 0.000000 -0.885181 1.000000 1.000000 1.000000
3298.901123 0.000000 5714.241211 0.000000 0.042825 0.000000 -0.999083 1.000000 1.000000 1.000000
3315.899414 0.000000 5715.411133 0.000000 0.183348 0.000000 -0.983048 1.000000 1.000000 1.000000
3285.950684 0.000000 5704.502441 0.000000 0.494685 0.000000 -0.869072 1.000000 1.000000 1.000000
3346.033447 0.000000 5699.474121 0.000000 0.068365 0.000000 -0.997660 1.000000 1.000000 1.000000
3369.935791 0.000000 5646.264648 0.000000 0.197367 0.000000 -0.980330 1.000000 1.000000 1.000000
3366.001709 0.000000 5703.094238 0.000000 0.205422 0.000000 -0.978674 1.000000 1.000000 1.000000
3352.290771 0.000000 5714.357422 0.000000 0.586707 0.000000 -0.809799 1.000000 1.000000 1.000000
3335.407227 0.000000 5710.522461 0.000000 0.193278 0.000000 -0.981144 1.000000 1.000000 1.000000
3352.306885 0.000000 5712.067383 0.000000 0.489815 0.000000 -0.871827 1.000000 1.000000 1.000000
3299.515869 0.000000 5692.687988 0.000000 0.183560 0.000000 -0.983009 1.000000 1.000000 1.000000
3337.833008 0.000000 5707.385254 0.000000 0.393190 0.000000 -0.919457 1.000000 1.000000 1.000000
3320.888916 0.000000 5698.936035 0.000000 0.089717 0.000000 -0.995967 1.000000 1.000000 1.000000
3307.783447 0.000000 5696.147461 0.000000 0.455421 0.000000 -0.890276 1.000000 1.000000 1.000000
3311.060303 0.000000 5681.833984 0.000000 0.563765 0.000000 -0.825935 1.000000 1.000000 1.000000
3342.443115 0.000000 5698.184082 0.000000 0.539664 0.000000 -0.841880 1.000000 1.000000 1.000000
3296.275635 0.000000 5680.965820 0.000000 0.446931 0.000000 -0.894568 1.000000 1.000000 1.000000
3306.253662 0.000000 5697.785156 0.000000 0.235877 0.000000 -0.971783 1.000000 1.000000 1.000000
3296.156250 0.000000 5679.360352 0.000000 0.160898 0.000000 -0.986971 1.000000 1.000000 1.000000
3299.391357 0.000000 5715.743164 0.000000 0.501974 0.000000 -0.864883 1.000000 1.000000 1.000000
3346.006592 0.000000 5697.859375 0.000000 0.336973 0.000000 -0.941514 1.000000 1.000000 1.000000
3298.925049 0.000000 5672.265625 0.000000 0.225316 0.000000 -0.974286 1.000000 1.000000 1.000000
3365.453125 0.000000 5701.711914 0.000000 0.255997 0.000000 -0.966678 1.000000 1.000000 1.000000
3347.287109 0.000000 5700.056152 0.000000 0.201119 0.000000 -0.979567 1.000000 1.000000 1.000000
3353.312988 0.000000 5713.068359 0.000000 0.431301 0.000000 -0.902208 1.000000 1.000000 1.000000
3369.799805 0.000000 5644.938965 0.000000 0.271314 0.000000 -0.962491 1.000000 1.000000 1.000000
3347.075928 0.000000 5698.660156 0.000000 0.213030 0.000000 -0.977046 1.000000 1.000000 1.000000
3347.795654 0.000000 5703.050293 0.000000 0.069781 0.000000 -0.997562 1.000000 1.000000 1.000000
3334.208496 0.000000 5710.604492 0.000000 0.308568 0.000000 -0.951202 1.000000 1.000000 1.000000
3347.939941 0.000000 5697.936523 0.000000 0.393846 0.000000 -0.919176 1.000000 1.000000 1.000000
3312.184814 0.000000 5695.780273 0.000000 0.550741 0.000000 -0.834676 1.000000 1.000000 1.000000
3262.198486 0.000000 5798.216797 0.000000 0.247676 0.000000 -0.968843 1.000000 1.000000 1.000000
3236.554932 0.000000 5778.150879 0.000000 0.026678 0.000000 -0.999644 1.000000 1.000000 1.000000
3266.446777 0.000000 5809.716309 0.000000 0.145935 0.000000 -0.989294 1.000000 1.000000 1.000000
3261.727539 0.000000 5811.837402 0.000000 0.221700 0.000000 -0.975115 1.000000 1.000000 1.000000
3279.414062 0.000000 5797.266602 0.000000 0.342822 0.000000 -0.939400 1.000000 1.000000 1.000000
3241.759766 0.000000 5776.304688 0.000000 0.070565 0.000000 -0.997507 1.000000 1.000000 1.000000
3237.407715 0.000000 5741.193359 0.000000 0.431679 0.000000 -0.902027 1.000000 1.000000 1.000000
3263.538818 0.000000 5808.569824 0.000000 0.158707 0.000000 -0.987326 1.000000 1.000000 1.000000
3248.621826 0.000000 5765.541504 0.000000 0.307317 0.000000 -0.951607 1.000000 1.000000 1.000000
3239.476807 0.000000 5778.504395 0.000000 0.505412 0.000000 -0.862878 1.000000 1.000000 1.000000
3269.107178 0.000000 5809.923828 0.000000 0.056962 0.000000 -0.998376 1.000000 1.000000 1.000000
3237.467285 0.000000 5772.178711 0.000000 0.089071 0.000000 -0.996025 1.000000 1.000000 1.000000
3246.683105 0.000000 5744.314941 0.000000 0.101767 0.000000 -0.994808 1.000000 1.000000 1.000000
3270.548828 0.000000 5785.618652 0.000000 0.541838 0.000000 -0.840483 1.000000 1.000000 1.000000
3280.661377 0.000000 5766.625488 0.000000 0.011272 0.000000 -0.999936 1.000000 1.000000 1.000000
3279.972656 0.000000 5805.914551 0.000000 0.039485 0.000000 -0.999220 1.000000 1.000000 1.000000
3238.643555 0.000000 5721.444824 0.000000 0.528266 0.000000 -0.849079 1.000000 1.000000 1.000000
3280.027100 0.000000 5759.587891 0.000000 0.035740 0.000000 -0.999361 1.000000 1.000000 1.000000
3262.314453 0.000000 5809.931152 0.000000 0.191091 0.000000 -0.981572 1.000000 1.000000 1.000000
3278.097900 0.000000 5767.950195 0.000000 0.402823 0.000000 -0.915278 1.000000 1.000000 1.000000
3269.236328 0.000000 5811.986816 0.000000 0.103778 0.000000 -0.994601 1.000000 1.000000 1.000000
3280.094238 0.000000 5788.459473 0.000000 0.524850 0.000000 -0.851195 1.000000 1.000000 1.000000
3234.549316 0.000000 5764.038086 0.000000 0.584588 0.000000 -0.811330 1.000000 1.000000 1.000000
3268.665039 0.000000 5791.995605 0.000000 0.332084 0.000000 -0.943250 1.000000 1.000000 1.000000
3273.264160 0.000000 5785.086914 0.000000 0.477019 0.000000 -0.878893 1.000000 1.000000 1.000000
3262.633789 0.000000 5799.630859 0.000000 0.446896 0.000000 -0.894586 1.000000 1.000000 1.000000
3279.779297 0.000000 5741.979004 0.000000 0.388596 0.000000 -0.921408 1.000000 1.000000 1.000000
3239.117188 0.000000 5774.161621 0.000000 0.492685 0.000000 -0.870208 1.000000 1.000000 1.000000
3247.712646 0.000000 5745.210938 0.000000 0.583872 0.000000 -0.811845 1.000000 1.000000 1.000000
3234.113281 0.000000 5745.616699 0.000000 0.306093 0.000000 -0.952002 1.000000 1.000000 1.000000
3239.038330 0.000000 5776.779297 0.000000 0.149230 0.000000 -0.988802 1.000000 1.000000 1.000000
3289.569092 0.000000 5767.277344 0.000000 0.396121 0.000000 -0.918198 1.000000 1.000000 1.000000
3286.522949 0.000000 5808.022949 0.000000 0.042378 0.000000 -0.999102 1.000000 1.000000 1.000000
3294.570557 0.000000 5728.061523 0.000000 0.009006 0.000000 -0.999959 1.000000 1.000000 1.000000
3286.517090 0.000000 5740.218262 0.000000 0.367624 0.000000 -0.929974 1.000000 1.000000 1.000000
3282.386719 0.000000 5757.316406 0.000000 0.409530 0.000000 -0.912297 1.000000 1.000000 1.000000
3293.916992 0.000000 5730.566406 0.000000 0.365877 0.000000 -0.930663 1.000000 1.000000 1.000000
3283.891113 0.000000 5754.702637 0.000000 0.440001 0.000000 -0.897997 1.000000 1.000000 1.000000
3288.966064 0.000000 5794.089844 0.000000 0.017233 0.000000 -0.999851 1.000000 1.000000 1.000000
3290.068604 0.000000 5751.876953 0.000000 0.341360 0.000000 -0.939933 1.000000 1.000000 1.000000
3303.237305 0.000000 5727.777344 0.000000 0.260010 0.000000 -0.965606 1.000000 1.000000 1.000000
3291.716309 0.000000 5767.409668 0.000000 0.129394 0.000000 -0.991593 1.000000 1.000000 1.000000
3290.058350 0.000000 5723.412598 0.000000 0.163628 0.000000 -0.986522 1.000000 1.000000 1.000000
3291.306396 0.000000 5734.230469 0.000000 0.514657 0.000000 -0.857396 1.000000 1.000000 1.000000
3289.333740 0.000000 5795.972656 0.000000 0.010070 0.000000 -0.999949 1.000000 1.000000 1.000000
3314.317871 0.000000 5719.477051 0.000000 0.571800 0.000000 -0.820393 1.000000 1.000000 1.000000
3289.886230 0.000000 5750.205566 0.000000 0.444170 0.000000 -0.895942 1.000000 1.000000 1.000000
3293.813721 0.000000 5721.648926 0.000000 0.115211 0.000000 -0.993341 1.000000 1.000000 1.000000
3294.128174 0.000000 5740.874023 0.000000 0.113045 0.000000 -0.993590 1.000000 1.000000 1.000000
3292.809326 0.000000 5731.518555 0.000000 0.084143 0.000000 -0.996454 1.000000 1.000000 1.000000
3283.045654 0.000000 5776.172852 0.000000 0.490107 0.000000 -0.871662 1.000000 1.000000 1.000000
3163.235352 0.000000 5902.807129 0.000000 0.129737 0.000000 -0.991548 1.000000 1.000000 1.000000
3184.186768 0.000000 5890.089355 0.000000 0.406857 0.000000 -0.913492 1.000000 1.000000 1.000000
3181.739990 0.000000 5888.694336 0.000000 0.070436 0.000000 -0.997516 1.000000 1.000000 1.000000
3183.244385 0.000000 5958.725098 0.000000 0.219046 0.000000 -0.975715 1.000000 1.000000 1.000000
3157.769531 0.000000 5954.012207 0.000000 0.437685 0.000000 -0.899128 1.000000 1.000000 1.000000
3178.951660 0.000000 5967.128418 0.000000 0.117421 0.000000 -0.993082 1.000000 1.000000 1.000000
3187.154297 0.000000 5937.514160 0.000000 0.377505 0.000000 -0.926008 1.000000 1.000000 1.000000
3164.334229 0.000000 5998.018555 0.000000 0.534729 0.000000 -0.845024 1.000000 1.000000 1.000000
3172.510986 0.000000 5982.566406 0.000000 0.324239 0.000000 -0.945975 1.000000 1.000000 1.000000
3186.787109 0.000000 5959.162109 0.000000 0.486939 0.000000 -0.873436 1.000000 1.000000 1.000000
3136.470459 0.000000 5967.340820 0.000000 0.319749 0.000000 -0.947502 1.000000 1.000000 1.000000
3183.701416 0.000000 5968.384277 0.000000 0.509155 0.000000 -0.860675 1.000000 1.000000 1.000000
3163.264404 0.000000 5989.397949 0.000000 0.483520 0.000000 -0.875333 1.000000 1.000000 1.000000
3154.166260 0.000000 5943.134766 0.000000 0.257972 0.000000 -0.966152 1.000000 1.000000 1.000000
3143.750732 0.000000 5979.208984 0.000000 0.171794 0.000000 -0.985133 1.000000 1.000000 1.000000
3162.148193 0.000000 5948.414551 0.000000 0.257025 0.000000 -0.966405 1.000000 1.000000 1.000000
3157.047119 0.000000 5922.311035 0.000000 0.142184 0.000000 -0.989840 1.000000 1.000000 1.000000
3186.640381 0.000000 5961.097168 0.000000 0.536698 0.000000 -0.843774 1.000000 1.000000 1.000000
3183.108643 0.000000 5971.487305 0.000000 0.038824 0.000000 -0.999246 1.000000 1.000000 1.000000
3114.299561 0.000000 5999.326660 0.000000 0.251625 0.000000 -0.967825 1.000000 1.000000 1.000000
3151.213135 0.000000 5974.601562 0.000000 0.493718 0.000000 -0.869622 1.000000 1.000000 1.000000
3179.981689 0.000000 5984.705078 0.000000 0.276320 0.000000 -0.961066 1.000000 1.000000 1.000000
3160.323730 0.000000 5938.113770 0.000000 0.271824 0.000000 -0.962347 1.000000 1.000000 1.000000
3169.692383 0.000000 5907.410156 0.000000 0.458327 0.000000 -0.888784 1.000000 1.000000 1.000000
3137.703857 0.000000 5966.866211 0.000000 0.092190 0.000000 -0.995741 1.000000 1.000000 1.000000
3177.833252 0.000000 5905.847168 0.000000 0.492480 0.000000 -0.870324 1.000000 1.000000 1.000000
3186.702637 0.000000 5948.250488 0.000000 0.468629 0.000000 -0.883395 1.000000 1.000000 1.000000
3172.201416 0.000000 5985.281738 0.000000 0.556211 0.000000 -0.831041 1.000000 1.000000 1.000000
3156.657227 0.000000 5960.337891 0.000000 0.101823 0.000000 -0.994803 1.000000 1.000000 1.000000
3176.486328 0.000000 5974.937012 0.000000 0.220956 0.000000 -0.975284 1.000000 1.000000 1.000000
3267.879150 0.000000 5813.117188 0.000000 0.410929 0.000000 -0.911667 1.000000 1.000000 1.000000
3212.228760 0.000000 5837.537598 0.000000 0.314986 0.000000 -0.949097 1.000000 1.000000 1.000000
3245.608154 0.000000 5869.798828 0.000000 0.116598 0.000000 -0.993179 1.000000 1.000000 1.000000
3257.189941 0.000000 5821.676270 0.000000 0.360959 0.000000 -0.932582 1.000000 1.000000 1.000000
3228.142334 0.000000 5888.230469 0.000000 0.033059 0.000000 -0.999453 1.000000 1.000000 1.000000
3269.304443 0.000000 5818.883301 0.000000 0.151969 0.000000 -0.988385 1.000000 1.000000 1.000000
3270.268311 0.000000 5825.290039 0.000000 0.064525 0.000000 -0.997916 1.000000 1.000000 1.000000
3258.136230 0.000000 5849.276367 0.000000 0.139354 0.000000 -0.990243 1.000000 1.000000 1.000000
3231.042480 0.000000 5819.390625 0.000000 0.310393 0.000000 -0.950608 1.000000 1.000000 1.000000
3246.080811 0.000000 5879.876953 0.000000 0.527386 0.000000 -0.849626 1.000000 1.000000 1.000000
3201.388428 0.000000 5878.880371 0.000000 0.145949 0.000000 -0.989292 1.000000 1.000000 1.000000
3250.740967 0.000000 5890.092773 0.000000 0.349538 0.000000 -0.936922 1.000000 1.000000 1.000000
3255.650635 0.000000 5816.938965 0.000000 0.524915 0.000000 -0.851155 1.000000 1.000000 1.000000
3220.120850 0.000000 5888.520508 0.000000 0.045824 0.000000 -0.998950 1.000000 1.000000 1.000000
3226.435303 0.000000 5890.877441 0.000000 0.122655 0.000000 -0.992449 1.000000 1.000000 1.000000
3228.222900 0.000000 5837.856934 0.000000 0.543625 0.000000 -0.839328 1.000000 1.000000 1.000000
3264.798584 0.000000 5836.567871 0.000000 0.442894 0.000000 -0.896574 1.000000 1.000000 1.000000
3266.558105 0.000000 5832.579102 0.000000 0.330500 0.000000 -0.943806 1.000000 1.000000 1.000000
3262.174316 0.000000 5823.613281 0.000000 0.585592 0.000000 -0.810606 1.000000 1.000000 1.000000
3263.389893 0.000000 5854.988770 0.000000 0.389384 0.000000 -0.921076 1.000000 1.000000 1.000000
3220.974609 0.000000 5851.412598 0.000000 0.210274 0.000000 -0.977643 1.000000 1.000000 1.000000
3231.029297 0.000000 5822.102539 0.000000 0.278753 0.000000 -0.960363 1.000000 1.000000 1.000000
3230.285400 0.000000 5889.540527 0.000000 0.270873 0.000000 -0.962615 1.000000 1.000000 1.000000
3229.820068 0.000000 5825.443359 0.000000 0.449633 0.000000 -0.893213 1.000000 1.000000 1.000000
3232.274170 0.000000 5851.069336 0.000000 0.483409 0.000000 -0.875395 1.000000 1.000000 1.000000
3228.995850 0.000000 5820.475586 0.000000 0.426127 0.000000 -0.904663 1.000000 1.000000 1.000000
3221.471436 0.000000 5890.550293 0.000000 0.417020 0.000000 -0.908897 1.000000 1.000000 1.000000
3250.792480 0.000000 5832.219238 0.000000 0.056790 0.000000 -0.998386 1.000000 1.000000 1.000000
3263.891357 0.000000 5857.649414 0.000000 0.279726 0.000000 -0.960080 1.000000 1.000000 1.000000
3233.245605 0.000000 5838.719727 0.000000 0.454242 0.000000 -0.890878 1.000000 1.000000 1.000000
3266.025635 0.000000 5834.644531 0.000000 0.306442 0.000000 -0.951889 1.000000 1.000000 1.000000
3264.731201 0.000000 5817.834961 0.000000 0.494840 0.000000 -0.868984 1.000000 1.000000 1.000000
3222.658936 0.000000 5840.413574 0.000000 0.271739 0.000000 -0.962371 1.000000 1.000000 1.000000
3266.605225 0.000000 5837.032715 0.000000 0.338371 0.000000 -0.941013 1.000000 1.000000 1.000000
3228.082031 0.000000 5824.942871 0.000000 0.359092 0.000000 -0.933302 1.000000 1.000000 1.000000
3228.521484 0.000000 5818.757324 0.000000 0.529271 0.000000 -0.848453 1.000000 1.000000 1.000000
3215.193848 0.000000 5847.446777 0.000000 0.087569 0.000000 -0.996158 1.000000 1.000000 1.000000
3205.577881 0.000000 5873.463867 0.000000 0.251086 0.000000 -0.967965 1.000000 1.000000 1.000000
3256.383789 0.000000 5868.138184 0.000000 0.404181 0.000000 -0.914679 1.000000 1.000000 1.000000
3251.415039 0.000000 5872.691406 0.000000 0.313759 0.000000 -0.949503 1.000000 1.000000 1.000000
3225.343018 0.000000 5818.890137 0.000000 0.101289 0.000000 -0.994857 1.000000 1.000000 1.000000
3271.041992 0.000000 5845.390625 0.000000 0.451674 0.000000 -0.892183 1.000000 1.000000 1.000000
3226.116455 0.000000 5822.396973 0.000000 0.271254 0.000000 -0.962508 1.000000 1.000000 1.000000
3269.985352 0.000000 5817.237793 0.000000 0.271124 0.000000 -0.962544 1.000000 1.000000 1.000000
3196.157471 0.000000 5873.917969 0.000000 0.351072 0.000000 -0.936349 1.000000 1.000000 1.000000
3255.902100 0.000000 5818.393066 0.000000 0.090839 0.000000 -0.995866 1.000000 1.000000 1.000000
3267.553711 0.000000 5848.536133 0.000000 0.118231 0.000000 -0.992986 1.000000 1.000000 1.000000
3221.064453 0.000000 5843.011230 0.000000 0.193201 0.000000 -0.981159 1.000000 1.000000 1.000000
3229.614990 0.000000 5822.045898 0.000000 0.380799 0.000000 -0.924658 1.000000 1.000000 1.000000
3260.859375 0.000000 5826.455078 0.000000 0.392260 0.000000 -0.919855 1.000000 1.000000 1.000000
3188.018555 0.000000 5883.333984 0.000000 0.044264 0.000000 -0.999020 1.000000 1.000000 1.000000
3261.849121 0.000000 5851.180176 0.000000 0.227159 0.000000 -0.973858 1.000000 1.000000 1.000000
3237.852051 0.000000 5881.549805 0.000000 0.440225 0.000000 -0.897887 1.000000 1.000000 1.000000
3242.899658 0.000000 5879.972168 0.000000 0.151561 0.000000 -0.988448 1.000000 1.000000 1.000000
3262.960205 0.000000 5856.314941 0.000000 0.375781 0.000000 -0.926709 1.000000 1.000000 1.000000
3256.798096 0.000000 5815.961914 0.000000 0.266961 0.000000 -0.963707 1.000000 1.000000 1.000000
3229.385742 0.000000 5824.275879 0.000000 0.290809 0.000000 -0.956781 1.000000 1.000000 1.000000
3257.661133 0.000000 5813.144531 0.000000 0.050084 0.000000 -0.998745 1.000000 1.000000 1.000000
3220.294922 0.000000 5843.904785 0.000000 0.579153 0.000000 -0.815219 1.000000 1.000000 1.000000
3257.763184 0.000000 5814.780762 0.000000 0.577737 0.000000 -0.816223 1.000000 1.000000 1.000000
3267.865234 0.000000 5849.604492 0.000000 0.485106 0.000000 -0.874455 1.000000 1.000000 1.000000
3245.197266 0.000000 5879.215332 0.000000 0.490287 0.000000 -0.871561 1.000000 1.000000 1.000000
3283.056641 0.000000 5815.919922 0.000000 0.134176 0.000000 -0.990957 1.000000 1.000000 1.000000
3191.666260 0.000000 5948.948730 0.000000 0.384232 0.000000 -0.923237 1.000000 1.000000 1.000000
3192.747803 0.000000 5975.355957 0.000000 0.469551 0.000000 -0.882906 1.000000 1.000000 1.000000
3192.645508 0.000000 5974.194824 0.000000 0.421642 0.000000 -0.906762 1.000000 1.000000 1.000000
3406.211914 0.000000 5663.013184 0.000000 0.397153 0.000000 -0.917753 1.000000 1.000000 1.000000
3429.053467 0.000000 5708.094727 0.000000 0.386759 0.000000 -0.922181 1.000000 1.000000 1.000000
3377.527588 0.000000 5654.629883 0.000000 0.036873 0.000000 -0.999320 1.000000 1.000000 1.000000
3439.867188 0.000000 5716.362793 0.000000 0.274993 0.000000 -0.961446 1.000000 1.000000 1.000000
3394.329346 0.000000 5716.748535 0.000000 0.525078 0.000000 -0.851054 1.000000 1.000000 1.000000
3437.359131 0.000000 5708.465820 0.000000 0.517951 0.000000 -0.855410 1.000000 1.000000 1.000000
3387.584961 0.000000 5717.005859 0.000000 0.062867 0.000000 -0.998022 1.000000 1.000000 1.000000
3391.323730 0.000000 5649.960938 0.000000 0.482355 0.000000 -0.875976 1.000000 1.000000 1.000000
3442.145508 0.000000 5707.344727 0.000000 0.247911 0.000000 -0.968783 1.000000 1.000000 1.000000
3437.491211 0.000000 5715.718262 0.000000 0.099060 0.000000 -0.995081 1.000000 1.000000 1.000000
3451.543457 0.000000 5717.452148 0.000000 0.005936 0.000000 -0.999982 1.000000 1.000000 1.000000
3439.569824 0.000000 5707.584473 0.000000 0.533712 0.000000 -0.845666 1.000000 1.000000 1.000000
3405.127197 0.000000 5678.887207 0.000000 0.121512 0.000000 -0.992590 1.000000 1.000000 1.000000
3383.842285 0.000000 5662.425781 0.000000 0.395938 0.000000 -0.918277 1.000000 1.000000 1.000000
3433.956543 0.000000 5690.314941 0.000000 0.353506 0.000000 -0.935432 1.000000 1.000000 1.000000
3431.575195 0.000000 5707.385254 0.000000 0.336983 0.000000 -0.941511 1.000000 1.000000 1.000000
3404.377930 0.000000 5661.880859 0.000000 0.521001 0.000000 -0.853556 1.000000 1.000000 1.000000
3429.988770 0.000000 5706.447266 0.000000 0.270084 0.000000 -0.962837 1.000000 1.000000 1.000000
3396.488037 0.000000 5647.744629 0.000000 0.428118 0.000000 -0.903723 1.000000 1.000000 1.000000
3395.455078 0.000000 5672.124512 0.000000 0.066879 0.000000 -0.997761 1.000000 1.000000 1.000000
3449.169678 0.000000 5714.593262 0.000000 0.220828 0.000000 -0.975313 1.000000 1.000000 1.000000
3407.317383 0.000000 5679.556641 0.000000 0.098733 0.000000 -0.995114 1.000000 1.000000 1.000000
3423.409180 0.000000 5695.716797 0.000000 0.042725 0.000000 -0.999087 1.000000 1.000000 1.000000
3379.753906 0.000000 5710.770996 0.000000 0.071865 0.000000 -0.997414 1.000000 1.000000 1.000000
3436.337891 0.000000 5713.430664 0.000000 0.129225 0.000000 -0.991615 1.000000 1.000000 1.000000
3398.931152 0.000000 5689.794922 0.000000 0.569173 0.000000 -0.822218 1.000000 1.000000 1.000000
3417.155273 0.000000 5685.074707 0.000000 0.085219 0.000000 -0.996362 1.000000 1.000000 1.000000
3394.388184 0.000000 5800.974609 0.000000 0.295236 0.000000 -0.955424 1.000000 1.000000 1.000000
3424.039307 0.000000 5778.150879 0.000000 0.522753 0.000000 -0.852484 1.000000 1.000000 1.000000
3451.552002 0.000000 5755.053711 0.000000 0.106618 0.000000 -0.994300 1.000000 1.000000 1.000000
3458.604004 0.000000 5808.190430 0.000000 0.226949 0.000000 -0.973907 1.000000 1.000000 1.000000
3449.664551 0.000000 5733.141602 0.000000 0.398814 0.000000 -0.917032 1.000000 1.000000 1.000000
3407.181396 0.000000 5771.442871 0.000000 0.322476 0.000000 -0.946578 1.000000 1.000000 1.000000
3393.082275 0.000000 5731.465332 0.000000 0.273026 0.000000 -0.962007 1.000000 1.000000 1.000000
3460.178223 0.000000 5779.644043 0.000000 0.121110 0.000000 -0.992639 1.000000 1.000000 1.000000
3437.561035 0.000000 5806.832520 0.000000 0.512925 0.000000 -0.858433 1.000000 1.000000 1.000000
3416.055176 0.000000 5761.252441 0.000000 0.055100 0.000000 -0.998481 1.000000 1.000000 1.000000
3445.849609 0.000000 5803.680176 0.000000 0.552009 0.000000 -0.833838 1.000000 1.000000 1.000000
3395.860596 0.000000 5782.067871 0.000000 0.348046 0.000000 -0.937477 1.000000 1.000000 1.000000
3468.380859 0.000000 5750.029785 0.000000 0.576284 0.000000 -0.817250 1.000000 1.000000 1.000000
3382.818604 0.000000 5738.237793 0.000000 0.157923 0.000000 -0.987451 1.000000 1.000000 1.000000
3463.352783 0.000000 5779.139648 0.000000 0.089560 0.000000 -0.995981 1.000000 1.000000 1.000000
3453.919189 0.000000 5750.970215 0.000000 0.559889 0.000000 -0.828568 1.000000 1.000000 1.000000
3412.742188 0.000000 5793.620605 0.000000 0.342027 0.000000 -0.939690 1.000000 1.000000 1.000000
3376.560791 0.000000 5725.853516 0.000000 0.038439 0.000000 -0.999261 1.000000 1.000000 1.000000
3396.320312 0.000000 5746.576660 0.000000 0.250435 0.000000 -0.968134 1.000000 1.000000 1.000000
3399.057861 0.000000 5720.811035 0.000000 0.110982 0.000000 -0.993822 1.000000 1.000000 1.000000
3452.282959 0.000000 5742.825684 0.000000 0.052534 0.000000 -0.998619 1.000000 1.000000 1.000000
3465.928223 0.000000 5783.396484 0.000000 0.229411 0.000000 -0.973330 1.000000 1.000000 1.000000
3383.205322 0.000000 5719.155762 0.000000 0.086147 0.000000 -0.996282 1.000000 1.000000 1.000000
3455.284912 0.000000 5775.433105 0.000000 0.548151 0.000000 -0.836379 1.000000 1.000000 1.000000
3395.104248 0.000000 5784.765137 0.000000 0.420298 0.000000 -0.907386 1.000000 1.000000 1.000000
3460.019531 0.000000 5794.214355 0.000000 0.351228 0.000000 -0.936290 1.000000 1.000000 1.000000
3419.220703 0.000000 5746.493652 0.000000 0.430823 0.000000 -0.902437 1.000000 1.000000 1.000000
3442.236328 0.000000 5733.039062 0.000000 0.142142 0.000000 -0.989846 1.000000 1.000000 1.000000
3414.667725 0.000000 5741.651367 0.000000 0.087441 0.000000 -0.996170 1.000000 1.000000 1.000000
3417.762695 0.000000 5759.454102 0.000000 0.488320 0.000000 -0.872665 1.000000 1.000000 1.000000
3449.361328 0.000000 5739.460938 0.000000 0.355198 0.000000 -0.934791 1.000000 1.000000 1.000000
3454.001709 0.000000 5758.960449 0.000000 0.284530 0.000000 -0.958667 1.000000 1.000000 1.000000
3381.328613 0.000000 5725.622559 0.000000 0.542010 0.000000 -0.840372 1.000000 1.000000 1.000000
3423.934570 0.000000 5775.597168 0.000000 0.468823 0.000000 -0.883292 1.000000 1.000000 1.000000
3400.133789 0.000000 5793.201660 0.000000 0.042262 0.000000 -0.999107 1.000000 1.000000 1.000000
3397.039795 0.000000 5785.849609 0.000000 0.314032 0.000000 -0.949412 1.000000 1.000000 1.000000
3407.752441 0.000000 5785.732422 0.000000 0.527030 0.000000 -0.849847 1.000000 1.000000 1.000000
3417.180420 0.000000 5742.679199 0.000000 0.231098 0.000000 -0.972930 1.000000 1.000000 1.000000
3452.886475 0.000000 5757.416992 0.000000 0.082785 0.000000 -0.996567 1.000000 1.000000 1.000000
3450.782227 0.000000 5770.414062 0.000000 0.088950 0.000000 -0.996036 1.000000 1.000000 1.000000
3462.342041 0.000000 5780.711914 0.000000 0.428416 0.000000 -0.903582 1.000000 1.000000 1.000000
3380.930664 0.000000 5738.320312 0.000000 0.544591 0.000000 -0.838702 1.000000 1.000000 1.000000
3448.693848 0.000000 5777.520996 0.000000 0.107659 0.000000 -0.994188 1.000000 1.000000 1.000000
3455.510742 0.000000 5740.181152 0.000000 0.436633 0.000000 -0.899640 1.000000 1.000000 1.000000
3456.386719 0.000000 5767.168457 0.000000 0.299177 0.000000 -0.954197 1.000000 1.000000 1.000000
3396.900146 0.000000 5757.882812 0.000000 0.112962 0.000000 -0.993599 1.000000 1.000000 1.000000
3445.585449 0.000000 5795.270020 0.000000 0.482836 0.000000 -0.875711 1.000000 1.000000 1.000000
3380.781738 0.000000 5722.380859 0.000000 0.166188 0.000000 -0.986094 1.000000 1.000000 1.000000
3455.297363 0.000000 5784.232910 0.000000 0.569097 0.000000 -0.822270 1.000000 1.000000 1.000000
3423.797119 0.000000 5739.859375 0.000000 0.286276 0.000000 -0.958147 1.000000 1.000000 1.000000
3464.935059 0.000000 5743.236328 0.000000 0.546180 0.000000 -0.837668 1.000000 1.000000 1.000000
3413.634277 0.000000 5740.282715 0.000000 0.433765 0.000000 -0.901026 1.000000 1.000000 1.000000
3449.748779 0.000000 5802.562012 0.000000 0.106638 0.000000 -0.994298 1.000000 1.000000 1.000000
3400.584473 0.000000 5720.870117 0.000000 0.087997 0.000000 -0.996121 1.000000 1.000000 1.000000
3413.048096 0.000000 5792.151855 0.000000 0.480261 0.000000 -0.877126 1.000000 1.000000 1.000000
3443.386475 0.000000 5724.650879 0.000000 0.348792 0.000000 -0.937200 1.000000 1.000000 1.000000
3412.056885 0.000000 5805.280273 0.000000 0.450277 0.000000 -0.892889 1.000000 1.000000 1.000000
3452.776123 0.000000 5755.908691 0.000000 0.495406 0.000000 -0.868662 1.000000 1.000000 1.000000
3441.210205 0.000000 5797.978516 0.000000 0.159676 0.000000 -0.987170 1.000000 1.000000 1.000000
3417.390137 0.000000 5761.062500 0.000000 0.286741 0.000000 -0.958008 1.000000 1.000000 1.000000
3416.445312 0.000000 5759.911133 0.000000 0.375875 0.000000 -0.926670 1.000000 1.000000 1.000000
3422.371582 0.000000 5781.133789 0.000000 0.008940 0.000000 -0.999960 1.000000 1.000000 1.000000
3421.930176 0.000000 5744.575195 0.000000 0.470362 0.000000 -0.882474 1.000000 1.000000 1.000000
3458.791992 0.000000 5779.407227 0.000000 0.486641 0.000000 -0.873602 1.000000 1.000000 1.000000
3454.528564 0.000000 5785.231934 0.000000 0.404126 0.000000 -0.914703 1.000000 1.000000 1.000000
3397.504395 0.000000 5784.591797 0.000000 0.076306 0.000000 -0.997084 1.000000 1.000000 1.000000
3381.440918 0.000000 5740.717285 0.000000 0.308569 0.000000 -0.951202 1.000000 1.000000 1.000000
3412.393555 0.000000 5803.084473 0.000000 0.020507 0.000000 -0.999790 1.000000 1.000000 1.000000
3426.527100 0.000000 5767.757324 0.000000 0.349342 0.000000 -0.936995 1.000000 1.000000 1.000000
3448.480469 0.000000 5781.811523 0.000000 0.327114 0.000000 -0.944985 1.000000 1.000000 1.000000
3444.598145 0.000000 5800.907227 0.000000 0.074351 0.000000 -0.997232 1.000000 1.000000 1.000000
3468.614502 0.000000 5750.896973 0.000000 0.547255 0.000000 -0.836966 1.000000 1.000000 1.000000
3433.781738 0.000000 5902.769043 0.000000 0.160376 0.000000 -0.987056 1.000000 1.000000 1.000000
3429.425537 0.000000 5860.556641 0.000000 0.382478 0.000000 -0.923965 1.000000 1.000000 1.000000
3435.569092 0.000000 5836.064453 0.000000 0.020898 0.000000 -0.999782 1.000000 1.000000 1.000000
3398.697021 0.000000 5903.062988 0.000000 0.188384 0.000000 -0.982095 1.000000 1.000000 1.000000
3435.080322 0.000000 5863.141602 0.000000 0.193582 0.000000 -0.981084 1.000000 1.000000 1.000000
3394.202148 0.000000 5848.819336 0.000000 0.228633 0.000000 -0.973513 1.000000 1.000000 1.000000
3395.860596 0.000000 5875.810059 0.000000 0.100816 0.000000 -0.994905 1.000000 1.000000 1.000000
3423.546631 0.000000 5846.287109 0.000000 0.489901 0.000000 -0.871778 1.000000 1.000000 1.000000
3447.129395 0.000000 5824.499512 0.000000 0.555411 0.000000 -0.831576 1.000000 1.000000 1.000000
3423.382324 0.000000 5851.662598 0.000000 0.318528 0.000000 -0.947913 1.000000 1.000000 1.000000
3443.136230 0.000000 5829.964844 0.000000 0.473758 0.000000 -0.880655 1.000000 1.000000 1.000000
3441.599854 0.000000 5814.429199 0.000000 0.380558 0.000000 -0.924757 1.000000 1.000000 1.000000
3451.987305 0.000000 5893.766113 0.000000 0.254865 0.000000 -0.966977 1.000000 1.000000 1.000000
3443.213135 0.000000 5839.613770 0.000000 0.094052 0.000000 -0.995567 1.000000 1.000000 1.000000
3407.037598 0.000000 5835.543945 0.000000 0.338854 0.000000 -0.940839 1.000000 1.000000 1.000000
3439.832520 0.000000 5836.676270 0.000000 0.027514 0.000000 -0.999621 1.000000 1.000000 1.000000
3438.572510 0.000000 5879.913086 0.000000 0.558850 0.000000 -0.829269 1.000000 1.000000 1.000000
3422.844971 0.000000 5856.435547 0.000000 0.544487 0.000000 -0.838769 1.000000 1.000000 1.000000
3436.381104 0.000000 5838.293457 0.000000 0.231844 0.000000 -0.972753 1.000000 1.000000 1.000000
3399.183350 0.000000 5858.872070 0.000000 0.467970 0.000000 -0.883745 1.000000 1.000000 1.000000
3423.934570 0.000000 5869.339355 0.000000 0.058488 0.000000 -0.998288 1.000000 1.000000 1.000000
3446.661377 0.000000 5822.449707 0.000000 0.281083 0.000000 -0.959683 1.000000 1.000000 1.000000
3431.575195 0.000000 5894.869629 0.000000 0.057189 0.000000 -0.998363 1.000000 1.000000 1.000000
3441.794434 0.000000 5867.191406 0.000000 0.255353 0.000000 -0.966848 1.000000 1.000000 1.000000
3434.586182 0.000000 5858.089844 0.000000 0.182593 0.000000 -0.983189 1.000000 1.000000 1.000000
3410.739990 0.000000 5904.633301 0.000000 0.031235 0.000000 -0.999512 1.000000 1.000000 1.000000
3399.274414 0.000000 5867.606445 0.000000 0.497498 0.000000 -0.867465 1.000000 1.000000 1.000000
3388.453125 0.000000 5874.875000 0.000000 0.309686 0.000000 -0.950839 1.000000 1.000000 1.000000
3437.894043 0.000000 5858.865234 0.000000 0.142780 0.000000 -0.989754 1.000000 1.000000 1.000000
3438.889160 0.000000 5821.707520 0.000000 0.453724 0.000000 -0.891142 1.000000 1.000000 1.000000
3441.258057 0.000000 5812.728027 0.000000 0.324379 0.000000 -0.945927 1.000000 1.000000 1.000000
3425.138184 0.000000 5859.030762 0.000000 0.476076 0.000000 -0.879404 1.000000 1.000000 1.000000
3422.908203 0.000000 5850.076172 0.000000 0.326834 0.000000 -0.945082 1.000000 1.000000 1.000000
3444.620117 0.000000 5898.638184 0.000000 0.257164 0.000000 -0.966368 1.000000 1.000000 1.000000
3438.408936 0.000000 5883.278320 0.000000 0.171565 0.000000 -0.985173 1.000000 1.000000 1.000000
3427.067383 0.000000 5859.320801 0.000000 0.275387 0.000000 -0.961333 1.000000 1.000000 1.000000
3409.434570 0.000000 5888.958008 0.000000 0.395695 0.000000 -0.918382 1.000000 1.000000 1.000000
3445.676758 0.000000 5823.700684 0.000000 0.486972 0.000000 -0.873418 1.000000 1.000000 1.000000
3394.638184 0.000000 5874.684082 0.000000 0.209564 0.000000 -0.977795 1.000000 1.000000 1.000000
3430.140137 0.000000 5896.808594 0.000000 0.309305 0.000000 -0.950963 1.000000 1.000000 1.000000
3445.610352 0.000000 5847.713867 0.000000 0.063328 0.000000 -0.997993 1.000000 1.000000 1.000000
3404.980713 0.000000 5883.791504 0.000000 0.131157 0.000000 -0.991362 1.000000 1.000000 1.000000
3405.179199 0.000000 5828.265137 0.000000 0.435295 0.000000 -0.900288 1.000000 1.000000 1.000000
3438.415771 0.000000 5881.333984 0.000000 0.195189 0.000000 -0.980766 1.000000 1.000000 1.000000
3443.868408 0.000000 5836.496094 0.000000 0.268643 0.000000 -0.963240 1.000000 1.000000 1.000000
3439.734863 0.000000 5838.119629 0.000000 0.173365 0.000000 -0.984858 1.000000 1.000000 1.000000
3429.967773 0.000000 5858.661133 0.000000 0.407524 0.000000 -0.913194 1.000000 1.000000 1.000000
3434.222656 0.000000 5865.667480 0.000000 0.233499 0.000000 -0.972357 1.000000 1.000000 1.000000
3396.952148 0.000000 5861.477539 0.000000 0.103171 0.000000 -0.994664 1.000000 1.000000 1.000000
3430.358643 0.000000 5895.453125 0.000000 0.345997 0.000000 -0.938235 1.000000 1.000000 1.000000
3426.501465 0.000000 5851.202148 0.000000 0.269168 0.000000 -0.963093 1.000000 1.000000 1.000000
3444.986084 0.000000 5846.069336 0.000000 0.301055 0.000000 -0.953607 1.000000 1.000000 1.000000
3398.882568 0.000000 5856.496094 0.000000 0.587317 0.000000 -0.809357 1.000000 1.000000 1.000000
3422.947510 0.000000 5871.693359 0.000000 0.471483 0.000000 -0.881875 1.000000 1.000000 1.000000
3399.233643 0.000000 5857.680176 0.000000 0.124487 0.000000 -0.992221 1.000000 1.000000 1.000000
3399.501465 0.000000 5850.624023 0.000000 0.261668 0.000000 -0.965158 1.000000 1.000000 1.000000
3444.626709 0.000000 5899.698730 0.000000 0.570457 0.000000 -0.821327 1.000000 1.000000 1.000000
3441.938232 0.000000 5969.198242 0.000000 0.081912 0.000000 -0.996640 1.000000 1.000000 1.000000
3452.185791 0.000000 5916.462402 0.000000 0.303066 0.000000 -0.952970 1.000000 1.000000 1.000000
3453.781982 0.000000 5923.662598 0.000000 0.100726 0.000000 -0.994914 1.000000 1.000000 1.000000
3445.450684 0.000000 5957.961426 0.000000 0.025221 0.000000 -0.999682 1.000000 1.000000 1.000000
3456.318604 0.000000 5952.881836 0.000000 0.090108 0.000000 -0.995932 1.000000 1.000000 1.000000
3437.561035 0.000000 5994.316895 0.000000 0.388490 0.000000 -0.921453 1.000000 1.000000 1.000000
3432.647949 0.000000 5947.192383 0.000000 0.298909 0.000000 -0.954282 1.000000 1.000000 1.000000
3453.822998 0.000000 5932.788086 0.000000 0.293869 0.000000 -0.955846 1.000000 1.000000 1.000000
3439.702393 0.000000 5920.933594 0.000000 0.044897 0.000000 -0.998992 1.000000 1.000000 1.000000
3467.257324 0.000000 5956.182129 0.000000 0.523799 0.000000 -0.851842 1.000000 1.000000 1.000000
3418.129395 0.000000 5925.002441 0.000000 0.484632 0.000000 -0.874718 1.000000 1.000000 1.000000
3443.136230 0.000000 5923.707031 0.000000 0.394371 0.000000 -0.918951 1.000000 1.000000 1.000000
3451.482910 0.000000 5934.642090 0.000000 0.163703 0.000000 -0.986510 1.000000 1.000000 1.000000
3466.700928 0.000000 5988.439941 0.000000 0.137413 0.000000 -0.990514 1.000000 1.000000 1.000000
3436.686768 0.000000 5911.470215 0.000000 0.456189 0.000000 -0.889883 1.000000 1.000000 1.000000
3464.429688 0.000000 5997.214355 0.000000 0.501405 0.000000 -0.865213 1.000000 1.000000 1.000000
3432.236572 0.000000 5940.825684 0.000000 0.332795 0.000000 -0.942999 1.000000 1.000000 1.000000
3409.693604 0.000000 5916.053711 0.000000 0.253997 0.000000 -0.967205 1.000000 1.000000 1.000000
3405.861328 0.000000 5919.414551 0.000000 0.042124 0.000000 -0.999112 1.000000 1.000000 1.000000
3464.363525 0.000000 5982.505371 0.000000 0.207076 0.000000 -0.978325 1.000000 1.000000 1.000000
3432.027832 0.000000 5980.149414 0.000000 0.253544 0.000000 -0.967324 1.000000 1.000000 1.000000
3442.236328 0.000000 5920.523438 0.000000 0.478815 0.000000 -0.877916 1.000000 1.000000 1.000000
3431.501465 0.000000 5968.583008 0.000000 0.349048 0.000000 -0.937105 1.000000 1.000000 1.000000
3446.819580 0.000000 5987.225586 0.000000 0.575745 0.000000 -0.817629 1.000000 1.000000 1.000000
3432.246582 0.000000 5945.106934 0.000000 0.213011 0.000000 -0.977050 1.000000 1.000000 1.000000
3468.103027 0.000000 5987.038574 0.000000 0.236824 0.000000 -0.971553 1.000000 1.000000 1.000000
3437.826904 0.000000 5959.163574 0.000000 0.235723 0.000000 -0.971820 1.000000 1.000000 1.000000
3445.339600 0.000000 5985.543457 0.000000 0.268021 0.000000 -0.963413 1.000000 1.000000 1.000000
3421.886230 0.000000 5926.599609 0.000000 0.465588 0.000000 -0.885001 1.000000 1.000000 1.000000
3411.394043 0.000000 5907.573730 0.000000 0.178064 0.000000 -0.984019 1.000000 1.000000 1.000000
3442.774658 0.000000 5970.752930 0.000000 0.492463 0.000000 -0.870334 1.000000 1.000000 1.000000
3423.544922 0.000000 5929.708496 0.000000 0.185312 0.000000 -0.982680 1.000000 1.000000 1.000000
3438.263672 0.000000 5942.431152 0.000000 0.405287 0.000000 -0.914190 1.000000 1.000000 1.000000
3452.149902 0.000000 5920.489258 0.000000 0.369609 0.000000 -0.929187 1.000000 1.000000 1.000000
3434.168701 0.000000 5946.455078 0.000000 0.417829 0.000000 -0.908526 1.000000 1.000000 1.000000
3445.288818 0.000000 5974.028320 0.000000 0.001948 0.000000 -0.999998 1.000000 1.000000 1.000000
3445.494141 0.000000 5979.909668 0.000000 0.126690 0.000000 -0.991942 1.000000 1.000000 1.000000
3435.087158 0.000000 5910.338379 0.000000 0.101561 0.000000 -0.994829 1.000000 1.000000 1.000000
3408.593994 0.000000 5918.782227 0.000000 0.272078 0.000000 -0.962275 1.000000 1.000000 1.000000
3444.041260 0.000000 5963.831055 0.000000 0.545926 0.000000 -0.837833 1.000000 1.000000 1.000000
3440.694824 0.000000 5968.488770 0.000000 0.568729 0.000000 -0.822525 1.000000 1.000000 1.000000
3407.210693 0.000000 5919.080078 0.000000 0.301496 0.000000 -0.953467 1.000000 1.000000 1.000000
3458.791992 0.000000 5966.891602 0.000000 0.478704 0.000000 -0.877976 1.000000 1.000000 1.000000
3445.620361 0.000000 5977.122559 0.000000 0.139521 0.000000 -0.990219 1.000000 1.000000 1.000000
3406.423828 0.000000 5918.186035 0.000000 0.332017 0.000000 -0.943273 1.000000 1.000000 1.000000
3434.945801 0.000000 5947.385254 0.000000 0.467468 0.000000 -0.884010 1.000000 1.000000 1.000000
3468.608398 0.000000 5995.232422 0.000000 0.237523 0.000000 -0.971382 1.000000 1.000000 1.000000
3468.946045 0.000000 5962.640625 0.000000 0.304690 0.000000 -0.952451 1.000000 1.000000 1.000000
3471.238281 0.000000 5983.842773 0.000000 0.025788 0.000000 -0.999667 1.000000 1.000000 1.000000
3468.486572 0.000000 5991.371094 0.000000 0.144074 0.000000 -0.989567 1.000000 1.000000 1.000000
3472.149414 0.000000 5972.359375 0.000000 0.448169 0.000000 -0.893949 1.000000 1.000000 1.000000
3476.402832 0.000000 5973.937500 0.000000 0.066949 0.000000 -0.997756 1.000000 1.000000 1.000000
3473.435059 0.000000 5985.729004 0.000000 0.476160 0.000000 -0.879359 1.000000 1.000000 1.000000
3482.564697 0.000000 5974.663086 0.000000 0.232072 0.000000 -0.972699 1.000000 1.000000 1.000000
3470.189697 0.000000 5996.299316 0.000000 0.556114 0.000000 -0.831106 1.000000 1.000000 1.000000
3479.496338 0.000000 5978.366699 0.000000 0.075842 0.000000 -0.997120 1.000000 1.000000 1.000000
3475.736328 0.000000 5972.665039 0.000000 0.161631 0.000000 -0.986851 1.000000 1.000000 1.000000
3475.056885 0.000000 5974.035156 0.000000 0.437679 0.000000 -0.899131 1.000000 1.000000 1.000000
3473.872070 0.000000 5974.194824 0.000000 0.260822 0.000000 -0.965387 1.000000 1.000000 1.000000
3976.854736 0.000000 5803.553711 0.000000 0.380763 0.000000 -0.924673 1.000000 1.000000 1.000000
3979.826660 0.000000 5801.978516 0.000000 0.068379 0.000000 -0.997659 1.000000 1.000000 1.000000
3952.981689 0.000000 5806.168457 0.000000 0.267702 0.000000 -0.963502 1.000000 1.000000 1.000000
3934.103271 0.000000 5815.301758 0.000000 0.383569 0.000000 -0.923512 1.000000 1.000000 1.000000
3991.402832 0.000000 5817.787598 0.000000 0.098911 0.000000 -0.995096 1.000000 1.000000 1.000000
3941.357422 0.000000 5842.465820 0.000000 0.484851 0.000000 -0.874597 1.000000 1.000000 1.000000
8855.076172 0.000000 5805.184570 0.000000 0.304224 0.000000 -0.952600 1.000000 1.000000 1.000000
8895.022461 0.000000 5761.657715 0.000000 0.545097 0.000000 -0.838373 1.000000 1.000000 1.000000
8857.743164 0.000000 5803.290527 0.000000 0.067790 0.000000 -0.997700 1.000000 1.000000 1.000000
8896.007812 0.000000 5758.962891 0.000000 0.103747 0.000000 -0.994604 1.000000 1.000000 1.000000
8855.656250 0.000000 5803.439453 0.000000 0.568729 0.000000 -0.822525 1.000000 1.000000 1.000000
8855.193359 0.000000 5809.836426 0.000000 0.156407 0.000000 -0.987693 1.000000 1.000000 1.000000
8849.956055 0.000000 5780.215332 0.000000 0.336263 0.000000 -0.941768 1.000000 1.000000 1.000000
8997.365234 0.000000 5941.601562 0.000000 0.037445 0.000000 -0.999299 1.000000 1.000000 1.000000
8969.901367 0.000000 5927.987305 0.000000 0.006425 0.000000 -0.999979 1.000000 1.000000 1.000000
8994.559570 0.000000 5942.757324 0.000000 0.098988 0.000000 -0.995089 1.000000 1.000000 1.000000
8989.412109 0.000000 5935.635742 0.000000 0.216999 0.000000 -0.976172 1.000000 1.000000 1.000000
8931.515625 0.000000 5939.069824 0.000000 0.276847 0.000000 -0.960914 1.000000 1.000000 1.000000
8917.986328 0.000000 5944.734863 0.000000 0.070399 0.000000 -0.997519 1.000000 1.000000 1.000000
9022.989258 0.000000 5757.229492 0.000000 0.564234 0.000000 -0.825615 1.000000 1.000000 1.000000
9090.316406 0.000000 5793.119629 0.000000 0.199397 0.000000 -0.979919 1.000000 1.000000 1.000000
9091.708008 0.000000 5790.104980 0.000000 0.322312 0.000000 -0.946634 1.000000 1.000000 1.000000
9004.689453 0.000000 5734.454590 0.000000 0.038116 0.000000 -0.999273 1.000000 1.000000 1.000000
9068.790039 0.000000 5782.061523 0.000000 0.181134 0.000000 -0.983458 1.000000 1.000000 1.000000
9078.962891 0.000000 5782.689941 0.000000 0.537892 0.000000 -0.843014 1.000000 1.000000 1.000000
9037.321289 0.000000 5778.713379 0.000000 0.424332 0.000000 -0.905506 1.000000 1.000000 1.000000
9053.213867 0.000000 5787.080566 0.000000 0.376179 0.000000 -0.926547 1.000000 1.000000 1.000000
9017.298828 0.000000 5744.265137 0.000000 0.480080 0.000000 -0.877225 1.000000 1.000000 1.000000
9065.082031 0.000000 5772.896973 0.000000 0.455598 0.000000 -0.890186 1.000000 1.000000 1.000000
9069.051758 0.000000 5783.217285 0.000000 0.490888 0.000000 -0.871223 1.000000 1.000000 1.000000
9093.723633 0.000000 5793.164062 0.000000 0.530233 0.000000 -0.847852 1.000000 1.000000 1.000000
9109.739258 0.000000 5778.981934 0.000000 0.441896 0.000000 -0.897066 1.000000 1.000000 1.000000
9133.327148 0.000000 5844.296875 0.000000 0.428698 0.000000 -0.903448 1.000000 1.000000 1.000000
9129.168945 0.000000 5838.720215 0.000000 0.326362 0.000000 -0.945245 1.000000 1.000000 1.000000
9135.197266 0.000000 5829.791016 0.000000 0.383770 0.000000 -0.923429 1.000000 1.000000 1.000000
9055.972656 0.000000 5977.625000 0.000000 0.218721 0.000000 -0.975788 1.000000 1.000000 1.000000
9033.512695 0.000000 5975.194336 0.000000 0.375573 0.000000 -0.926793 1.000000 1.000000 1.000000
9033.284180 0.000000 5968.290039 0.000000 0.068276 0.000000 -0.997666 1.000000 1.000000 1.000000
9053.072266 0.000000 5952.326172 0.000000 0.392593 0.000000 -0.919712 1.000000 1.000000 1.000000
9055.256836 0.000000 5967.244141 0.000000 0.223888 0.000000 -0.974615 1.000000 1.000000 1.000000
9052.752930 0.000000 5953.726562 0.000000 0.168906 0.000000 -0.985632 1.000000 1.000000 1.000000
9044.727539 0.000000 5967.162109 0.000000 0.349928 0.000000 -0.936777 1.000000 1.000000 1.000000
2955.328369 0.000000 6059.377441 0.000000 0.268905 0.000000 -0.963167 1.000000 1.000000 1.000000
2997.074463 0.000000 6074.346191 0.000000 0.102201 0.000000 -0.994764 1.000000 1.000000 1.000000
2989.056396 0.000000 6057.513184 0.000000 0.316077 0.000000 -0.948733 1.000000 1.000000 1.000000
2960.830322 0.000000 6007.920410 0.000000 0.066296 0.000000 -0.997800 1.000000 1.000000 1.000000
2960.505859 0.000000 6061.336914 0.000000 0.208180 0.000000 -0.978091 1.000000 1.000000 1.000000
2994.669434 0.000000 6070.132324 0.000000 0.095605 0.000000 -0.995419 1.000000 1.000000 1.000000
2968.929688 0.000000 6007.911621 0.000000 0.412185 0.000000 -0.911100 1.000000 1.000000 1.000000
2962.972656 0.000000 6006.477051 0.000000 0.168241 0.000000 -0.985746 1.000000 1.000000 1.000000
2954.134033 0.000000 6043.919922 0.000000 0.162292 0.000000 -0.986743 1.000000 1.000000 1.000000
2955.060059 0.000000 6036.140137 0.000000 0.136330 0.000000 -0.990664 1.000000 1.000000 1.000000
2956.266357 0.000000 6072.951172 0.000000 0.037116 0.000000 -0.999311 1.000000 1.000000 1.000000
2958.555420 0.000000 6081.247559 0.000000 0.463473 0.000000 -0.886111 1.000000 1.000000 1.000000
2991.008301 0.000000 6067.481934 0.000000 0.233752 0.000000 -0.972296 1.000000 1.000000 1.000000
2964.568359 0.000000 6006.189941 0.000000 0.521532 0.000000 -0.853231 1.000000 1.000000 1.000000
2997.261475 0.000000 6076.123535 0.000000 0.142460 0.000000 -0.989801 1.000000 1.000000 1.000000
2959.169678 0.000000 6060.811035 0.000000 0.159283 0.000000 -0.987233 1.000000 1.000000 1.000000
2963.879639 0.000000 6018.679688 0.000000 0.286454 0.000000 -0.958094 1.000000 1.000000 1.000000
2961.100342 0.000000 6016.789551 0.000000 0.418953 0.000000 -0.908008 1.000000 1.000000 1.000000
2995.658936 0.000000 6068.839844 0.000000 0.003967 0.000000 -0.999992 1.000000 1.000000 1.000000
2960.373291 0.000000 6051.763672 0.000000 0.303478 0.000000 -0.952838 1.000000 1.000000 1.000000
2957.332520 0.000000 6007.177246 0.000000 0.287560 0.000000 -0.957763 1.000000 1.000000 1.000000
2962.111328 0.000000 6014.209473 0.000000 0.217541 0.000000 -0.976051 1.000000 1.000000 1.000000
2961.873535 0.000000 6050.049805 0.000000 0.471835 0.000000 -0.881687 1.000000 1.000000 1.000000
2965.866699 0.000000 6013.272461 0.000000 0.060746 0.000000 -0.998153 1.000000 1.000000 1.000000
2966.307617 0.000000 6011.488281 0.000000 0.023375 0.000000 -0.999727 1.000000 1.000000 1.000000
2966.174316 0.000000 6008.576172 0.000000 0.196859 0.000000 -0.980432 1.000000 1.000000 1.000000
2969.757324 0.000000 6152.389648 0.000000 0.179144 0.000000 -0.983823 1.000000 1.000000 1.000000
2961.914307 0.000000 6097.153320 0.000000 0.275747 0.000000 -0.961230 1.000000 1.000000 1.000000
2921.253906 0.000000 6138.091797 0.000000 0.237581 0.000000 -0.971368 1.000000 1.000000 1.000000
2976.588379 0.000000 6154.925293 0.000000 0.544955 0.000000 -0.838465 1.000000 1.000000 1.000000
2955.504150 0.000000 6095.924805 0.000000 0.145098 0.000000 -0.989417 1.000000 1.000000 1.000000
2960.804688 0.000000 6093.629883 0.000000 0.127663 0.000000 -0.991818 1.000000 1.000000 1.000000
2967.285645 0.000000 6150.953125 0.000000 0.162026 0.000000 -0.986786 1.000000 1.000000 1.000000
2928.828857 0.000000 6125.366699 0.000000 0.131571 0.000000 -0.991307 1.000000 1.000000 1.000000
2962.290771 0.000000 6162.468750 0.000000 0.215774 0.000000 -0.976443 1.000000 1.000000 1.000000
2920.323486 0.000000 6135.796875 0.000000 0.366349 0.000000 -0.930477 1.000000 1.000000 1.000000
2915.131348 0.000000 6131.136719 0.000000 0.236215 0.000000 -0.971701 1.000000 1.000000 1.000000
2958.265137 0.000000 6167.461426 0.000000 0.295398 0.000000 -0.955374 1.000000 1.000000 1.000000
2958.292480 0.000000 6155.873047 0.000000 0.047150 0.000000 -0.998888 1.000000 1.000000 1.000000
2961.371338 0.000000 6153.187012 0.000000 0.473713 0.000000 -0.880680 1.000000 1.000000 1.000000
2986.110840 0.000000 6145.583496 0.000000 0.576144 0.000000 -0.817348 1.000000 1.000000 1.000000
2922.153076 0.000000 6127.938477 0.000000 0.331171 0.000000 -0.943571 1.000000 1.000000 1.000000
2959.677734 0.000000 6169.166016 0.000000 0.271703 0.000000 -0.962381 1.000000 1.000000 1.000000
2948.388428 0.000000 6103.272461 0.000000 0.023989 0.000000 -0.999712 1.000000 1.000000 1.000000
2925.008057 0.000000 6126.380859 0.000000 0.558661 0.000000 -0.829396 1.000000 1.000000 1.000000
2958.977783 0.000000 6163.457520 0.000000 0.397904 0.000000 -0.917427 1.000000 1.000000 1.000000
2957.790283 0.000000 6113.836426 0.000000 0.571412 0.000000 -0.820663 1.000000 1.000000 1.000000
2915.490967 0.000000 6137.374512 0.000000 0.569393 0.000000 -0.822065 1.000000 1.000000 1.000000
2919.282715 0.000000 6145.950195 0.000000 0.266185 0.000000 -0.963922 1.000000 1.000000 1.000000
2918.847656 0.000000 6144.333008 0.000000 0.372653 0.000000 -0.927971 1.000000 1.000000 1.000000
2918.742432 0.000000 6148.794922 0.000000 0.334221 0.000000 -0.942495 1.000000 1.000000 1.000000
3070.651855 0.000000 6036.760742 0.000000 0.355916 0.000000 -0.934518 1.000000 1.000000 1.000000
3080.333496 0.000000 6071.922363 0.000000 0.436725 0.000000 -0.899595 1.000000 1.000000 1.000000
3032.195068 0.000000 6033.709473 0.000000 0.479589 0.000000 -0.877493 1.000000 1.000000 1.000000
3071.684326 0.000000 6023.146484 0.000000 0.437926 0.000000 -0.899011 1.000000 1.000000 1.000000
3041.879395 0.000000 6015.258301 0.000000 0.338497 0.000000 -0.940968 1.000000 1.000000 1.000000
3084.601807 0.000000 6014.851562 0.000000 0.551138 0.000000 -0.834414 1.000000 1.000000 1.000000
3082.786133 0.000000 6061.447266 0.000000 0.173040 0.000000 -0.984915 1.000000 1.000000 1.000000
3033.490234 0.000000 6038.896973 0.000000 0.129293 0.000000 -0.991606 1.000000 1.000000 1.000000
3053.530029 0.000000 6017.290039 0.000000 0.066598 0.000000 -0.997780 1.000000 1.000000 1.000000
3037.313721 0.000000 6012.668945 0.000000 0.089730 0.000000 -0.995966 1.000000 1.000000 1.000000
3035.895752 0.000000 6039.204590 0.000000 0.163439 0.000000 -0.986553 1.000000 1.000000 1.000000
3055.669434 0.000000 6036.031250 0.000000 0.409791 0.000000 -0.912179 1.000000 1.000000 1.000000
3026.025146 0.000000 6034.944336 0.000000 0.131680 0.000000 -0.991292 1.000000 1.000000 1.000000
3027.095947 0.000000 6014.300293 0.000000 0.507473 0.000000 -0.861668 1.000000 1.000000 1.000000
3041.955322 0.000000 6017.275391 0.000000 0.477855 0.000000 -0.878439 1.000000 1.000000 1.000000
3047.299072 0.000000 6035.119141 0.000000 0.580918 0.000000 -0.813962 1.000000 1.000000 1.000000
3085.279053 0.000000 6044.109375 0.000000 0.430924 0.000000 -0.902388 1.000000 1.000000 1.000000
3074.082275 0.000000 6042.206543 0.000000 0.297864 0.000000 -0.954608 1.000000 1.000000 1.000000
3064.915283 0.000000 6020.185059 0.000000 0.004464 0.000000 -0.999990 1.000000 1.000000 1.000000
3047.939453 0.000000 6037.560547 0.000000 0.294191 0.000000 -0.955747 1.000000 1.000000 1.000000
3075.677246 0.000000 6024.209473 0.000000 0.583380 0.000000 -0.812199 1.000000 1.000000 1.000000
3082.185303 0.000000 6044.334961 0.000000 0.496435 0.000000 -0.868074 1.000000 1.000000 1.000000
3087.969482 0.000000 6017.841797 0.000000 0.099375 0.000000 -0.995050 1.000000 1.000000 1.000000
3052.989258 0.000000 6018.831543 0.000000 0.480170 0.000000 -0.877175 1.000000 1.000000 1.000000
3028.660645 0.000000 6032.575684 0.000000 0.372733 0.000000 -0.927939 1.000000 1.000000 1.000000
3015.870605 0.000000 6018.359863 0.000000 0.116609 0.000000 -0.993178 1.000000 1.000000 1.000000
3091.285400 0.000000 6016.619141 0.000000 0.541424 0.000000 -0.840750 1.000000 1.000000 1.000000
3058.335449 0.000000 6035.554688 0.000000 0.422096 0.000000 -0.906551 1.000000 1.000000 1.000000
3071.365723 0.000000 6024.616211 0.000000 0.508051 0.000000 -0.861327 1.000000 1.000000 1.000000
3064.766113 0.000000 6025.604004 0.000000 0.545136 0.000000 -0.838348 1.000000 1.000000 1.000000
3045.900146 0.000000 6015.198242 0.000000 0.519071 0.000000 -0.854731 1.000000 1.000000 1.000000
3054.397461 0.000000 6036.551758 0.000000 0.182635 0.000000 -0.983181 1.000000 1.000000 1.000000
3026.791504 0.000000 6041.730469 0.000000 0.201659 0.000000 -0.979456 1.000000 1.000000 1.000000
3071.347412 0.000000 6025.916504 0.000000 0.018260 0.000000 -0.999833 1.000000 1.000000 1.000000
3010.697021 0.000000 6017.556641 0.000000 0.207598 0.000000 -0.978214 1.000000 1.000000 1.000000
3026.872803 0.000000 6035.631836 0.000000 0.216569 0.000000 -0.976267 1.000000 1.000000 1.000000
3078.957520 0.000000 6068.656250 0.000000 0.026383 0.000000 -0.999652 1.000000 1.000000 1.000000
3037.523438 0.000000 6021.631348 0.000000 0.443627 0.000000 -0.896212 1.000000 1.000000 1.000000
3135.041992 0.000000 6010.733887 0.000000 0.083484 0.000000 -0.996509 1.000000 1.000000 1.000000
3109.059570 0.000000 6048.311523 0.000000 0.299504 0.000000 -0.954095 1.000000 1.000000 1.000000
3105.483643 0.000000 6052.426758 0.000000 0.305780 0.000000 -0.952102 1.000000 1.000000 1.000000
3118.187988 0.000000 6033.590820 0.000000 0.119132 0.000000 -0.992878 1.000000 1.000000 1.000000
3099.038574 0.000000 6089.249512 0.000000 0.141785 0.000000 -0.989897 1.000000 1.000000 1.000000
3111.855713 0.000000 6012.691895 0.000000 0.128340 0.000000 -0.991730 1.000000 1.000000 1.000000
3101.997314 0.000000 6044.454102 0.000000 0.175773 0.000000 -0.984431 1.000000 1.000000 1.000000
3121.643555 0.000000 6027.306152 0.000000 0.418468 0.000000 -0.908231 1.000000 1.000000 1.000000
3157.559082 0.000000 6002.828125 0.000000 0.307471 0.000000 -0.951557 1.000000 1.000000 1.000000
3108.744385 0.000000 6057.689453 0.000000 0.525364 0.000000 -0.850877 1.000000 1.000000 1.000000
3093.507324 0.000000 6078.756348 0.000000 0.288064 0.000000 -0.957611 1.000000 1.000000 1.000000
3103.075684 0.000000 6078.414062 0.000000 0.575609 0.000000 -0.817725 1.000000 1.000000 1.000000
3106.432617 0.000000 6011.792969 0.000000 0.327101 0.000000 -0.944989 1.000000 1.000000 1.000000
3147.723145 0.000000 6005.271973 0.000000 0.363860 0.000000 -0.931454 1.000000 1.000000 1.000000
3108.261475 0.000000 6071.694824 0.000000 0.439880 0.000000 -0.898057 1.000000 1.000000 1.000000
3103.233398 0.000000 6052.988281 0.000000 0.043689 0.000000 -0.999045 1.000000 1.000000 1.000000
3100.102051 0.000000 6006.849121 0.000000 0.173048 0.000000 -0.984913 1.000000 1.000000 1.000000
3135.057617 0.000000 6019.279297 0.000000 0.571017 0.000000 -0.820938 1.000000 1.000000 1.000000
3135.697510 0.000000 6017.275391 0.000000 0.050012 0.000000 -0.998749 1.000000 1.000000 1.000000
3113.220947 0.000000 6008.275879 0.000000 0.444814 0.000000 -0.895623 1.000000 1.000000 1.000000
3110.547119 0.000000 6063.869629 0.000000 0.467678 0.000000 -0.883899 1.000000 1.000000 1.000000
3093.654297 0.000000 6080.481445 0.000000 0.438275 0.000000 -0.898841 1.000000 1.000000 1.000000
3101.815918 0.000000 6006.842773 0.000000 0.502714 0.000000 -0.864453 1.000000 1.000000 1.000000
3105.548340 0.000000 6061.454102 0.000000 0.078913 0.000000 -0.996881 1.000000 1.000000 1.000000
3103.373535 0.000000 6085.078125 0.000000 0.374688 0.000000 -0.927151 1.000000 1.000000 1.000000
3097.721924 0.000000 6011.584961 0.000000 0.168549 0.000000 -0.985693 1.000000 1.000000 1.000000
3107.724121 0.000000 6012.499512 0.000000 0.353275 0.000000 -0.935520 1.000000 1.000000 1.000000
3113.439941 0.000000 6030.136230 0.000000 0.052920 0.000000 -0.998599 1.000000 1.000000 1.000000
3114.875488 0.000000 6003.584473 0.000000 0.359242 0.000000 -0.933244 1.000000 1.000000 1.000000
3112.492432 0.000000 6032.638672 0.000000 0.288526 0.000000 -0.957472 1.000000 1.000000 1.000000
3156.582520 0.000000 6004.412109 0.000000 0.159458 0.000000 -0.987205 1.000000 1.000000 1.000000
3130.430420 0.000000 6015.236816 0.000000 0.026734 0.000000 -0.999643 1.000000 1.000000 1.000000
3108.306641 0.000000 6009.676758 0.000000 0.291059 0.000000 -0.956705 1.000000 1.000000 1.000000
3133.809082 0.000000 6014.432129 0.000000 0.164696 0.000000 -0.986344 1.000000 1.000000 1.000000
3000.288086 0.000000 6098.071777 0.000000 0.084330 0.000000 -0.996438 1.000000 1.000000 1.000000
3008.340820 0.000000 6109.825684 0.000000 0.110206 0.000000 -0.993909 1.000000 1.000000 1.000000
3054.248047 0.000000 6155.079102 0.000000 0.097786 0.000000 -0.995207 1.000000 1.000000 1.000000
3071.385742 0.000000 6168.783691 0.000000 0.005582 0.000000 -0.999984 1.000000 1.000000 1.000000
3054.759277 0.000000 6131.731445 0.000000 0.545177 0.000000 -0.838321 1.000000 1.000000 1.000000
3023.117920 0.000000 6168.338867 0.000000 0.502804 0.000000 -0.864401 1.000000 1.000000 1.000000
3077.312988 0.000000 6095.129395 0.000000 0.162099 0.000000 -0.986775 1.000000 1.000000 1.000000
3092.433105 0.000000 6096.391113 0.000000 0.386629 0.000000 -0.922235 1.000000 1.000000 1.000000
3002.893066 0.000000 6104.190918 0.000000 0.381654 0.000000 -0.924305 1.000000 1.000000 1.000000
3007.691895 0.000000 6161.421875 0.000000 0.234798 0.000000 -0.972044 1.000000 1.000000 1.000000
3018.304688 0.000000 6163.563965 0.000000 0.206170 0.000000 -0.978516 1.000000 1.000000 1.000000
3074.392578 0.000000 6114.429688 0.000000 0.131059 0.000000 -0.991375 1.000000 1.000000 1.000000
3083.064453 0.000000 6160.587402 0.000000 0.181351 0.000000 -0.983418 1.000000 1.000000 1.000000
3080.813965 0.000000 6119.091797 0.000000 0.134707 0.000000 -0.990885 1.000000 1.000000 1.000000
3030.761963 0.000000 6170.248047 0.000000 0.396114 0.000000 -0.918202 1.000000 1.000000 1.000000
3079.323486 0.000000 6109.269531 0.000000 0.297290 0.000000 -0.954787 1.000000 1.000000 1.000000
3092.711182 0.000000 6115.529297 0.000000 0.196034 0.000000 -0.980597 1.000000 1.000000 1.000000
3003.614258 0.000000 6099.969727 0.000000 0.296231 0.000000 -0.955116 1.000000 1.000000 1.000000
3004.634277 0.000000 6103.561035 0.000000 0.078208 0.000000 -0.996937 1.000000 1.000000 1.000000
3021.206055 0.000000 6126.243652 0.000000 0.008392 0.000000 -0.999965 1.000000 1.000000 1.000000
3017.055420 0.000000 6162.422363 0.000000 0.474331 0.000000 -0.880346 1.000000 1.000000 1.000000
3083.915039 0.000000 6109.927246 0.000000 0.254939 0.000000 -0.966957 1.000000 1.000000 1.000000
3092.294922 0.000000 6116.947754 0.000000 0.185844 0.000000 -0.982579 1.000000 1.000000 1.000000
3091.228027 0.000000 6144.295410 0.000000 0.245071 0.000000 -0.969505 1.000000 1.000000 1.000000
3103.997559 0.000000 6154.526367 0.000000 0.383729 0.000000 -0.923446 1.000000 1.000000 1.000000
3096.062500 0.000000 6144.878418 0.000000 0.332416 0.000000 -0.943133 1.000000 1.000000 1.000000
3102.740967 0.000000 6162.821777 0.000000 0.017308 0.000000 -0.999850 1.000000 1.000000 1.000000
3104.626221 0.000000 6160.314453 0.000000 0.057932 0.000000 -0.998321 1.000000 1.000000 1.000000
3095.290039 0.000000 6122.433105 0.000000 0.190057 0.000000 -0.981773 1.000000 1.000000 1.000000
3466.956055 0.000000 6042.650391 0.000000 0.402626 0.000000 -0.915365 1.000000 1.000000 1.000000
3422.247314 0.000000 6024.517578 0.000000 0.241549 0.000000 -0.970389 1.000000 1.000000 1.000000
3466.576660 0.000000 6035.343750 0.000000 0.236373 0.000000 -0.971663 1.000000 1.000000 1.000000
3426.803467 0.000000 6045.130859 0.000000 0.216878 0.000000 -0.976199 1.000000 1.000000 1.000000
3437.982422 0.000000 6061.747559 0.000000 0.392079 0.000000 -0.919931 1.000000 1.000000 1.000000
3468.349365 0.000000 6024.114746 0.000000 0.447716 0.000000 -0.894176 1.000000 1.000000 1.000000
3429.825684 0.000000 6055.033691 0.000000 0.408968 0.000000 -0.912549 1.000000 1.000000 1.000000
3422.492920 0.000000 6022.048340 0.000000 0.105063 0.000000 -0.994466 1.000000 1.000000 1.000000
3423.225586 0.000000 6026.193359 0.000000 0.299992 0.000000 -0.953942 1.000000 1.000000 1.000000
3425.315186 0.000000 6035.172363 0.000000 0.175945 0.000000 -0.984400 1.000000 1.000000 1.000000
3436.257324 0.000000 6006.857910 0.000000 0.159776 0.000000 -0.987153 1.000000 1.000000 1.000000
3433.956543 0.000000 6009.011719 0.000000 0.164776 0.000000 -0.986331 1.000000 1.000000 1.000000
3426.802002 0.000000 6035.231934 0.000000 0.287099 0.000000 -0.957901 1.000000 1.000000 1.000000
3464.279785 0.000000 6046.506348 0.000000 0.441578 0.000000 -0.897223 1.000000 1.000000 1.000000
3468.159912 0.000000 6029.948730 0.000000 0.195006 0.000000 -0.980802 1.000000 1.000000 1.000000
3469.588379 0.000000 5999.588379 0.000000 0.393285 0.000000 -0.919417 1.000000 1.000000 1.000000
3471.412354 0.000000 6001.893555 0.000000 0.176472 0.000000 -0.984306 1.000000 1.000000 1.000000
3468.977295 0.000000 6022.751465 0.000000 0.255093 0.000000 -0.966917 1.000000 1.000000 1.000000
3475.607910 0.000000 6043.778809 0.000000 0.142019 0.000000 -0.989864 1.000000 1.000000 1.000000
3474.537598 0.000000 6022.838379 0.000000 0.419646 0.000000 -0.907688 1.000000 1.000000 1.000000
3474.320312 0.000000 6032.177246 0.000000 0.124084 0.000000 -0.992272 1.000000 1.000000 1.000000
3616.705811 0.000000 6160.516113 0.000000 0.058346 0.000000 -0.998296 1.000000 1.000000 1.000000
3629.276611 0.000000 6123.108398 0.000000 0.491791 0.000000 -0.870713 1.000000 1.000000 1.000000
3623.865479 0.000000 6119.520020 0.000000 0.461160 0.000000 -0.887317 1.000000 1.000000 1.000000
3634.953369 0.000000 6136.791016 0.000000 0.247245 0.000000 -0.968953 1.000000 1.000000 1.000000
3625.193604 0.000000 6117.546387 0.000000 0.429903 0.000000 -0.902875 1.000000 1.000000 1.000000
3617.314209 0.000000 6156.761719 0.000000 0.339597 0.000000 -0.940571 1.000000 1.000000 1.000000
3617.286133 0.000000 6158.706055 0.000000 0.062737 0.000000 -0.998030 1.000000 1.000000 1.000000
3634.141846 0.000000 6142.481445 0.000000 0.506171 0.000000 -0.862433 1.000000 1.000000 1.000000
3583.424316 0.000000 6154.100098 0.000000 0.452869 0.000000 -0.891577 1.000000 1.000000 1.000000
3634.205811 0.000000 6145.123047 0.000000 0.156656 0.000000 -0.987653 1.000000 1.000000 1.000000
6725.927734 0.000000 8132.100586 0.000000 0.268877 0.000000 -0.963175 1.000000 1.000000 1.000000
6707.980957 0.000000 8130.884766 0.000000 0.354565 0.000000 -0.935031 1.000000 1.000000 1.000000
6738.729492 0.000000 8168.844727 0.000000 0.572958 0.000000 -0.819585 1.000000 1.000000 1.000000
6740.547363 0.000000 8170.921875 0.000000 0.371929 0.000000 -0.928261 1.000000 1.000000 1.000000
6719.818848 0.000000 8188.840332 0.000000 0.386202 0.000000 -0.922414 1.000000 1.000000 1.000000
6749.975586 0.000000 8160.399902 0.000000 0.001111 0.000000 -0.999999 1.000000 1.000000 1.000000
6696.603516 0.000000 8325.527344 0.000000 0.266583 0.000000 -0.963812 1.000000 1.000000 1.000000
6692.586914 0.000000 8316.344727 0.000000 0.427085 0.000000 -0.904211 1.000000 1.000000 1.000000
6742.987305 0.000000 8325.083984 0.000000 0.093663 0.000000 -0.995604 1.000000 1.000000 1.000000
6651.544922 0.000000 8362.408203 0.000000 0.302361 0.000000 -0.953193 1.000000 1.000000 1.000000
6647.495117 0.000000 8350.742188 0.000000 0.211723 0.000000 -0.977330 1.000000 1.000000 1.000000
6648.539062 0.000000 8361.630859 0.000000 0.055333 0.000000 -0.998468 1.000000 1.000000 1.000000
6651.722656 0.000000 8358.837891 0.000000 0.213055 0.000000 -0.977040 1.000000 1.000000 1.000000
6679.793457 0.000000 8361.416016 0.000000 0.337741 0.000000 -0.941239 1.000000 1.000000 1.000000
6689.435547 0.000000 8382.452148 0.000000 0.428957 0.000000 -0.903325 1.000000 1.000000 1.000000
6664.776855 0.000000 8348.194336 0.000000 0.475733 0.000000 -0.879590 1.000000 1.000000 1.000000
6684.259766 0.000000 8377.369141 0.000000 0.452471 0.000000 -0.891779 1.000000 1.000000 1.000000
6629.802734 0.000000 8461.778320 0.000000 0.505546 0.000000 -0.862800 1.000000 1.000000 1.000000
6672.816406 0.000000 8522.189453 0.000000 0.477787 0.000000 -0.878476 1.000000 1.000000 1.000000
6686.103516 0.000000 8584.895508 0.000000 0.400806 0.000000 -0.916163 1.000000 1.000000 1.000000
6665.040527 0.000000 8544.238281 0.000000 0.011024 0.000000 -0.999939 1.000000 1.000000 1.000000
6692.624512 0.000000 8582.908203 0.000000 0.009302 0.000000 -0.999957 1.000000 1.000000 1.000000
6683.981934 0.000000 8531.594727 0.000000 0.265839 0.000000 -0.964018 1.000000 1.000000 1.000000
6681.645508 0.000000 8635.390625 0.000000 0.495185 0.000000 -0.868788 1.000000 1.000000 1.000000
6761.531738 0.000000 8313.034180 0.000000 0.047220 0.000000 -0.998884 1.000000 1.000000 1.000000
6840.531250 0.000000 8288.867188 0.000000 0.124263 0.000000 -0.992249 1.000000 1.000000 1.000000
6765.829590 0.000000 8303.043945 0.000000 0.047615 0.000000 -0.998866 1.000000 1.000000 1.000000
6758.450195 0.000000 8304.212891 0.000000 0.037420 0.000000 -0.999300 1.000000 1.000000 1.000000
6839.337891 0.000000 8272.046875 0.000000 0.070316 0.000000 -0.997525 1.000000 1.000000 1.000000
6913.898926 0.000000 8375.207031 0.000000 0.366472 0.000000 -0.930429 1.000000 1.000000 1.000000
6902.222168 0.000000 8375.980469 0.000000 0.172706 0.000000 -0.984973 1.000000 1.000000 1.000000
6918.259766 0.000000 8434.711914 0.000000 0.278750 0.000000 -0.960364 1.000000 1.000000 1.000000
6925.178223 0.000000 8355.387695 0.000000 0.363144 0.000000 -0.931733 1.000000 1.000000 1.000000
6820.156738 0.000000 8468.949219 0.000000 0.159003 0.000000 -0.987278 1.000000 1.000000 1.000000
6788.945801 0.000000 8498.046875 0.000000 0.378792 0.000000 -0.925482 1.000000 1.000000 1.000000
6776.864746 0.000000 8473.979492 0.000000 0.231768 0.000000 -0.972771 1.000000 1.000000 1.000000
6818.337891 0.000000 8491.302734 0.000000 0.000462 0.000000 -1.000000 1.000000 1.000000 1.000000
6786.211914 0.000000 8499.178711 0.000000 0.442908 0.000000 -0.896567 1.000000 1.000000 1.000000
6935.034180 0.000000 8503.909180 0.000000 0.021238 0.000000 -0.999774 1.000000 1.000000 1.000000
6917.655273 0.000000 8456.431641 0.000000 0.365599 0.000000 -0.930772 1.000000 1.000000 1.000000
6837.860840 0.000000 8604.647461 0.000000 0.001083 0.000000 -0.999999 1.000000 1.000000 1.000000
6767.542969 0.000000 8587.341797 0.000000 0.040550 0.000000 -0.999178 1.000000 1.000000 1.000000
6790.502441 0.000000 8583.321289 0.000000 0.548103 0.000000 -0.836411 1.000000 1.000000 1.000000
6924.602051 0.000000 8594.364258 0.000000 0.571144 0.000000 -0.820850 1.000000 1.000000 1.000000
6925.605469 0.000000 8563.255859 0.000000 0.457299 0.000000 -0.889313 1.000000 1.000000 1.000000
6922.042969 0.000000 8577.405273 0.000000 0.346180 0.000000 -0.938168 1.000000 1.000000 1.000000
6856.161621 0.000000 8575.551758 0.000000 0.071379 0.000000 -0.997449 1.000000 1.000000 1.000000
6876.125488 0.000000 8568.556641 0.000000 0.271580 0.000000 -0.962416 1.000000 1.000000 1.000000
6938.321289 0.000000 8490.345703 0.000000 0.159011 0.000000 -0.987277 1.000000 1.000000 1.000000
6979.917969 0.000000 8482.192383 0.000000 0.325808 0.000000 -0.945436 1.000000 1.000000 1.000000
6968.639648 0.000000 8462.719727 0.000000 0.332981 0.000000 -0.942934 1.000000 1.000000 1.000000
6968.259766 0.000000 8487.912109 0.000000 0.230935 0.000000 -0.972969 1.000000 1.000000 1.000000
7047.442383 0.000000 8557.894531 0.000000 0.046422 0.000000 -0.998922 1.000000 1.000000 1.000000
7273.079590 0.000000 8526.153320 0.000000 0.378170 0.000000 -0.925736 1.000000 1.000000 1.000000
7273.425293 0.000000 8529.945312 0.000000 0.259698 0.000000 -0.965690 1.000000 1.000000 1.000000
7273.005371 0.000000 8527.553711 0.000000 0.476795 0.000000 -0.879014 1.000000 1.000000 1.000000
7262.335449 0.000000 8502.500977 0.000000 0.096163 0.000000 -0.995366 1.000000 1.000000 1.000000
7236.035156 0.000000 8596.599609 0.000000 0.523208 0.000000 -0.852205 1.000000 1.000000 1.000000
7235.454102 0.000000 8599.718750 0.000000 0.248328 0.000000 -0.968676 1.000000 1.000000 1.000000
7352.668457 0.000000 8571.119141 0.000000 0.007442 0.000000 -0.999972 1.000000 1.000000 1.000000
7354.934570 0.000000 8571.719727 0.000000 0.216940 0.000000 -0.976185 1.000000 1.000000 1.000000
6819.089844 0.000000 8626.378906 0.000000 0.561435 0.000000 -0.827521 1.000000 1.000000 1.000000
6795.672363 0.000000 8634.199219 0.000000 0.116449 0.000000 -0.993197 1.000000 1.000000 1.000000
6782.778809 0.000000 8625.485352 0.000000 0.577466 0.000000 -0.816414 1.000000 1.000000 1.000000
6816.994629 0.000000 8645.451172 0.000000 0.293696 0.000000 -0.955899 1.000000 1.000000 1.000000
9276.799805 0.000000 6344.874023 0.000000 0.501290 0.000000 -0.865279 1.000000 1.000000 1.000000
9260.295898 0.000000 6360.637695 0.000000 0.440984 0.000000 -0.897515 1.000000 1.000000 1.000000
9334.023438 0.000000 6345.228516 0.000000 0.566993 0.000000 -0.823722 1.000000 1.000000 1.000000
9314.876953 0.000000 6335.781250 0.000000 0.037590 0.000000 -0.999293 1.000000 1.000000 1.000000
9339.890625 0.000000 6356.208984 0.000000 0.562457 0.000000 -0.826827 1.000000 1.000000 1.000000
9337.147461 0.000000 6313.111816 0.000000 0.292608 0.000000 -0.956233 1.000000 1.000000 1.000000
9322.681641 0.000000 6298.501953 0.000000 0.264855 0.000000 -0.964288 1.000000 1.000000 1.000000
9371.907227 0.000000 6354.039551 0.000000 0.184461 0.000000 -0.982840 1.000000 1.000000 1.000000
9371.730469 0.000000 6357.350098 0.000000 0.559360 0.000000 -0.828925 1.000000 1.000000 1.000000
9350.739258 0.000000 6301.112793 0.000000 0.349883 0.000000 -0.936793 1.000000 1.000000 1.000000
9394.228516 0.000000 6284.849609 0.000000 0.372780 0.000000 -0.927920 1.000000 1.000000 1.000000
9377.907227 0.000000 6347.328125 0.000000 0.370132 0.000000 -0.928979 1.000000 1.000000 1.000000
9392.810547 0.000000 6287.058594 0.000000 0.403371 0.000000 -0.915036 1.000000 1.000000 1.000000
9432.339844 0.000000 6283.391602 0.000000 0.496958 0.000000 -0.867775 1.000000 1.000000 1.000000
9416.496094 0.000000 6370.821289 0.000000 0.581931 0.000000 -0.813238 1.000000 1.000000 1.000000
9405.489258 0.000000 6341.069336 0.000000 0.400029 0.000000 -0.916502 1.000000 1.000000 1.000000
9394.955078 0.000000 6328.319824 0.000000 0.315572 0.000000 -0.948901 1.000000 1.000000 1.000000
9386.468750 0.000000 6362.741211 0.000000 0.111004 0.000000 -0.993820 1.000000 1.000000 1.000000
9254.395508 0.000000 6444.836914 0.000000 0.041480 0.000000 -0.999139 1.000000 1.000000 1.000000
9255.695312 0.000000 6442.729980 0.000000 0.193250 0.000000 -0.981150 1.000000 1.000000 1.000000
9303.303711 0.000000 6422.743652 0.000000 0.503176 0.000000 -0.864184 1.000000 1.000000 1.000000
9306.963867 0.000000 6451.304199 0.000000 0.066874 0.000000 -0.997761 1.000000 1.000000 1.000000
9315.554688 0.000000 6426.333984 0.000000 0.338639 0.000000 -0.940917 1.000000 1.000000 1.000000
9302.903320 0.000000 6425.526855 0.000000 0.494229 0.000000 -0.869332 1.000000 1.000000 1.000000
9342.776367 0.000000 6378.298828 0.000000 0.111032 0.000000 -0.993817 1.000000 1.000000 1.000000
9307.641602 0.000000 6487.819336 0.000000 0.191459 0.000000 -0.981501 1.000000 1.000000 1.000000
9306.422852 0.000000 6480.838867 0.000000 0.522563 0.000000 -0.852600 1.000000 1.000000 1.000000
9402.100586 0.000000 6425.613281 0.000000 0.433912 0.000000 -0.900955 1.000000 1.000000 1.000000
9377.379883 0.000000 6428.438965 0.000000 0.299735 0.000000 -0.954022 1.000000 1.000000 1.000000
9393.168945 0.000000 6451.760742 0.000000 0.559260 0.000000 -0.828992 1.000000 1.000000 1.000000
9384.061523 0.000000 6391.723145 0.000000 0.307048 0.000000 -0.951694 1.000000 1.000000 1.000000
9407.949219 0.000000 6495.474609 0.000000 0.579468 0.000000 -0.814995 1.000000 1.000000 1.000000
9442.357422 0.000000 6491.730957 0.000000 0.509997 0.000000 -0.860176 1.000000 1.000000 1.000000
9535.034180 0.000000 6779.303711 0.000000 0.208165 0.000000 -0.978094 1.000000 1.000000 1.000000
10168.870117 0.000000 7766.138184 0.000000 0.486922 0.000000 -0.873445 1.000000 1.000000 1.000000
10175.975586 0.000000 7778.461426 0.000000 0.233244 0.000000 -0.972418 1.000000 1.000000 1.000000
10167.150391 0.000000 7766.142578 0.000000 0.462812 0.000000 -0.886457 1.000000 1.000000 1.000000
10237.837891 0.000000 7774.637695 0.000000 0.435042 0.000000 -0.900410 1.000000 1.000000 1.000000
10246.275391 0.000000 7755.694336 0.000000 0.214837 0.000000 -0.976650 1.000000 1.000000 1.000000
10219.626953 0.000000 7777.400879 0.000000 0.307730 0.000000 -0.951474 1.000000 1.000000 1.000000
10218.663086 0.000000 7795.911133 0.000000 0.310536 0.000000 -0.950562 1.000000 1.000000 1.000000
10218.307617 0.000000 7794.647949 0.000000 0.065856 0.000000 -0.997829 1.000000 1.000000 1.000000
10323.890625 0.000000 7768.874023 0.000000 0.137199 0.000000 -0.990543 1.000000 1.000000 1.000000
10427.300781 0.000000 7771.836426 0.000000 0.148455 0.000000 -0.988919 1.000000 1.000000 1.000000
10408.735352 0.000000 7768.850098 0.000000 0.204652 0.000000 -0.978835 1.000000 1.000000 1.000000
10409.965820 0.000000 7768.170898 0.000000 0.341747 0.000000 -0.939792 1.000000 1.000000 1.000000
10316.351562 0.000000 7789.052734 0.000000 0.557636 0.000000 -0.830086 1.000000 1.000000 1.000000
10497.918945 0.000000 7843.400879 0.000000 0.512981 0.000000 -0.858400 1.000000 1.000000 1.000000
10495.512695 0.000000 7853.041992 0.000000 0.142342 0.000000 -0.989818 1.000000 1.000000 1.000000
10489.605469 0.000000 7865.599121 0.000000 0.048586 0.000000 -0.998819 1.000000 1.000000 1.000000
9996.446289 0.000000 7938.090332 0.000000 0.179930 0.000000 -0.983680 1.000000 1.000000 1.000000
10027.221680 0.000000 7950.138184 0.000000 0.536536 0.000000 -0.843878 1.000000 1.000000 1.000000
10036.484375 0.000000 7961.588379 0.000000 0.109797 0.000000 -0.993954 1.000000 1.000000 1.000000
10199.120117 0.000000 7954.287109 0.000000 0.117140 0.000000 -0.993115 1.000000 1.000000 1.000000
10152.307617 0.000000 7902.149902 0.000000 0.228726 0.000000 -0.973491 1.000000 1.000000 1.000000
10213.917969 0.000000 7919.398438 0.000000 0.424619 0.000000 -0.905372 1.000000 1.000000 1.000000
10183.570312 0.000000 7949.826172 0.000000 0.398102 0.000000 -0.917341 1.000000 1.000000 1.000000
10181.464844 0.000000 7948.735352 0.000000 0.360094 0.000000 -0.932916 1.000000 1.000000 1.000000
10163.556641 0.000000 7886.172852 0.000000 0.268058 0.000000 -0.963403 1.000000 1.000000 1.000000
10215.783203 0.000000 7919.182129 0.000000 0.209995 0.000000 -0.977703 1.000000 1.000000 1.000000
10223.439453 0.000000 7896.288574 0.000000 0.029827 0.000000 -0.999555 1.000000 1.000000 1.000000
10223.975586 0.000000 7897.682129 0.000000 0.423918 0.000000 -0.905700 1.000000 1.000000 1.000000
10362.605469 0.000000 7952.610840 0.000000 0.334176 0.000000 -0.942511 1.000000 1.000000 1.000000
10363.249023 0.000000 7944.847656 0.000000 0.408086 0.000000 -0.912944 1.000000 1.000000 1.000000
10470.457031 0.000000 7885.577637 0.000000 0.016396 0.000000 -0.999866 1.000000 1.000000 1.000000
"}
