object={
	name="tree_leaf_suramar_01_a_generator_1_0"
	render_pass=Map
	clamp_to_water_level=no
	generated_content=yes
	layer="tree_high_layer"
	pdxmesh="tree_leaf_suramar_01_a_mesh"
	count=3160
	transform="7101.383301 0.000000 8468.949219 0.000000 0.920912 0.000000 -0.389770 0.769492 0.769492 0.769492
7085.166504 0.000000 8504.071289 0.000000 0.824943 0.000000 -0.565216 0.821984 0.821984 0.821984
7106.391602 0.000000 8490.764648 0.000000 0.777209 0.000000 -0.629243 0.879981 0.879981 0.879981
7089.727051 0.000000 8527.550781 0.000000 0.980005 0.000000 0.198974 0.668236 0.668236 0.668236
7117.485840 0.000000 8475.760742 0.000000 0.748873 0.000000 0.662714 0.618425 0.618425 0.618425
7097.529297 0.000000 8513.648438 0.000000 0.983767 0.000000 0.179451 0.707770 0.707770 0.707770
7097.883789 0.000000 8500.237305 0.000000 0.661604 0.000000 0.749854 0.413449 0.413449 0.413449
7098.247559 0.000000 8481.171875 0.000000 0.930362 0.000000 0.366642 0.652297 0.652297 0.652297
7111.775391 0.000000 8466.867188 0.000000 0.511573 0.000000 0.859240 0.548691 0.548691 0.548691
7089.037598 0.000000 8494.580078 0.000000 0.879334 0.000000 0.476205 0.683087 0.683087 0.683087
7109.062012 0.000000 8481.078125 0.000000 0.310660 0.000000 0.950521 0.345851 0.345851 0.345851
7087.726074 0.000000 8513.550781 0.000000 0.158214 0.000000 0.987405 0.332298 0.332298 0.332298
7096.896973 0.000000 8490.112305 0.000000 0.999894 0.000000 0.014567 0.744654 0.744654 0.744654
7096.502930 0.000000 8522.096680 0.000000 0.967506 0.000000 -0.252848 0.794034 0.794034 0.794034
7080.833496 0.000000 8526.396484 0.000000 0.999090 0.000000 -0.042645 0.752955 0.752955 0.752955
7093.077637 0.000000 8506.879883 0.000000 0.796769 0.000000 0.604285 0.442618 0.442618 0.442618
7107.497559 0.000000 8473.577148 0.000000 0.822252 0.000000 -0.569123 0.965390 0.965390 0.965390
7084.998535 0.000000 8520.360352 0.000000 0.381161 0.000000 0.924509 0.445163 0.445163 0.445163
7100.896484 0.000000 8507.069336 0.000000 0.803729 0.000000 -0.594996 0.840684 0.840684 0.840684
7116.771484 0.000000 8483.106445 0.000000 0.890849 0.000000 0.454300 0.742936 0.742936 0.742936
7104.993164 0.000000 8497.830078 0.000000 0.568792 0.000000 -0.822482 0.900089 0.900089 0.900089
7096.534180 0.000000 8474.421875 0.000000 0.300438 0.000000 0.953802 0.678906 0.678906 0.678906
7080.953613 0.000000 8512.468750 0.000000 0.663034 0.000000 -0.748589 0.786430 0.786430 0.786430
7112.618652 0.000000 8488.225586 0.000000 0.717587 0.000000 -0.696469 0.760098 0.760098 0.760098
7103.406738 0.000000 8484.880859 0.000000 0.838295 0.000000 0.545216 0.488708 0.488708 0.488708
7091.025879 0.000000 8487.922852 0.000000 0.623376 0.000000 0.781922 0.692848 0.692848 0.692848
7090.438477 0.000000 8500.543945 0.000000 0.113953 0.000000 0.993486 0.299988 0.299988 0.299988
7095.812500 0.000000 8528.627930 0.000000 0.334790 0.000000 0.942293 0.381685 0.381685 0.381685
7092.124023 0.000000 8517.701172 0.000000 0.572929 0.000000 0.819605 0.397422 0.397422 0.397422
7103.858887 0.000000 8478.199219 0.000000 0.958277 0.000000 0.285842 0.644700 0.644700 0.644700
7101.113281 0.000000 8493.832031 0.000000 0.703899 0.000000 0.710300 0.449750 0.449750 0.449750
7115.951172 0.000000 8470.553711 0.000000 0.520949 0.000000 0.853588 0.495283 0.495283 0.495283
7094.413574 0.000000 8495.944336 0.000000 0.745107 0.000000 -0.666945 1.017941 1.017941 1.017941
7085.162109 0.000000 8498.633789 0.000000 0.993909 0.000000 0.110204 0.745451 0.745451 0.745451
7100.630859 0.000000 8518.216797 0.000000 0.383633 0.000000 -0.923486 0.780855 0.780855 0.780855
7112.060547 0.000000 8476.729492 0.000000 0.018132 0.000000 -0.999836 1.188991 1.188991 1.188991
7106.838379 0.000000 8468.580078 0.000000 0.501723 0.000000 -0.865029 0.996589 0.996589 0.996589
7092.733887 0.000000 8512.135742 0.000000 0.834804 0.000000 -0.550548 0.981431 0.981431 0.981431
7102.299805 0.000000 8512.338867 0.000000 0.744848 0.000000 0.667234 0.739058 0.739058 0.739058
7087.386719 0.000000 8508.664062 0.000000 0.838946 0.000000 0.544214 0.606695 0.606695 0.606695
7090.608887 0.000000 8522.561523 0.000000 0.970902 0.000000 -0.239479 0.853692 0.853692 0.853692
7108.115723 0.000000 8485.808594 0.000000 0.779887 0.000000 -0.625920 0.903226 0.903226 0.903226
7094.941406 0.000000 8485.050781 0.000000 0.374744 0.000000 0.927128 0.530027 0.530027 0.530027
7103.473633 0.000000 8502.632812 0.000000 0.165784 0.000000 -0.986162 0.928794 0.928794 0.928794
7108.964355 0.000000 8495.160156 0.000000 0.893251 0.000000 -0.449559 0.767461 0.767461 0.767461
7081.300781 0.000000 8517.521484 0.000000 0.784971 0.000000 0.619532 0.701209 0.701209 0.701209
7099.771484 0.000000 8525.683594 0.000000 0.026370 0.000000 -0.999652 0.911941 0.911941 0.911941
7101.565918 0.000000 8474.057617 0.000000 0.725455 0.000000 0.688270 0.599337 0.599337 0.599337
7101.395996 0.000000 8489.000000 0.000000 0.889819 0.000000 0.456313 0.533514 0.533514 0.533514
7079.980957 0.000000 8521.895508 0.000000 0.222947 0.000000 0.974831 0.719758 0.719758 0.719758
7084.780762 0.000000 8528.777344 0.000000 0.036783 0.000000 -0.999323 1.100419 1.100419 1.100419
7086.330078 0.000000 8524.608398 0.000000 0.994946 0.000000 -0.100412 0.783900 0.783900 0.783900
7094.741699 0.000000 8478.371094 0.000000 0.174307 0.000000 -0.984691 0.846686 0.846686 0.846686
7096.960449 0.000000 8509.281250 0.000000 0.553825 0.000000 -0.832633 1.026324 1.026324 1.026324
7111.821289 0.000000 8472.155273 0.000000 0.998223 0.000000 0.059594 0.723986 0.723986 0.723986
7097.104492 0.000000 8504.865234 0.000000 0.990340 0.000000 -0.138661 0.796103 0.796103 0.796103
7112.263672 0.000000 8483.920898 0.000000 0.998073 0.000000 0.062055 0.741629 0.741629 0.741629
7083.079102 0.000000 8508.743164 0.000000 0.698073 0.000000 0.716027 0.681259 0.681259 0.681259
7092.922363 0.000000 8491.967773 0.000000 0.453827 0.000000 0.891090 0.511137 0.511137 0.511137
7089.510254 0.000000 8504.658203 0.000000 0.598099 0.000000 0.801422 0.487151 0.487151 0.487151
7099.037598 0.000000 8485.286133 0.000000 0.696437 0.000000 0.717618 0.478748 0.478748 0.478748
7088.030273 0.000000 8517.659180 0.000000 0.100152 0.000000 0.994972 0.155279 0.155279 0.155279
7093.506348 0.000000 8525.356445 0.000000 0.367207 0.000000 0.930139 0.327180 0.327180 0.327180
7096.185547 0.000000 8517.509766 0.000000 0.267449 0.000000 0.963572 0.496840 0.496840 0.496840
7113.921387 0.000000 8480.181641 0.000000 0.987882 0.000000 -0.155208 0.778012 0.778012 0.778012
7094.118164 0.000000 8502.143555 0.000000 0.119384 0.000000 -0.992848 1.383086 1.383086 1.383086
7118.978516 0.000000 8479.333984 0.000000 0.796240 0.000000 -0.604981 0.774332 0.774332 0.774332
7110.282227 0.000000 8491.289062 0.000000 0.624913 0.000000 -0.780695 0.783545 0.783545 0.783545
7099.394043 0.000000 8477.335938 0.000000 0.014231 0.000000 0.999899 0.478949 0.478949 0.478949
7101.506348 0.000000 8529.057617 0.000000 0.956075 0.000000 0.293121 0.737746 0.737746 0.737746
7107.613770 0.000000 8477.429688 0.000000 0.762207 0.000000 0.647333 0.428328 0.428328 0.428328
7104.377441 0.000000 8471.445312 0.000000 0.553291 0.000000 -0.832988 0.982264 0.982264 0.982264
7101.244629 0.000000 8498.479492 0.000000 0.996642 0.000000 0.081883 0.727744 0.727744 0.727744
7084.099609 0.000000 8514.539062 0.000000 0.995424 0.000000 0.095559 0.728317 0.728317 0.728317
7098.115234 0.000000 8496.402344 0.000000 0.345903 0.000000 0.938270 0.282633 0.282633 0.282633
7105.229492 0.000000 8481.696289 0.000000 0.607598 0.000000 0.794245 0.322111 0.322111 0.322111
7109.768066 0.000000 8463.827148 0.000000 0.934159 0.000000 -0.356857 0.760932 0.760932 0.760932
7101.701660 0.000000 8481.808594 0.000000 0.855294 0.000000 0.518143 0.568465 0.568465 0.568465
7104.835449 0.000000 8494.223633 0.000000 0.825728 0.000000 0.564068 0.634419 0.634419 0.634419
7092.060547 0.000000 8530.235352 0.000000 0.987110 0.000000 0.160045 0.687700 0.687700 0.687700
7083.034668 0.000000 8523.695312 0.000000 0.121663 0.000000 -0.992571 1.007717 1.007717 1.007717
7119.500000 0.000000 8470.791016 0.000000 0.300239 0.000000 -0.953864 0.863769 0.863769 0.863769
7117.208496 0.000000 8467.180664 0.000000 0.921841 0.000000 -0.387568 0.780553 0.780553 0.780553
7100.087891 0.000000 8502.909180 0.000000 0.812270 0.000000 -0.583282 0.879434 0.879434 0.879434
7085.191406 0.000000 8511.366211 0.000000 0.090073 0.000000 0.995935 0.467226 0.467226 0.467226
7090.636719 0.000000 8509.493164 0.000000 0.683561 0.000000 0.729893 0.412972 0.412972 0.412972
7091.268555 0.000000 8497.152344 0.000000 0.417103 0.000000 -0.908859 1.027623 1.027623 1.027623
7114.532227 0.000000 8474.200195 0.000000 0.670554 0.000000 0.741861 0.529330 0.529330 0.529330
7105.380371 0.000000 8487.650391 0.000000 0.857893 0.000000 0.513828 0.568123 0.568123 0.568123
7087.475098 0.000000 8501.834961 0.000000 0.082600 0.000000 0.996583 0.524307 0.524307 0.524307
7093.304199 0.000000 8520.731445 0.000000 0.736778 0.000000 -0.676134 1.004420 1.004420 1.004420
7103.954102 0.000000 8466.833008 0.000000 0.441698 0.000000 0.897164 0.687463 0.687463 0.687463
7094.282227 0.000000 8481.918945 0.000000 0.163657 0.000000 0.986517 0.594632 0.594632 0.594632
7109.864258 0.000000 8469.494141 0.000000 0.806375 0.000000 0.591404 0.577011 0.577011 0.577011
7100.378906 0.000000 8515.052734 0.000000 0.998279 0.000000 -0.058644 0.752637 0.752637 0.752637
7100.044434 0.000000 8510.134766 0.000000 0.917501 0.000000 -0.397734 0.788295 0.788295 0.788295
7096.469727 0.000000 8493.541992 0.000000 0.847219 0.000000 0.531243 0.522437 0.522437 0.522437
7094.310547 0.000000 8488.198242 0.000000 0.635129 0.000000 0.772406 0.525242 0.525242 0.525242
7113.259766 0.000000 8464.131836 0.000000 0.325177 0.000000 0.945653 0.633948 0.633948 0.633948
7091.096680 0.000000 8514.765625 0.000000 0.750280 0.000000 0.661120 0.413237 0.413237 0.413237
7094.170410 0.000000 8514.874023 0.000000 0.279433 0.000000 -0.960165 1.133333 1.133333 1.133333
7088.050293 0.000000 8497.522461 0.000000 0.777545 0.000000 0.628828 0.637948 0.637948 0.637948
7104.602539 0.000000 8474.728516 0.000000 0.639524 0.000000 0.768771 0.454449 0.454449 0.454449
7093.927734 0.000000 8499.043945 0.000000 0.962664 0.000000 -0.270699 0.847007 0.847007 0.847007
7103.225586 0.000000 8491.494141 0.000000 0.397363 0.000000 -0.917662 1.146038 1.146038 1.146038
7080.439453 0.000000 8529.393555 0.000000 0.381854 0.000000 0.924223 0.677150 0.677150 0.677150
7098.553711 0.000000 8529.922852 0.000000 0.880471 0.000000 0.474100 0.687109 0.687109 0.687109
7087.696289 0.000000 8521.870117 0.000000 0.378160 0.000000 0.925740 0.344647 0.344647 0.344647
7107.428223 0.000000 8465.681641 0.000000 0.604676 0.000000 -0.796472 0.827639 0.827639 0.827639
7108.668457 0.000000 8488.740234 0.000000 0.872009 0.000000 -0.489490 0.825662 0.825662 0.825662
7084.783203 0.000000 8517.345703 0.000000 0.683617 0.000000 0.729841 0.553930 0.553930 0.553930
7092.051758 0.000000 8484.064453 0.000000 0.717507 0.000000 -0.696552 0.830799 0.830799 0.830799
7119.716309 0.000000 8473.796875 0.000000 0.421810 0.000000 -0.906684 0.866922 0.866922 0.866922
7113.089844 0.000000 8469.513672 0.000000 0.824552 0.000000 0.565786 0.599110 0.599110 0.599110
7099.564453 0.000000 8491.302734 0.000000 0.999929 0.000000 0.011888 0.744680 0.744680 0.744680
7090.025391 0.000000 8491.889648 0.000000 0.635455 0.000000 0.772138 0.627764 0.627764 0.627764
7096.838379 0.000000 8525.971680 0.000000 0.952935 0.000000 -0.303175 0.808251 0.808251 0.808251
7098.090820 0.000000 8519.610352 0.000000 0.964541 0.000000 -0.263935 0.776006 0.776006 0.776006
7114.905762 0.000000 8477.486328 0.000000 0.236820 0.000000 -0.971553 1.046726 1.046726 1.046726
7084.211426 0.000000 8501.298828 0.000000 0.476876 0.000000 -0.878971 0.826395 0.826395 0.826395
7089.896484 0.000000 8519.783203 0.000000 0.335493 0.000000 0.942043 0.230071 0.230071 0.230071
7110.130371 0.000000 8474.515625 0.000000 0.173107 0.000000 -0.984903 1.307082 1.307082 1.307082
7094.137695 0.000000 8509.722656 0.000000 0.045990 0.000000 0.998942 0.193268 0.193268 0.193268
7082.222656 0.000000 8520.188477 0.000000 0.657286 0.000000 0.753641 0.601362 0.601362 0.601362
7111.273926 0.000000 8479.337891 0.000000 0.816618 0.000000 -0.577178 0.934326 0.934326 0.934326
7096.896973 0.000000 8487.144531 0.000000 0.051520 0.000000 -0.998672 1.196613 1.196613 1.196613
7102.893555 0.000000 8505.275391 0.000000 0.963436 0.000000 0.267940 0.724605 0.724605 0.724605
7102.710938 0.000000 8496.196289 0.000000 0.072510 0.000000 -0.997368 1.100661 1.100661 1.100661
7117.137695 0.000000 8472.993164 0.000000 0.232614 0.000000 0.972569 0.497338 0.497338 0.497338
7091.941895 0.000000 8494.507812 0.000000 0.937136 0.000000 -0.348964 0.826089 0.826089 0.826089
7114.568359 0.000000 8466.674805 0.000000 0.222393 0.000000 -0.974957 0.929009 0.929009 0.929009
7092.131836 0.000000 8504.103516 0.000000 0.554372 0.000000 -0.832269 1.191824 1.191824 1.191824
7083.815918 0.000000 8526.274414 0.000000 0.209351 0.000000 0.977840 0.541206 0.541206 0.541206
7089.050293 0.000000 8524.841797 0.000000 0.850893 0.000000 0.525339 0.516977 0.516977 0.516977
7101.409668 0.000000 8479.207031 0.000000 0.936211 0.000000 -0.351440 0.854894 0.854894 0.854894
7105.452637 0.000000 8500.500000 0.000000 0.907232 0.000000 -0.420630 0.784954 0.784954 0.784954
7098.916504 0.000000 8523.119141 0.000000 0.523043 0.000000 0.852307 0.662114 0.662114 0.662114
7086.946777 0.000000 8506.023438 0.000000 0.384521 0.000000 -0.923116 1.016461 1.016461 1.016461
7086.878906 0.000000 8527.192383 0.000000 0.988587 0.000000 0.150651 0.700730 0.700730 0.700730
7106.084473 0.000000 8484.182617 0.000000 0.938288 0.000000 -0.345856 0.857121 0.857121 0.857121
7095.720703 0.000000 8511.740234 0.000000 0.756300 0.000000 -0.654225 0.991694 0.991694 0.991694
7110.687500 0.000000 8486.313477 0.000000 0.073518 0.000000 -0.997294 0.918204 0.918204 0.918204
7109.527344 0.000000 8483.663086 0.000000 0.941660 0.000000 -0.336566 0.844483 0.844483 0.844483
7107.329590 0.000000 8493.113281 0.000000 0.970037 0.000000 -0.242959 0.787221 0.787221 0.787221
7098.325195 0.000000 8507.165039 0.000000 0.931095 0.000000 -0.364777 0.833898 0.833898 0.833898
7090.077637 0.000000 8512.279297 0.000000 0.254728 0.000000 0.967013 0.162321 0.162321 0.162321
7097.296387 0.000000 8478.742188 0.000000 0.236875 0.000000 0.971540 0.560502 0.560502 0.560502
7095.684082 0.000000 8507.069336 0.000000 0.872700 0.000000 -0.488257 0.948661 0.948661 0.948661
7116.469238 0.000000 8479.680664 0.000000 0.949740 0.000000 0.313039 0.717807 0.717807 0.717807
7097.081543 0.000000 8483.664062 0.000000 0.928274 0.000000 0.371896 0.664382 0.664382 0.664382
7107.917480 0.000000 8471.094727 0.000000 0.699381 0.000000 0.714749 0.512941 0.512941 0.512941
7099.169922 0.000000 8474.630859 0.000000 0.372447 0.000000 -0.928053 0.901407 0.901407 0.901407
7106.819824 0.000000 8479.770508 0.000000 0.299498 0.000000 0.954097 0.197405 0.197405 0.197405
7101.256348 0.000000 8486.446289 0.000000 0.885236 0.000000 0.465142 0.530781 0.530781 0.530781
7096.315918 0.000000 8498.109375 0.000000 0.936580 0.000000 0.350455 0.599153 0.599153 0.599153
7098.521484 0.000000 8516.715820 0.000000 0.325020 0.000000 0.945707 0.610719 0.610719 0.610719
7093.436523 0.000000 8527.983398 0.000000 0.994626 0.000000 0.103535 0.711935 0.711935 0.711935
7094.518066 0.000000 8504.694336 0.000000 0.001188 0.000000 0.999999 0.109308 0.109308 0.109308
7096.689941 0.000000 8502.417969 0.000000 0.461374 0.000000 -0.887206 1.142309 1.142309 1.142309
7094.227539 0.000000 8523.042969 0.000000 0.435508 0.000000 0.900185 0.462648 0.462648 0.462648
7086.549316 0.000000 8515.691406 0.000000 0.264668 0.000000 0.964340 0.345021 0.345021 0.345021
7087.604004 0.000000 8529.578125 0.000000 0.879659 0.000000 0.475604 0.595942 0.595942 0.595942
7098.972168 0.000000 8488.725586 0.000000 0.247284 0.000000 -0.968943 1.286707 1.286707 1.286707
7106.542969 0.000000 8495.941406 0.000000 0.468142 0.000000 -0.883653 0.875796 0.875796 0.875796
7089.785645 0.000000 8507.205078 0.000000 0.976621 0.000000 0.214968 0.683875 0.683875 0.683875
7102.048828 0.000000 8476.579102 0.000000 0.868076 0.000000 -0.496432 0.914384 0.914384 0.914384
7099.779297 0.000000 8512.745117 0.000000 0.807341 0.000000 -0.590085 0.846907 0.846907 0.846907
7087.973145 0.000000 8511.188477 0.000000 0.797248 0.000000 -0.603651 0.925952 0.925952 0.925952
7095.515137 0.000000 8519.850586 0.000000 0.942033 0.000000 -0.335521 0.840974 0.840974 0.840974
7102.934082 0.000000 8500.145508 0.000000 0.783111 0.000000 -0.621881 0.855559 0.855559 0.855559
7092.833984 0.000000 8486.305664 0.000000 0.526899 0.000000 -0.849928 0.894559 0.894559 0.894559
7084.948242 0.000000 8507.208008 0.000000 0.589295 0.000000 -0.807918 0.885613 0.885613 0.885613
7109.452637 0.000000 8466.841797 0.000000 0.126249 0.000000 0.991999 0.474176 0.474176 0.474176
7082.921387 0.000000 8511.015625 0.000000 0.377789 0.000000 0.925892 0.621484 0.621484 0.621484
7100.203613 0.000000 8500.584961 0.000000 0.185076 0.000000 0.982724 0.423329 0.423329 0.423329
7099.783203 0.000000 8483.098633 0.000000 0.909609 0.000000 0.415465 0.620839 0.620839 0.620839
7100.384277 0.000000 8496.304688 0.000000 0.832251 0.000000 0.554398 0.568450 0.568450 0.568450
7111.300293 0.000000 8481.729492 0.000000 0.758301 0.000000 -0.651905 0.930824 0.930824 0.930824
7082.483398 0.000000 8528.398438 0.000000 0.332607 0.000000 0.943066 0.570108 0.570108 0.570108
7091.384277 0.000000 8524.666992 0.000000 0.627773 0.000000 0.778397 0.360799 0.360799 0.360799
7098.623535 0.000000 8527.658203 0.000000 0.237573 0.000000 -0.971370 0.904507 0.904507 0.904507
7098.682617 0.000000 8494.142578 0.000000 0.865663 0.000000 0.500628 0.527143 0.527143 0.527143
7091.539062 0.000000 8490.119141 0.000000 0.383022 0.000000 -0.923739 0.913185 0.913185 0.913185
7103.670898 0.000000 8469.224609 0.000000 0.324489 0.000000 0.945890 0.608334 0.608334 0.608334
7096.306641 0.000000 8476.708984 0.000000 0.719783 0.000000 -0.694199 0.827583 0.827583 0.827583
7109.947266 0.000000 8477.483398 0.000000 0.204343 0.000000 0.978899 0.185157 0.185157 0.185157
7119.391602 0.000000 8476.972656 0.000000 0.943038 0.000000 -0.332685 0.774766 0.774766 0.774766
7095.190430 0.000000 8491.603516 0.000000 0.669577 0.000000 0.742743 0.503902 0.503902 0.503902
7113.990234 0.000000 8471.617188 0.000000 0.608750 0.000000 -0.793362 1.043387 1.043387 1.043387
7094.296875 0.000000 8493.738281 0.000000 0.960548 0.000000 -0.278114 0.842348 0.842348 0.842348
7103.414551 0.000000 8480.345703 0.000000 0.122887 0.000000 -0.992421 1.338178 1.338178 1.338178
7099.625488 0.000000 8505.057617 0.000000 0.231777 0.000000 -0.972769 1.090437 1.090437 1.090437
7085.094727 0.000000 8522.788086 0.000000 0.224011 0.000000 0.974587 0.394941 0.394941 0.394941
7102.216797 0.000000 8471.014648 0.000000 0.570373 0.000000 0.821386 0.589382 0.589382 0.589382
7097.984863 0.000000 8511.328125 0.000000 0.248199 0.000000 -0.968709 1.088601 1.088601 1.088601
7103.915039 0.000000 8489.341797 0.000000 0.986434 0.000000 0.164156 0.687321 0.687321 0.687321
7098.016113 0.000000 8472.778320 0.000000 0.833561 0.000000 -0.552428 0.794931 0.794931 0.794931
7090.112305 0.000000 8516.811523 0.000000 0.967560 0.000000 -0.252643 0.864298 0.864298 0.864298
7087.446777 0.000000 8499.622070 0.000000 0.730445 0.000000 -0.682972 0.841502 0.841502 0.841502
7095.764160 0.000000 8480.289062 0.000000 0.132883 0.000000 0.991132 0.591194 0.591194 0.591194
7107.321289 0.000000 8482.430664 0.000000 0.832239 0.000000 0.554417 0.547536 0.547536 0.547536
7095.561035 0.000000 8500.517578 0.000000 0.610702 0.000000 0.791861 0.332491 0.332491 0.332491
7089.901855 0.000000 8502.581055 0.000000 0.968623 0.000000 -0.248536 0.814900 0.814900 0.814900
7087.430176 0.000000 8503.962891 0.000000 0.733515 0.000000 0.679673 0.617068 0.617068 0.617068
7091.694824 0.000000 8526.808594 0.000000 0.572683 0.000000 0.819777 0.319937 0.319937 0.319937
7103.138672 0.000000 8487.388672 0.000000 0.937909 0.000000 -0.346882 0.895261 0.895261 0.895261
7099.038574 0.000000 8498.378906 0.000000 0.671099 0.000000 0.741368 0.460723 0.460723 0.460723
7106.692383 0.000000 8475.526367 0.000000 0.979040 0.000000 -0.203669 0.831800 0.831800 0.831800
7109.617188 0.000000 8472.283203 0.000000 0.747703 0.000000 0.664033 0.450856 0.450856 0.450856
7087.520508 0.000000 8519.650391 0.000000 0.477275 0.000000 -0.878754 1.113730 1.113730 1.113730
7094.176270 0.000000 8518.063477 0.000000 0.309612 0.000000 -0.950863 1.083951 1.083951 1.083951
7086.027832 0.000000 8496.742188 0.000000 0.724941 0.000000 -0.688811 0.814024 0.814024 0.814024
7112.495605 0.000000 8474.479492 0.000000 0.995539 0.000000 -0.094349 0.782200 0.782200 0.782200
7088.103027 0.000000 8492.727539 0.000000 0.371558 0.000000 -0.928410 0.868104 0.868104 0.868104
7096.256836 0.000000 8515.385742 0.000000 0.850654 0.000000 -0.525726 0.867125 0.867125 0.867125
7092.581543 0.000000 8500.746094 0.000000 0.999975 0.000000 -0.007121 0.752747 0.752747 0.752747
7115.365723 0.000000 8468.561523 0.000000 0.799901 0.000000 -0.600132 0.877752 0.877752 0.877752
7088.993164 0.000000 8515.114258 0.000000 0.717069 0.000000 0.697002 0.446756 0.446756 0.446756
7117.345215 0.000000 8477.792969 0.000000 0.883986 0.000000 -0.467514 0.822871 0.822871 0.822871
7099.320312 0.000000 8479.454102 0.000000 0.703255 0.000000 -0.710937 0.923249 0.923249 0.923249
7101.463379 0.000000 8484.300781 0.000000 0.902262 0.000000 0.431189 0.564688 0.564688 0.564688
7089.765137 0.000000 8498.571289 0.000000 0.651656 0.000000 0.758514 0.579107 0.579107 0.579107
7085.474609 0.000000 8509.297852 0.000000 0.970313 0.000000 -0.241851 0.791164 0.791164 0.791164
7113.186523 0.000000 8478.375977 0.000000 0.643547 0.000000 -0.765407 0.949120 0.949120 0.949120
7097.193359 0.000000 8524.046875 0.000000 0.627608 0.000000 0.778530 0.581250 0.581250 0.581250
7103.335938 0.000000 8482.905273 0.000000 0.293740 0.000000 0.955885 0.180477 0.180477 0.180477
7092.452637 0.000000 8508.733398 0.000000 0.883382 0.000000 -0.468653 0.968278 0.968278 0.968278
7089.895020 0.000000 8529.505859 0.000000 0.995403 0.000000 0.095780 0.712281 0.712281 0.712281
7093.772461 0.000000 8490.203125 0.000000 0.087808 0.000000 -0.996137 1.072080 1.072080 1.072080
7105.584961 0.000000 8477.322266 0.000000 0.654157 0.000000 0.756359 0.423977 0.423977 0.423977
7106.045410 0.000000 8470.349609 0.000000 0.793644 0.000000 -0.608383 0.944711 0.944711 0.944711
7085.737305 0.000000 8513.314453 0.000000 0.345142 0.000000 -0.938551 1.010075 1.010075 1.010075
7097.739746 0.000000 8491.972656 0.000000 0.921222 0.000000 0.389036 0.603355 0.603355 0.603355
7108.705566 0.000000 8479.035156 0.000000 0.936120 0.000000 -0.351682 0.882558 0.882558 0.882558
7103.352051 0.000000 8473.091797 0.000000 0.838370 0.000000 0.545102 0.624782 0.624782 0.624782
7082.832520 0.000000 8512.966797 0.000000 0.489546 0.000000 0.871978 0.613152 0.613152 0.613152
7083.000488 0.000000 8516.533203 0.000000 0.952808 0.000000 0.303572 0.701488 0.701488 0.701488
7095.036621 0.000000 8526.789062 0.000000 0.809392 0.000000 0.587269 0.572533 0.572533 0.572533
7091.303711 0.000000 8505.829102 0.000000 0.999986 0.000000 0.005244 0.748075 0.748075 0.748075
7083.211914 0.000000 8518.544922 0.000000 0.468460 0.000000 0.883485 0.569482 0.569482 0.569482
7101.681641 0.000000 8501.775391 0.000000 0.844087 0.000000 0.536207 0.616482 0.616482 0.616482
7108.831543 0.000000 8475.940430 0.000000 0.974808 0.000000 0.223044 0.644707 0.644707 0.644707
7108.251953 0.000000 8491.369141 0.000000 0.400122 0.000000 0.916462 0.624117 0.624117 0.624117
7083.517090 0.000000 8521.621094 0.000000 0.156778 0.000000 0.987634 0.503884 0.503884 0.503884
7102.989258 0.000000 8493.455078 0.000000 0.615315 0.000000 0.788281 0.471172 0.471172 0.471172
7111.256348 0.000000 8465.043945 0.000000 0.761756 0.000000 -0.647864 0.826539 0.826539 0.826539
7101.363281 0.000000 8491.904297 0.000000 0.305804 0.000000 0.952094 0.219166 0.219166 0.219166
7105.935547 0.000000 8466.870117 0.000000 0.001762 0.000000 0.999998 0.567852 0.567852 0.567852
7105.029297 0.000000 8492.113281 0.000000 0.851906 0.000000 -0.523695 0.876941 0.876941 0.876941
7105.620117 0.000000 8472.880859 0.000000 0.149979 0.000000 -0.988689 1.156871 1.156871 1.156871
7115.573242 0.000000 8475.742188 0.000000 0.032160 0.000000 -0.999483 1.156214 1.156214 1.156214
7091.892578 0.000000 8498.906250 0.000000 0.904180 0.000000 -0.427151 0.870650 0.870650 0.870650
7106.727539 0.000000 8488.937500 0.000000 0.771216 0.000000 0.636573 0.596246 0.596246 0.596246
7096.411621 0.000000 8495.458008 0.000000 0.174787 0.000000 0.984606 0.128293 0.128293 0.128293
7095.358398 0.000000 8524.813477 0.000000 0.975374 0.000000 -0.220558 0.809961 0.809961 0.809961
7098.355469 0.000000 8503.498047 0.000000 0.988258 0.000000 -0.152791 0.793656 0.793656 0.793656
7091.418945 0.000000 8520.794922 0.000000 0.823118 0.000000 0.567871 0.495574 0.495574 0.495574
7095.425781 0.000000 8513.556641 0.000000 0.987920 0.000000 0.154965 0.701056 0.701056 0.701056
7117.723145 0.000000 8470.117188 0.000000 0.895843 0.000000 -0.444371 0.828460 0.828460 0.828460
7093.933594 0.000000 8529.816406 0.000000 0.630528 0.000000 -0.776167 1.094398 1.094398 1.094398
7089.512695 0.000000 8496.402344 0.000000 0.902312 0.000000 0.431084 0.676562 0.676562 0.676562
7101.877441 0.000000 8503.619141 0.000000 0.442587 0.000000 0.896725 0.518819 0.518819 0.518819
7103.199219 0.000000 8498.322266 0.000000 0.673368 0.000000 0.739308 0.587976 0.587976 0.587976
7104.639160 0.000000 8496.043945 0.000000 0.847031 0.000000 0.531543 0.662905 0.662905 0.662905
7101.752441 0.000000 8509.396484 0.000000 0.842413 0.000000 0.538833 0.682874 0.682874 0.682874
7092.497559 0.000000 8522.408203 0.000000 0.194596 0.000000 0.980883 0.278871 0.278871 0.278871
7113.667969 0.000000 8475.830078 0.000000 0.775934 0.000000 0.630815 0.517383 0.517383 0.517383
7093.189941 0.000000 8497.366211 0.000000 0.802761 0.000000 -0.596301 0.955756 0.955756 0.955756
7092.751953 0.000000 8516.018555 0.000000 0.602260 0.000000 0.798300 0.410727 0.410727 0.410727
7085.934082 0.000000 8518.712891 0.000000 0.666382 0.000000 0.745611 0.537302 0.537302 0.537302
7098.032715 0.000000 8476.124023 0.000000 0.549188 0.000000 -0.835699 0.922289 0.922289 0.922289
7106.134766 0.000000 8486.030273 0.000000 0.747086 0.000000 0.664727 0.559392 0.559392 0.559392
7096.166504 0.000000 8482.070312 0.000000 0.764334 0.000000 0.644820 0.592540 0.592540 0.592540
7092.130371 0.000000 8510.449219 0.000000 0.730345 0.000000 0.683078 0.430385 0.430385 0.430385
7092.640137 0.000000 8513.881836 0.000000 0.664926 0.000000 -0.746909 1.084789 1.084789 1.084789
7088.879883 0.000000 8509.614258 0.000000 0.002169 0.000000 -0.999998 1.266932 1.266932 1.266932
7091.670410 0.000000 8502.361328 0.000000 0.013236 0.000000 0.999912 0.219217 0.219217 0.219217
7092.619629 0.000000 8488.716797 0.000000 0.992756 0.000000 0.120148 0.728576 0.728576 0.728576
7099.658691 0.000000 8508.391602 0.000000 0.808346 0.000000 -0.588707 0.876111 0.876111 0.876111
7100.023438 0.000000 8481.116211 0.000000 0.039471 0.000000 -0.999221 1.260371 1.260371 1.260371
7091.480957 0.000000 8528.616211 0.000000 0.094624 0.000000 0.995513 0.053539 0.053539 0.053539
7096.662598 0.000000 8485.353516 0.000000 0.395730 0.000000 -0.918367 1.057290 1.057290 1.057290
7100.449219 0.000000 8475.906250 0.000000 0.636125 0.000000 -0.771586 0.924923 0.924923 0.924923
7111.564941 0.000000 8470.386719 0.000000 0.452570 0.000000 0.891729 0.350009 0.350009 0.350009
7111.473145 0.000000 8468.639648 0.000000 0.508043 0.000000 -0.861332 1.039559 1.039559 1.039559
7108.573730 0.000000 8468.358398 0.000000 0.982988 0.000000 -0.183671 0.800497 0.800497 0.800497
7115.439453 0.000000 8472.726562 0.000000 0.643045 0.000000 0.765828 0.511530 0.511530 0.511530
7099.559082 0.000000 8486.959961 0.000000 0.999971 0.000000 -0.007617 0.752852 0.752852 0.752852
7104.996582 0.000000 8479.502930 0.000000 0.696447 0.000000 0.717608 0.403822 0.403822 0.403822
7084.462891 0.000000 8524.639648 0.000000 0.983676 0.000000 0.179951 0.704602 0.704602 0.704602
7098.719727 0.000000 8501.791992 0.000000 0.997266 0.000000 -0.073892 0.773265 0.773265 0.773265
7107.612793 0.000000 8487.432617 0.000000 0.374021 0.000000 -0.927420 1.061277 1.061277 1.061277
7094.858398 0.000000 8516.452148 0.000000 0.025549 0.000000 -0.999674 1.184000 1.184000 1.184000
7095.917969 0.000000 8488.741211 0.000000 0.678911 0.000000 -0.734220 0.959962 0.959962 0.959962
7088.414062 0.000000 8526.458984 0.000000 0.195731 0.000000 0.980658 0.189237 0.189237 0.189237
7103.973633 0.000000 8476.307617 0.000000 0.517613 0.000000 0.855615 0.425102 0.425102 0.425102
7087.913086 0.000000 8523.558594 0.000000 0.719853 0.000000 0.694126 0.481370 0.481370 0.481370
7098.681152 0.000000 8514.916992 0.000000 0.312772 0.000000 0.949828 0.588157 0.588157 0.588157
7095.249512 0.000000 8486.708008 0.000000 0.882707 0.000000 -0.469923 0.857171 0.857171 0.857171
7083.576172 0.000000 8529.958008 0.000000 0.982739 0.000000 0.184999 0.722825 0.722825 0.722825
7109.234863 0.000000 8487.088867 0.000000 0.630309 0.000000 -0.776344 0.914764 0.914764 0.914764
7090.383789 0.000000 8493.586914 0.000000 0.952132 0.000000 0.305687 0.694740 0.694740 0.694740
7102.953125 0.000000 8475.017578 0.000000 0.755660 0.000000 -0.654964 0.941213 0.941213 0.941213
7113.099609 0.000000 8481.631836 0.000000 0.909289 0.000000 0.416166 0.672846 0.672846 0.672846
7104.413086 0.000000 8486.252930 0.000000 0.904242 0.000000 -0.427021 0.898698 0.898698 0.898698
7085.595215 0.000000 8526.153320 0.000000 0.712760 0.000000 -0.701408 0.936311 0.936311 0.936311
7094.354004 0.000000 8508.059570 0.000000 0.566109 0.000000 0.824331 0.396192 0.396192 0.396192
7094.899902 0.000000 8521.450195 0.000000 0.825363 0.000000 -0.564602 0.905023 0.905023 0.905023
7089.333008 0.000000 8521.333984 0.000000 0.162365 0.000000 -0.986731 1.340422 1.340422 1.340422
7092.359375 0.000000 8519.339844 0.000000 0.999095 0.000000 -0.042544 0.764901 0.764901 0.764901
7113.266113 0.000000 8467.689453 0.000000 0.548809 0.000000 0.835948 0.577632 0.577632 0.577632
7105.027832 0.000000 8468.285156 0.000000 0.875679 0.000000 0.482894 0.660357 0.660357 0.660357
7088.164062 0.000000 8507.128906 0.000000 0.354045 0.000000 -0.935229 1.118961 1.118961 1.118961
7110.779785 0.000000 8484.690430 0.000000 0.506422 0.000000 -0.862286 0.913537 0.913537 0.913537
7088.805664 0.000000 8500.903320 0.000000 0.959010 0.000000 0.283372 0.684369 0.684369 0.684369
7090.247070 0.000000 8525.880859 0.000000 0.880080 0.000000 -0.474826 0.965853 0.965853 0.965853
7107.927734 0.000000 8483.945312 0.000000 0.195523 0.000000 -0.980699 1.223377 1.223377 1.223377
7085.940918 0.000000 8529.945312 0.000000 0.991615 0.000000 0.129227 0.720397 0.720397 0.720397
7101.233887 0.000000 8505.067383 0.000000 0.830686 0.000000 -0.556741 0.851713 0.851713 0.851713
7110.600098 0.000000 8476.022461 0.000000 0.686766 0.000000 0.726878 0.465067 0.465067 0.465067
7097.392578 0.000000 8528.707031 0.000000 0.970438 0.000000 0.241349 0.697969 0.697969 0.697969
7098.556152 0.000000 8509.541016 0.000000 0.301073 0.000000 -0.953601 1.003436 1.003436 1.003436
7091.388672 0.000000 8507.536133 0.000000 0.528223 0.000000 -0.849106 1.145027 1.145027 1.145027
7095.338867 0.000000 8503.316406 0.000000 0.950955 0.000000 -0.309328 0.887201 0.887201 0.887201
7113.371582 0.000000 8473.103516 0.000000 0.927184 0.000000 0.374605 0.611961 0.611961 0.611961
7099.813477 0.000000 8492.918945 0.000000 0.310929 0.000000 0.950433 0.186198 0.186198 0.186198
7090.645996 0.000000 8518.378906 0.000000 0.497211 0.000000 0.867630 0.293700 0.293700 0.293700
7094.844727 0.000000 8497.472656 0.000000 0.700834 0.000000 0.713324 0.430268 0.430268 0.430268
7094.044434 0.000000 8511.291016 0.000000 0.243116 0.000000 -0.969997 1.199126 1.199126 1.199126
7116.114746 0.000000 8474.210938 0.000000 0.614547 0.000000 0.788880 0.584907 0.584907 0.584907
7095.531738 0.000000 8483.610352 0.000000 0.442860 0.000000 0.896591 0.585511 0.585511 0.585511
7102.537598 0.000000 8490.092773 0.000000 0.286849 0.000000 -0.957976 1.186149 1.186149 1.186149
7100.189941 0.000000 8473.248047 0.000000 0.564106 0.000000 -0.825703 0.895516 0.895516 0.895516
7092.821777 0.000000 8495.855469 0.000000 0.789103 0.000000 -0.614261 0.941968 0.941968 0.941968
7082.371582 0.000000 8526.831055 0.000000 0.220931 0.000000 0.975289 0.543027 0.543027 0.543027
7086.085449 0.000000 8521.589844 0.000000 0.895341 0.000000 -0.445382 0.908168 0.908168 0.908168
7084.079590 0.000000 8509.970703 0.000000 0.580306 0.000000 -0.814398 0.910376 0.910376 0.910376
7086.470215 0.000000 8510.474609 0.000000 0.953664 0.000000 0.300875 0.667027 0.667027 0.667027
7114.471680 0.000000 8470.171875 0.000000 0.990962 0.000000 0.134146 0.716492 0.716492 0.716492
7089.902832 0.000000 8513.801758 0.000000 0.692699 0.000000 -0.721226 1.053180 1.053180 1.053180
7092.858887 0.000000 8523.904297 0.000000 0.533715 0.000000 0.845664 0.404673 0.404673 0.404673
7090.551270 0.000000 8495.137695 0.000000 0.927490 0.000000 -0.373848 0.831786 0.831786 0.831786
7104.885742 0.000000 8483.188477 0.000000 0.551807 0.000000 0.833972 0.338187 0.338187 0.338187
7084.333984 0.000000 8512.720703 0.000000 0.970541 0.000000 -0.240934 0.801940 0.801940 0.801940
7095.693848 0.000000 8510.125000 0.000000 0.999702 0.000000 -0.024412 0.758274 0.758274 0.758274
7098.481445 0.000000 8490.175781 0.000000 0.691938 0.000000 -0.721957 1.110971 1.110971 1.110971
7088.208496 0.000000 8528.136719 0.000000 0.577045 0.000000 -0.816713 1.125784 1.125784 1.125784
7096.893555 0.000000 8520.552734 0.000000 0.793032 0.000000 0.609179 0.634711 0.634711 0.634711
7097.451660 0.000000 8488.672852 0.000000 0.262187 0.000000 0.965017 0.317332 0.317332 0.317332
7100.871094 0.000000 8477.747070 0.000000 0.095782 0.000000 0.995402 0.388236 0.388236 0.388236
7101.555664 0.000000 8472.495117 0.000000 0.999792 0.000000 -0.020400 0.753056 0.753056 0.753056
7091.452637 0.000000 8492.404297 0.000000 0.983129 0.000000 0.182913 0.717279 0.717279 0.717279
7086.605957 0.000000 8512.029297 0.000000 0.517037 0.000000 0.855963 0.446050 0.446050 0.446050
7104.942383 0.000000 8490.416992 0.000000 0.721538 0.000000 -0.692375 0.954772 0.954772 0.954772
7088.385254 0.000000 8505.640625 0.000000 0.133032 0.000000 -0.991112 1.156393 1.156393 1.156393
7094.110840 0.000000 8512.815430 0.000000 0.893918 0.000000 -0.448230 0.896205 0.896205 0.896205
7091.333008 0.000000 8513.082031 0.000000 0.422636 0.000000 -0.906299 1.257671 1.257671 1.257671
7093.109375 0.000000 8505.228516 0.000000 0.830501 0.000000 0.557018 0.484511 0.484511 0.484511
7099.995605 0.000000 8489.855469 0.000000 0.170934 0.000000 -0.985282 1.318440 1.318440 1.318440
7115.088379 0.000000 8479.026367 0.000000 0.733294 0.000000 0.679911 0.628209 0.628209 0.628209
7107.545898 0.000000 8467.251953 0.000000 0.406377 0.000000 0.913705 0.562289 0.562289 0.562289
7095.270020 0.000000 8490.083008 0.000000 0.032585 0.000000 0.999469 0.297816 0.297816 0.297816
7084.973145 0.000000 8515.753906 0.000000 0.612860 0.000000 -0.790192 0.956425 0.956425 0.956425
7089.422852 0.000000 8523.422852 0.000000 0.770121 0.000000 -0.637898 1.053093 1.053093 1.053093
7103.359375 0.000000 8494.880859 0.000000 0.926296 0.000000 -0.376796 0.852720 0.852720 0.852720
7096.936523 0.000000 8506.318359 0.000000 0.816596 0.000000 -0.577209 0.936641 0.936641 0.936641
7089.587402 0.000000 8510.896484 0.000000 0.950316 0.000000 0.311285 0.637386 0.637386 0.637386
7117.297363 0.000000 8471.540039 0.000000 0.855903 0.000000 0.517136 0.657393 0.657393 0.657393
7086.532715 0.000000 8523.030273 0.000000 0.622385 0.000000 -0.782712 1.064780 1.064780 1.064780
7101.491699 0.000000 8495.280273 0.000000 0.979464 0.000000 -0.201619 0.819942 0.819942 0.819942
7086.353516 0.000000 8517.287109 0.000000 0.901155 0.000000 -0.433498 0.893560 0.893560 0.893560
7096.968262 0.000000 8507.811523 0.000000 0.949295 0.000000 -0.314386 0.847008 0.847008 0.847008
7097.491699 0.000000 8518.263672 0.000000 0.005304 0.000000 -0.999986 1.034331 1.034331 1.034331
7110.924805 0.000000 8483.163086 0.000000 0.151411 0.000000 -0.988471 1.036911 1.036911 1.036911
7098.550293 0.000000 8483.898438 0.000000 0.987708 0.000000 -0.156310 0.797315 0.797315 0.797315
7099.986816 0.000000 8494.870117 0.000000 0.277194 0.000000 0.960814 0.201734 0.201734 0.201734
7112.438477 0.000000 8480.219727 0.000000 0.983839 0.000000 0.179056 0.717640 0.717640 0.717640
7086.437500 0.000000 8507.406250 0.000000 0.931902 0.000000 0.362711 0.665906 0.665906 0.665906
7109.901855 0.000000 8479.861328 0.000000 0.983946 0.000000 -0.178469 0.816185 0.816185 0.816185
7095.612305 0.000000 8523.390625 0.000000 0.750812 0.000000 0.660516 0.564919 0.564919 0.564919
7106.643066 0.000000 8471.813477 0.000000 0.996833 0.000000 0.079518 0.726301 0.726301 0.726301
7104.842285 0.000000 8484.890625 0.000000 0.336969 0.000000 -0.941516 1.209527 1.209527 1.209527
7110.983398 0.000000 8473.317383 0.000000 0.764037 0.000000 0.645172 0.444065 0.444065 0.444065
7093.522461 0.000000 8503.561523 0.000000 0.990434 0.000000 -0.137987 0.807801 0.807801 0.807801
7094.088379 0.000000 8519.537109 0.000000 0.996831 0.000000 -0.079543 0.771171 0.771171 0.771171
7095.350098 0.000000 8530.013672 0.000000 0.451956 0.000000 -0.892040 1.084222 1.084222 1.084222
7096.931641 0.000000 8530.090820 0.000000 0.927836 0.000000 -0.372989 0.833736 0.833736 0.833736
7107.655273 0.000000 8490.033203 0.000000 0.822400 0.000000 -0.568909 0.865581 0.865581 0.865581
7096.640137 0.000000 8499.528320 0.000000 0.043221 0.000000 -0.999066 1.393550 1.393550 1.393550
7088.457520 0.000000 8502.929688 0.000000 0.302307 0.000000 -0.953211 1.076527 1.076527 1.076527
7087.638672 0.000000 8525.237305 0.000000 0.074049 0.000000 -0.997255 1.254432 1.254432 1.254432
7094.360840 0.000000 8506.115234 0.000000 0.962720 0.000000 0.270501 0.643321 0.643321 0.643321
7109.509277 0.000000 8485.387695 0.000000 0.087646 0.000000 0.996152 0.414000 0.414000 0.414000
7102.356445 0.000000 8478.003906 0.000000 0.668076 0.000000 0.744093 0.445171 0.445171 0.445171
7089.164062 0.000000 8518.553711 0.000000 0.906919 0.000000 0.421304 0.565973 0.565973 0.565973
7090.729004 0.000000 8503.816406 0.000000 0.133956 0.000000 -0.990987 1.239507 1.239507 1.239507
7086.513184 0.000000 8528.599609 0.000000 0.517926 0.000000 0.855425 0.430983 0.430983 0.430983
7087.931641 0.000000 8516.078125 0.000000 0.960554 0.000000 -0.278095 0.840231 0.840231 0.840231
7085.520996 0.000000 8527.553711 0.000000 0.944886 0.000000 0.327399 0.670058 0.670058 0.670058
7088.664062 0.000000 8512.451172 0.000000 0.180361 0.000000 -0.983601 1.272923 1.272923 1.272923
7110.134277 0.000000 8468.115234 0.000000 0.080947 0.000000 0.996718 0.334373 0.334373 0.334373
7095.607422 0.000000 8508.693359 0.000000 0.828437 0.000000 -0.560082 0.967058 0.967058 0.967058
7098.352051 0.000000 8505.728516 0.000000 0.345622 0.000000 0.938374 0.439866 0.439866 0.439866
7095.789551 0.000000 8505.401367 0.000000 0.617309 0.000000 0.786720 0.380397 0.380397 0.380397
7092.903809 0.000000 8493.443359 0.000000 0.055366 0.000000 0.998466 0.361268 0.361268 0.361268
7093.959961 0.000000 8500.480469 0.000000 0.994238 0.000000 -0.107192 0.791425 0.791425 0.791425
7108.721680 0.000000 8474.432617 0.000000 0.319394 0.000000 0.947622 0.166881 0.166881 0.166881
7096.616699 0.000000 8527.368164 0.000000 0.933010 0.000000 0.359850 0.676940 0.676940 0.676940
7098.187012 0.000000 8486.581055 0.000000 0.321461 0.000000 -0.946923 1.215678 1.215678 1.215678
7107.729492 0.000000 8469.693359 0.000000 0.021542 0.000000 -0.999768 1.115506 1.115506 1.115506
7110.212891 0.000000 8470.879883 0.000000 0.857330 0.000000 -0.514767 0.946421 0.946421 0.946421
7101.584961 0.000000 8497.059570 0.000000 0.997335 0.000000 -0.072964 0.772562 0.772562 0.772562
7099.564941 0.000000 8506.561523 0.000000 0.060091 0.000000 -0.998193 1.089431 1.089431 1.089431
7106.142090 0.000000 8474.185547 0.000000 0.997592 0.000000 0.069356 0.722317 0.722317 0.722317
7084.568848 0.000000 8518.980469 0.000000 0.223907 0.000000 0.974610 0.410023 0.410023 0.410023
7109.870117 0.000000 8482.277344 0.000000 0.311034 0.000000 -0.950399 1.095299 1.095299 1.095299
7091.014648 0.000000 8511.269531 0.000000 0.673828 0.000000 -0.738888 1.117395 1.117395 1.117395
7098.054688 0.000000 8482.532227 0.000000 0.812936 0.000000 -0.582352 0.937392 0.937392 0.937392
7097.678711 0.000000 8497.721680 0.000000 0.812405 0.000000 0.583094 0.462088 0.462088 0.462088
7101.467285 0.000000 8500.026367 0.000000 0.114171 0.000000 0.993461 0.406406 0.406406 0.406406
7106.366211 0.000000 8478.460938 0.000000 0.438507 0.000000 -0.898728 1.237254 1.237254 1.237254
7097.155273 0.000000 8516.501953 0.000000 0.643830 0.000000 -0.765169 0.919670 0.919670 0.919670
7100.671387 0.000000 8487.808594 0.000000 0.132691 0.000000 -0.991157 1.401461 1.401461 1.401461
7102.603027 0.000000 8486.036133 0.000000 0.541573 0.000000 0.840654 0.340562 0.340562 0.340562
7107.676758 0.000000 8481.000000 0.000000 0.166338 0.000000 -0.986069 1.291424 1.291424 1.291424
7111.249512 0.000000 8477.940430 0.000000 0.137489 0.000000 -0.990503 1.251706 1.251706 1.251706
7095.273438 0.000000 8494.721680 0.000000 0.052172 0.000000 -0.998638 1.307315 1.307315 1.307315
7096.974609 0.000000 8512.322266 0.000000 0.090377 0.000000 -0.995908 1.096465 1.096465 1.096465
7112.858398 0.000000 8470.894531 0.000000 0.901216 0.000000 0.433371 0.606485 0.606485 0.606485
7100.536133 0.000000 8485.291992 0.000000 0.585721 0.000000 0.810513 0.357175 0.357175 0.357175
7101.991211 0.000000 8480.476562 0.000000 0.300498 0.000000 -0.953782 1.171805 1.171805 1.171805
7091.426758 0.000000 8516.286133 0.000000 0.905206 0.000000 -0.424973 0.946425 0.946425 0.946425
7105.278809 0.000000 8475.960938 0.000000 0.786040 0.000000 0.618175 0.525394 0.525394 0.525394
7101.147949 0.000000 8490.560547 0.000000 0.901612 0.000000 -0.432545 0.938450 0.938450 0.938450
7095.300293 0.000000 8499.087891 0.000000 0.768347 0.000000 -0.640033 1.047807 1.047807 1.047807
7103.726074 0.000000 8497.085938 0.000000 0.855146 0.000000 0.518387 0.622450 0.622450 0.622450
7085.755859 0.000000 8514.630859 0.000000 0.999999 0.000000 0.001675 0.749621 0.749621 0.749621
7097.408203 0.000000 8494.540039 0.000000 0.997798 0.000000 0.066320 0.720424 0.720424 0.720424
7088.838867 0.000000 8499.536133 0.000000 0.219479 0.000000 0.975617 0.482154 0.482154 0.482154
7103.912598 0.000000 8481.640625 0.000000 0.640344 0.000000 -0.768088 1.105869 1.105869 1.105869
7108.183105 0.000000 8472.397461 0.000000 0.813247 0.000000 0.581919 0.494156 0.494156 0.494156
7096.496582 0.000000 8491.419922 0.000000 0.737090 0.000000 -0.675795 1.022324 1.022324 1.022324
7096.657227 0.000000 8496.796875 0.000000 0.998353 0.000000 -0.057374 0.776549 0.776549 0.776549
7086.329590 0.000000 8504.752930 0.000000 0.949209 0.000000 -0.314646 0.814727 0.814727 0.814727
7099.316895 0.000000 8497.085938 0.000000 0.459244 0.000000 -0.888310 1.169792 1.169792 1.169792
7100.061035 0.000000 8499.256836 0.000000 0.573008 0.000000 0.819550 0.489191 0.489191 0.489191
7104.716309 0.000000 8470.133789 0.000000 0.406906 0.000000 -0.913470 1.021721 1.021721 1.021721
7098.551758 0.000000 8478.337891 0.000000 0.015779 0.000000 -0.999875 1.090661 1.090661 1.090661
7086.303711 0.000000 8520.234375 0.000000 0.907822 0.000000 -0.419356 0.898278 0.898278 0.898278
7091.630859 0.000000 8523.384766 0.000000 0.921827 0.000000 -0.387601 0.920667 0.920667 0.920667
7101.080566 0.000000 8483.024414 0.000000 0.875084 0.000000 -0.483970 0.938237 0.938237 0.938237
7095.468750 0.000000 8501.914062 0.000000 0.233136 0.000000 -0.972444 1.360145 1.360145 1.360145
7102.666992 0.000000 8488.677734 0.000000 0.100526 0.000000 0.994934 0.191216 0.191216 0.191216
7093.720215 0.000000 8526.645508 0.000000 0.678395 0.000000 -0.734697 1.052850 1.052850 1.052850
7089.670898 0.000000 8508.546875 0.000000 0.998963 0.000000 0.045530 0.734991 0.734991 0.734991
7090.011719 0.000000 8505.912109 0.000000 0.119932 0.000000 -0.992782 1.282350 1.282350 1.282350
7106.389648 0.000000 8481.096680 0.000000 0.637726 0.000000 0.770263 0.410857 0.410857 0.410857
7095.380371 0.000000 8518.536133 0.000000 0.202773 0.000000 -0.979226 1.113357 1.113357 1.113357
7105.158691 0.000000 8488.993164 0.000000 0.917216 0.000000 0.398389 0.626474 0.626474 0.626474
7108.641602 0.000000 8482.702148 0.000000 0.957092 0.000000 -0.289784 0.830922 0.830922 0.830922
7094.122070 0.000000 8492.398438 0.000000 0.597213 0.000000 0.802083 0.445011 0.445011 0.445011
7092.795410 0.000000 8529.116211 0.000000 0.117347 0.000000 -0.993091 1.313236 1.313236 1.313236
7096.763184 0.000000 8510.925781 0.000000 0.205361 0.000000 -0.978686 1.099884 1.099884 1.099884
7106.088379 0.000000 8482.733398 0.000000 0.833036 0.000000 -0.553218 0.951968 0.951968 0.951968
7097.722656 0.000000 8493.291016 0.000000 0.516522 0.000000 0.856274 0.332305 0.332305 0.332305
7095.317383 0.000000 8492.950195 0.000000 0.194231 0.000000 0.980956 0.299345 0.299345 0.299345
7093.632812 0.000000 8494.835938 0.000000 0.417892 0.000000 0.908497 0.419240 0.419240 0.419240
7107.086426 0.000000 8485.036133 0.000000 0.123260 0.000000 -0.992374 1.188987 1.188987 1.188987
7093.670898 0.000000 8516.903320 0.000000 0.541152 0.000000 -0.840925 1.116622 1.116622 1.116622
7088.249512 0.000000 8520.658203 0.000000 0.130370 0.000000 0.991465 0.146012 0.146012 0.146012
7108.941895 0.000000 8470.381836 0.000000 0.401693 0.000000 0.915774 0.342569 0.342569 0.342569
7097.827637 0.000000 8498.952148 0.000000 0.999923 0.000000 0.012440 0.744759 0.744759 0.744759
7096.749512 0.000000 8501.179688 0.000000 0.834808 0.000000 -0.550542 0.981428 0.981428 0.981428
7092.881836 0.000000 8501.989258 0.000000 0.479666 0.000000 0.877451 0.337081 0.337081 0.337081
7102.952637 0.000000 8479.105469 0.000000 0.430412 0.000000 0.902633 0.341038 0.341038 0.341038
7096.517578 0.000000 8503.739258 0.000000 0.731280 0.000000 -0.682077 1.019843 1.019843 1.019843
7087.455566 0.000000 8514.771484 0.000000 0.991162 0.000000 0.132655 0.708646 0.708646 0.708646
7111.724121 0.000000 8475.450195 0.000000 0.533362 0.000000 0.845887 0.347896 0.347896 0.347896
7094.671387 0.000000 8528.115234 0.000000 0.999966 0.000000 -0.008215 0.752461 0.752461 0.752461
7101.903809 0.000000 8487.625000 0.000000 0.655025 0.000000 -0.755607 1.138137 1.138137 1.138137
7087.685547 0.000000 8509.957031 0.000000 0.583656 0.000000 -0.812001 0.985975 0.985975 0.985975
7102.659180 0.000000 8483.918945 0.000000 0.202028 0.000000 0.979380 0.138094 0.138094 0.138094
7104.206543 0.000000 8488.124023 0.000000 0.381032 0.000000 -0.924562 1.105686 1.105686 1.105686
7098.892090 0.000000 8495.440430 0.000000 0.350770 0.000000 -0.936462 1.265317 1.265317 1.265317
7110.975586 0.000000 8480.546875 0.000000 0.841914 0.000000 -0.539612 0.895143 0.895143 0.895143
7093.663574 0.000000 8521.958984 0.000000 0.998371 0.000000 0.057060 0.730438 0.730438 0.730438
7113.710938 0.000000 8477.250977 0.000000 0.753723 0.000000 -0.657192 0.952745 0.952745 0.952745
7094.180664 0.000000 8524.305664 0.000000 0.998154 0.000000 -0.060727 0.766384 0.766384 0.766384
7103.881348 0.000000 8492.535156 0.000000 0.990333 0.000000 -0.138712 0.792733 0.792733 0.792733
7092.283203 0.000000 8525.696289 0.000000 0.960345 0.000000 -0.278814 0.849994 0.849994 0.849994
7091.105957 0.000000 8519.584961 0.000000 0.183720 0.000000 0.982979 0.147911 0.147911 0.147911
7097.848145 0.000000 8485.065430 0.000000 0.383609 0.000000 -0.923496 1.060765 1.060765 1.060765
7099.083984 0.000000 8500.014648 0.000000 0.146399 0.000000 -0.989226 1.197900 1.197900 1.197900
7090.202148 0.000000 8524.433594 0.000000 0.597722 0.000000 0.801704 0.344206 0.344206 0.344206
7095.506348 0.000000 8496.416992 0.000000 0.187345 0.000000 0.982294 0.193515 0.193515 0.193515
7084.758301 0.000000 8521.549805 0.000000 0.997954 0.000000 -0.063932 0.766531 0.766531 0.766531
7099.883789 0.000000 8484.291992 0.000000 0.940454 0.000000 0.339921 0.632456 0.632456 0.632456
7099.151855 0.000000 8482.067383 0.000000 0.917646 0.000000 -0.397399 0.873200 0.873200 0.873200
7100.460449 0.000000 8497.533203 0.000000 0.798190 0.000000 0.602406 0.550262 0.550262 0.550262
7115.222168 0.000000 8471.498047 0.000000 0.838052 0.000000 -0.545590 0.893714 0.893714 0.893714
7107.662598 0.000000 8476.215820 0.000000 0.946514 0.000000 -0.322663 0.900100 0.900100 0.900100
7107.514648 0.000000 8478.795898 0.000000 0.651577 0.000000 -0.758583 1.125689 1.125689 1.125689
7104.496094 0.000000 8473.527344 0.000000 0.874108 0.000000 -0.485731 0.895302 0.895302 0.895302
7110.105469 0.000000 8478.676758 0.000000 0.611862 0.000000 0.790964 0.476663 0.476663 0.476663
7090.693848 0.000000 8499.380859 0.000000 0.043759 0.000000 -0.999042 1.167446 1.167446 1.167446
7109.443359 0.000000 8473.451172 0.000000 0.958491 0.000000 0.285123 0.630897 0.630897 0.630897
7090.156738 0.000000 8515.512695 0.000000 0.444207 0.000000 0.895924 0.232248 0.232248 0.232248
7088.742676 0.000000 8529.267578 0.000000 0.451267 0.000000 -0.892389 1.183554 1.183554 1.183554
7091.429688 0.000000 8501.167969 0.000000 0.905586 0.000000 -0.424162 0.885331 0.885331 0.885331
7103.208496 0.000000 8477.189453 0.000000 0.711509 0.000000 -0.702677 0.996553 0.996553 0.996553
7088.888672 0.000000 8516.854492 0.000000 0.502655 0.000000 -0.864487 1.172288 1.172288 1.172288
7100.303711 0.000000 8478.820312 0.000000 0.367381 0.000000 0.930071 0.401061 0.401061 0.401061
7087.202637 0.000000 8518.501953 0.000000 0.052819 0.000000 0.998604 0.235556 0.235556 0.235556
7104.616211 0.000000 8480.648438 0.000000 0.003169 0.000000 -0.999995 1.480875 1.480875 1.480875
7090.906250 0.000000 8530.062500 0.000000 0.995867 0.000000 -0.090825 0.792063 0.792063 0.792063
7102.778320 0.000000 8481.367188 0.000000 0.815452 0.000000 -0.578825 1.000812 1.000812 1.000812
7092.922363 0.000000 8499.599609 0.000000 0.081939 0.000000 -0.996637 1.276853 1.276853 1.276853
7107.678711 0.000000 8474.922852 0.000000 0.339674 0.000000 -0.940543 1.238250 1.238250 1.238250
7101.973145 0.000000 8492.898438 0.000000 0.839444 0.000000 0.543447 0.531619 0.531619 0.531619
7100.421875 0.000000 8479.977539 0.000000 0.632320 0.000000 -0.774707 1.008871 1.008871 1.008871
7098.235840 0.000000 8487.798828 0.000000 0.088443 0.000000 -0.996081 1.305072 1.305072 1.305072
7088.811035 0.000000 8522.444336 0.000000 0.794990 0.000000 0.606623 0.464415 0.464415 0.464415
7088.528320 0.000000 8508.276367 0.000000 0.295680 0.000000 0.955287 0.331271 0.331271 0.331271
7108.717773 0.000000 8477.867188 0.000000 0.990976 0.000000 -0.134041 0.805634 0.805634 0.805634
7102.208008 0.000000 8494.339844 0.000000 0.638598 0.000000 0.769541 0.516523 0.516523 0.516523
7106.623535 0.000000 8476.750000 0.000000 0.273339 0.000000 -0.961918 1.341157 1.341157 1.341157
7098.760254 0.000000 8492.455078 0.000000 0.241488 0.000000 -0.970404 1.346280 1.346280 1.346280
7086.767578 0.000000 8525.953125 0.000000 0.481716 0.000000 -0.876328 1.110015 1.110015 1.110015
7104.004395 0.000000 8483.916992 0.000000 0.945407 0.000000 0.325892 0.611393 0.611393 0.611393
7092.275391 0.000000 8527.797852 0.000000 0.467621 0.000000 -0.883929 1.147893 1.147893 1.147893
7095.276855 0.000000 8514.696289 0.000000 0.264865 0.000000 -0.964285 1.137841 1.137841 1.137841
7112.113770 0.000000 8473.253906 0.000000 0.422262 0.000000 -0.906474 1.157984 1.157984 1.157984
7110.698730 0.000000 8471.935547 0.000000 0.823838 0.000000 -0.566826 0.968910 0.968910 0.968910
7090.890625 0.000000 8527.625000 0.000000 0.734445 0.000000 -0.678668 1.083816 1.083816 1.083816
7093.154297 0.000000 8518.541992 0.000000 0.745560 0.000000 0.666439 0.494600 0.494600 0.494600
7091.640625 0.000000 8500.030273 0.000000 0.416315 0.000000 -0.909220 1.102635 1.102635 1.102635
7092.550781 0.000000 8503.044922 0.000000 0.101785 0.000000 0.994806 0.136692 0.136692 0.136692
7092.324219 0.000000 8514.953125 0.000000 0.840784 0.000000 0.541371 0.530415 0.530415 0.530415
7107.963867 0.000000 8479.905273 0.000000 0.871046 0.000000 -0.491201 0.974012 0.974012 0.974012
7104.955078 0.000000 8478.386719 0.000000 0.954379 0.000000 0.298597 0.618848 0.618848 0.618848
7086.663574 0.000000 8513.933594 0.000000 0.516725 0.000000 0.856152 0.445942 0.445942 0.445942
7092.167480 0.000000 8497.822266 0.000000 0.986102 0.000000 0.166141 0.696244 0.696244 0.696244
7088.637695 0.000000 8519.583008 0.000000 0.569923 0.000000 -0.821698 1.158093 1.158093 1.158093
7111.294922 0.000000 8474.385742 0.000000 0.982635 0.000000 -0.185549 0.824432 0.824432 0.824432
7112.917480 0.000000 8472.039062 0.000000 0.920471 0.000000 -0.390811 0.894345 0.894345 0.894345
7103.618164 0.000000 8490.459961 0.000000 0.154261 0.000000 0.988030 0.267485 0.267485 0.267485
7101.729004 0.000000 8485.367188 0.000000 0.395473 0.000000 -0.918478 1.233935 1.233935 1.233935
7100.375977 0.000000 8482.167969 0.000000 0.568188 0.000000 -0.822899 1.110125 1.110125 1.110125
7106.911621 0.000000 8483.429688 0.000000 0.302370 0.000000 -0.953191 1.185346 1.185346 1.185346
7091.524902 0.000000 8521.885742 0.000000 0.929133 0.000000 0.369745 0.590442 0.590442 0.590442
7097.606445 0.000000 8501.841797 0.000000 0.539559 0.000000 -0.841948 1.147302 1.147302 1.147302
7093.236816 0.000000 8510.325195 0.000000 0.833546 0.000000 -0.552451 0.998775 0.998775 0.998775
7088.724609 0.000000 8513.963867 0.000000 0.993939 0.000000 -0.109936 0.791459 0.791459 0.791459
7093.262695 0.000000 8507.944336 0.000000 0.959039 0.000000 0.283274 0.613945 0.613945 0.613945
7104.500000 0.000000 8477.273438 0.000000 0.697123 0.000000 -0.716951 1.053859 1.053859 1.053859
7102.164062 0.000000 8482.877930 0.000000 0.708190 0.000000 0.706022 0.399216 0.399216 0.399216
7091.380859 0.000000 8508.633789 0.000000 0.776542 0.000000 -0.630066 1.030787 1.030787 1.030787
7090.618164 0.000000 8504.932617 0.000000 0.969886 0.000000 0.243560 0.659707 0.659707 0.659707
7100.079590 0.000000 8488.741211 0.000000 0.484257 0.000000 -0.874926 1.236694 1.236694 1.236694
7102.155762 0.000000 8491.117188 0.000000 0.411166 0.000000 0.911561 0.359105 0.359105 0.359105
7090.299316 0.000000 8520.842773 0.000000 0.987367 0.000000 -0.158450 0.817036 0.817036 0.817036
7105.831543 0.000000 8480.182617 0.000000 0.803654 0.000000 -0.595097 1.047169 1.047169 1.047169
7092.298340 0.000000 8496.771484 0.000000 0.783364 0.000000 0.621563 0.533986 0.533986 0.533986
7092.969238 0.000000 8498.510742 0.000000 0.833453 0.000000 -0.552591 0.957189 0.957189 0.957189
7092.371582 0.000000 8506.095703 0.000000 0.302281 0.000000 -0.953219 1.348645 1.348645 1.348645
7090.239746 0.000000 8528.490234 0.000000 0.948840 0.000000 -0.315757 0.901583 0.901583 0.901583
7091.031250 0.000000 8517.332031 0.000000 0.543384 0.000000 -0.839484 1.195865 1.195865 1.195865
7087.129883 0.000000 8520.933594 0.000000 0.506550 0.000000 0.862210 0.393774 0.393774 0.393774
7113.605957 0.000000 8474.758789 0.000000 0.725969 0.000000 -0.687727 1.008431 1.008431 1.008431
7097.644531 0.000000 8490.869141 0.000000 0.998020 0.000000 0.062892 0.726904 0.726904 0.726904
7092.380371 0.000000 8521.243164 0.000000 0.974148 0.000000 0.225909 0.671918 0.671918 0.671918
7096.710938 0.000000 8492.493164 0.000000 0.868945 0.000000 -0.494909 0.960361 0.960361 0.960361
7089.453613 0.000000 8530.458984 0.000000 0.116932 0.000000 -0.993140 1.307955 1.307955 1.307955
7090.708496 0.000000 8506.711914 0.000000 0.269950 0.000000 0.962874 0.244691 0.244691 0.244691
7091.670410 0.000000 8512.105469 0.000000 0.743824 0.000000 -0.668375 1.077585 1.077585 1.077585
7101.045898 0.000000 8480.924805 0.000000 0.606581 0.000000 0.795022 0.443693 0.443693 0.443693
7095.645020 0.000000 8504.351562 0.000000 0.034323 0.000000 -0.999411 1.377164 1.377164 1.377164
7093.736328 0.000000 8513.899414 0.000000 0.903442 0.000000 0.428710 0.574125 0.574125 0.574125
7094.721680 0.000000 8501.185547 0.000000 0.981930 0.000000 0.189247 0.663015 0.663015 0.663015
7094.743652 0.000000 8510.541992 0.000000 0.879144 0.000000 -0.476556 0.918346 0.918346 0.918346
7100.318848 0.000000 8492.002930 0.000000 0.903522 0.000000 0.428542 0.581662 0.581662 0.581662
7106.631348 0.000000 8472.969727 0.000000 0.938993 0.000000 -0.343937 0.874909 0.874909 0.874909
7092.727051 0.000000 8526.891602 0.000000 0.526980 0.000000 -0.849878 1.122774 1.122774 1.122774
7109.678223 0.000000 8476.505859 0.000000 0.981773 0.000000 0.190055 0.670874 0.670874 0.670874
7108.915527 0.000000 8471.506836 0.000000 0.518237 0.000000 0.855237 0.388832 0.388832 0.388832
7097.466309 0.000000 8495.593750 0.000000 0.468433 0.000000 0.883499 0.267254 0.267254 0.267254
7098.559570 0.000000 8491.379883 0.000000 0.961017 0.000000 -0.276490 0.875364 0.875364 0.875364
7110.812500 0.000000 8476.997070 0.000000 0.980468 0.000000 0.196678 0.680683 0.680683 0.680683
7103.941406 0.000000 8479.452148 0.000000 0.521847 0.000000 0.853039 0.378840 0.378840 0.378840
7091.301758 0.000000 8525.896484 0.000000 0.591616 0.000000 0.806220 0.340893 0.340893 0.340893
7109.745605 0.000000 8475.452148 0.000000 0.998330 0.000000 -0.057768 0.777057 0.777057 0.777057
7097.389648 0.000000 8503.228516 0.000000 0.858967 0.000000 0.512031 0.556750 0.556750 0.556750
7094.689453 0.000000 8507.050781 0.000000 0.083025 0.000000 -0.996547 1.329393 1.329393 1.329393
7093.434570 0.000000 8509.007812 0.000000 0.209986 0.000000 0.977704 0.141734 0.141734 0.141734
7092.070312 0.000000 8505.099609 0.000000 0.999421 0.000000 -0.034036 0.765298 0.765298 0.765298
7091.675781 0.000000 8518.590820 0.000000 0.528092 0.000000 -0.849187 1.190674 1.190674 1.190674
7100.827637 0.000000 8492.880859 0.000000 0.860660 0.000000 0.509181 0.546938 0.546938 0.546938
7099.868164 0.000000 8486.031250 0.000000 0.503590 0.000000 -0.863943 1.140602 1.140602 1.140602
7100.048828 0.000000 8493.875977 0.000000 0.998807 0.000000 -0.048841 0.768572 0.768572 0.768572
7090.511230 0.000000 8508.017578 0.000000 0.478698 0.000000 -0.877980 1.191435 1.191435 1.191435
7108.933105 0.000000 8479.993164 0.000000 0.976455 0.000000 -0.215722 0.830203 0.830203 0.830203
7108.557617 0.000000 8476.875000 0.000000 0.978129 0.000000 -0.208000 0.836704 0.836704 0.836704
7094.780762 0.000000 8499.927734 0.000000 0.302346 0.000000 -0.953198 1.291828 1.291828 1.291828
7089.246094 0.000000 8528.404297 0.000000 0.818466 0.000000 0.574554 0.509334 0.509334 0.509334
7089.554688 0.000000 8526.579102 0.000000 0.517297 0.000000 -0.855806 1.169250 1.169250 1.169250
7089.778809 0.000000 8517.751953 0.000000 0.622488 0.000000 -0.782629 1.113543 1.113543 1.113543
7092.360352 0.000000 8507.530273 0.000000 0.130349 0.000000 0.991468 0.067807 0.067807 0.067807
7088.180664 0.000000 8518.685547 0.000000 0.862509 0.000000 0.506041 0.525473 0.525473 0.525473
7093.264160 0.000000 8515.175781 0.000000 0.959308 0.000000 0.282363 0.640122 0.640122 0.640122
7108.426270 0.000000 8473.340820 0.000000 0.980637 0.000000 -0.195833 0.831194 0.831194 0.831194
7105.819336 0.000000 8485.119141 0.000000 0.657112 0.000000 -0.753793 1.069739 1.069739 1.069739
7093.125977 0.000000 8513.027344 0.000000 0.989215 0.000000 -0.146473 0.808353 0.808353 0.808353
7099.537109 0.000000 8487.955078 0.000000 0.981349 0.000000 0.192235 0.677560 0.677560 0.677560
7090.487305 0.000000 8510.441406 0.000000 0.989776 0.000000 -0.142628 0.813242 0.813242 0.813242
7091.624023 0.000000 8509.588867 0.000000 0.218472 0.000000 -0.975843 1.306332 1.306332 1.306332
7090.428223 0.000000 8523.498047 0.000000 0.212978 0.000000 0.977057 0.168497 0.168497 0.168497
7093.216797 0.000000 8530.486328 0.000000 0.350928 0.000000 0.936402 0.280151 0.280151 0.280151
7094.005859 0.000000 8496.847656 0.000000 0.694012 0.000000 -0.719963 1.073564 1.073564 1.073564
7103.481934 0.000000 8486.471680 0.000000 0.471365 0.000000 -0.881938 1.192846 1.192846 1.192846
7088.765625 0.000000 8527.385742 0.000000 0.804309 0.000000 -0.594211 1.009722 1.009722 1.009722
7094.486816 0.000000 8503.740234 0.000000 0.934547 0.000000 -0.355840 0.908721 0.908721 0.908721
7093.879395 0.000000 8528.849609 0.000000 0.023088 0.000000 -0.999733 1.349874 1.349874 1.349874
7089.745117 0.000000 8522.203125 0.000000 0.031818 0.000000 0.999494 0.075708 0.075708 0.075708
7089.352539 0.000000 8516.041992 0.000000 0.999994 0.000000 0.003354 0.748644 0.748644 0.748644
7092.754395 0.000000 8511.163086 0.000000 0.918820 0.000000 0.394678 0.577555 0.577555 0.577555
7091.686523 0.000000 8513.977539 0.000000 0.150603 0.000000 0.988594 0.114712 0.114712 0.114712
7089.083008 0.000000 8525.789062 0.000000 0.999779 0.000000 -0.021044 0.758866 0.758866 0.758866
7096.295898 0.000000 8494.541016 0.000000 0.994453 0.000000 -0.105178 0.796958 0.796958 0.796958
7105.924805 0.000000 8479.269531 0.000000 0.292409 0.000000 0.956293 0.198938 0.198938 0.198938
7090.496582 0.000000 8526.763672 0.000000 0.045622 0.000000 -0.998959 1.432518 1.432518 1.432518
7104.494629 0.000000 8482.333008 0.000000 0.287268 0.000000 -0.957850 1.284220 1.284220 1.284220
7089.133301 0.000000 8520.355469 0.000000 0.203961 0.000000 0.978979 0.177326 0.177326 0.177326
7088.200195 0.000000 8524.489258 0.000000 0.726334 0.000000 0.687342 0.430735 0.430735 0.430735
7093.602051 0.000000 8504.463867 0.000000 0.112176 0.000000 -0.993688 1.405367 1.405367 1.405367
7092.567871 0.000000 8509.650391 0.000000 0.995974 0.000000 0.089639 0.709832 0.709832 0.709832
7102.481445 0.000000 8484.797852 0.000000 0.851358 0.000000 -0.524586 1.000228 1.000228 1.000228
7100.454590 0.000000 8486.915039 0.000000 0.921792 0.000000 0.387685 0.569603 0.569603 0.569603
7090.794922 0.000000 8513.781250 0.000000 0.751558 0.000000 -0.659667 1.072373 1.072373 1.072373
7091.617676 0.000000 8529.476562 0.000000 0.991710 0.000000 -0.128500 0.810800 0.810800 0.810800
7090.795410 0.000000 8529.202148 0.000000 0.639649 0.000000 -0.768667 1.163695 1.163695 1.163695
7101.383301 0.000000 8562.691406 0.000000 0.246724 0.000000 0.969086 0.655973 0.655973 0.655973
7093.629395 0.000000 8542.186523 0.000000 0.315459 0.000000 0.948939 0.310034 0.310034 0.310034
7116.227539 0.000000 8550.353516 0.000000 0.383046 0.000000 0.923729 0.661794 0.661794 0.661794
7117.485840 0.000000 8569.502930 0.000000 0.997097 0.000000 0.076139 0.736301 0.736301 0.736301
7082.657227 0.000000 8531.368164 0.000000 0.851487 0.000000 -0.524376 0.822348 0.822348 0.822348
7103.552246 0.000000 8550.294922 0.000000 0.988440 0.000000 -0.151613 0.814121 0.814121 0.814121
7091.514648 0.000000 8554.587891 0.000000 0.404140 0.000000 0.914697 0.724054 0.724054 0.724054
7100.316406 0.000000 8532.636719 0.000000 0.683900 0.000000 -0.729576 0.831147 0.831147 0.831147
7111.775391 0.000000 8560.609375 0.000000 0.501105 0.000000 -0.865387 1.139721 1.139721 1.139721
7108.131348 0.000000 8541.243164 0.000000 0.739501 0.000000 -0.673156 0.754148 0.754148 0.754148
7120.650391 0.000000 8561.050781 0.000000 0.583448 0.000000 -0.812151 1.106720 1.106720 1.106720
7091.357910 0.000000 8533.579102 0.000000 0.734286 0.000000 -0.678840 1.081127 1.081127 1.081127
7085.486816 0.000000 8538.958984 0.000000 0.770232 0.000000 0.637764 0.668419 0.668419 0.668419
7107.497559 0.000000 8567.319336 0.000000 0.564544 0.000000 -0.825403 0.815446 0.815446 0.815446
7100.619629 0.000000 8540.200195 0.000000 0.646974 0.000000 -0.762512 0.972451 0.972451 0.972451
7098.513672 0.000000 8555.520508 0.000000 0.822208 0.000000 0.569187 0.582201 0.582201 0.582201
7095.761719 0.000000 8548.904297 0.000000 0.812569 0.000000 0.582866 0.565913 0.565913 0.565913
7105.904785 0.000000 8556.785156 0.000000 0.821102 0.000000 0.570782 0.521381 0.521381 0.521381
7121.884766 0.000000 8553.862305 0.000000 0.554965 0.000000 0.831874 0.669058 0.669058 0.669058
7089.166992 0.000000 8548.407227 0.000000 0.692990 0.000000 0.720947 0.686681 0.686681 0.686681
7109.727539 0.000000 8548.443359 0.000000 0.687440 0.000000 0.726241 0.597803 0.597803 0.597803
7122.901367 0.000000 8573.689453 0.000000 0.534256 0.000000 0.845323 0.634964 0.634964 0.634964
7111.356445 0.000000 8554.240234 0.000000 0.504807 0.000000 -0.863232 1.112770 1.112770 1.112770
7096.215332 0.000000 8536.741211 0.000000 0.744557 0.000000 0.667559 0.511865 0.511865 0.511865
7122.521973 0.000000 8566.382812 0.000000 0.427255 0.000000 -0.904131 1.147543 1.147543 1.147543
7116.373535 0.000000 8557.528320 0.000000 0.279952 0.000000 0.960014 0.359598 0.359598 0.359598
7100.516113 0.000000 8545.704102 0.000000 0.547245 0.000000 -0.836973 1.091674 1.091674 1.091674
7115.951172 0.000000 8564.295898 0.000000 0.402397 0.000000 -0.915465 1.085691 1.085691 1.085691
7112.060547 0.000000 8570.471680 0.000000 0.998976 0.000000 -0.045244 0.751441 0.751441 0.751441
7088.399414 0.000000 8543.361328 0.000000 0.454249 0.000000 0.890875 0.523589 0.523589 0.523589
7106.838379 0.000000 8562.322266 0.000000 0.477938 0.000000 0.878393 0.519064 0.519064 0.519064
7090.353027 0.000000 8538.428711 0.000000 0.870747 0.000000 -0.491731 0.930962 0.930962 0.930962
7095.559570 0.000000 8530.643555 0.000000 0.741557 0.000000 0.670890 0.526928 0.526928 0.526928
7105.609863 0.000000 8545.407227 0.000000 0.551794 0.000000 0.833981 0.552400 0.552400 0.552400
7086.570312 0.000000 8534.450195 0.000000 0.881918 0.000000 -0.471403 0.877759 0.877759 0.877759
7111.821289 0.000000 8565.897461 0.000000 0.999945 0.000000 -0.010536 0.752367 0.752367 0.752367
7123.956055 0.000000 8557.714844 0.000000 0.760420 0.000000 0.649431 0.613681 0.613681 0.613681
7097.737793 0.000000 8560.405273 0.000000 0.966244 0.000000 0.257629 0.739266 0.739266 0.739266
7101.867188 0.000000 8558.229492 0.000000 0.486060 0.000000 -0.873925 0.978940 0.978940 0.978940
7107.497070 0.000000 8552.371094 0.000000 0.620706 0.000000 0.784043 0.417596 0.417596 0.417596
7082.479004 0.000000 8535.603516 0.000000 0.157098 0.000000 0.987583 0.609773 0.609773 0.609773
7099.603027 0.000000 8551.405273 0.000000 0.488385 0.000000 -0.872628 1.155103 1.155103 1.155103
7094.614746 0.000000 8557.510742 0.000000 0.024433 0.000000 -0.999701 0.894771 0.894771 0.894771
7088.305176 0.000000 8530.665039 0.000000 0.958692 0.000000 -0.284447 0.860712 0.860712 0.860712
7102.043457 0.000000 8536.407227 0.000000 0.926208 0.000000 -0.377013 0.785467 0.785467 0.785467
7102.598145 0.000000 8554.185547 0.000000 0.520680 0.000000 0.853752 0.347691 0.347691 0.347691
7095.057617 0.000000 8552.768555 0.000000 0.370551 0.000000 0.928812 0.511347 0.511347 0.511347
7097.478027 0.000000 8542.962891 0.000000 0.828102 0.000000 0.560578 0.488154 0.488154 0.488154
7092.523438 0.000000 8546.053711 0.000000 0.985521 0.000000 0.169554 0.703743 0.703743 0.703743
7118.978516 0.000000 8573.076172 0.000000 0.319782 0.000000 0.947491 0.684712 0.684712 0.684712
7124.326172 0.000000 8562.295898 0.000000 0.991353 0.000000 0.131221 0.697268 0.697268 0.697268
7104.600098 0.000000 8539.612305 0.000000 0.777976 0.000000 0.628293 0.705479 0.705479 0.705479
7104.377441 0.000000 8565.187500 0.000000 0.685775 0.000000 -0.727814 0.832418 0.832418 0.832418
7117.728027 0.000000 8553.894531 0.000000 0.864516 0.000000 0.502605 0.671118 0.671118 0.671118
7121.757812 0.000000 8570.093750 0.000000 0.675068 0.000000 -0.737756 0.885164 0.885164 0.885164
7109.768066 0.000000 8557.569336 0.000000 0.830989 0.000000 -0.556288 1.022826 1.022826 1.022826
7109.661621 0.000000 8544.711914 0.000000 0.980491 0.000000 0.196565 0.736663 0.736663 0.736663
7113.418945 0.000000 8547.877930 0.000000 0.391944 0.000000 -0.919989 0.782806 0.782806 0.782806
7120.380371 0.000000 8557.158203 0.000000 0.128172 0.000000 -0.991752 1.090266 1.090266 1.090266
7091.661133 0.000000 8550.963867 0.000000 0.807829 0.000000 -0.589418 0.814914 0.814914 0.814914
7082.030762 0.000000 8539.508789 0.000000 0.955972 0.000000 0.293457 0.737731 0.737731 0.737731
7103.074707 0.000000 8543.022461 0.000000 0.328196 0.000000 0.944610 0.469878 0.469878 0.469878
7086.235840 0.000000 8546.500977 0.000000 0.787341 0.000000 0.616518 0.717659 0.717659 0.717659
7119.500000 0.000000 8564.533203 0.000000 0.266149 0.000000 -0.963932 1.225168 1.225168 1.225168
7117.208496 0.000000 8560.922852 0.000000 0.827056 0.000000 -0.562120 1.027197 1.027197 1.027197
7112.708008 0.000000 8551.154297 0.000000 0.066312 0.000000 0.997799 0.510562 0.510562 0.510562
7114.532227 0.000000 8567.942383 0.000000 0.487295 0.000000 -0.873237 0.976648 0.976648 0.976648
7114.522461 0.000000 8554.799805 0.000000 0.944545 0.000000 -0.328383 0.839588 0.839588 0.839588
7094.730957 0.000000 8533.867188 0.000000 0.544808 0.000000 0.838561 0.422223 0.422223 0.422223
7093.585938 0.000000 8538.951172 0.000000 0.210348 0.000000 -0.977627 1.332657 1.332657 1.332657
7103.954102 0.000000 8560.575195 0.000000 0.976325 0.000000 0.216307 0.708359 0.708359 0.708359
7109.864258 0.000000 8563.236328 0.000000 0.178307 0.000000 0.983975 0.393044 0.393044 0.393044
7106.582520 0.000000 8549.416992 0.000000 0.754706 0.000000 -0.656063 0.925524 0.925524 0.925524
7113.259766 0.000000 8557.874023 0.000000 0.236089 0.000000 -0.971731 1.251476 1.251476 1.251476
7099.080078 0.000000 8535.462891 0.000000 0.771426 0.000000 0.636319 0.604068 0.604068 0.604068
7095.647461 0.000000 8545.714844 0.000000 0.999363 0.000000 0.035693 0.736363 0.736363 0.736363
7096.715820 0.000000 8539.957031 0.000000 0.515655 0.000000 -0.856796 1.116084 1.116084 1.116084
7103.140137 0.000000 8547.307617 0.000000 0.991956 0.000000 0.126584 0.709599 0.709599 0.709599
7099.081543 0.000000 8548.488281 0.000000 0.749076 0.000000 -0.662484 1.060494 1.060494 1.060494
7107.428223 0.000000 8559.423828 0.000000 0.909762 0.000000 0.415131 0.595300 0.595300 0.595300
7092.632324 0.000000 8536.251953 0.000000 0.283405 0.000000 0.959000 0.154018 0.154018 0.154018
7085.460938 0.000000 8530.926758 0.000000 0.803789 0.000000 0.594914 0.612802 0.612802 0.612802
7089.393066 0.000000 8535.707031 0.000000 0.270970 0.000000 -0.962588 1.189357 1.189357 1.189357
7090.534668 0.000000 8541.441406 0.000000 0.771229 0.000000 -0.636558 0.968350 0.968350 0.968350
7119.716309 0.000000 8567.539062 0.000000 0.043997 0.000000 0.999032 0.301173 0.301173 0.301173
7113.089844 0.000000 8563.255859 0.000000 0.581440 0.000000 -0.813589 1.066724 1.066724 1.066724
7114.905762 0.000000 8571.228516 0.000000 0.992126 0.000000 -0.125247 0.757524 0.757524 0.757524
7110.130371 0.000000 8568.257812 0.000000 0.999452 0.000000 -0.033088 0.752169 0.752169 0.752169
7087.804688 0.000000 8540.585938 0.000000 0.676194 0.000000 0.736723 0.615084 0.615084 0.615084
7097.544922 0.000000 8532.952148 0.000000 0.573556 0.000000 0.819167 0.509144 0.509144 0.509144
7108.228516 0.000000 8555.090820 0.000000 0.356817 0.000000 -0.934174 1.217408 1.217408 1.217408
7105.316406 0.000000 8554.015625 0.000000 0.180758 0.000000 0.983528 0.123195 0.123195 0.123195
7117.137695 0.000000 8566.735352 0.000000 0.957982 0.000000 -0.286827 0.822991 0.822991 0.822991
7114.568359 0.000000 8560.416992 0.000000 0.936360 0.000000 -0.351041 0.907155 0.907155 0.907155
7100.155762 0.000000 8542.858398 0.000000 0.996850 0.000000 0.079314 0.726362 0.726362 0.726362
7109.987793 0.000000 8551.102539 0.000000 0.063740 0.000000 0.997967 0.366242 0.366242 0.366242
7105.604004 0.000000 8542.136719 0.000000 0.588272 0.000000 0.808663 0.603623 0.603623 0.603623
7092.950684 0.000000 8531.375977 0.000000 0.124734 0.000000 0.992190 0.189648 0.189648 0.189648
7121.903809 0.000000 8563.378906 0.000000 0.351933 0.000000 -0.936025 1.298805 1.298805 1.298805
7099.158691 0.000000 8558.136719 0.000000 0.991488 0.000000 -0.130196 0.770780 0.770780 0.770780
7124.294434 0.000000 8555.153320 0.000000 0.972078 0.000000 -0.234658 0.769071 0.769071 0.769071
7089.877930 0.000000 8545.559570 0.000000 0.937150 0.000000 -0.348928 0.809397 0.809397 0.809397
7093.113770 0.000000 8548.773438 0.000000 0.863155 0.000000 -0.504940 0.865957 0.865957 0.865957
7087.628906 0.000000 8537.515625 0.000000 0.073913 0.000000 -0.997265 1.097529 1.097529 1.097529
7098.688477 0.000000 8538.302734 0.000000 0.766130 0.000000 0.642686 0.551345 0.551345 0.551345
7084.264648 0.000000 8533.402344 0.000000 0.623389 0.000000 0.781911 0.568461 0.568461 0.568461
7107.643066 0.000000 8546.916016 0.000000 0.079096 0.000000 -0.996867 1.032085 1.032085 1.032085
7123.003418 0.000000 8560.041016 0.000000 0.682743 0.000000 0.730659 0.463134 0.463134 0.463134
7107.917480 0.000000 8564.836914 0.000000 0.946546 0.000000 -0.322569 0.796738 0.796738 0.796738
7095.777832 0.000000 8555.199219 0.000000 0.882108 0.000000 0.471048 0.676530 0.676530 0.676530
7097.650391 0.000000 8553.035156 0.000000 0.944170 0.000000 0.329459 0.660107 0.660107 0.660107
7119.623047 0.000000 8552.272461 0.000000 0.328881 0.000000 -0.944371 0.891136 0.891136 0.891136
7088.785156 0.000000 8533.204102 0.000000 0.971603 0.000000 -0.236617 0.838115 0.838115 0.838115
7084.895020 0.000000 8536.311523 0.000000 0.994445 0.000000 -0.105260 0.765994 0.765994 0.765994
7118.498047 0.000000 8558.710938 0.000000 0.359718 0.000000 -0.933061 1.164404 1.164404 1.164404
7098.905762 0.000000 8530.630859 0.000000 0.294910 0.000000 -0.955525 0.928549 0.928549 0.928549
7100.893555 0.000000 8555.959961 0.000000 0.715799 0.000000 -0.698306 1.014879 1.014879 1.014879
7107.369629 0.000000 8543.719727 0.000000 0.936971 0.000000 -0.349406 0.778738 0.778738 0.778738
7100.212891 0.000000 8560.347656 0.000000 0.035410 0.000000 0.999373 0.528636 0.528636 0.528636
7091.547363 0.000000 8543.860352 0.000000 0.927552 0.000000 -0.373695 0.859001 0.859001 0.859001
7101.229004 0.000000 8549.511719 0.000000 0.904839 0.000000 -0.425754 0.940223 0.940223 0.940223
7085.331543 0.000000 8541.397461 0.000000 0.226945 0.000000 -0.973908 0.863063 0.863063 0.863063
7098.181641 0.000000 8545.304688 0.000000 0.887883 0.000000 -0.460070 0.947828 0.947828 0.947828
7115.012207 0.000000 8552.456055 0.000000 0.949773 0.000000 -0.312941 0.810193 0.810193 0.810193
7100.332520 0.000000 8553.698242 0.000000 0.059806 0.000000 -0.998210 1.344117 1.344117 1.344117
7097.416992 0.000000 8550.631836 0.000000 0.919541 0.000000 -0.392994 0.878561 0.878561 0.878561
7103.507812 0.000000 8556.505859 0.000000 0.185636 0.000000 0.982619 0.286111 0.286111 0.286111
7090.549805 0.000000 8531.354492 0.000000 0.993749 0.000000 0.111637 0.698262 0.698262 0.698262
7109.452637 0.000000 8560.583984 0.000000 0.009453 0.000000 0.999955 0.232545 0.232545 0.232545
7096.984375 0.000000 8557.272461 0.000000 0.950798 0.000000 0.309812 0.700457 0.700457 0.700457
7102.414062 0.000000 8538.682617 0.000000 0.395285 0.000000 -0.918558 0.906979 0.906979 0.906979
7118.351562 0.000000 8556.082031 0.000000 0.349228 0.000000 -0.937038 1.081887 1.081887 1.081887
7105.306641 0.000000 8551.726562 0.000000 0.307542 0.000000 0.951535 0.292966 0.292966 0.292966
7103.670898 0.000000 8562.966797 0.000000 0.141177 0.000000 0.989984 0.576063 0.576063 0.576063
7121.138184 0.000000 8572.270508 0.000000 0.057323 0.000000 -0.998356 0.880354 0.880354 0.880354
7119.391602 0.000000 8570.714844 0.000000 0.781043 0.000000 0.624478 0.659073 0.659073 0.659073
7113.990234 0.000000 8565.359375 0.000000 0.767456 0.000000 -0.641101 0.928521 0.928521 0.928521
7102.005371 0.000000 8551.835938 0.000000 0.070502 0.000000 0.997512 0.117962 0.117962 0.117962
7094.222168 0.000000 8550.742188 0.000000 0.891599 0.000000 0.452826 0.634732 0.634732 0.634732
7123.633789 0.000000 8568.931641 0.000000 0.741905 0.000000 -0.670505 0.952274 0.952274 0.952274
7118.955078 0.000000 8562.464844 0.000000 0.917763 0.000000 -0.397130 0.930462 0.930462 0.930462
7102.702148 0.000000 8545.185547 0.000000 0.976306 0.000000 0.216393 0.690372 0.690372 0.690372
7098.587402 0.000000 8541.114258 0.000000 0.695493 0.000000 -0.718533 1.008188 1.008188 1.008188
7122.333984 0.000000 8556.019531 0.000000 0.112445 0.000000 -0.993658 1.031209 1.031209 1.031209
7097.208496 0.000000 8547.230469 0.000000 0.668280 0.000000 -0.743910 1.092428 1.092428 1.092428
7111.728027 0.000000 8556.388672 0.000000 0.394385 0.000000 0.918945 0.256845 0.256845 0.256845
7111.666504 0.000000 8549.319336 0.000000 0.998800 0.000000 0.048975 0.743211 0.743211 0.743211
7093.789062 0.000000 8544.279297 0.000000 0.612671 0.000000 -0.790338 1.031563 1.031563 1.031563
7104.461426 0.000000 8558.465820 0.000000 0.936858 0.000000 -0.349709 0.861713 0.861713 0.861713
7109.455566 0.000000 8553.167969 0.000000 0.966131 0.000000 -0.258052 0.835524 0.835524 0.835524
7102.606934 0.000000 8540.973633 0.000000 0.032838 0.000000 -0.999461 1.029329 1.029329 1.029329
7109.617188 0.000000 8566.025391 0.000000 0.229329 0.000000 -0.973349 0.895460 0.895460 0.895460
7095.738770 0.000000 8541.772461 0.000000 0.994495 0.000000 0.104784 0.700467 0.700467 0.700467
7091.180664 0.000000 8547.985352 0.000000 0.316208 0.000000 0.948690 0.509107 0.509107 0.509107
7112.495605 0.000000 8568.221680 0.000000 0.596882 0.000000 -0.802329 0.844153 0.844153 0.844153
7119.709473 0.000000 8554.536133 0.000000 0.228996 0.000000 -0.973427 1.010890 1.010890 1.010890
7105.510254 0.000000 8547.538086 0.000000 0.819978 0.000000 0.572395 0.592529 0.592529 0.592529
7092.725098 0.000000 8552.807617 0.000000 0.570288 0.000000 -0.821445 0.872733 0.872733 0.872733
7101.508789 0.000000 8534.401367 0.000000 0.202680 0.000000 -0.979245 0.936809 0.936809 0.936809
7115.365723 0.000000 8562.303711 0.000000 0.997018 0.000000 0.077171 0.721506 0.721506 0.721506
7117.345215 0.000000 8571.535156 0.000000 0.629997 0.000000 -0.776598 0.841577 0.841577 0.841577
7086.717773 0.000000 8532.453125 0.000000 0.041012 0.000000 0.999159 0.314617 0.314617 0.314617
7091.845703 0.000000 8539.934570 0.000000 0.873675 0.000000 -0.486511 0.928855 0.928855 0.928855
7116.446777 0.000000 8555.526367 0.000000 0.896545 0.000000 0.442952 0.645174 0.645174 0.645174
7096.750000 0.000000 8534.842773 0.000000 0.359374 0.000000 0.933194 0.400803 0.400803 0.400803
7121.068359 0.000000 8559.031250 0.000000 0.980198 0.000000 -0.198020 0.812331 0.812331 0.812331
7113.149414 0.000000 8553.181641 0.000000 0.741031 0.000000 -0.671471 0.920928 0.920928 0.920928
7094.218750 0.000000 8547.092773 0.000000 0.392161 0.000000 0.919897 0.354219 0.354219 0.354219
7100.588867 0.000000 8537.687500 0.000000 0.582827 0.000000 0.812596 0.591922 0.591922 0.591922
7107.748535 0.000000 8557.413086 0.000000 0.228100 0.000000 0.973638 0.175144 0.175144 0.175144
7106.045410 0.000000 8564.091797 0.000000 0.563961 0.000000 -0.825801 0.888265 0.888265 0.888265
7101.220703 0.000000 8547.539062 0.000000 0.611010 0.000000 0.791623 0.399374 0.399374 0.399374
7087.955566 0.000000 8545.311523 0.000000 0.973833 0.000000 0.227267 0.728536 0.728536 0.728536
7082.073242 0.000000 8533.709961 0.000000 0.747024 0.000000 0.664797 0.662854 0.662854 0.662854
7116.954590 0.000000 8552.109375 0.000000 0.013439 0.000000 0.999910 0.516719 0.516719 0.516719
7108.423340 0.000000 8549.926758 0.000000 0.022406 0.000000 0.999749 0.460078 0.460078 0.460078
7123.607910 0.000000 8564.687500 0.000000 0.637097 0.000000 -0.770784 1.129006 1.129006 1.129006
7123.456543 0.000000 8571.853516 0.000000 0.999771 0.000000 0.021414 0.745870 0.745870 0.745870
7111.256348 0.000000 8558.786133 0.000000 0.953213 0.000000 0.302299 0.613144 0.613144 0.613144
7105.935547 0.000000 8560.612305 0.000000 0.788101 0.000000 0.615546 0.589839 0.589839 0.589839
7115.573242 0.000000 8569.484375 0.000000 0.581217 0.000000 -0.813748 0.883490 0.883490 0.883490
7094.282227 0.000000 8537.128906 0.000000 0.187368 0.000000 -0.982290 1.306476 1.306476 1.306476
7095.730469 0.000000 8543.629883 0.000000 0.905789 0.000000 0.423730 0.564021 0.564021 0.564021
7102.100586 0.000000 8560.851562 0.000000 0.974589 0.000000 -0.224001 0.793147 0.793147 0.793147
7121.541016 0.000000 8568.000977 0.000000 0.817536 0.000000 0.575878 0.601772 0.601772 0.601772
7120.706055 0.000000 8566.005859 0.000000 0.662825 0.000000 -0.748774 1.022526 1.022526 1.022526
7095.455566 0.000000 8538.568359 0.000000 0.142665 0.000000 0.989771 0.127159 0.127159 0.127159
7117.723145 0.000000 8563.859375 0.000000 0.855480 0.000000 0.517835 0.531894 0.531894 0.531894
7110.035156 0.000000 8555.556641 0.000000 0.717850 0.000000 -0.696198 1.018197 1.018197 1.018197
7103.709961 0.000000 8552.740234 0.000000 0.758375 0.000000 0.651819 0.421644 0.421644 0.421644
7116.231445 0.000000 8559.345703 0.000000 0.800571 0.000000 0.599238 0.503361 0.503361 0.503361
7092.964355 0.000000 8534.369141 0.000000 0.892026 0.000000 -0.451985 0.957241 0.957241 0.957241
7086.863281 0.000000 8542.321289 0.000000 0.998533 0.000000 -0.054147 0.756999 0.756999 0.756999
7111.456055 0.000000 8552.447266 0.000000 0.971847 0.000000 0.235611 0.684979 0.684979 0.684979
7090.875977 0.000000 8536.712891 0.000000 0.988870 0.000000 -0.148779 0.807041 0.807041 0.807041
7104.756348 0.000000 8543.668945 0.000000 0.999967 0.000000 -0.008123 0.751262 0.751262 0.751262
7122.573730 0.000000 8561.764648 0.000000 0.915297 0.000000 0.402779 0.604849 0.604849 0.604849
7114.877441 0.000000 8556.617188 0.000000 0.241710 0.000000 0.970348 0.302868 0.302868 0.302868
7094.834473 0.000000 8540.230469 0.000000 0.225710 0.000000 0.974195 0.116250 0.116250 0.116250
7088.688965 0.000000 8539.027344 0.000000 0.282050 0.000000 0.959400 0.396348 0.396348 0.396348
7111.564941 0.000000 8564.128906 0.000000 0.100005 0.000000 0.994987 0.419567 0.419567 0.419567
7111.473145 0.000000 8562.381836 0.000000 0.757903 0.000000 -0.652368 0.961586 0.961586 0.961586
7108.573730 0.000000 8562.100586 0.000000 0.451568 0.000000 -0.892237 1.032756 1.032756 1.032756
7097.203125 0.000000 8531.251953 0.000000 0.894548 0.000000 -0.446972 0.851513 0.851513 0.851513
7115.439453 0.000000 8566.468750 0.000000 0.329613 0.000000 0.944116 0.486404 0.486404 0.486404
7120.245117 0.000000 8569.169922 0.000000 0.330233 0.000000 0.943899 0.451879 0.451879 0.451879
7094.523926 0.000000 8532.058594 0.000000 0.243816 0.000000 0.969822 0.313519 0.313519 0.313519
7118.740723 0.000000 8566.069336 0.000000 0.838199 0.000000 0.545364 0.580432 0.580432 0.580432
7118.980957 0.000000 8560.390625 0.000000 0.693029 0.000000 -0.720910 1.093711 1.093711 1.093711
7115.996582 0.000000 8553.904297 0.000000 0.979317 0.000000 0.202330 0.711471 0.711471 0.711471
7095.829590 0.000000 8551.223633 0.000000 0.430390 0.000000 0.902643 0.473840 0.473840 0.473840
7087.647461 0.000000 8535.783203 0.000000 0.992199 0.000000 0.124668 0.717469 0.717469 0.717469
7092.202637 0.000000 8537.896484 0.000000 0.820923 0.000000 -0.571039 1.032223 1.032223 1.032223
7090.055176 0.000000 8543.075195 0.000000 0.375466 0.000000 -0.926836 1.087514 1.087514 1.087514
7101.360352 0.000000 8544.044922 0.000000 0.959251 0.000000 -0.282557 0.848692 0.848692 0.848692
7099.152832 0.000000 8546.743164 0.000000 0.367104 0.000000 0.930180 0.195137 0.195137 0.195137
7112.840332 0.000000 8555.058594 0.000000 0.288551 0.000000 0.957465 0.355139 0.355139 0.355139
7104.163574 0.000000 8548.676758 0.000000 0.994464 0.000000 -0.105081 0.782328 0.782328 0.782328
7095.051758 0.000000 8535.503906 0.000000 0.483379 0.000000 0.875411 0.362674 0.362674 0.362674
7106.591309 0.000000 8555.248047 0.000000 0.941873 0.000000 -0.335968 0.901406 0.901406 0.901406
7121.945801 0.000000 8557.667969 0.000000 0.751029 0.000000 0.660270 0.579857 0.579857 0.579857
7114.675293 0.000000 8558.707031 0.000000 0.997723 0.000000 0.067451 0.722067 0.722067 0.722067
7124.374023 0.000000 8570.369141 0.000000 0.799623 0.000000 0.600502 0.608889 0.608889 0.608889
7088.948730 0.000000 8541.792969 0.000000 0.308079 0.000000 -0.951361 1.051413 1.051413 1.051413
7113.266113 0.000000 8561.431641 0.000000 0.822849 0.000000 0.568260 0.499902 0.499902 0.499902
7090.840332 0.000000 8549.576172 0.000000 0.603778 0.000000 -0.797153 0.889921 0.889921 0.889921
7113.113281 0.000000 8559.502930 0.000000 0.682852 0.000000 0.730557 0.375762 0.375762 0.375762
7105.027832 0.000000 8562.027344 0.000000 0.884295 0.000000 0.466928 0.665403 0.665403 0.665403
7097.854980 0.000000 8536.806641 0.000000 0.442665 0.000000 -0.896687 1.112363 1.112363 1.112363
7104.837402 0.000000 8555.542969 0.000000 0.903897 0.000000 0.427750 0.550546 0.550546 0.550546
7091.968750 0.000000 8542.127930 0.000000 0.544427 0.000000 0.838808 0.466791 0.466791 0.466791
7097.011230 0.000000 8538.233398 0.000000 0.418149 0.000000 0.908379 0.344653 0.344653 0.344653
7109.004883 0.000000 8559.000977 0.000000 0.119320 0.000000 -0.992856 1.326052 1.326052 1.326052
7098.989746 0.000000 8543.938477 0.000000 0.559025 0.000000 -0.829151 1.112428 1.112428 1.112428
7101.622070 0.000000 8542.223633 0.000000 0.997736 0.000000 0.067248 0.729964 0.729964 0.729964
7118.162109 0.000000 8568.045898 0.000000 0.461338 0.000000 -0.887224 0.982942 0.982942 0.982942
7099.083984 0.000000 8533.795898 0.000000 0.410392 0.000000 0.911909 0.550109 0.550109 0.550109
7113.371582 0.000000 8566.845703 0.000000 0.460736 0.000000 -0.887537 0.946284 0.946284 0.946284
7087.101562 0.000000 8539.194336 0.000000 0.532648 0.000000 0.846337 0.555392 0.555392 0.555392
7104.413086 0.000000 8546.425781 0.000000 0.773869 0.000000 0.633345 0.572777 0.572777 0.572777
7116.114746 0.000000 8567.953125 0.000000 0.651963 0.000000 0.758251 0.534066 0.534066 0.534066
7105.139648 0.000000 8550.173828 0.000000 0.941215 0.000000 0.337807 0.624830 0.624830 0.624830
7091.032227 0.000000 8535.120117 0.000000 0.667668 0.000000 -0.744459 1.103770 1.103770 1.103770
7106.208496 0.000000 8558.431641 0.000000 0.992746 0.000000 -0.120232 0.793554 0.793554 0.793554
7097.181641 0.000000 8554.541992 0.000000 0.968749 0.000000 0.248045 0.695556 0.695556 0.695556
7095.998047 0.000000 8532.581055 0.000000 0.674580 0.000000 -0.738202 1.023654 1.023654 1.023654
7086.046875 0.000000 8537.420898 0.000000 0.974293 0.000000 0.225286 0.697240 0.697240 0.697240
7102.927734 0.000000 8559.393555 0.000000 0.610794 0.000000 0.791790 0.512187 0.512187 0.512187
7114.471680 0.000000 8563.914062 0.000000 0.213477 0.000000 0.976948 0.249943 0.249943 0.249943
7089.224609 0.000000 8537.229492 0.000000 0.984626 0.000000 -0.174674 0.804243 0.804243 0.804243
7093.334473 0.000000 8540.455078 0.000000 0.105266 0.000000 -0.994444 1.328923 1.328923 1.328923
7089.901855 0.000000 8540.050781 0.000000 0.996730 0.000000 0.080799 0.730614 0.730614 0.730614
7102.585938 0.000000 8548.722656 0.000000 0.992054 0.000000 0.125810 0.702761 0.702761 0.702761
7120.880371 0.000000 8555.501953 0.000000 0.602966 0.000000 0.797767 0.606466 0.606466 0.606466
7122.065430 0.000000 8564.887695 0.000000 0.399372 0.000000 0.916789 0.250456 0.250456 0.250456
7116.863770 0.000000 8562.534180 0.000000 0.979328 0.000000 0.202277 0.668385 0.668385 0.668385
7084.124512 0.000000 8531.819336 0.000000 0.966497 0.000000 -0.256679 0.805896 0.805896 0.805896
7108.086914 0.000000 8548.443359 0.000000 0.727583 0.000000 -0.686020 0.891555 0.891555 0.891555
7098.833496 0.000000 8549.994141 0.000000 0.621323 0.000000 -0.783554 1.136061 1.136061 1.136061
7120.541016 0.000000 8562.679688 0.000000 0.998616 0.000000 -0.052601 0.773846 0.773846 0.773846
7097.597168 0.000000 8548.855469 0.000000 0.877562 0.000000 -0.479464 0.930704 0.930704 0.930704
7099.525879 0.000000 8556.651367 0.000000 0.584015 0.000000 -0.811743 0.959263 0.959263 0.959263
7107.119629 0.000000 8550.900391 0.000000 0.884272 0.000000 -0.466972 0.899197 0.899197 0.899197
7093.261719 0.000000 8532.905273 0.000000 0.751331 0.000000 -0.659926 1.042838 1.042838 1.042838
7098.803223 0.000000 8554.058594 0.000000 0.099009 0.000000 -0.995087 1.157812 1.157812 1.157812
7107.545898 0.000000 8560.994141 0.000000 0.696076 0.000000 -0.717968 0.983934 0.983934 0.983934
7098.890137 0.000000 8532.182617 0.000000 0.616562 0.000000 -0.787306 0.907840 0.907840 0.907840
7107.451172 0.000000 8553.851562 0.000000 0.838870 0.000000 0.544332 0.537684 0.537684 0.537684
7108.846680 0.000000 8556.419922 0.000000 0.947668 0.000000 -0.319258 0.900283 0.900283 0.900283
7117.297363 0.000000 8565.282227 0.000000 0.986821 0.000000 -0.161816 0.803561 0.803561 0.803561
7123.676270 0.000000 8567.281250 0.000000 0.599824 0.000000 0.800132 0.423502 0.423502 0.423502
7099.331543 0.000000 8536.916016 0.000000 0.743638 0.000000 0.668583 0.569006 0.569006 0.569006
7089.853516 0.000000 8534.248047 0.000000 0.558604 0.000000 0.829435 0.418517 0.418517 0.418517
7100.484375 0.000000 8558.753906 0.000000 0.333325 0.000000 0.942812 0.484939 0.484939 0.484939
7096.742188 0.000000 8544.715820 0.000000 0.295132 0.000000 0.955457 0.164467 0.164467 0.164467
7099.248535 0.000000 8539.653320 0.000000 0.349817 0.000000 -0.936818 1.095347 1.095347 1.095347
7108.510254 0.000000 8551.356445 0.000000 0.186187 0.000000 -0.982514 1.102310 1.102310 1.102310
7097.184570 0.000000 8541.416016 0.000000 0.988866 0.000000 -0.148812 0.808732 0.808732 0.808732
7095.791016 0.000000 8547.434570 0.000000 0.782285 0.000000 -0.622921 0.977905 0.977905 0.977905
7091.126465 0.000000 8546.375000 0.000000 0.086653 0.000000 0.996239 0.463792 0.463792 0.463792
7091.753418 0.000000 8530.550781 0.000000 0.977299 0.000000 0.211865 0.651267 0.651267 0.651267
7113.375488 0.000000 8556.448242 0.000000 0.680383 0.000000 0.732856 0.440444 0.440444 0.440444
7102.279785 0.000000 8555.655273 0.000000 0.135230 0.000000 0.990814 0.185690 0.185690 0.185690
7117.771484 0.000000 8557.395508 0.000000 0.300341 0.000000 0.953832 0.366060 0.366060 0.366060
7110.134277 0.000000 8561.857422 0.000000 0.726897 0.000000 0.686747 0.467933 0.467933 0.467933
7107.729492 0.000000 8563.435547 0.000000 0.878685 0.000000 -0.477402 0.857168 0.857168 0.857168
7110.212891 0.000000 8564.622070 0.000000 0.462670 0.000000 -0.886531 0.994865 0.994865 0.994865
7091.850586 0.000000 8532.240234 0.000000 0.726504 0.000000 0.687162 0.413817 0.413817 0.413817
7090.162598 0.000000 8532.720703 0.000000 0.682745 0.000000 -0.730656 1.113566 1.113566 1.113566
7100.926758 0.000000 8550.924805 0.000000 0.965798 0.000000 -0.259295 0.870324 0.870324 0.870324
7100.655273 0.000000 8552.335938 0.000000 0.998089 0.000000 -0.061801 0.774316 0.774316 0.774316
7093.927246 0.000000 8545.732422 0.000000 0.058642 0.000000 -0.998279 1.217166 1.217166 1.217166
7099.813965 0.000000 8555.019531 0.000000 0.546296 0.000000 -0.837592 1.025139 1.025139 1.025139
7103.956543 0.000000 8554.472656 0.000000 0.283291 0.000000 -0.959034 1.254709 1.254709 1.254709
7100.698242 0.000000 8557.376953 0.000000 0.782240 0.000000 0.622978 0.562368 0.562368 0.562368
7096.035645 0.000000 8553.743164 0.000000 0.956551 0.000000 0.291566 0.670781 0.670781 0.670781
7101.898438 0.000000 8546.343750 0.000000 0.818797 0.000000 0.574084 0.515285 0.515285 0.515285
7099.116211 0.000000 8552.721680 0.000000 0.659638 0.000000 0.751584 0.463366 0.463366 0.463366
7088.218262 0.000000 8534.525391 0.000000 0.393420 0.000000 -0.919359 1.145317 1.145317 1.145317
7085.346191 0.000000 8532.546875 0.000000 0.773495 0.000000 -0.633802 0.888816 0.888816 0.888816
7106.160156 0.000000 8552.895508 0.000000 0.062509 0.000000 0.998044 0.193660 0.193660 0.193660
7115.820801 0.000000 8560.993164 0.000000 0.312212 0.000000 0.950012 0.200885 0.200885 0.200885
7100.041504 0.000000 8541.492188 0.000000 0.719837 0.000000 0.694143 0.553190 0.553190 0.553190
7094.395996 0.000000 8549.333008 0.000000 0.998634 0.000000 0.052250 0.734535 0.734535 0.734535
7086.230469 0.000000 8535.954102 0.000000 0.625507 0.000000 0.780219 0.517059 0.517059 0.517059
7122.927734 0.000000 8558.666992 0.000000 0.867284 0.000000 0.497814 0.608528 0.608528 0.608528
7112.858398 0.000000 8564.636719 0.000000 0.772451 0.000000 -0.635074 0.926513 0.926513 0.926513
7111.323242 0.000000 8550.657227 0.000000 0.729041 0.000000 0.684470 0.591905 0.591905 0.591905
7104.289062 0.000000 8544.978516 0.000000 0.473836 0.000000 0.880613 0.534194 0.534194 0.534194
7088.116211 0.000000 8531.997070 0.000000 0.917526 0.000000 -0.397676 0.906985 0.906985 0.906985
7087.043945 0.000000 8531.150391 0.000000 0.950299 0.000000 0.311339 0.655151 0.655151 0.655151
7098.221191 0.000000 8551.708984 0.000000 0.451484 0.000000 -0.892279 1.171074 1.171074 1.171074
7092.814453 0.000000 8543.296875 0.000000 0.429620 0.000000 0.903010 0.353378 0.353378 0.353378
7120.790039 0.000000 8564.116211 0.000000 0.023003 0.000000 -0.999735 1.370194 1.370194 1.370194
7124.104980 0.000000 8560.988281 0.000000 0.569216 0.000000 -0.822188 1.060861 1.060861 1.060861
7098.876953 0.000000 8542.406250 0.000000 0.949713 0.000000 0.313123 0.631928 0.631928 0.631928
7123.264648 0.000000 8563.408203 0.000000 0.978781 0.000000 0.204907 0.659967 0.659967 0.659967
7101.555176 0.000000 8559.583984 0.000000 0.356825 0.000000 0.934171 0.490331 0.490331 0.490331
7118.874512 0.000000 8569.315430 0.000000 0.780444 0.000000 0.625226 0.605828 0.605828 0.605828
7101.361816 0.000000 8554.650391 0.000000 0.246495 0.000000 0.969144 0.297106 0.297106 0.297106
7096.374512 0.000000 8552.455078 0.000000 0.880830 0.000000 0.473433 0.617948 0.617948 0.617948
7092.468262 0.000000 8547.578125 0.000000 0.388786 0.000000 0.921328 0.431943 0.431943 0.431943
7105.261230 0.000000 8559.507812 0.000000 0.934797 0.000000 0.355182 0.636459 0.636459 0.636459
7102.275391 0.000000 8550.490234 0.000000 0.873347 0.000000 0.487098 0.535661 0.535661 0.535661
7121.740723 0.000000 8560.312500 0.000000 0.623691 0.000000 0.781671 0.412282 0.412282 0.412282
7100.379883 0.000000 8548.541016 0.000000 0.135357 0.000000 0.990797 0.129314 0.129314 0.129314
7103.208496 0.000000 8557.930664 0.000000 0.167210 0.000000 0.985921 0.279836 0.279836 0.279836
7101.697754 0.000000 8553.261719 0.000000 0.855624 0.000000 -0.517597 0.963920 0.963920 0.963920
7093.754395 0.000000 8535.451172 0.000000 0.513671 0.000000 0.857987 0.294263 0.294263 0.294263
7098.050293 0.000000 8534.632812 0.000000 0.999894 0.000000 0.014589 0.746913 0.746913 0.746913
7119.772461 0.000000 8558.925781 0.000000 0.972568 0.000000 0.232619 0.669116 0.669116 0.669116
7094.478027 0.000000 8543.159180 0.000000 0.959748 0.000000 0.280861 0.628995 0.628995 0.628995
7092.567383 0.000000 8544.733398 0.000000 0.723571 0.000000 0.690250 0.514633 0.514633 0.514633
7102.261230 0.000000 8556.955078 0.000000 0.658634 0.000000 0.752463 0.464511 0.464511 0.464511
7111.974121 0.000000 8557.709961 0.000000 0.647602 0.000000 0.761979 0.383385 0.383385 0.383385
7123.938965 0.000000 8565.961914 0.000000 0.985447 0.000000 0.169981 0.676440 0.676440 0.676440
7110.566406 0.000000 8559.884766 0.000000 0.752961 0.000000 0.658065 0.429925 0.429925 0.429925
7097.989258 0.000000 8539.959961 0.000000 0.826222 0.000000 -0.563344 0.962896 0.962896 0.962896
7089.276855 0.000000 8531.485352 0.000000 0.505992 0.000000 0.862538 0.350700 0.350700 0.350700
7117.715820 0.000000 8559.719727 0.000000 0.990001 0.000000 0.141063 0.695673 0.695673 0.695673
7098.319336 0.000000 8557.083008 0.000000 0.837144 0.000000 -0.546982 0.877873 0.877873 0.877873
7119.026855 0.000000 8557.169922 0.000000 0.985243 0.000000 -0.171161 0.797022 0.797022 0.797022
7097.011230 0.000000 8545.952148 0.000000 0.803042 0.000000 0.595922 0.455939 0.455939 0.455939
7104.598145 0.000000 8557.208008 0.000000 0.534407 0.000000 0.845227 0.371014 0.371014 0.371014
7105.438965 0.000000 8548.860352 0.000000 0.812199 0.000000 -0.583381 0.941273 0.941273 0.941273
7114.033691 0.000000 8562.444336 0.000000 0.989935 0.000000 -0.141526 0.802380 0.802380 0.802380
7091.289551 0.000000 8545.144531 0.000000 0.756706 0.000000 -0.653755 0.919438 0.919438 0.919438
7103.232910 0.000000 8551.516602 0.000000 0.841632 0.000000 -0.540052 0.990347 0.990347 0.990347
7100.135254 0.000000 8544.458008 0.000000 0.855310 0.000000 -0.518117 0.937644 0.937644 0.937644
7122.353027 0.000000 8568.957031 0.000000 0.092102 0.000000 -0.995750 1.156966 1.156966 1.156966
7095.003906 0.000000 8544.642578 0.000000 0.987641 0.000000 -0.156735 0.810116 0.810116 0.810116
7094.323730 0.000000 8530.541992 0.000000 0.168948 0.000000 -0.985625 1.174977 1.174977 1.174977
7109.418945 0.000000 8554.416992 0.000000 0.749465 0.000000 -0.662044 1.030437 1.030437 1.030437
7096.038574 0.000000 8533.856445 0.000000 0.550304 0.000000 -0.834964 0.997909 0.997909 0.997909
7107.536621 0.000000 8556.161133 0.000000 0.579264 0.000000 -0.815140 1.158617 1.158617 1.158617
7087.373535 0.000000 8533.537109 0.000000 0.033735 0.000000 0.999431 0.312544 0.312544 0.312544
7117.215332 0.000000 8558.583008 0.000000 0.965546 0.000000 0.260231 0.648949 0.648949 0.648949
7100.064941 0.000000 8549.896484 0.000000 0.010523 0.000000 -0.999945 1.424860 1.424860 1.424860
7096.333984 0.000000 8549.975586 0.000000 0.072598 0.000000 0.997361 0.208611 0.208611 0.208611
7097.808594 0.000000 8544.118164 0.000000 0.932415 0.000000 0.361390 0.579685 0.579685 0.579685
7094.555176 0.000000 8541.429688 0.000000 0.561145 0.000000 -0.827717 1.210064 1.210064 1.210064
7115.222168 0.000000 8565.240234 0.000000 0.847077 0.000000 0.531470 0.587377 0.587377 0.587377
7103.407227 0.000000 8544.140625 0.000000 0.999156 0.000000 -0.041070 0.761231 0.761231 0.761231
7117.895020 0.000000 8561.973633 0.000000 0.970246 0.000000 -0.242123 0.863560 0.863560 0.863560
7110.277344 0.000000 8552.250000 0.000000 0.412560 0.000000 0.910930 0.436843 0.436843 0.436843
7099.354004 0.000000 8545.361328 0.000000 0.984460 0.000000 -0.175611 0.823047 0.823047 0.823047
7104.876465 0.000000 8552.860352 0.000000 0.078722 0.000000 -0.996897 1.381359 1.381359 1.381359
7110.590332 0.000000 8556.656250 0.000000 0.976406 0.000000 0.215945 0.657894 0.657894 0.657894
7099.940430 0.000000 8538.628906 0.000000 0.391802 0.000000 -0.920049 1.082479 1.082479 1.082479
7119.524414 0.000000 8561.409180 0.000000 0.989048 0.000000 -0.147596 0.813241 0.813241 0.813241
7094.721680 0.000000 8548.136719 0.000000 0.427088 0.000000 0.904210 0.415840 0.415840 0.415840
7110.604004 0.000000 8553.361328 0.000000 0.668976 0.000000 -0.743284 0.979076 0.979076 0.979076
7098.307129 0.000000 8547.632812 0.000000 0.688657 0.000000 0.725087 0.373331 0.373331 0.373331
7101.540527 0.000000 8545.178711 0.000000 0.627165 0.000000 0.778887 0.442379 0.442379 0.442379
7120.337402 0.000000 8559.934570 0.000000 0.464492 0.000000 -0.885577 1.090127 1.090127 1.090127
7121.451172 0.000000 8561.986328 0.000000 0.373740 0.000000 0.927534 0.302981 0.302981 0.302981
7123.927246 0.000000 8559.277344 0.000000 0.808972 0.000000 0.587848 0.579391 0.579391 0.579391
7092.361328 0.000000 8541.009766 0.000000 0.865830 0.000000 0.500339 0.542983 0.542983 0.542983
7093.321289 0.000000 8537.772461 0.000000 0.859233 0.000000 -0.511584 0.999373 0.999373 0.999373
7121.420898 0.000000 8566.869141 0.000000 0.976468 0.000000 0.215661 0.679995 0.679995 0.679995
7092.170410 0.000000 8535.171875 0.000000 0.792870 0.000000 -0.609391 1.039566 1.039566 1.039566
7097.096191 0.000000 8535.958008 0.000000 0.909528 0.000000 -0.415642 0.874404 0.874404 0.874404
7110.104492 0.000000 8558.712891 0.000000 0.991017 0.000000 -0.133733 0.809775 0.809775 0.809775
7117.007324 0.000000 8556.529297 0.000000 0.893818 0.000000 -0.448431 0.891051 0.891051 0.891051
7119.681641 0.000000 8563.424805 0.000000 0.439327 0.000000 -0.898327 1.243125 1.243125 1.243125
7096.659180 0.000000 8548.207031 0.000000 0.665992 0.000000 -0.745959 1.054268 1.054268 1.054268
7122.656250 0.000000 8567.804688 0.000000 0.996942 0.000000 0.078143 0.722464 0.722464 0.722464
7091.420898 0.000000 8538.801758 0.000000 0.888890 0.000000 -0.458120 0.917516 0.917516 0.917516
7108.417480 0.000000 8560.116211 0.000000 0.294980 0.000000 -0.955504 1.171351 1.171351 1.171351
7100.263672 0.000000 8546.906250 0.000000 0.502389 0.000000 -0.864642 1.150901 1.150901 1.150901
7116.387207 0.000000 8565.906250 0.000000 0.640175 0.000000 0.768229 0.461296 0.461296 0.461296
7118.364746 0.000000 8564.757812 0.000000 0.000337 0.000000 -1.000000 1.323407 1.323407 1.323407
7098.059082 0.000000 8546.511719 0.000000 0.998442 0.000000 -0.055807 0.775928 0.775928 0.775928
7103.352539 0.000000 8546.125977 0.000000 0.161339 0.000000 -0.986899 1.198419 1.198419 1.198419
7110.857422 0.000000 8557.747070 0.000000 0.174454 0.000000 0.984665 0.159497 0.159497 0.159497
7108.339844 0.000000 8553.107422 0.000000 0.842900 0.000000 0.538071 0.563834 0.563834 0.563834
7115.278809 0.000000 8557.641602 0.000000 0.841085 0.000000 -0.540902 0.942618 0.942618 0.942618
7104.375488 0.000000 8551.131836 0.000000 0.847810 0.000000 0.530299 0.546961 0.546961 0.546961
7106.017578 0.000000 8550.876953 0.000000 0.811504 0.000000 -0.584347 0.941638 0.941638 0.941638
7116.001465 0.000000 8563.193359 0.000000 0.986093 0.000000 0.166194 0.683096 0.683096 0.683096
7112.431152 0.000000 8554.057617 0.000000 0.787691 0.000000 0.616071 0.544937 0.544937 0.544937
7111.321777 0.000000 8555.351562 0.000000 0.947972 0.000000 -0.318353 0.862836 0.862836 0.862836
7106.460938 0.000000 8551.861328 0.000000 0.958050 0.000000 0.286600 0.660741 0.660741 0.660741
7106.406738 0.000000 8554.150391 0.000000 0.492217 0.000000 0.870472 0.283294 0.283294 0.283294
7110.746094 0.000000 8560.971680 0.000000 0.745714 0.000000 -0.666266 1.021703 1.021703 1.021703
7103.345703 0.000000 8555.394531 0.000000 0.609215 0.000000 0.793005 0.389931 0.389931 0.389931
7096.356445 0.000000 8542.713867 0.000000 0.272030 0.000000 0.962289 0.180049 0.180049 0.180049
7094.381348 0.000000 8538.224609 0.000000 0.567392 0.000000 -0.823448 1.172076 1.172076 1.172076
7108.045898 0.000000 8558.496094 0.000000 0.123640 0.000000 0.992327 0.175676 0.175676 0.175676
7112.539551 0.000000 8562.221680 0.000000 0.977480 0.000000 -0.211029 0.820866 0.820866 0.820866
7104.007812 0.000000 8559.496094 0.000000 0.104035 0.000000 -0.994574 1.208586 1.208586 1.208586
7088.295898 0.000000 8536.691406 0.000000 0.934745 0.000000 0.355320 0.637773 0.637773 0.637773
7102.636719 0.000000 8552.772461 0.000000 0.920884 0.000000 0.389837 0.564795 0.564795 0.564795
7095.884277 0.000000 8540.668945 0.000000 0.993106 0.000000 -0.117222 0.805438 0.805438 0.805438
7095.372559 0.000000 8537.473633 0.000000 0.367716 0.000000 0.929938 0.269235 0.269235 0.269235
7119.734863 0.000000 8565.586914 0.000000 0.921036 0.000000 -0.389478 0.896072 0.896072 0.896072
7097.155273 0.000000 8551.654297 0.000000 0.409907 0.000000 0.912127 0.384439 0.384439 0.384439
7091.170898 0.000000 8537.793945 0.000000 0.850454 0.000000 -0.526049 0.961592 0.961592 0.961592
7112.019043 0.000000 8559.602539 0.000000 0.461314 0.000000 -0.887237 1.248590 1.248590 1.248590
7106.397461 0.000000 8559.645508 0.000000 0.834529 0.000000 -0.550965 0.960870 0.960870 0.960870
7112.414062 0.000000 8558.646484 0.000000 0.390171 0.000000 0.920742 0.215474 0.215474 0.215474
7114.239258 0.000000 8557.504883 0.000000 0.086255 0.000000 -0.996273 1.250305 1.250305 1.250305
7114.639648 0.000000 8561.486328 0.000000 0.763035 0.000000 -0.646358 1.057928 1.057928 1.057928
7095.747559 0.000000 8539.577148 0.000000 0.884844 0.000000 0.465888 0.538566 0.538566 0.538566
7097.787598 0.000000 8538.947266 0.000000 0.778102 0.000000 -0.628138 0.991616 0.991616 0.991616
7109.204102 0.000000 8552.137695 0.000000 0.959800 0.000000 0.280686 0.656775 0.656775 0.656775
7108.741699 0.000000 8557.718750 0.000000 0.914504 0.000000 0.404578 0.557367 0.557367 0.557367
7115.927246 0.000000 8556.532227 0.000000 0.488988 0.000000 -0.872290 1.107211 1.107211 1.107211
7106.718750 0.000000 8557.500977 0.000000 0.638761 0.000000 0.769405 0.373568 0.373568 0.373568
7092.570312 0.000000 8539.176758 0.000000 0.998045 0.000000 0.062502 0.723183 0.723183 0.723183
7118.721680 0.000000 8563.685547 0.000000 0.141287 0.000000 -0.989969 1.381475 1.381475 1.381475
7105.465820 0.000000 8557.768555 0.000000 0.992539 0.000000 0.121928 0.703997 0.703997 0.703997
7090.830566 0.000000 8539.615234 0.000000 0.357886 0.000000 0.933765 0.325897 0.325897 0.325897
7115.262695 0.000000 8559.607422 0.000000 0.458811 0.000000 0.888534 0.297242 0.297242 0.297242
7096.761719 0.000000 8543.688477 0.000000 0.957975 0.000000 0.286851 0.621983 0.621983 0.621983
7112.942383 0.000000 8560.480469 0.000000 0.181422 0.000000 0.983405 0.175491 0.175491 0.175491
7108.446777 0.000000 8554.107422 0.000000 0.848358 0.000000 0.529423 0.533756 0.533756 0.533756
7095.097168 0.000000 8536.512695 0.000000 0.005674 0.000000 0.999984 0.119931 0.119931 0.119931
7099.629395 0.000000 8547.658203 0.000000 0.774061 0.000000 0.633111 0.431652 0.431652 0.431652
7101.640137 0.000000 8548.428711 0.000000 0.061775 0.000000 0.998090 0.097325 0.097325 0.097325
7097.970215 0.000000 8542.010742 0.000000 0.224840 0.000000 0.974396 0.158610 0.158610 0.158610
7092.319824 0.000000 8533.190430 0.000000 0.999289 0.000000 -0.037705 0.765324 0.765324 0.765324
7123.057617 0.000000 8565.497070 0.000000 0.696351 0.000000 0.717702 0.405263 0.405263 0.405263
7090.352539 0.000000 8535.891602 0.000000 0.607184 0.000000 0.794561 0.363133 0.363133 0.363133
7091.518066 0.000000 8535.972656 0.000000 0.259125 0.000000 -0.965844 1.301337 1.301337 1.301337
7114.086914 0.000000 8559.514648 0.000000 0.993656 0.000000 -0.112464 0.796636 0.796636 0.796636
7091.856934 0.000000 8536.911133 0.000000 0.997517 0.000000 0.070426 0.723077 0.723077 0.723077
7095.383789 0.000000 8542.685547 0.000000 0.861426 0.000000 0.507883 0.523572 0.523572 0.523572
7121.102051 0.000000 8565.060547 0.000000 0.936306 0.000000 -0.351186 0.893785 0.893785 0.893785
7094.715820 0.000000 8539.208008 0.000000 0.524536 0.000000 0.851388 0.305602 0.305602 0.305602
7118.072754 0.000000 8562.971680 0.000000 0.752809 0.000000 -0.658239 1.067487 1.067487 1.067487
7105.584473 0.000000 8554.931641 0.000000 0.725751 0.000000 0.687957 0.407649 0.407649 0.407649
7102.777344 0.000000 8549.679688 0.000000 0.976796 0.000000 -0.214170 0.830829 0.830829 0.830829
7090.141602 0.000000 8537.494141 0.000000 0.460580 0.000000 -0.887618 1.167170 1.167170 1.167170
7118.317383 0.000000 8561.098633 0.000000 0.264719 0.000000 -0.964326 1.306214 1.306214 1.306214
7093.919922 0.000000 8534.442383 0.000000 0.255559 0.000000 -0.966793 1.329922 1.329922 1.329922
7121.669434 0.000000 8565.905273 0.000000 0.991157 0.000000 0.132693 0.696673 0.696673 0.696673
7096.332031 0.000000 8546.643555 0.000000 0.576860 0.000000 -0.816843 1.140192 1.140192 1.140192
7093.522949 0.000000 8536.533203 0.000000 0.939459 0.000000 -0.342662 0.912409 0.912409 0.912409
7103.421875 0.000000 8553.659180 0.000000 0.324583 0.000000 0.945857 0.176413 0.176413 0.176413
7116.509277 0.000000 8560.294922 0.000000 0.761629 0.000000 0.648014 0.422640 0.422640 0.422640
7123.386230 0.000000 8562.386719 0.000000 0.996402 0.000000 0.084757 0.712978 0.712978 0.712978
7115.783691 0.000000 8558.438477 0.000000 0.196569 0.000000 0.980490 0.181874 0.181874 0.181874
7122.728027 0.000000 8564.203125 0.000000 0.951240 0.000000 0.308453 0.614961 0.614961 0.614961
7116.755859 0.000000 8563.743164 0.000000 0.629098 0.000000 -0.777326 1.106781 1.106781 1.106781
7105.848633 0.000000 8555.844727 0.000000 0.960301 0.000000 0.278965 0.622424 0.622424 0.622424
7116.497559 0.000000 8561.683594 0.000000 0.972787 0.000000 -0.231700 0.858579 0.858579 0.858579
7094.017090 0.000000 8539.802734 0.000000 0.786847 0.000000 0.617148 0.459830 0.459830 0.459830
7104.353027 0.000000 8553.629883 0.000000 0.979686 0.000000 -0.200536 0.835439 0.835439 0.835439
7113.618652 0.000000 8558.705078 0.000000 0.217711 0.000000 0.976013 0.132621 0.132621 0.132621
7122.541504 0.000000 8562.745117 0.000000 0.473751 0.000000 -0.880659 1.219974 1.219974 1.219974
7092.038086 0.000000 8534.276367 0.000000 0.954051 0.000000 0.299644 0.615525 0.615525 0.615525
7090.912598 0.000000 8532.178711 0.000000 0.778761 0.000000 -0.627321 1.050918 1.050918 1.050918
7091.515625 0.000000 8531.425781 0.000000 0.828383 0.000000 -0.560162 1.024985 1.024985 1.024985
7109.751953 0.000000 8556.390625 0.000000 0.437123 0.000000 0.899402 0.232757 0.232757 0.232757
7092.743164 0.000000 8537.130859 0.000000 0.874707 0.000000 0.484652 0.515051 0.515051 0.515051
7213.105469 0.000000 8432.015625 0.000000 0.498944 0.000000 -0.866634 0.842264 0.842264 0.842264
7198.178223 0.000000 8431.534180 0.000000 0.124329 0.000000 0.992241 0.744584 0.744584 0.744584
7203.618652 0.000000 8434.497070 0.000000 0.919560 0.000000 -0.392950 0.822590 0.822590 0.822590
7208.291504 0.000000 8432.971680 0.000000 0.285510 0.000000 -0.958376 0.886745 0.886745 0.886745
7198.899414 0.000000 8436.618164 0.000000 0.944255 0.000000 0.329216 0.689070 0.689070 0.689070
7216.684570 0.000000 8435.245117 0.000000 0.159562 0.000000 0.987188 0.543992 0.543992 0.543992
7211.343262 0.000000 8435.537109 0.000000 0.974307 0.000000 0.225222 0.707464 0.707464 0.707464
7203.102051 0.000000 8430.724609 0.000000 0.314472 0.000000 0.949267 0.717209 0.717209 0.717209
7208.191895 0.000000 8436.572266 0.000000 0.777810 0.000000 0.628499 0.561665 0.561665 0.561665
7200.710938 0.000000 8433.351562 0.000000 0.969236 0.000000 -0.246132 0.767229 0.767229 0.767229
7214.117188 0.000000 8434.510742 0.000000 0.853385 0.000000 0.521281 0.662727 0.662727 0.662727
7215.937012 0.000000 8432.405273 0.000000 0.730734 0.000000 0.682662 0.693723 0.693723 0.693723
7206.279297 0.000000 8434.705078 0.000000 0.697855 0.000000 -0.716239 0.903978 0.903978 0.903978
7197.652344 0.000000 8434.314453 0.000000 0.705297 0.000000 0.708912 0.699837 0.699837 0.699837
7201.230957 0.000000 8435.975586 0.000000 0.840125 0.000000 0.542393 0.665200 0.665200 0.665200
7204.642578 0.000000 8432.405273 0.000000 0.663479 0.000000 0.748195 0.661362 0.661362 0.661362
7211.180176 0.000000 8433.325195 0.000000 0.581379 0.000000 -0.813633 0.846092 0.846092 0.846092
7209.579590 0.000000 8434.565430 0.000000 0.477476 0.000000 0.878645 0.543060 0.543060 0.543060
7213.414551 0.000000 8436.409180 0.000000 0.219017 0.000000 0.975721 0.403700 0.403700 0.403700
7202.551270 0.000000 8432.645508 0.000000 0.592833 0.000000 -0.805326 0.839403 0.839403 0.839403
7204.886230 0.000000 8435.982422 0.000000 0.987252 0.000000 0.159166 0.719172 0.719172 0.719172
7199.486328 0.000000 8434.711914 0.000000 0.713906 0.000000 -0.700242 0.835697 0.835697 0.835697
7215.198730 0.000000 8436.190430 0.000000 0.954553 0.000000 -0.298040 0.824233 0.824233 0.824233
7206.408203 0.000000 8436.767578 0.000000 0.073847 0.000000 0.997270 0.335189 0.335189 0.335189
7202.925781 0.000000 8436.136719 0.000000 0.186391 0.000000 0.982476 0.389973 0.389973 0.389973
7212.478027 0.000000 8434.331055 0.000000 0.713582 0.000000 0.700572 0.616291 0.616291 0.616291
7201.973145 0.000000 8434.514648 0.000000 0.890935 0.000000 -0.454130 0.819729 0.819729 0.819729
7208.015137 0.000000 8434.962891 0.000000 0.847893 0.000000 -0.530167 0.857769 0.857769 0.857769
7209.601562 0.000000 8436.041016 0.000000 0.862356 0.000000 -0.506302 0.897119 0.897119 0.897119
7211.145996 0.000000 8436.783203 0.000000 0.361435 0.000000 -0.932397 1.076068 1.076068 1.076068
7218.295898 0.000000 8432.529297 0.000000 0.887798 0.000000 -0.460233 0.770596 0.770596 0.770596
7226.312012 0.000000 8436.733398 0.000000 0.838503 0.000000 -0.544897 0.766185 0.766185 0.766185
7220.868652 0.000000 8435.572266 0.000000 0.953572 0.000000 0.301165 0.720787 0.720787 0.720787
7223.739746 0.000000 8435.531250 0.000000 0.371928 0.000000 0.928262 0.680943 0.680943 0.680943
7218.466797 0.000000 8435.041992 0.000000 0.735773 0.000000 -0.677228 0.844728 0.844728 0.844728
7219.322754 0.000000 8436.262695 0.000000 0.840548 0.000000 0.541737 0.629941 0.629941 0.629941
7195.125488 0.000000 8468.949219 0.000000 0.999309 0.000000 -0.037178 0.764552 0.764552 0.764552
7205.050781 0.000000 8437.898438 0.000000 0.017669 0.000000 -0.999844 1.180398 1.180398 1.180398
7187.371582 0.000000 8448.444336 0.000000 0.999804 0.000000 -0.019794 0.751705 0.751705 0.751705
7209.969727 0.000000 8456.611328 0.000000 0.999691 0.000000 0.024875 0.738122 0.738122 0.738122
7211.228027 0.000000 8475.760742 0.000000 0.869074 0.000000 -0.494682 0.981570 0.981570 0.981570
7197.294434 0.000000 8456.552734 0.000000 0.999727 0.000000 -0.023377 0.759981 0.759981 0.759981
7185.256836 0.000000 8460.845703 0.000000 0.935451 0.000000 -0.353458 0.777057 0.777057 0.777057
7194.058594 0.000000 8438.894531 0.000000 0.912129 0.000000 0.409902 0.692271 0.692271 0.692271
7205.517578 0.000000 8466.867188 0.000000 0.582603 0.000000 -0.812757 1.203052 1.203052 1.203052
7211.806152 0.000000 8446.139648 0.000000 0.883697 0.000000 0.468060 0.517430 0.517430 0.517430
7201.873535 0.000000 8447.500977 0.000000 0.276063 0.000000 -0.961140 1.235912 1.235912 1.235912
7202.804199 0.000000 8481.078125 0.000000 0.039167 0.000000 -0.999233 1.013839 1.013839 1.013839
7214.392578 0.000000 8467.308594 0.000000 0.691996 0.000000 -0.721901 1.124526 1.124526 1.124526
7214.711426 0.000000 8437.977539 0.000000 0.048388 0.000000 0.998829 0.376579 0.376579 0.376579
7201.239746 0.000000 8473.577148 0.000000 0.995691 0.000000 -0.092738 0.792256 0.792256 0.792256
7187.233398 0.000000 8467.910156 0.000000 0.341315 0.000000 0.939949 0.608083 0.608083 0.608083
7194.361816 0.000000 8446.458008 0.000000 0.205536 0.000000 -0.978650 1.237731 1.237731 1.237731
7210.513672 0.000000 8483.106445 0.000000 0.702544 0.000000 0.711640 0.658077 0.658077 0.658077
7192.255859 0.000000 8461.778320 0.000000 0.027701 0.000000 0.999616 0.105685 0.105685 0.105685
7189.503906 0.000000 8455.162109 0.000000 0.760419 0.000000 -0.649432 0.911466 0.911466 0.911466
7199.646973 0.000000 8463.042969 0.000000 0.202538 0.000000 -0.979274 1.366791 1.366791 1.366791
7190.276367 0.000000 8474.421875 0.000000 0.607796 0.000000 0.794093 0.655512 0.655512 0.655512
7215.607910 0.000000 8452.470703 0.000000 0.539975 0.000000 0.841681 0.272350 0.272350 0.272350
7215.626953 0.000000 8460.120117 0.000000 0.701113 0.000000 0.713051 0.370969 0.370969 0.370969
7182.909180 0.000000 8454.665039 0.000000 0.998201 0.000000 -0.059950 0.750674 0.750674 0.750674
7203.469727 0.000000 8454.701172 0.000000 0.257547 0.000000 0.966266 0.124371 0.124371 0.124371
7216.643555 0.000000 8479.947266 0.000000 0.835533 0.000000 -0.549440 0.879611 0.879611 0.879611
7199.995605 0.000000 8441.608398 0.000000 0.101224 0.000000 0.994864 0.279525 0.279525 0.279525
7205.098633 0.000000 8460.498047 0.000000 0.808823 0.000000 0.588052 0.449842 0.449842 0.449842
7206.476562 0.000000 8443.664062 0.000000 0.580655 0.000000 0.814150 0.372395 0.372395 0.372395
7207.440430 0.000000 8450.071289 0.000000 0.939748 0.000000 0.341869 0.583410 0.583410 0.583410
7197.601074 0.000000 8478.199219 0.000000 0.960782 0.000000 0.277303 0.708436 0.708436 0.708436
7189.957520 0.000000 8442.999023 0.000000 0.863607 0.000000 0.504166 0.724275 0.724275 0.724275
7216.264160 0.000000 8472.640625 0.000000 0.999059 0.000000 -0.043378 0.768687 0.768687 0.768687
7210.115723 0.000000 8463.786133 0.000000 0.729092 0.000000 -0.684416 1.109914 1.109914 1.109914
7194.258301 0.000000 8451.961914 0.000000 0.593092 0.000000 -0.805135 1.160060 1.160060 1.160060
7209.693359 0.000000 8470.553711 0.000000 0.738185 0.000000 -0.674598 1.091047 1.091047 1.091047
7217.214355 0.000000 8446.896484 0.000000 0.367482 0.000000 0.930030 0.179670 0.179670 0.179670
7205.802734 0.000000 8476.729492 0.000000 0.582908 0.000000 0.812538 0.414342 0.414342 0.414342
7209.882324 0.000000 8439.284180 0.000000 0.918619 0.000000 -0.395145 0.896800 0.896800 0.896800
7200.580566 0.000000 8468.580078 0.000000 0.481801 0.000000 -0.876281 1.131981 1.131981 1.131981
7215.148926 0.000000 8484.692383 0.000000 0.706968 0.000000 0.707245 0.732349 0.732349 0.732349
7199.352051 0.000000 8451.665039 0.000000 0.399416 0.000000 0.916770 0.196181 0.196181 0.196181
7195.308105 0.000000 8474.057617 0.000000 0.297711 0.000000 0.954656 0.460231 0.460231 0.460231
7215.181152 0.000000 8442.682617 0.000000 0.924930 0.000000 -0.380137 0.924503 0.924503 0.924503
7199.236816 0.000000 8437.099609 0.000000 0.951546 0.000000 0.307505 0.693230 0.693230 0.693230
7205.563477 0.000000 8472.155273 0.000000 0.942764 0.000000 -0.333459 0.891954 0.891954 0.891954
7217.698242 0.000000 8463.972656 0.000000 0.998292 0.000000 0.058426 0.722088 0.722088 0.722088
7191.479980 0.000000 8466.663086 0.000000 0.092030 0.000000 -0.995756 1.162523 1.162523 1.162523
7195.609375 0.000000 8464.487305 0.000000 0.753740 0.000000 -0.657172 1.085658 1.085658 1.085658
7211.751465 0.000000 8450.555664 0.000000 0.854003 0.000000 -0.520268 1.011252 1.011252 1.011252
7206.005859 0.000000 8483.920898 0.000000 0.077183 0.000000 0.997017 0.579413 0.579413 0.579413
7201.239258 0.000000 8458.628906 0.000000 0.160418 0.000000 0.987049 0.076926 0.076926 0.076926
7193.345215 0.000000 8457.663086 0.000000 0.720309 0.000000 -0.693654 1.067200 1.067200 1.067200
7188.356934 0.000000 8463.768555 0.000000 0.994302 0.000000 0.106596 0.724204 0.724204 0.724204
7195.785645 0.000000 8442.665039 0.000000 0.189423 0.000000 0.981896 0.398529 0.398529 0.398529
7196.340332 0.000000 8460.443359 0.000000 0.520254 0.000000 -0.854012 1.129505 1.129505 1.129505
7213.998047 0.000000 8456.150391 0.000000 0.971269 0.000000 -0.237986 0.864731 0.864731 0.864731
7188.799805 0.000000 8459.026367 0.000000 0.972964 0.000000 -0.230955 0.806293 0.806293 0.806293
7191.220215 0.000000 8449.220703 0.000000 0.166928 0.000000 0.985969 0.403216 0.403216 0.403216
7207.663574 0.000000 8480.181641 0.000000 0.148204 0.000000 -0.988957 1.032241 1.032241 1.032241
7186.265625 0.000000 8452.311523 0.000000 0.903978 0.000000 0.427580 0.692092 0.692092 0.692092
7184.557129 0.000000 8464.958984 0.000000 0.255294 0.000000 0.966864 0.676266 0.676266 0.676266
7212.720703 0.000000 8479.333984 0.000000 0.086761 0.000000 0.996229 0.338779 0.338779 0.338779
7218.068359 0.000000 8468.553711 0.000000 0.894758 0.000000 -0.446552 0.955421 0.955421 0.955421
7198.342285 0.000000 8445.870117 0.000000 0.630979 0.000000 -0.775800 1.140727 1.140727 1.140727
7191.021484 0.000000 8470.593750 0.000000 0.294206 0.000000 -0.955742 1.009641 1.009641 1.009641
7193.136230 0.000000 8477.335938 0.000000 0.044591 0.000000 -0.999005 0.912886 0.912886 0.912886
7201.355957 0.000000 8477.429688 0.000000 0.821790 0.000000 -0.569790 0.938435 0.938435 0.938435
7198.119629 0.000000 8471.445312 0.000000 0.862702 0.000000 0.505712 0.514715 0.514715 0.514715
7211.470215 0.000000 8460.152344 0.000000 0.768701 0.000000 -0.639608 1.081355 1.081355 1.081355
7215.500000 0.000000 8476.351562 0.000000 0.530331 0.000000 0.847790 0.412776 0.412776 0.412776
7198.971680 0.000000 8481.696289 0.000000 0.976293 0.000000 0.216453 0.723446 0.723446 0.723446
7203.510254 0.000000 8463.827148 0.000000 0.951938 0.000000 0.306292 0.601368 0.601368 0.601368
7203.403809 0.000000 8450.969727 0.000000 0.986833 0.000000 -0.161745 0.827568 0.827568 0.827568
7207.161133 0.000000 8454.135742 0.000000 0.827424 0.000000 -0.561578 1.034708 1.034708 1.034708
7214.122559 0.000000 8463.416016 0.000000 0.089630 0.000000 -0.995975 1.457147 1.457147 1.457147
7211.298828 0.000000 8442.604492 0.000000 0.937729 0.000000 -0.347369 0.894145 0.894145 0.894145
7203.673340 0.000000 8441.331055 0.000000 0.725129 0.000000 -0.688613 1.065736 1.065736 1.065736
7185.403320 0.000000 8457.221680 0.000000 0.053430 0.000000 -0.998572 0.855120 0.855120 0.855120
7205.406738 0.000000 8446.989258 0.000000 0.518417 0.000000 -0.855128 1.239782 1.239782 1.239782
7196.816895 0.000000 8449.280273 0.000000 0.065752 0.000000 -0.997836 1.457311 1.457311 1.457311
7195.443848 0.000000 8481.808594 0.000000 0.823194 0.000000 0.567760 0.730781 0.730781 0.730781
7213.242188 0.000000 8470.791016 0.000000 0.840793 0.000000 -0.541356 0.995285 0.995285 0.995285
7210.950684 0.000000 8467.180664 0.000000 0.932518 0.000000 0.361124 0.573590 0.573590 0.573590
7206.450195 0.000000 8457.412109 0.000000 0.646172 0.000000 0.763192 0.335447 0.335447 0.335447
7214.367188 0.000000 8448.585938 0.000000 0.981833 0.000000 -0.189748 0.841151 0.841151 0.841151
7197.237793 0.000000 8439.693359 0.000000 0.107220 0.000000 0.994235 0.459557 0.459557 0.459557
7208.274414 0.000000 8474.200195 0.000000 0.991883 0.000000 -0.127153 0.808727 0.808727 0.808727
7218.121094 0.000000 8450.294922 0.000000 0.986760 0.000000 -0.162185 0.827781 0.827781 0.827781
7208.264648 0.000000 8461.057617 0.000000 0.984880 0.000000 0.173237 0.666866 0.666866 0.666866
7208.593750 0.000000 8446.286133 0.000000 0.430113 0.000000 -0.902775 1.287711 1.287711 1.287711
7202.802734 0.000000 8444.432617 0.000000 0.073516 0.000000 0.997294 0.183713 0.183713 0.183713
7197.696289 0.000000 8466.833008 0.000000 0.988861 0.000000 -0.148841 0.814058 0.814058 0.814058
7201.969238 0.000000 8438.683594 0.000000 0.499961 0.000000 -0.866048 1.065700 1.065700 1.065700
7203.606445 0.000000 8469.494141 0.000000 0.996753 0.000000 -0.080517 0.780638 0.780638 0.780638
7211.561035 0.000000 8453.794922 0.000000 0.200564 0.000000 0.979681 0.096416 0.096416 0.096416
7200.324707 0.000000 8455.674805 0.000000 0.978337 0.000000 -0.207020 0.849565 0.849565 0.849565
7207.001953 0.000000 8464.131836 0.000000 0.219130 0.000000 0.975696 0.105483 0.105483 0.105483
7192.822266 0.000000 8441.720703 0.000000 0.898442 0.000000 0.439091 0.687864 0.687864 0.687864
7206.761230 0.000000 8440.543945 0.000000 0.391374 0.000000 -0.920232 1.257670 1.257670 1.257670
7189.389648 0.000000 8451.972656 0.000000 0.807284 0.000000 0.590163 0.628256 0.628256 0.628256
7190.458008 0.000000 8446.214844 0.000000 0.492917 0.000000 -0.870077 0.967367 0.967367 0.967367
7198.344727 0.000000 8474.728516 0.000000 0.871854 0.000000 0.489766 0.578457 0.578457 0.578457
7196.882324 0.000000 8453.565430 0.000000 0.983432 0.000000 -0.181278 0.825430 0.825430 0.825430
7216.873047 0.000000 8457.206055 0.000000 0.606282 0.000000 -0.795250 1.188990 1.188990 1.188990
7217.089355 0.000000 8439.946289 0.000000 0.926717 0.000000 -0.375760 0.869733 0.869733 0.869733
7192.823730 0.000000 8454.746094 0.000000 0.592742 0.000000 -0.805393 1.123433 1.123433 1.123433
7201.170410 0.000000 8465.681641 0.000000 0.303077 0.000000 -0.952966 1.352979 1.352979 1.352979
7214.167969 0.000000 8481.851562 0.000000 0.536847 0.000000 0.843680 0.575152 0.575152 0.575152
7193.723633 0.000000 8471.665039 0.000000 0.963876 0.000000 0.266353 0.675792 0.675792 0.675792
7213.458496 0.000000 8473.796875 0.000000 0.447584 0.000000 -0.894242 1.216259 1.216259 1.216259
7206.832031 0.000000 8469.513672 0.000000 0.378148 0.000000 -0.925745 1.297121 1.297121 1.297121
7214.626465 0.000000 8445.584961 0.000000 0.180128 0.000000 -0.983643 1.312043 1.312043 1.312043
7208.647949 0.000000 8477.486328 0.000000 0.988380 0.000000 -0.152002 0.807429 0.807429 0.807429
7213.119141 0.000000 8440.309570 0.000000 0.973082 0.000000 -0.230458 0.846665 0.846665 0.846665
7203.872559 0.000000 8474.515625 0.000000 0.962888 0.000000 -0.269901 0.865647 0.865647 0.865647
7201.970703 0.000000 8461.348633 0.000000 0.970338 0.000000 -0.241751 0.866583 0.866583 0.866583
7209.258301 0.000000 8452.148438 0.000000 0.495683 0.000000 -0.868504 1.252377 1.252377 1.252377
7205.016113 0.000000 8479.337891 0.000000 0.558856 0.000000 -0.829265 1.013639 1.013639 1.013639
7196.047852 0.000000 8436.881836 0.000000 0.830443 0.000000 -0.557103 0.829660 0.829660 0.829660
7199.058594 0.000000 8460.273438 0.000000 0.350454 0.000000 0.936580 0.170959 0.170959 0.170959
7210.879883 0.000000 8472.993164 0.000000 0.811929 0.000000 0.583756 0.502562 0.502562 0.502562
7208.310547 0.000000 8466.674805 0.000000 0.914676 0.000000 0.404187 0.551332 0.551332 0.551332
7193.897949 0.000000 8449.116211 0.000000 0.302790 0.000000 -0.953057 1.156812 1.156812 1.156812
7203.729980 0.000000 8457.360352 0.000000 0.804460 0.000000 -0.594007 1.053683 1.053683 1.053683
7199.346191 0.000000 8448.394531 0.000000 0.753177 0.000000 -0.657818 1.033634 1.033634 1.033634
7195.151855 0.000000 8479.207031 0.000000 0.513096 0.000000 0.858331 0.655315 0.655315 0.655315
7210.260742 0.000000 8448.313477 0.000000 0.840726 0.000000 -0.541461 1.023193 1.023193 1.023193
7215.645996 0.000000 8469.636719 0.000000 0.972971 0.000000 0.230928 0.644845 0.644845 0.644845
7192.900879 0.000000 8464.394531 0.000000 0.158848 0.000000 -0.987303 1.291709 1.291709 1.291709
7218.036621 0.000000 8461.411133 0.000000 0.940010 0.000000 -0.341147 0.916223 0.916223 0.916223
7208.739746 0.000000 8442.447266 0.000000 0.991033 0.000000 -0.133615 0.803449 0.803449 0.803449
7217.429688 0.000000 8444.101562 0.000000 0.981750 0.000000 -0.190176 0.823445 0.823445 0.823445
7186.855957 0.000000 8455.031250 0.000000 0.726202 0.000000 0.687481 0.640713 0.640713 0.640713
7203.269531 0.000000 8483.663086 0.000000 0.913557 0.000000 -0.406711 0.786860 0.786860 0.786860
7188.529785 0.000000 8470.067383 0.000000 0.052770 0.000000 -0.998607 0.940436 0.940436 0.940436
7207.871582 0.000000 8437.719727 0.000000 0.835519 0.000000 0.549461 0.588796 0.588796 0.588796
7211.979980 0.000000 8437.787109 0.000000 0.812009 0.000000 0.583644 0.580799 0.580799 0.580799
7192.430664 0.000000 8444.560547 0.000000 0.324422 0.000000 -0.945912 1.044961 1.044961 1.044961
7201.385254 0.000000 8453.173828 0.000000 0.953625 0.000000 0.300999 0.604020 0.604020 0.604020
7210.211426 0.000000 8479.680664 0.000000 0.874107 0.000000 0.485733 0.604697 0.604697 0.604697
7216.745605 0.000000 8466.298828 0.000000 0.474715 0.000000 0.880140 0.288563 0.288563 0.288563
7201.659668 0.000000 8471.094727 0.000000 0.995269 0.000000 0.097157 0.709732 0.709732 0.709732
7189.520020 0.000000 8461.457031 0.000000 0.044980 0.000000 -0.998988 1.127114 1.127114 1.127114
7191.392578 0.000000 8459.292969 0.000000 0.218127 0.000000 0.975920 0.312406 0.312406 0.312406
7192.912109 0.000000 8474.630859 0.000000 0.016751 0.000000 -0.999860 1.014793 1.014793 1.014793
7213.365234 0.000000 8458.530273 0.000000 0.996087 0.000000 -0.088382 0.792254 0.792254 0.792254
7200.562012 0.000000 8479.770508 0.000000 0.740802 0.000000 0.671723 0.578993 0.578993 0.578993
7205.716797 0.000000 8452.023438 0.000000 0.999433 0.000000 0.033672 0.733920 0.733920 0.733920
7216.918457 0.000000 8436.932617 0.000000 0.496661 0.000000 -0.867945 0.992063 0.992063 0.992063
7212.240234 0.000000 8464.968750 0.000000 0.346275 0.000000 0.938133 0.168830 0.168830 0.168830
7189.098633 0.000000 8466.133789 0.000000 0.929852 0.000000 -0.367933 0.824783 0.824783 0.824783
7194.635742 0.000000 8462.217773 0.000000 0.595323 0.000000 0.803487 0.325430 0.325430 0.325430
7217.394531 0.000000 8454.149414 0.000000 0.910780 0.000000 -0.412892 0.953222 0.953222 0.953222
7217.145996 0.000000 8483.166992 0.000000 0.808336 0.000000 0.588722 0.708748 0.708748 0.708748
7195.791016 0.000000 8476.579102 0.000000 0.996764 0.000000 -0.080378 0.762656 0.762656 0.762656
7201.111816 0.000000 8449.977539 0.000000 0.437483 0.000000 0.899227 0.216195 0.216195 0.216195
7198.226074 0.000000 8443.495117 0.000000 0.944078 0.000000 -0.329723 0.875830 0.875830 0.875830
7193.955078 0.000000 8466.605469 0.000000 0.668788 0.000000 -0.743453 1.046634 1.046634 1.046634
7194.971191 0.000000 8455.769531 0.000000 0.168075 0.000000 0.985774 0.101632 0.101632 0.101632
7191.923828 0.000000 8451.562500 0.000000 0.794980 0.000000 0.606636 0.570589 0.570589 0.570589
7200.441895 0.000000 8444.693359 0.000000 0.850044 0.000000 0.526711 0.506950 0.506950 0.506950
7208.754395 0.000000 8458.713867 0.000000 0.959485 0.000000 -0.281760 0.886377 0.886377 0.886377
7186.842773 0.000000 8465.586914 0.000000 0.331187 0.000000 0.943565 0.579125 0.579125 0.579125
7192.647949 0.000000 8468.721680 0.000000 0.974336 0.000000 -0.225097 0.821420 0.821420 0.821420
7194.074707 0.000000 8459.956055 0.000000 0.100296 0.000000 0.994958 0.100277 0.100277 0.100277
7191.159180 0.000000 8456.889648 0.000000 0.265013 0.000000 0.964245 0.320743 0.320743 0.320743
7197.250000 0.000000 8462.763672 0.000000 0.042484 0.000000 -0.999097 1.319459 1.319459 1.319459
7203.194824 0.000000 8466.841797 0.000000 0.963774 0.000000 -0.266721 0.878910 0.878910 0.878910
7186.068359 0.000000 8463.075195 0.000000 0.996203 0.000000 0.087064 0.736289 0.736289 0.736289
7189.222656 0.000000 8472.298828 0.000000 0.556223 0.000000 -0.831033 0.834491 0.834491 0.834491
7190.726562 0.000000 8463.530273 0.000000 0.708561 0.000000 -0.705650 1.005212 1.005212 1.005212
7196.156250 0.000000 8444.940430 0.000000 0.780960 0.000000 -0.624581 1.000098 1.000098 1.000098
7205.023926 0.000000 8449.263672 0.000000 0.861114 0.000000 0.508412 0.495349 0.495349 0.495349
7205.042480 0.000000 8481.729492 0.000000 0.630312 0.000000 -0.776342 0.914763 0.914763 0.914763
7208.284668 0.000000 8482.482422 0.000000 0.127633 0.000000 -0.991821 0.920197 0.920197 0.920197
7189.967285 0.000000 8468.302734 0.000000 0.934742 0.000000 -0.355328 0.809856 0.809856 0.809856
7212.093750 0.000000 8462.339844 0.000000 0.986966 0.000000 -0.160930 0.827174 0.827174 0.827174
7199.048828 0.000000 8457.984375 0.000000 0.022518 0.000000 0.999746 0.010753 0.010753 0.010753
7209.948242 0.000000 8444.484375 0.000000 0.154604 0.000000 -0.987976 1.425884 1.425884 1.425884
7197.413086 0.000000 8469.224609 0.000000 0.940652 0.000000 -0.339372 0.909487 0.909487 0.909487
7203.689453 0.000000 8477.483398 0.000000 0.960758 0.000000 -0.277388 0.845258 0.845258 0.845258
7213.185547 0.000000 8443.840820 0.000000 0.098554 0.000000 0.995132 0.146361 0.146361 0.146361
7214.880371 0.000000 8478.528320 0.000000 0.315769 0.000000 -0.948836 1.070529 1.070529 1.070529
7213.133789 0.000000 8476.972656 0.000000 0.251983 0.000000 0.967732 0.274405 0.274405 0.274405
7207.732422 0.000000 8471.617188 0.000000 0.999571 0.000000 0.029282 0.737333 0.737333 0.737333
7197.156738 0.000000 8480.345703 0.000000 0.124754 0.000000 -0.992188 0.858279 0.858279 0.858279
7199.567383 0.000000 8439.439453 0.000000 0.098973 0.000000 -0.995090 1.124755 1.124755 1.124755
7195.958984 0.000000 8471.014648 0.000000 0.610535 0.000000 -0.791989 1.064915 1.064915 1.064915
7195.747559 0.000000 8458.093750 0.000000 0.971067 0.000000 -0.238809 0.856557 0.856557 0.856557
7214.090820 0.000000 8450.797852 0.000000 0.406725 0.000000 0.913551 0.199994 0.199994 0.199994
7191.758301 0.000000 8472.778320 0.000000 0.926556 0.000000 0.376156 0.690067 0.690067 0.690067
7187.964355 0.000000 8457.000000 0.000000 0.839118 0.000000 -0.543950 0.840459 0.840459 0.840459
7211.729980 0.000000 8481.282227 0.000000 0.040382 0.000000 0.999184 0.440521 0.440521 0.440521
7217.375977 0.000000 8475.189453 0.000000 0.999748 0.000000 0.022450 0.741760 0.741760 0.741760
7209.938477 0.000000 8437.123047 0.000000 0.999179 0.000000 0.040515 0.738770 0.738770 0.738770
7212.697266 0.000000 8468.722656 0.000000 0.583991 0.000000 -0.811760 1.152578 1.152578 1.152578
7196.444336 0.000000 8451.443359 0.000000 0.663215 0.000000 -0.748429 1.112617 1.112617 1.112617
7203.084961 0.000000 8436.797852 0.000000 0.186229 0.000000 -0.982506 1.110070 1.110070 1.110070
7192.329590 0.000000 8447.372070 0.000000 0.953429 0.000000 0.301618 0.662226 0.662226 0.662226
7216.076172 0.000000 8462.277344 0.000000 0.742645 0.000000 0.669686 0.399643 0.399643 0.399643
7190.950684 0.000000 8453.488281 0.000000 0.347182 0.000000 0.937798 0.390189 0.390189 0.390189
7213.908203 0.000000 8453.901367 0.000000 0.284068 0.000000 0.958804 0.137526 0.137526 0.137526
7205.470215 0.000000 8462.646484 0.000000 0.204709 0.000000 -0.978823 1.401563 1.401563 1.401563
7216.051270 0.000000 8449.874023 0.000000 0.859132 0.000000 -0.511755 1.006507 1.006507 1.006507
7205.408691 0.000000 8455.577148 0.000000 0.652814 0.000000 0.757519 0.339617 0.339617 0.339617
7187.531250 0.000000 8450.537109 0.000000 0.804466 0.000000 -0.593999 0.819072 0.819072 0.819072
7198.203613 0.000000 8464.723633 0.000000 0.996529 0.000000 -0.083247 0.780743 0.780743 0.780743
7203.197754 0.000000 8459.425781 0.000000 0.407302 0.000000 -0.913294 1.299704 1.299704 1.299704
7187.396973 0.000000 8461.100586 0.000000 0.938657 0.000000 0.344852 0.693305 0.693305 0.693305
7196.349121 0.000000 8447.231445 0.000000 0.466556 0.000000 -0.884492 1.209305 1.209305 1.209305
7200.434570 0.000000 8475.526367 0.000000 0.969492 0.000000 -0.245123 0.843667 0.843667 0.843667
7203.359375 0.000000 8472.283203 0.000000 0.945682 0.000000 -0.325092 0.897553 0.897553 0.897553
7189.480957 0.000000 8448.030273 0.000000 0.994880 0.000000 0.101058 0.733130 0.733130 0.733130
7206.237793 0.000000 8474.479492 0.000000 0.276477 0.000000 -0.961021 1.339666 1.339666 1.339666
7213.451660 0.000000 8460.793945 0.000000 0.999992 0.000000 0.003957 0.748110 0.748110 0.748110
7199.252441 0.000000 8453.795898 0.000000 0.982481 0.000000 -0.186360 0.839504 0.839504 0.839504
7209.611816 0.000000 8454.579102 0.000000 0.996660 0.000000 0.081660 0.710967 0.710967 0.710967
7186.467285 0.000000 8459.065430 0.000000 0.160329 0.000000 -0.987064 0.971733 0.971733 0.971733
7195.250977 0.000000 8440.659180 0.000000 0.472417 0.000000 -0.881375 0.966128 0.966128 0.966128
7207.225098 0.000000 8448.005859 0.000000 0.547208 0.000000 -0.836996 1.223536 1.223536 1.223536
7209.107910 0.000000 8468.561523 0.000000 0.152414 0.000000 -0.988317 1.392432 1.392432 1.392432
7212.040039 0.000000 8456.683594 0.000000 0.596500 0.000000 0.802613 0.305163 0.305163 0.305163
7207.959473 0.000000 8456.009766 0.000000 0.244584 0.000000 0.969628 0.117977 0.117977 0.117977
7204.477539 0.000000 8443.259766 0.000000 0.840515 0.000000 -0.541788 0.986928 0.986928 0.986928
7211.087402 0.000000 8477.792969 0.000000 0.998445 0.000000 0.055744 0.729323 0.729323 0.729323
7201.902832 0.000000 8442.616211 0.000000 0.301783 0.000000 -0.953377 1.301550 1.301550 1.301550
7215.860840 0.000000 8455.416016 0.000000 0.317674 0.000000 0.948200 0.154353 0.154353 0.154353
7210.188965 0.000000 8461.784180 0.000000 0.879955 0.000000 0.475058 0.513641 0.513641 0.513641
7215.079590 0.000000 8440.083008 0.000000 0.241659 0.000000 0.970361 0.193546 0.193546 0.193546
7214.810547 0.000000 8465.289062 0.000000 0.287499 0.000000 -0.957781 1.360764 1.360764 1.360764
7206.891602 0.000000 8459.439453 0.000000 0.728314 0.000000 -0.685244 1.110457 1.110457 1.110457
7212.421875 0.000000 8448.031250 0.000000 0.910967 0.000000 -0.412479 0.953005 0.953005 0.953005
7187.960938 0.000000 8453.350586 0.000000 0.018457 0.000000 -0.999830 0.953463 0.953463 0.953463
7194.331055 0.000000 8443.945312 0.000000 0.701854 0.000000 -0.712321 0.951885 0.951885 0.951885
7206.928711 0.000000 8478.375977 0.000000 0.969123 0.000000 0.246576 0.679092 0.679092 0.679092
7199.327148 0.000000 8477.322266 0.000000 0.724410 0.000000 0.689369 0.547765 0.547765 0.547765
7201.490723 0.000000 8463.670898 0.000000 0.543266 0.000000 -0.839560 1.225781 1.225781 1.225781
7199.787598 0.000000 8470.349609 0.000000 0.729208 0.000000 -0.684292 1.084433 1.084433 1.084433
7209.836426 0.000000 8450.241211 0.000000 0.974807 0.000000 0.223051 0.642598 0.642598 0.642598
7194.962891 0.000000 8453.796875 0.000000 0.968333 0.000000 -0.249662 0.863392 0.863392 0.863392
7202.447754 0.000000 8479.035156 0.000000 0.625860 0.000000 0.779935 0.520527 0.520527 0.520527
7197.868164 0.000000 8441.548828 0.000000 0.054636 0.000000 0.998506 0.358242 0.358242 0.358242
7197.094238 0.000000 8473.091797 0.000000 0.981732 0.000000 0.190268 0.684046 0.684046 0.684046
7212.792480 0.000000 8452.305664 0.000000 0.740171 0.000000 -0.672418 1.102117 1.102117 1.102117
7203.511719 0.000000 8446.288086 0.000000 0.549488 0.000000 0.835502 0.337027 0.337027 0.337027
7210.696777 0.000000 8458.367188 0.000000 0.999665 0.000000 0.025871 0.737646 0.737646 0.737646
7205.090332 0.000000 8445.064453 0.000000 0.994521 0.000000 -0.104541 0.785494 0.785494 0.785494
7202.573730 0.000000 8475.940430 0.000000 0.999991 0.000000 -0.004181 0.751769 0.751769 0.751769
7202.165527 0.000000 8456.184570 0.000000 0.725138 0.000000 -0.688604 1.112664 1.112664 1.112664
7217.350098 0.000000 8470.945312 0.000000 0.943327 0.000000 0.331865 0.601785 0.601785 0.601785
7203.783203 0.000000 8439.347656 0.000000 0.164890 0.000000 -0.986312 1.223583 1.223583 1.223583
7217.198730 0.000000 8478.111328 0.000000 0.912426 0.000000 0.409242 0.656055 0.656055 0.656055
7200.087402 0.000000 8446.650391 0.000000 0.398386 0.000000 -0.917218 1.186963 1.186963 1.186963
7201.595215 0.000000 8440.560547 0.000000 0.488272 0.000000 0.872691 0.358749 0.358749 0.358749
7203.979980 0.000000 8452.824219 0.000000 0.930554 0.000000 0.366154 0.571011 0.571011 0.571011
7217.367188 0.000000 8459.083984 0.000000 0.757992 0.000000 -0.652264 1.089271 1.089271 1.089271
7204.998535 0.000000 8465.043945 0.000000 0.928400 0.000000 0.371583 0.568222 0.568222 0.568222
7203.078125 0.000000 8448.967773 0.000000 0.985476 0.000000 -0.169816 0.831476 0.831476 0.831476
7199.677734 0.000000 8466.870117 0.000000 0.613136 0.000000 0.789977 0.422575 0.422575 0.422575
7199.362305 0.000000 8472.880859 0.000000 0.560444 0.000000 0.828192 0.366280 0.366280 0.366280
7209.315430 0.000000 8475.742188 0.000000 0.756637 0.000000 -0.653835 1.078252 1.078252 1.078252
7189.472656 0.000000 8449.887695 0.000000 0.604497 0.000000 -0.796608 0.903590 0.903590 0.903590
7211.274414 0.000000 8440.706055 0.000000 0.934991 0.000000 0.354672 0.592503 0.592503 0.592503
7195.842773 0.000000 8467.109375 0.000000 0.922808 0.000000 0.385260 0.580421 0.580421 0.580421
7215.283203 0.000000 8474.258789 0.000000 0.369275 0.000000 -0.929320 1.243488 1.243488 1.243488
7215.025879 0.000000 8457.727539 0.000000 0.006725 0.000000 0.999977 0.003211 0.003211 0.003211
7214.448242 0.000000 8472.263672 0.000000 0.326947 0.000000 -0.945043 1.317795 1.317795 1.317795
7211.465332 0.000000 8470.117188 0.000000 0.481950 0.000000 0.876199 0.246106 0.246106 0.246106
7216.823730 0.000000 8441.780273 0.000000 0.930391 0.000000 0.366567 0.600315 0.600315 0.600315
7206.876953 0.000000 8445.486328 0.000000 0.428703 0.000000 -0.903445 1.195546 1.195546 1.195546
7203.777344 0.000000 8461.814453 0.000000 0.727725 0.000000 -0.685869 1.110866 1.110866 1.110866
7197.452148 0.000000 8458.998047 0.000000 0.283044 0.000000 -0.959107 1.286060 1.286060 1.286060
7207.410156 0.000000 8475.830078 0.000000 0.992946 0.000000 0.118569 0.695702 0.695702 0.695702
7209.973633 0.000000 8465.603516 0.000000 0.882992 0.000000 0.469389 0.516712 0.516712 0.516712
7197.624023 0.000000 8437.886719 0.000000 0.998886 0.000000 -0.047199 0.756365 0.756365 0.756365
7213.491699 0.000000 8442.056641 0.000000 0.883056 0.000000 -0.469268 0.950298 0.950298 0.950298
7205.198242 0.000000 8458.705078 0.000000 0.715390 0.000000 0.698725 0.380626 0.380626 0.380626
7217.990723 0.000000 8481.169922 0.000000 0.965048 0.000000 0.262072 0.711769 0.711769 0.711769
7216.033691 0.000000 8481.635742 0.000000 0.525506 0.000000 0.850790 0.603303 0.603303 0.603303
7198.498535 0.000000 8449.926758 0.000000 0.277722 0.000000 0.960662 0.240595 0.240595 0.240595
7208.522949 0.000000 8440.675781 0.000000 0.380473 0.000000 -0.924792 1.267224 1.267224 1.267224
7205.613770 0.000000 8441.930664 0.000000 0.290161 0.000000 0.956978 0.176413 0.176413 0.176413
7209.935547 0.000000 8481.406250 0.000000 0.996204 0.000000 0.087045 0.732212 0.732212 0.732212
7216.315918 0.000000 8468.022461 0.000000 0.134722 0.000000 -0.990883 1.295695 1.295695 1.295695
7208.619629 0.000000 8462.875000 0.000000 0.656059 0.000000 0.754710 0.341666 0.341666 0.341666
7188.576660 0.000000 8446.488281 0.000000 0.297287 0.000000 0.954788 0.583681 0.583681 0.583681
7205.427734 0.000000 8453.811523 0.000000 0.845845 0.000000 0.533428 0.481355 0.481355 0.481355
7217.340820 0.000000 8448.656250 0.000000 0.300086 0.000000 0.953912 0.145523 0.145523 0.145523
7206.520996 0.000000 8438.808594 0.000000 0.999347 0.000000 -0.036137 0.762994 0.762994 0.762994
7194.191406 0.000000 8475.906250 0.000000 0.994928 0.000000 0.100593 0.726982 0.726982 0.726982
7205.307129 0.000000 8470.386719 0.000000 0.616241 0.000000 -0.787558 1.087896 1.087896 1.087896
7214.879883 0.000000 8480.291992 0.000000 0.702977 0.000000 -0.711213 0.887779 0.887779 0.887779
7205.215332 0.000000 8468.639648 0.000000 0.919180 0.000000 0.393837 0.565817 0.565817 0.565817
7202.315918 0.000000 8468.358398 0.000000 0.907015 0.000000 0.421098 0.584788 0.584788 0.584788
7209.181641 0.000000 8472.726562 0.000000 0.994349 0.000000 0.106161 0.707182 0.707182 0.707182
7213.987305 0.000000 8475.427734 0.000000 0.432421 0.000000 -0.901672 1.252827 1.252827 1.252827
7198.738770 0.000000 8479.502930 0.000000 0.999609 0.000000 0.027961 0.744554 0.744554 0.744554
7212.482910 0.000000 8472.327148 0.000000 0.719496 0.000000 0.694496 0.426566 0.426566 0.426566
7212.723145 0.000000 8466.648438 0.000000 0.062433 0.000000 0.998049 0.029829 0.029829 0.029829
7207.549316 0.000000 8451.900391 0.000000 0.992127 0.000000 -0.125238 0.809954 0.809954 0.809954
7208.259766 0.000000 8444.465820 0.000000 0.663445 0.000000 0.748225 0.346360 0.346360 0.346360
7209.738770 0.000000 8460.162109 0.000000 0.763418 0.000000 -0.645905 1.085280 1.085280 1.085280
7217.189941 0.000000 8451.897461 0.000000 0.561162 0.000000 -0.827706 1.215532 1.215532 1.215532
7189.571777 0.000000 8457.481445 0.000000 0.879322 0.000000 -0.476227 0.870820 0.870820 0.870820
7215.575195 0.000000 8447.294922 0.000000 0.745095 0.000000 -0.666958 1.098606 1.098606 1.098606
7195.102539 0.000000 8450.302734 0.000000 0.147289 0.000000 -0.989094 1.373466 1.373466 1.373466
7200.991211 0.000000 8437.107422 0.000000 0.562100 0.000000 -0.827069 0.970643 0.970643 0.970643
7197.715820 0.000000 8476.307617 0.000000 0.769077 0.000000 0.639156 0.600692 0.600692 0.600692
7192.895020 0.000000 8453.000977 0.000000 0.706447 0.000000 0.707766 0.455533 0.455533 0.455533
7210.970703 0.000000 8452.179688 0.000000 0.101923 0.000000 0.994792 0.048750 0.048750 0.048750
7206.582520 0.000000 8461.316406 0.000000 0.915202 0.000000 -0.402995 0.948046 0.948046 0.948046
7197.905762 0.000000 8454.934570 0.000000 0.445917 0.000000 -0.895074 1.235726 1.235726 1.235726
7195.847656 0.000000 8438.680664 0.000000 0.677804 0.000000 -0.735242 0.862906 0.862906 0.862906
7196.695312 0.000000 8475.017578 0.000000 0.883680 0.000000 -0.468091 0.885904 0.885904 0.885904
7200.333496 0.000000 8461.505859 0.000000 0.399578 0.000000 0.916699 0.196265 0.196265 0.196265
7206.841797 0.000000 8481.631836 0.000000 0.547110 0.000000 0.837060 0.553134 0.553134 0.553134
7201.809082 0.000000 8445.748047 0.000000 0.495995 0.000000 0.868325 0.289153 0.289153 0.289153
7201.837402 0.000000 8451.528320 0.000000 0.956125 0.000000 -0.292960 0.891960 0.891960 0.891960
7212.625977 0.000000 8455.138672 0.000000 0.979083 0.000000 -0.203463 0.847829 0.847829 0.847829
7208.690918 0.000000 8448.886719 0.000000 0.992865 0.000000 -0.119247 0.807072 0.807072 0.807072
7205.087891 0.000000 8440.333984 0.000000 0.937183 0.000000 -0.348839 0.910128 0.910128 0.910128
7215.687988 0.000000 8463.925781 0.000000 0.437268 0.000000 0.899331 0.216081 0.216081 0.216081
7208.417480 0.000000 8464.964844 0.000000 0.808692 0.000000 -0.588233 1.050264 1.050264 1.050264
7218.116211 0.000000 8476.626953 0.000000 0.999647 0.000000 -0.026582 0.756620 0.756620 0.756620
7190.880859 0.000000 8465.148438 0.000000 0.557261 0.000000 -0.830337 1.047177 1.047177 1.047177
7207.008301 0.000000 8467.689453 0.000000 0.846690 0.000000 0.532087 0.482112 0.482112 0.482112
7216.339844 0.000000 8438.480469 0.000000 0.907350 0.000000 0.420376 0.615148 0.615148 0.615148
7193.818848 0.000000 8469.926758 0.000000 0.206658 0.000000 0.978413 0.321361 0.321361 0.321361
7206.855469 0.000000 8465.760742 0.000000 0.988903 0.000000 -0.148563 0.821197 0.821197 0.821197
7198.770020 0.000000 8468.285156 0.000000 0.997812 0.000000 -0.066114 0.776883 0.776883 0.776883
7215.745605 0.000000 8444.386719 0.000000 0.042190 0.000000 0.999110 0.131774 0.131774 0.131774
7198.579590 0.000000 8461.800781 0.000000 0.989332 0.000000 0.145677 0.680196 0.680196 0.680196
7190.753418 0.000000 8444.491211 0.000000 0.613289 0.000000 -0.789858 0.903448 0.903448 0.903448
7213.534180 0.000000 8446.891602 0.000000 0.246198 0.000000 0.969220 0.118772 0.118772 0.118772
7204.342285 0.000000 8476.022461 0.000000 0.999653 0.000000 0.026342 0.740677 0.740677 0.740677
7202.747070 0.000000 8465.258789 0.000000 0.887944 0.000000 -0.459951 0.978200 0.978200 0.978200
7192.731934 0.000000 8450.196289 0.000000 0.431450 0.000000 -0.902137 1.150120 1.150120 1.150120
7197.884766 0.000000 8447.742188 0.000000 0.121488 0.000000 0.992593 0.136831 0.136831 0.136831
7213.419922 0.000000 8436.838867 0.000000 0.047490 0.000000 0.998872 0.359246 0.359246 0.359246
7195.364258 0.000000 8448.481445 0.000000 0.168280 0.000000 0.985739 0.201463 0.201463 0.201463
7211.904297 0.000000 8474.303711 0.000000 0.139705 0.000000 0.990193 0.109783 0.109783 0.109783
7192.826172 0.000000 8440.053711 0.000000 0.964312 0.000000 0.264768 0.713373 0.713373 0.713373
7207.113770 0.000000 8473.103516 0.000000 0.864535 0.000000 -0.502573 0.965925 0.965925 0.965925
7213.011230 0.000000 8449.584961 0.000000 0.736020 0.000000 -0.676959 1.105054 1.105054 1.105054
7210.992188 0.000000 8455.373047 0.000000 0.999987 0.000000 0.005175 0.747529 0.747529 0.747529
7198.155273 0.000000 8452.683594 0.000000 0.998229 0.000000 -0.059491 0.778421 0.778421 0.778421
7200.247070 0.000000 8443.136719 0.000000 0.029186 0.000000 0.999574 0.077441 0.077441 0.077441
7209.856934 0.000000 8474.210938 0.000000 0.921120 0.000000 0.389280 0.565824 0.565824 0.565824
7198.881836 0.000000 8456.431641 0.000000 0.642506 0.000000 -0.766281 1.166842 1.166842 1.166842
7193.932129 0.000000 8473.248047 0.000000 0.457263 0.000000 -0.889332 0.996233 0.996233 0.996233
7199.950684 0.000000 8464.689453 0.000000 0.446984 0.000000 -0.894542 1.158483 1.158483 1.158483
7190.923828 0.000000 8460.799805 0.000000 0.923313 0.000000 -0.384048 0.881375 0.881375 0.881375
7211.703613 0.000000 8444.569336 0.000000 0.832095 0.000000 0.554632 0.469288 0.469288 0.469288
7196.669922 0.000000 8465.651367 0.000000 0.176783 0.000000 0.984250 0.199624 0.199624 0.199624
7194.320312 0.000000 8441.968750 0.000000 0.585511 0.000000 -0.810664 0.939386 0.939386 0.939386
7208.213867 0.000000 8470.171875 0.000000 0.866240 0.000000 -0.499628 0.990979 0.990979 0.990979
7196.328125 0.000000 8454.980469 0.000000 0.296012 0.000000 0.955184 0.193434 0.193434 0.193434
7214.622559 0.000000 8461.759766 0.000000 0.958859 0.000000 0.283882 0.612566 0.612566 0.612566
7215.807617 0.000000 8471.145508 0.000000 0.279402 0.000000 0.960174 0.253342 0.253342 0.253342
7204.204590 0.000000 8447.916992 0.000000 0.351416 0.000000 -0.936219 1.328550 1.328550 1.328550
7210.605957 0.000000 8468.791992 0.000000 0.868542 0.000000 0.495615 0.529600 0.529600 0.529600
7213.241211 0.000000 8438.645508 0.000000 0.120373 0.000000 -0.992729 1.244174 1.244174 1.244174
7201.829102 0.000000 8454.701172 0.000000 0.999888 0.000000 0.014963 0.742855 0.742855 0.742855
7194.613281 0.000000 8477.747070 0.000000 0.026550 0.000000 0.999647 0.507118 0.507118 0.507118
7210.076172 0.000000 8446.652344 0.000000 0.422765 0.000000 0.906239 0.208411 0.208411 0.208411
7207.157227 0.000000 8442.019531 0.000000 0.999869 0.000000 0.016186 0.743575 0.743575 0.743575
7195.297852 0.000000 8472.495117 0.000000 0.057854 0.000000 0.998325 0.310917 0.310917 0.310917
7192.575684 0.000000 8456.251953 0.000000 0.517220 0.000000 -0.855852 1.175057 1.175057 1.175057
7214.283203 0.000000 8468.937500 0.000000 0.999121 0.000000 -0.041908 0.768916 0.768916 0.768916
7191.339355 0.000000 8455.113281 0.000000 0.995601 0.000000 -0.093695 0.779341 0.779341 0.779341
7193.268066 0.000000 8462.909180 0.000000 0.121586 0.000000 0.992581 0.161289 0.161289 0.161289
7200.861816 0.000000 8457.158203 0.000000 0.111921 0.000000 0.993717 0.053551 0.053551 0.053551
7213.129395 0.000000 8445.419922 0.000000 0.873984 0.000000 0.485955 0.507708 0.507708 0.507708
7210.064941 0.000000 8441.674805 0.000000 0.519550 0.000000 -0.854440 1.195030 1.195030 1.195030
7211.749512 0.000000 8439.260742 0.000000 0.182261 0.000000 0.983250 0.256382 0.256382 0.256382
7208.019531 0.000000 8439.242188 0.000000 0.965358 0.000000 -0.260927 0.845397 0.845397 0.845397
7205.948242 0.000000 8450.436523 0.000000 0.996648 0.000000 0.081803 0.710898 0.710898 0.710898
7192.545410 0.000000 8460.316406 0.000000 0.883434 0.000000 0.468556 0.546380 0.546380 0.546380
7208.830566 0.000000 8479.026367 0.000000 0.753420 0.000000 0.657539 0.543094 0.543094 0.543094
7201.288086 0.000000 8467.251953 0.000000 0.989159 0.000000 0.146849 0.692600 0.692600 0.692600
7206.429199 0.000000 8437.325195 0.000000 0.739784 0.000000 -0.672845 0.954525 0.954525 0.954525
7208.571289 0.000000 8453.482422 0.000000 0.803545 0.000000 0.595244 0.445583 0.445583 0.445583
7201.193359 0.000000 8460.109375 0.000000 0.927133 0.000000 0.374732 0.566602 0.566602 0.566602
7202.588867 0.000000 8462.677734 0.000000 0.979560 0.000000 -0.201150 0.846702 0.846702 0.846702
7211.039551 0.000000 8471.540039 0.000000 0.566744 0.000000 -0.823894 1.206866 1.206866 1.206866
7217.418457 0.000000 8473.539062 0.000000 0.554425 0.000000 0.832233 0.326613 0.326613 0.326613
7215.941406 0.000000 8453.916016 0.000000 0.109305 0.000000 -0.994008 1.447706 1.447706 1.447706
7193.073730 0.000000 8443.173828 0.000000 0.064237 0.000000 -0.997935 1.037723 1.037723 1.037723
7216.875977 0.000000 8445.456055 0.000000 0.827509 0.000000 0.561452 0.521175 0.521175 0.521175
7194.226562 0.000000 8465.011719 0.000000 0.230647 0.000000 -0.973038 1.376347 1.376347 1.376347
7190.484375 0.000000 8450.973633 0.000000 0.177077 0.000000 0.984197 0.366645 0.366645 0.366645
7213.345215 0.000000 8480.650391 0.000000 0.217615 0.000000 -0.976035 1.008103 1.008103 1.008103
7217.486328 0.000000 8455.659180 0.000000 0.571903 0.000000 0.820321 0.290692 0.290692 0.290692
7192.990723 0.000000 8445.911133 0.000000 0.705174 0.000000 -0.709035 0.937414 0.937414 0.937414
7192.485840 0.000000 8470.808594 0.000000 0.983893 0.000000 -0.178760 0.799469 0.799469 0.799469
7206.180664 0.000000 8480.219727 0.000000 0.536835 0.000000 -0.843687 0.949292 0.949292 0.949292
7203.644043 0.000000 8479.861328 0.000000 0.987312 0.000000 0.158790 0.709094 0.709094 0.709094
7188.123535 0.000000 8462.355469 0.000000 0.776340 0.000000 -0.630315 0.914721 0.914721 0.914721
7200.385254 0.000000 8471.813477 0.000000 0.307926 0.000000 0.951410 0.229525 0.229525 0.229525
7202.252441 0.000000 8457.614258 0.000000 0.019698 0.000000 -0.999806 1.490594 1.490594 1.490594
7204.725586 0.000000 8473.317383 0.000000 0.285385 0.000000 0.958413 0.214959 0.214959 0.214959
7194.013672 0.000000 8468.042969 0.000000 0.161114 0.000000 0.986936 0.198619 0.198619 0.198619
7188.634277 0.000000 8467.530273 0.000000 0.812541 0.000000 0.582904 0.626489 0.626489 0.626489
7190.926758 0.000000 8447.673828 0.000000 0.022492 0.000000 -0.999747 1.068896 1.068896 1.068896
7191.237793 0.000000 8469.153320 0.000000 0.995182 0.000000 0.098041 0.726465 0.726465 0.726465
7189.533203 0.000000 8453.692383 0.000000 0.083440 0.000000 -0.996513 1.067463 1.067463 1.067463
7207.117676 0.000000 8462.706055 0.000000 0.994368 0.000000 0.105979 0.699303 0.699303 0.699303
7196.021973 0.000000 8461.913086 0.000000 0.520965 0.000000 -0.853578 1.129196 1.129196 1.129196
7189.637207 0.000000 8464.456055 0.000000 0.935147 0.000000 0.354260 0.669991 0.669991 0.669991
7211.513672 0.000000 8463.653320 0.000000 0.999871 0.000000 -0.016069 0.757673 0.757673 0.757673
7208.701172 0.000000 8457.250977 0.000000 0.813389 0.000000 0.581721 0.453570 0.453570 0.453570
7203.876465 0.000000 8468.115234 0.000000 0.331122 0.000000 -0.943588 1.218778 1.218778 1.218778
7202.463867 0.000000 8474.432617 0.000000 0.407043 0.000000 0.913409 0.262691 0.262691 0.262691
7192.679688 0.000000 8465.927734 0.000000 0.450875 0.000000 0.892587 0.326600 0.326600 0.326600
7201.471680 0.000000 8469.693359 0.000000 0.295459 0.000000 -0.955355 1.204498 1.204498 1.204498
7203.955078 0.000000 8470.879883 0.000000 0.636355 0.000000 0.771396 0.425018 0.425018 0.425018
7218.064453 0.000000 8437.736328 0.000000 0.999166 0.000000 -0.040838 0.758566 0.758566 0.758566
7200.743164 0.000000 8448.626953 0.000000 0.109015 0.000000 0.994040 0.052155 0.052155 0.052155
7194.668945 0.000000 8457.182617 0.000000 0.809537 0.000000 0.587069 0.471569 0.471569 0.471569
7194.397461 0.000000 8458.593750 0.000000 0.922569 0.000000 0.385833 0.574963 0.574963 0.574963
7216.951172 0.000000 8460.501953 0.000000 0.304521 0.000000 -0.952506 1.352256 1.352256 1.352256
7193.556152 0.000000 8461.277344 0.000000 0.837538 0.000000 -0.546379 0.991357 0.991357 0.991357
7197.698730 0.000000 8460.730469 0.000000 0.850650 0.000000 0.525732 0.544769 0.544769 0.544769
7199.884277 0.000000 8474.185547 0.000000 0.050488 0.000000 -0.998725 1.259542 1.259542 1.259542
7196.467773 0.000000 8441.340820 0.000000 0.292642 0.000000 -0.956222 1.079143 1.079143 1.079143
7216.000000 0.000000 8458.785156 0.000000 0.987756 0.000000 0.156006 0.675207 0.675207 0.675207
7214.306641 0.000000 8459.531250 0.000000 0.466829 0.000000 -0.884348 1.268095 1.268095 1.268095
7203.964844 0.000000 8455.980469 0.000000 0.193989 0.000000 0.981004 0.093214 0.093214 0.093214
7200.108398 0.000000 8478.460938 0.000000 0.694845 0.000000 -0.719160 0.936345 0.936345 0.936345
7194.440430 0.000000 8463.634766 0.000000 0.991600 0.000000 0.129340 0.690985 0.690985 0.690985
7206.404785 0.000000 8449.129883 0.000000 0.832113 0.000000 0.554606 0.469303 0.469303 0.469303
7189.777832 0.000000 8460.000977 0.000000 0.926321 0.000000 0.376734 0.654531 0.654531 0.654531
7189.422363 0.000000 8462.901367 0.000000 0.235846 0.000000 -0.971790 1.071903 1.071903 1.071903
7195.640625 0.000000 8452.601562 0.000000 0.073058 0.000000 0.997328 0.076978 0.076978 0.076978
7192.858398 0.000000 8458.979492 0.000000 0.766230 0.000000 0.642567 0.466457 0.466457 0.466457
7199.012207 0.000000 8444.653320 0.000000 0.960695 0.000000 -0.277607 0.873778 0.873778 0.873778
7211.500488 0.000000 8449.148438 0.000000 0.267497 0.000000 0.963559 0.129295 0.129295 0.129295
7199.902344 0.000000 8459.153320 0.000000 0.924875 0.000000 -0.380271 0.936254 0.936254 0.936254
7209.562988 0.000000 8467.250977 0.000000 0.858344 0.000000 0.513075 0.492759 0.492759 0.492759
7193.783691 0.000000 8447.750000 0.000000 0.406862 0.000000 -0.913490 1.079961 1.079961 1.079961
7188.138184 0.000000 8455.590820 0.000000 0.792613 0.000000 -0.609725 0.899787 0.899787 0.899787
7200.606445 0.000000 8438.449219 0.000000 0.748575 0.000000 0.663050 0.531477 0.531477 0.531477
7204.991699 0.000000 8477.940430 0.000000 0.219854 0.000000 -0.975533 1.227438 1.227438 1.227438
7202.800781 0.000000 8453.530273 0.000000 0.949703 0.000000 -0.313151 0.902077 0.902077 0.902077
7188.139160 0.000000 8465.110352 0.000000 0.063958 0.000000 -0.997953 1.082918 1.082918 1.082918
7196.999023 0.000000 8446.031250 0.000000 0.039154 0.000000 0.999233 0.101867 0.101867 0.101867
7216.669922 0.000000 8464.924805 0.000000 0.978551 0.000000 -0.206006 0.849070 0.849070 0.849070
7192.701172 0.000000 8467.315430 0.000000 0.966135 0.000000 0.258037 0.657639 0.657639 0.657639
7206.600586 0.000000 8470.894531 0.000000 0.169300 0.000000 0.985564 0.144170 0.144170 0.144170
7205.065430 0.000000 8456.915039 0.000000 0.436695 0.000000 0.899610 0.215776 0.215776 0.215776
7210.169434 0.000000 8453.334961 0.000000 0.648728 0.000000 -0.761020 1.162952 1.162952 1.162952
7214.773926 0.000000 8441.391602 0.000000 0.680213 0.000000 -0.733015 1.095075 1.095075 1.095075
7209.967285 0.000000 8443.084961 0.000000 0.258339 0.000000 0.966054 0.227743 0.227743 0.227743
7198.031250 0.000000 8451.236328 0.000000 0.952307 0.000000 -0.305142 0.898056 0.898056 0.898056
7208.984375 0.000000 8480.451172 0.000000 0.558091 0.000000 0.829780 0.550252 0.550252 0.550252
7198.469238 0.000000 8440.295898 0.000000 0.849402 0.000000 -0.527746 0.928004 0.928004 0.928004
7212.026855 0.000000 8458.119141 0.000000 0.931632 0.000000 -0.363404 0.927578 0.927578 0.927578
7208.604980 0.000000 8450.898438 0.000000 0.189718 0.000000 -0.981839 1.408864 1.408864 1.408864
7199.020996 0.000000 8475.960938 0.000000 0.549289 0.000000 -0.835632 1.081570 1.081570 1.081570
7191.963379 0.000000 8457.966797 0.000000 0.668802 0.000000 -0.743441 1.026224 1.026224 1.026224
7196.799316 0.000000 8443.731445 0.000000 0.877949 0.000000 -0.478755 0.910781 0.910781 0.910781
7214.175781 0.000000 8452.580078 0.000000 0.974184 0.000000 -0.225757 0.858728 0.858728 0.858728
7214.532227 0.000000 8470.374023 0.000000 0.920321 0.000000 -0.391163 0.905018 0.905018 0.905018
7217.847168 0.000000 8467.246094 0.000000 0.946052 0.000000 -0.324016 0.891486 0.891486 0.891486
7199.808594 0.000000 8450.365234 0.000000 0.440875 0.000000 -0.897569 1.282002 1.282002 1.282002
7201.925293 0.000000 8472.397461 0.000000 0.963322 0.000000 -0.268347 0.873612 0.873612 0.873612
7201.554199 0.000000 8443.926758 0.000000 0.739411 0.000000 0.673254 0.427769 0.427769 0.427769
7211.221680 0.000000 8447.402344 0.000000 0.999028 0.000000 0.044084 0.728944 0.728944 0.728944
7192.619141 0.000000 8448.664062 0.000000 0.510740 0.000000 0.859735 0.416754 0.416754 0.416754
7197.659668 0.000000 8444.741211 0.000000 0.800741 0.000000 -0.599011 0.988112 0.988112 0.988112
7209.103027 0.000000 8438.216797 0.000000 0.549875 0.000000 -0.835247 1.107249 1.107249 1.107249
7196.869629 0.000000 8467.997070 0.000000 0.794488 0.000000 0.607280 0.470163 0.470163 0.470163
7217.006836 0.000000 8469.666016 0.000000 0.879429 0.000000 0.476030 0.561419 0.561419 0.561419
7209.024414 0.000000 8447.605469 0.000000 0.983017 0.000000 0.183517 0.661878 0.661878 0.661878
7203.272461 0.000000 8442.697266 0.000000 0.437410 0.000000 -0.899262 1.248255 1.248255 1.248255
7200.538086 0.000000 8454.240234 0.000000 0.990685 0.000000 0.136175 0.684779 0.684779 0.684779
7195.297363 0.000000 8465.841797 0.000000 0.866473 0.000000 0.499223 0.505322 0.505322 0.505322
7198.458496 0.000000 8470.133789 0.000000 0.428364 0.000000 -0.903606 1.250614 1.250614 1.250614
7216.404785 0.000000 8443.230469 0.000000 0.933926 0.000000 -0.357466 0.921801 0.921801 0.921801
7212.616699 0.000000 8475.573242 0.000000 0.213579 0.000000 0.976926 0.143379 0.143379 0.143379
7195.104004 0.000000 8460.908203 0.000000 0.612289 0.000000 -0.790634 1.151227 1.151227 1.151227
7209.911133 0.000000 8477.050781 0.000000 0.992258 0.000000 0.124192 0.703139 0.703139 0.703139
7190.116699 0.000000 8458.712891 0.000000 0.861018 0.000000 -0.508575 0.922824 0.922824 0.922824
7215.893555 0.000000 8477.656250 0.000000 0.940942 0.000000 -0.338569 0.865117 0.865117 0.865117
7199.003418 0.000000 8465.765625 0.000000 0.840333 0.000000 0.542071 0.538677 0.538677 0.538677
7217.933105 0.000000 8452.958008 0.000000 0.440344 0.000000 0.897829 0.217715 0.217715 0.217715
7196.017578 0.000000 8456.748047 0.000000 0.526520 0.000000 -0.850163 1.183866 1.183866 1.183866
7215.482910 0.000000 8466.570312 0.000000 0.840320 0.000000 0.542090 0.483959 0.483959 0.483959
7212.692871 0.000000 8459.650391 0.000000 0.570742 0.000000 0.821129 0.290017 0.290017 0.290017
7194.122070 0.000000 8454.798828 0.000000 0.347856 0.000000 -0.937548 1.312157 1.312157 1.312157
7214.481934 0.000000 8477.209961 0.000000 0.851492 0.000000 -0.524367 0.933966 0.933966 0.933966
7196.950684 0.000000 8464.188477 0.000000 0.088283 0.000000 0.996095 0.164336 0.164336 0.164336
7210.678711 0.000000 8438.199219 0.000000 0.144409 0.000000 -0.989518 1.257269 1.257269 1.257269
7195.439941 0.000000 8459.519531 0.000000 0.489256 0.000000 -0.872140 1.218208 1.218208 1.218208
7203.219727 0.000000 8438.144531 0.000000 0.991399 0.000000 -0.130876 0.794237 0.794237 0.794237
7191.009766 0.000000 8462.270508 0.000000 0.696204 0.000000 0.717844 0.489132 0.489132 0.489132
7215.727051 0.000000 8448.610352 0.000000 0.110954 0.000000 -0.993826 1.446914 1.446914 1.446914
7218.096680 0.000000 8462.737305 0.000000 0.964546 0.000000 -0.263915 0.877521 0.877521 0.877521
7199.055664 0.000000 8442.501953 0.000000 0.918100 0.000000 0.396350 0.597384 0.597384 0.597384
7215.376953 0.000000 8451.051758 0.000000 0.992265 0.000000 -0.124134 0.809423 0.809423 0.809423
7207.543945 0.000000 8458.185547 0.000000 0.917706 0.000000 0.397259 0.554942 0.554942 0.554942
7200.536133 0.000000 8452.202148 0.000000 0.942132 0.000000 -0.335241 0.913227 0.913227 0.913227
7213.514648 0.000000 8465.183594 0.000000 0.490699 0.000000 -0.871329 1.255112 1.255112 1.255112
7216.757812 0.000000 8476.666992 0.000000 0.444989 0.000000 -0.895536 1.082431 1.082431 1.082431
7213.605469 0.000000 8478.299805 0.000000 0.980245 0.000000 -0.197788 0.805174 0.805174 0.805174
7204.729492 0.000000 8450.917969 0.000000 0.449806 0.000000 -0.893126 1.277240 1.277240 1.277240
7196.003418 0.000000 8463.212891 0.000000 0.210123 0.000000 0.977675 0.243588 0.243588 0.243588
7212.282227 0.000000 8441.519531 0.000000 0.601678 0.000000 -0.798739 1.134581 1.134581 1.134581
7213.410645 0.000000 8462.207031 0.000000 0.216106 0.000000 0.976370 0.104004 0.104004 0.104004
7206.657715 0.000000 8452.956055 0.000000 0.776622 0.000000 -0.629967 1.075398 1.075398 1.075398
7205.716309 0.000000 8463.967773 0.000000 0.425929 0.000000 -0.904756 1.289921 1.289921 1.289921
7213.229492 0.000000 8457.205078 0.000000 0.321579 0.000000 0.946883 0.156320 0.156320 0.156320
7202.419434 0.000000 8450.117188 0.000000 0.640698 0.000000 0.767793 0.332032 0.332032 0.332032
7217.681152 0.000000 8472.219727 0.000000 0.414629 0.000000 0.909991 0.257649 0.257649 0.257649
7204.308594 0.000000 8466.142578 0.000000 0.998417 0.000000 -0.056253 0.776873 0.776873 0.776873
7207.740234 0.000000 8443.270508 0.000000 0.058046 0.000000 0.998314 0.149525 0.149525 0.149525
7211.458008 0.000000 8465.977539 0.000000 0.928341 0.000000 -0.371729 0.931852 0.931852 0.931852
7198.850098 0.000000 8438.382812 0.000000 0.224213 0.000000 0.974540 0.407585 0.407585 0.407585
7211.351562 0.000000 8479.044922 0.000000 0.198821 0.000000 0.980036 0.357340 0.357340 0.357340
7214.514648 0.000000 8443.799805 0.000000 0.961855 0.000000 -0.273559 0.874000 0.874000 0.874000
7190.159668 0.000000 8467.048828 0.000000 0.233764 0.000000 -0.972293 1.122409 1.122409 1.122409
7208.328613 0.000000 8454.728516 0.000000 0.789781 0.000000 0.613389 0.434709 0.434709 0.434709
7194.920898 0.000000 8445.251953 0.000000 0.155760 0.000000 0.987795 0.313024 0.313024 0.313024
7210.703613 0.000000 8445.520508 0.000000 0.999992 0.000000 -0.003927 0.751875 0.751875 0.751875
7192.061523 0.000000 8463.340820 0.000000 0.944107 0.000000 0.329638 0.613511 0.613511 0.613511
7197.163574 0.000000 8470.532227 0.000000 0.151152 0.000000 -0.988511 1.323927 1.323927 1.323927
7214.619141 0.000000 8454.995117 0.000000 0.188146 0.000000 -0.982141 1.409628 1.409628 1.409628
7206.654297 0.000000 8455.303711 0.000000 0.430477 0.000000 0.902602 0.212482 0.212482 0.212482
7202.843262 0.000000 8440.218750 0.000000 0.505078 0.000000 -0.863073 1.182853 1.182853 1.182853
7207.377930 0.000000 8446.713867 0.000000 0.145856 0.000000 -0.989306 1.430110 1.430110 1.430110
7212.769043 0.000000 8463.427734 0.000000 0.890253 0.000000 0.455467 0.524208 0.524208 0.524208
7190.753418 0.000000 8452.209961 0.000000 0.991341 0.000000 -0.131316 0.788961 0.788961 0.788961
7198.340332 0.000000 8463.465820 0.000000 0.186951 0.000000 0.982369 0.126038 0.126038 0.126038
7191.132324 0.000000 8467.878906 0.000000 0.991464 0.000000 0.130382 0.713521 0.713521 0.713521
7215.434570 0.000000 8436.883789 0.000000 0.104717 0.000000 -0.994502 1.109561 1.109561 1.109561
7215.194336 0.000000 8456.493164 0.000000 0.025392 0.000000 0.999678 0.012125 0.012125 0.012125
7217.630371 0.000000 8442.801758 0.000000 0.897602 0.000000 0.440806 0.535458 0.535458 0.535458
7202.684082 0.000000 8470.381836 0.000000 0.272298 0.000000 -0.962213 1.227686 1.227686 1.227686
7199.181152 0.000000 8455.118164 0.000000 0.780823 0.000000 -0.624753 1.072200 1.072200 1.072200
7196.219238 0.000000 8469.726562 0.000000 0.805026 0.000000 0.593240 0.457475 0.457475 0.457475
7194.673828 0.000000 8470.850586 0.000000 0.987738 0.000000 -0.156118 0.804007 0.804007 0.804007
7207.775879 0.000000 8468.702148 0.000000 0.666382 0.000000 -0.745610 1.139158 1.139158 1.139158
7196.975098 0.000000 8457.774414 0.000000 0.550719 0.000000 0.834691 0.328396 0.328396 0.328396
7193.877441 0.000000 8450.715820 0.000000 0.468373 0.000000 0.883531 0.364590 0.364590 0.364590
7216.095215 0.000000 8475.214844 0.000000 0.951081 0.000000 -0.308942 0.865265 0.865265 0.865265
7212.359375 0.000000 8477.985352 0.000000 0.693137 0.000000 0.720806 0.459106 0.459106 0.459106
7205.466309 0.000000 8475.450195 0.000000 0.998387 0.000000 0.056783 0.725320 0.725320 0.725320
7211.903809 0.000000 8476.810547 0.000000 0.862137 0.000000 0.506676 0.553018 0.553018 0.553018
7195.415527 0.000000 8475.358398 0.000000 0.815315 0.000000 0.579018 0.608936 0.608936 0.608936
7209.965332 0.000000 8478.344727 0.000000 0.989428 0.000000 0.145023 0.708034 0.708034 0.708034
7203.161133 0.000000 8460.674805 0.000000 0.494822 0.000000 0.868994 0.247150 0.247150 0.247150
7201.278809 0.000000 8462.418945 0.000000 0.999799 0.000000 0.020045 0.740429 0.740429 0.740429
7202.884766 0.000000 8452.147461 0.000000 0.429526 0.000000 0.903054 0.211979 0.211979 0.211979
7207.453125 0.000000 8477.250977 0.000000 0.997927 0.000000 0.064362 0.726122 0.726122 0.726122
7203.851562 0.000000 8445.057617 0.000000 0.628122 0.000000 -0.778115 1.087250 1.087250 1.087250
7204.988770 0.000000 8439.114258 0.000000 0.958353 0.000000 -0.285586 0.855745 0.855745 0.855745
7210.957520 0.000000 8464.840820 0.000000 0.551171 0.000000 -0.834392 1.221272 1.221272 1.221272
7197.074219 0.000000 8442.489258 0.000000 0.585402 0.000000 -0.810743 1.054477 1.054477 1.054477
7193.807129 0.000000 8456.154297 0.000000 0.960842 0.000000 0.277095 0.633817 0.633817 0.633817
7188.568359 0.000000 8460.634766 0.000000 0.638419 0.000000 -0.769689 0.967092 0.967092 0.967092
7190.076172 0.000000 8456.233398 0.000000 0.950747 0.000000 -0.309967 0.853859 0.853859 0.853859
7196.964355 0.000000 8471.853516 0.000000 0.583041 0.000000 0.812443 0.366457 0.366457 0.366457
7200.305664 0.000000 8440.403320 0.000000 0.544201 0.000000 0.838955 0.382846 0.382846 0.382846
7213.980957 0.000000 8479.473633 0.000000 0.646079 0.000000 -0.763270 0.990637 0.990637 0.990637
7191.550781 0.000000 8450.375977 0.000000 0.964039 0.000000 0.265761 0.675961 0.675961 0.675961
7198.915527 0.000000 8447.077148 0.000000 0.421841 0.000000 -0.906670 1.253812 1.253812 1.253812
7202.413574 0.000000 8441.525391 0.000000 0.636454 0.000000 -0.771315 1.116170 1.116170 1.116170
7212.914551 0.000000 8451.061523 0.000000 0.661280 0.000000 0.750139 0.344980 0.344980 0.344980
7214.769043 0.000000 8449.748047 0.000000 0.991321 0.000000 0.131465 0.687048 0.687048 0.687048
7195.516113 0.000000 8443.825195 0.000000 0.472658 0.000000 -0.881246 1.024636 1.024636 1.024636
7216.064453 0.000000 8440.833984 0.000000 0.994644 0.000000 0.103360 0.708704 0.708704 0.708704
7215.761719 0.000000 8446.041992 0.000000 0.957297 0.000000 0.289107 0.609962 0.609962 0.609962
7208.964355 0.000000 8471.498047 0.000000 0.824646 0.000000 -0.565650 1.026930 1.026930 1.026930
7201.404785 0.000000 8476.215820 0.000000 0.906247 0.000000 -0.422748 0.885665 0.885665 0.885665
7204.274902 0.000000 8436.882812 0.000000 0.844422 0.000000 0.535678 0.593343 0.593343 0.593343
7212.524902 0.000000 8442.807617 0.000000 0.907509 0.000000 -0.420033 0.927753 0.927753 0.927753
7198.238281 0.000000 8473.527344 0.000000 0.895718 0.000000 0.444622 0.568829 0.568829 0.568829
7209.714844 0.000000 8440.466797 0.000000 0.550722 0.000000 0.834689 0.317303 0.317303 0.317303
7203.847656 0.000000 8478.676758 0.000000 0.518426 0.000000 0.855122 0.486865 0.486865 0.486865
7203.927734 0.000000 8449.862305 0.000000 0.380899 0.000000 -0.924617 1.313422 1.313422 1.313422
7203.185547 0.000000 8473.451172 0.000000 0.317705 0.000000 -0.948190 1.305923 1.305923 1.305923
7214.320312 0.000000 8439.088867 0.000000 0.995728 0.000000 -0.092333 0.780644 0.780644 0.780644
7205.631836 0.000000 8448.203125 0.000000 0.959188 0.000000 -0.282768 0.886879 0.886879 0.886879
7197.149414 0.000000 8450.398438 0.000000 0.093948 0.000000 -0.995577 1.383187 1.383187 1.383187
7195.742188 0.000000 8446.082031 0.000000 0.073961 0.000000 -0.997261 1.285290 1.285290 1.285290
7211.637207 0.000000 8468.231445 0.000000 0.808129 0.000000 -0.589006 1.017700 1.017700 1.017700
7212.264648 0.000000 8461.102539 0.000000 0.948665 0.000000 0.316281 0.596349 0.596349 0.596349
7204.019531 0.000000 8458.507812 0.000000 0.163226 0.000000 -0.986589 1.421715 1.421715 1.421715
7216.964844 0.000000 8450.633789 0.000000 0.577671 0.000000 0.816270 0.294057 0.294057 0.294057
7201.913086 0.000000 8448.856445 0.000000 0.879180 0.000000 -0.476490 0.987136 0.987136 0.987136
7209.132324 0.000000 8455.764648 0.000000 0.471685 0.000000 -0.881767 1.265469 1.265469 1.265469
7193.096191 0.000000 8451.619141 0.000000 0.616990 0.000000 -0.786971 1.072275 1.072275 1.072275
7198.618652 0.000000 8459.118164 0.000000 0.928312 0.000000 0.371802 0.568110 0.568110 0.568110
7201.187012 0.000000 8441.678711 0.000000 0.895603 0.000000 -0.444854 0.920051 0.920051 0.920051
7204.332520 0.000000 8462.914062 0.000000 0.228968 0.000000 -0.973434 1.389697 1.389697 1.389697
7203.149414 0.000000 8447.411133 0.000000 0.940035 0.000000 -0.341078 0.895333 0.895333 0.895333
7208.002441 0.000000 8459.817383 0.000000 0.999300 0.000000 -0.037411 0.767867 0.767867 0.767867
7213.266602 0.000000 8467.666992 0.000000 0.934089 0.000000 -0.357041 0.924322 0.924322 0.924322
7204.346191 0.000000 8459.619141 0.000000 0.716137 0.000000 0.697960 0.381137 0.381137 0.381137
7210.984863 0.000000 8457.184570 0.000000 0.945058 0.000000 -0.326902 0.909007 0.909007 0.909007
7208.747070 0.000000 8436.886719 0.000000 0.400241 0.000000 0.916410 0.428817 0.428817 0.428817
7192.049316 0.000000 8453.890625 0.000000 0.297415 0.000000 0.954748 0.274852 0.274852 0.274852
7209.531738 0.000000 8445.593750 0.000000 0.942486 0.000000 -0.334246 0.912723 0.912723 0.912723
7201.420898 0.000000 8474.922852 0.000000 0.302932 0.000000 -0.953012 1.227711 1.227711 1.227711
7216.721191 0.000000 8463.309570 0.000000 0.097916 0.000000 0.995195 0.046826 0.046826 0.046826
7195.282715 0.000000 8451.436523 0.000000 0.539686 0.000000 -0.841867 1.188465 1.188465 1.188465
7214.079590 0.000000 8466.192383 0.000000 0.537849 0.000000 -0.843041 1.215711 1.215711 1.215711
7215.193359 0.000000 8468.244141 0.000000 0.622404 0.000000 -0.782696 1.155668 1.155668 1.155668
7210.701660 0.000000 8451.029297 0.000000 0.999286 0.000000 -0.037773 0.768039 0.768039 0.768039
7202.459961 0.000000 8477.867188 0.000000 0.764136 0.000000 -0.645055 0.987606 0.987606 0.987606
7199.453613 0.000000 8469.211914 0.000000 0.798189 0.000000 0.602407 0.487313 0.487313 0.487313
7217.669434 0.000000 8465.535156 0.000000 0.251976 0.000000 -0.967733 1.378379 1.378379 1.378379
7201.098145 0.000000 8439.511719 0.000000 0.986099 0.000000 0.166157 0.699677 0.699677 0.699677
7200.365723 0.000000 8476.750000 0.000000 0.874274 0.000000 -0.485432 0.907542 0.907542 0.907542
7217.534180 0.000000 8438.772461 0.000000 0.913037 0.000000 0.407877 0.619416 0.619416 0.619416
7197.942871 0.000000 8448.909180 0.000000 0.852675 0.000000 -0.522442 1.008351 1.008351 1.008351
7215.163086 0.000000 8473.126953 0.000000 0.933384 0.000000 -0.358879 0.918388 0.918388 0.918388
7217.734863 0.000000 8441.003906 0.000000 0.342896 0.000000 0.939373 0.263117 0.263117 0.263117
7199.550293 0.000000 8445.644531 0.000000 0.503857 0.000000 0.863787 0.291178 0.291178 0.291178
7215.087402 0.000000 8462.845703 0.000000 0.717483 0.000000 -0.696576 1.117941 1.117941 1.117941
7205.855957 0.000000 8473.253906 0.000000 0.241198 0.000000 -0.970476 1.304168 1.304168 1.304168
7194.924805 0.000000 8447.426758 0.000000 0.715969 0.000000 0.698132 0.473628 0.473628 0.473628
7204.645020 0.000000 8446.101562 0.000000 0.697075 0.000000 -0.716998 1.131727 1.131727 1.131727
7209.702148 0.000000 8457.826172 0.000000 0.627795 0.000000 0.778379 0.324063 0.324063 0.324063
7204.440918 0.000000 8471.935547 0.000000 0.864507 0.000000 0.502621 0.553773 0.553773 0.553773
7204.667969 0.000000 8454.677734 0.000000 0.194542 0.000000 -0.980894 1.406517 1.406517 1.406517
7203.846680 0.000000 8464.970703 0.000000 0.276642 0.000000 0.960973 0.133832 0.133832 0.133832
7199.267090 0.000000 8471.683594 0.000000 0.184024 0.000000 -0.982922 1.364928 1.364928 1.364928
7210.749512 0.000000 8462.787109 0.000000 0.960789 0.000000 0.277281 0.615850 0.615850 0.615850
7213.423828 0.000000 8469.682617 0.000000 0.982854 0.000000 0.184384 0.671179 0.671179 0.671179
7205.840820 0.000000 8445.931641 0.000000 0.998273 0.000000 0.058744 0.730080 0.730080 0.730080
7190.401367 0.000000 8454.464844 0.000000 0.355663 0.000000 0.934614 0.372526 0.372526 0.372526
7216.398438 0.000000 8474.062500 0.000000 0.278941 0.000000 -0.960308 1.222725 1.222725 1.222725
7202.159668 0.000000 8466.374023 0.000000 0.965280 0.000000 -0.261218 0.876186 0.876186 0.876186
7194.005859 0.000000 8453.164062 0.000000 0.305895 0.000000 -0.952065 1.316180 1.316180 1.316180
7211.060547 0.000000 8443.677734 0.000000 0.364762 0.000000 -0.931101 1.236527 1.236527 1.236527
7210.129395 0.000000 8472.164062 0.000000 0.555111 0.000000 -0.831776 1.139925 1.139925 1.139925
7212.106934 0.000000 8471.015625 0.000000 0.010937 0.000000 0.999940 0.081160 0.081160 0.081160
7191.801270 0.000000 8452.769531 0.000000 0.981193 0.000000 0.193028 0.692534 0.692534 0.692534
7197.094727 0.000000 8452.383789 0.000000 0.998155 0.000000 -0.060716 0.775140 0.775140 0.775140
7212.654297 0.000000 8453.519531 0.000000 0.965294 0.000000 -0.261165 0.876160 0.876160 0.876160
7204.599609 0.000000 8464.004883 0.000000 0.992056 0.000000 -0.125799 0.810224 0.810224 0.810224
7202.082031 0.000000 8459.365234 0.000000 0.158359 0.000000 -0.987382 1.424069 1.424069 1.424069
7214.949219 0.000000 8453.418945 0.000000 0.999683 0.000000 -0.025194 0.762031 0.762031 0.762031
7209.020996 0.000000 8463.899414 0.000000 0.054010 0.000000 -0.998540 1.474200 1.474200 1.474200
7209.826172 0.000000 8459.065430 0.000000 0.977967 0.000000 -0.208762 0.850415 0.850415 0.850415
7205.037109 0.000000 8474.385742 0.000000 0.660189 0.000000 0.751100 0.380879 0.380879 0.380879
7215.628906 0.000000 8461.225586 0.000000 0.838903 0.000000 0.544281 0.475204 0.475204 0.475204
7206.659668 0.000000 8472.039062 0.000000 0.727517 0.000000 0.686090 0.439955 0.439955 0.439955
7206.865234 0.000000 8456.382812 0.000000 0.277949 0.000000 0.960596 0.134482 0.134482 0.134482
7198.117676 0.000000 8457.389648 0.000000 0.762920 0.000000 0.646493 0.414353 0.414353 0.414353
7200.776367 0.000000 8451.030273 0.000000 0.994320 0.000000 0.106435 0.699085 0.699085 0.699085
7216.835938 0.000000 8453.062500 0.000000 0.425046 0.000000 -0.905172 1.290387 1.290387 1.290387
7199.759766 0.000000 8457.134766 0.000000 0.881258 0.000000 -0.472635 0.985046 0.985046 0.985046
7209.035645 0.000000 8443.688477 0.000000 0.435996 0.000000 -0.899949 1.196543 1.196543 1.196543
7214.543945 0.000000 8460.613281 0.000000 0.061667 0.000000 0.998097 0.029463 0.029463 0.029463
7200.691895 0.000000 8447.544922 0.000000 0.683388 0.000000 0.730055 0.441990 0.441990 0.441990
7208.324707 0.000000 8476.458984 0.000000 0.884000 0.000000 -0.467488 0.933076 0.933076 0.933076
7211.925293 0.000000 8451.664062 0.000000 0.970264 0.000000 0.242050 0.633270 0.633270 0.633270
7209.743652 0.000000 8469.451172 0.000000 0.519222 0.000000 -0.854639 1.214386 1.214386 1.214386
7206.173340 0.000000 8460.315430 0.000000 0.725265 0.000000 -0.688469 1.112576 1.112576 1.112576
7205.063965 0.000000 8461.609375 0.000000 0.217795 0.000000 0.975995 0.104830 0.104830 0.104830
7200.203125 0.000000 8458.119141 0.000000 0.906199 0.000000 0.422852 0.541543 0.541543 0.541543
7209.055176 0.000000 8461.873047 0.000000 0.996107 0.000000 0.088148 0.707858 0.707858 0.707858
7190.184570 0.000000 8465.970703 0.000000 0.546379 0.000000 0.837538 0.448865 0.448865 0.448865
7210.860352 0.000000 8474.729492 0.000000 0.920747 0.000000 0.390161 0.570637 0.570637 0.570637
7204.458496 0.000000 8442.093750 0.000000 0.125400 0.000000 0.992106 0.152028 0.152028 0.152028
7200.148926 0.000000 8460.408203 0.000000 0.418252 0.000000 -0.908331 1.293964 1.293964 1.293964
7204.488281 0.000000 8467.229492 0.000000 0.979669 0.000000 0.200619 0.653557 0.653557 0.653557
7206.734375 0.000000 8451.172852 0.000000 0.256550 0.000000 -0.966531 1.376121 1.376121 1.376121
7211.190430 0.000000 8461.238281 0.000000 0.315531 0.000000 -0.948915 1.346726 1.346726 1.346726
7197.087891 0.000000 8461.652344 0.000000 0.451592 0.000000 -0.892225 1.158644 1.158644 1.158644
7199.585449 0.000000 8452.768555 0.000000 0.999893 0.000000 -0.014596 0.756969 0.756969 0.756969
7191.977539 0.000000 8465.017578 0.000000 0.962992 0.000000 0.269531 0.667219 0.667219 0.667219
7201.788086 0.000000 8464.753906 0.000000 0.970898 0.000000 -0.239493 0.865472 0.865472 0.865472
7205.268066 0.000000 8443.991211 0.000000 0.834011 0.000000 0.551748 0.508149 0.508149 0.508149
7211.567383 0.000000 8459.084961 0.000000 0.841251 0.000000 -0.540645 1.022730 1.022730 1.022730
7216.611328 0.000000 8447.892578 0.000000 0.930547 0.000000 -0.366172 0.928998 0.928998 0.928998
7206.281738 0.000000 8468.479492 0.000000 0.189907 0.000000 0.981802 0.111895 0.111895 0.111895
7216.061523 0.000000 8439.689453 0.000000 0.947635 0.000000 0.319354 0.648969 0.648969 0.648969
7197.750000 0.000000 8465.753906 0.000000 0.803092 0.000000 0.595855 0.497810 0.497810 0.497810
7213.913574 0.000000 8444.710938 0.000000 0.867049 0.000000 -0.498224 0.999021 0.999021 0.999021
7214.708008 0.000000 8446.663086 0.000000 0.966819 0.000000 -0.255464 0.873342 0.873342 0.873342
7198.951660 0.000000 8441.332031 0.000000 0.746720 0.000000 -0.665139 0.982990 0.982990 0.982990
7192.171387 0.000000 8469.750000 0.000000 0.430409 0.000000 -0.902634 1.104153 1.104153 1.104153
7208.107422 0.000000 8472.683594 0.000000 0.943928 0.000000 0.330152 0.614550 0.614550 0.614550
7200.686035 0.000000 8445.720703 0.000000 0.999785 0.000000 0.020746 0.740909 0.740909 0.740909
7196.378906 0.000000 8459.030273 0.000000 0.994542 0.000000 -0.104336 0.793644 0.793644 0.793644
7215.046387 0.000000 8475.399414 0.000000 0.979408 0.000000 -0.201892 0.834122 0.834122 0.834122
7196.824219 0.000000 8448.202148 0.000000 0.962339 0.000000 -0.271852 0.879392 0.879392 0.879392
7205.990234 0.000000 8439.730469 0.000000 0.773558 0.000000 -0.633725 1.000604 1.000604 1.000604
7217.082031 0.000000 8461.914062 0.000000 0.070039 0.000000 0.997544 0.033469 0.033469 0.033469
7213.477051 0.000000 8471.844727 0.000000 0.949887 0.000000 0.312594 0.613680 0.613680 0.613680
7190.897461 0.000000 8457.912109 0.000000 0.707129 0.000000 0.707084 0.491187 0.491187 0.491187
7207.348145 0.000000 8474.758789 0.000000 0.551327 0.000000 -0.834289 1.200857 1.200857 1.200857
7198.192871 0.000000 8453.890625 0.000000 0.974935 0.000000 -0.222489 0.857127 0.857127 0.857127
7196.036133 0.000000 8473.284180 0.000000 0.986045 0.000000 0.166481 0.692375 0.692375 0.692375
7195.055664 0.000000 8467.845703 0.000000 0.412986 0.000000 -0.910737 1.240984 1.240984 1.240984
7205.761230 0.000000 8465.860352 0.000000 0.985035 0.000000 -0.172355 0.832706 0.832706 0.832706
7201.235352 0.000000 8446.616211 0.000000 0.782571 0.000000 -0.622561 1.002914 1.002914 1.002914
7208.337891 0.000000 8475.313477 0.000000 0.082320 0.000000 -0.996606 1.435569 1.435569 1.435569
7200.139648 0.000000 8465.903320 0.000000 0.709769 0.000000 0.704435 0.376801 0.376801 0.376801
7195.744629 0.000000 8449.490234 0.000000 0.854246 0.000000 -0.519868 0.963941 0.963941 0.963941
7210.828125 0.000000 8439.754883 0.000000 0.999942 0.000000 -0.010799 0.753842 0.753842 0.753842
7206.122559 0.000000 8444.682617 0.000000 0.427286 0.000000 0.904117 0.303834 0.303834 0.303834
7206.156250 0.000000 8464.904297 0.000000 0.961044 0.000000 0.276395 0.616290 0.616290 0.616290
7198.406738 0.000000 8472.443359 0.000000 0.764381 0.000000 -0.644765 1.025526 1.025526 1.025526
7212.428223 0.000000 8473.377930 0.000000 0.075032 0.000000 0.997181 0.119876 0.119876 0.119876
7207.918457 0.000000 8462.045898 0.000000 0.515326 0.000000 0.856994 0.258494 0.258494 0.258494
7202.473145 0.000000 8446.574219 0.000000 0.061650 0.000000 0.998098 0.119876 0.119876 0.119876
7210.866211 0.000000 8450.000977 0.000000 0.280150 0.000000 0.959956 0.135576 0.135576 0.135576
7207.981445 0.000000 8463.762695 0.000000 0.637949 0.000000 -0.770078 1.169674 1.169674 1.169674
7210.689941 0.000000 8454.356445 0.000000 0.465904 0.000000 0.884835 0.231406 0.231406 0.231406
7212.497070 0.000000 8446.969727 0.000000 0.529817 0.000000 0.848112 0.266609 0.266609 0.266609
7208.381836 0.000000 8467.744141 0.000000 0.975475 0.000000 -0.220110 0.855962 0.855962 0.855962
7207.149414 0.000000 8444.469727 0.000000 0.404237 0.000000 -0.914654 1.206178 1.206178 1.206178
7205.605469 0.000000 8442.991211 0.000000 0.251590 0.000000 0.967834 0.205239 0.205239 0.205239
7199.330566 0.000000 8443.644531 0.000000 0.695797 0.000000 -0.718239 1.050061 1.050061 1.050061
7202.946289 0.000000 8458.395508 0.000000 0.474398 0.000000 -0.880310 1.263999 1.263999 1.263999
7202.483887 0.000000 8463.976562 0.000000 0.716115 0.000000 0.697982 0.381122 0.381122 0.381122
7209.669434 0.000000 8462.790039 0.000000 0.384690 0.000000 -0.923046 1.311462 1.311462 1.311462
7207.529785 0.000000 8457.155273 0.000000 0.014799 0.000000 0.999891 0.007066 0.007066 0.007066
7199.971680 0.000000 8449.303711 0.000000 0.219596 0.000000 0.975591 0.216882 0.216882 0.216882
7206.417969 0.000000 8447.392578 0.000000 0.559449 0.000000 0.828865 0.283481 0.283481 0.283481
7198.697266 0.000000 8467.135742 0.000000 0.098742 0.000000 0.995113 0.220850 0.220850 0.220850
7204.202148 0.000000 8451.819336 0.000000 0.996376 0.000000 -0.085063 0.790664 0.790664 0.790664
7208.935059 0.000000 8439.679688 0.000000 0.329977 0.000000 -0.943989 1.196124 1.196124 1.196124
7206.481934 0.000000 8458.454102 0.000000 0.431140 0.000000 0.902285 0.212833 0.212833 0.212833
7207.557617 0.000000 8448.995117 0.000000 0.294893 0.000000 0.955530 0.142926 0.142926 0.142926
7200.373535 0.000000 8472.969727 0.000000 0.965953 0.000000 -0.258718 0.869070 0.869070 0.869070
7202.816895 0.000000 8445.509766 0.000000 0.202081 0.000000 -0.979369 1.267155 1.267155 1.267155
7217.460449 0.000000 8458.050781 0.000000 0.814288 0.000000 0.580461 0.454309 0.454309 0.454309
7214.119141 0.000000 8440.583008 0.000000 0.994376 0.000000 -0.105908 0.794503 0.794503 0.794503
7207.970215 0.000000 8445.444336 0.000000 0.592521 0.000000 -0.805555 1.120035 1.120035 1.120035
7212.957520 0.000000 8456.192383 0.000000 0.929446 0.000000 -0.368957 0.930428 0.930428 0.930428
7200.460938 0.000000 8463.758789 0.000000 0.647861 0.000000 -0.761759 1.163496 1.163496 1.163496
7216.613281 0.000000 8456.181641 0.000000 0.989700 0.000000 -0.143160 0.818589 0.818589 0.818589
7213.355957 0.000000 8448.478516 0.000000 0.242226 0.000000 -0.970220 1.383184 1.383184 1.383184
7196.132324 0.000000 8450.436523 0.000000 0.978677 0.000000 0.205405 0.661294 0.661294 0.661294
7211.839355 0.000000 8452.792969 0.000000 0.284235 0.000000 -0.958755 1.362391 1.362391 1.362391
7195.211426 0.000000 8469.968750 0.000000 0.870648 0.000000 0.491906 0.548746 0.548746 0.548746
7203.420410 0.000000 8476.505859 0.000000 0.105790 0.000000 -0.994389 1.246433 1.246433 1.246433
7215.395020 0.000000 8438.846680 0.000000 0.977653 0.000000 0.210226 0.679804 0.679804 0.679804
7203.764648 0.000000 8444.038086 0.000000 0.032267 0.000000 -0.999479 1.331911 1.331911 1.331911
7205.076172 0.000000 8452.808594 0.000000 0.180547 0.000000 -0.983566 1.413320 1.413320 1.413320
7202.657715 0.000000 8471.506836 0.000000 0.667514 0.000000 -0.744597 1.059821 1.059821 1.059821
7216.750977 0.000000 8454.932617 0.000000 0.962073 0.000000 0.272791 0.618080 0.618080 0.618080
7204.055176 0.000000 8453.849609 0.000000 0.396080 0.000000 -0.918216 1.305555 1.305555 1.305555
7212.463867 0.000000 8469.943359 0.000000 0.504330 0.000000 0.863511 0.307030 0.307030 0.307030
7199.208008 0.000000 8464.026367 0.000000 0.330895 0.000000 -0.943667 1.205011 1.205011 1.205011
7202.480469 0.000000 8443.486328 0.000000 0.751403 0.000000 0.659844 0.428871 0.428871 0.428871
7215.687988 0.000000 8441.810547 0.000000 0.825454 0.000000 -0.564469 1.001564 1.001564 1.001564
7213.434570 0.000000 8464.172852 0.000000 0.962506 0.000000 -0.271260 0.881161 0.881161 0.881161
7204.201172 0.000000 8438.434570 0.000000 0.197930 0.000000 -0.980216 1.250781 1.250781 1.250781
7215.867188 0.000000 8465.537109 0.000000 0.951673 0.000000 0.307113 0.600955 0.600955 0.600955
7204.554688 0.000000 8476.997070 0.000000 0.942723 0.000000 0.333576 0.629646 0.629646 0.629646
7199.756348 0.000000 8467.895508 0.000000 0.304070 0.000000 0.952650 0.296367 0.296367 0.296367
7209.004883 0.000000 8465.865234 0.000000 0.957964 0.000000 -0.286890 0.888932 0.888932 0.888932
7209.731445 0.000000 8451.250977 0.000000 0.152371 0.000000 0.988323 0.073036 0.073036 0.073036
7203.487793 0.000000 8475.452148 0.000000 0.234467 0.000000 0.972124 0.185445 0.185445 0.185445
7206.684570 0.000000 8466.738281 0.000000 0.539412 0.000000 -0.842042 1.227969 1.227969 1.227969
7216.072266 0.000000 8457.794922 0.000000 0.443702 0.000000 0.896174 0.219503 0.219503 0.219503
7207.763672 0.000000 8452.888672 0.000000 0.861815 0.000000 0.507223 0.496008 0.496008 0.496008
7204.615234 0.000000 8469.552734 0.000000 0.839605 0.000000 -0.543198 1.011277 1.011277 1.011277
7208.460449 0.000000 8449.909180 0.000000 0.672696 0.000000 0.739919 0.352296 0.352296 0.352296
7214.027832 0.000000 8442.894531 0.000000 0.505456 0.000000 -0.862852 1.215803 1.215803 1.215803
7205.825195 0.000000 8469.451172 0.000000 0.660003 0.000000 -0.751263 1.136735 1.136735 1.136735
7202.188965 0.000000 8460.365234 0.000000 0.787118 0.000000 -0.616803 1.067359 1.067359 1.067359
7210.287598 0.000000 8476.089844 0.000000 0.905110 0.000000 0.425178 0.587187 0.587187 0.587187
7208.099121 0.000000 8441.666992 0.000000 0.953287 0.000000 -0.302065 0.884448 0.884448 0.884448
7209.667969 0.000000 8449.179688 0.000000 0.300794 0.000000 0.953689 0.145877 0.145877 0.145877
7203.041992 0.000000 8455.612305 0.000000 0.995074 0.000000 -0.099138 0.797413 0.797413 0.797413
7206.201660 0.000000 8477.672852 0.000000 0.074926 0.000000 -0.997189 1.304549 1.304549 1.304549
7200.776855 0.000000 8470.567383 0.000000 0.022853 0.000000 -0.999739 1.390543 1.390543 1.390543
7206.411621 0.000000 8475.886719 0.000000 0.262628 0.000000 -0.964897 1.346236 1.346236 1.346236
7207.186523 0.000000 8460.502930 0.000000 0.666270 0.000000 0.745711 0.348165 0.348165 0.348165
7214.979004 0.000000 8458.757812 0.000000 0.661544 0.000000 0.749906 0.345148 0.345148 0.345148
7217.177246 0.000000 8449.641602 0.000000 0.050780 0.000000 0.998710 0.024256 0.024256 0.024256
7193.371582 0.000000 8453.916016 0.000000 0.882016 0.000000 0.471219 0.566252 0.566252 0.566252
7195.382324 0.000000 8454.686523 0.000000 0.007159 0.000000 -0.999974 1.473160 1.473160 1.473160
7204.019531 0.000000 8440.415039 0.000000 0.537500 0.000000 -0.843264 1.200874 1.200874 1.200874
7202.650391 0.000000 8469.290039 0.000000 0.588332 0.000000 0.808620 0.392022 0.392022 0.392022
7214.524902 0.000000 8447.624023 0.000000 0.969282 0.000000 -0.245951 0.868650 0.868650 0.868650
7213.734375 0.000000 8451.710938 0.000000 0.499513 0.000000 0.866306 0.249732 0.249732 0.249732
7212.123535 0.000000 8440.183594 0.000000 0.279222 0.000000 -0.960227 1.285312 1.285312 1.285312
7216.799805 0.000000 8471.754883 0.000000 0.238788 0.000000 0.971072 0.167409 0.167409 0.167409
7214.055664 0.000000 8457.793945 0.000000 0.350790 0.000000 -0.936454 1.328870 1.328870 1.328870
7214.387207 0.000000 8464.402344 0.000000 0.702389 0.000000 0.711793 0.371825 0.371825 0.371825
7209.109375 0.000000 8441.473633 0.000000 0.892063 0.000000 -0.451910 0.955448 0.955448 0.955448
7204.166504 0.000000 8460.863281 0.000000 0.424863 0.000000 0.905258 0.209516 0.209516 0.209516
7207.829102 0.000000 8465.772461 0.000000 0.833922 0.000000 -0.551882 1.029135 1.029135 1.029135
7213.216797 0.000000 8474.766602 0.000000 0.999803 0.000000 -0.019837 0.758878 0.758878 0.758878
7197.752441 0.000000 8446.728516 0.000000 0.486672 0.000000 -0.873585 1.199621 1.199621 1.199621
7201.377441 0.000000 8455.598633 0.000000 0.997458 0.000000 -0.071260 0.784053 0.784053 0.784053
7213.625488 0.000000 8455.184570 0.000000 0.987150 0.000000 -0.159797 0.826626 0.826626 0.826626
7214.844238 0.000000 8471.318359 0.000000 0.527543 0.000000 -0.849529 1.141538 1.141538 1.141538
7196.108887 0.000000 8468.634766 0.000000 0.848932 0.000000 0.528503 0.493514 0.493514 0.493514
7198.041504 0.000000 8455.907227 0.000000 0.044229 0.000000 0.999021 0.021125 0.021125 0.021125
7197.882324 0.000000 8467.842773 0.000000 0.990489 0.000000 -0.137591 0.809184 0.809184 0.809184
7202.350586 0.000000 8467.333984 0.000000 0.546493 0.000000 -0.837464 1.223944 1.223944 1.223944
7213.341309 0.000000 8472.825195 0.000000 0.985562 0.000000 0.169315 0.678324 0.678324 0.678324
7216.178223 0.000000 8451.637695 0.000000 0.995386 0.000000 -0.095947 0.795882 0.795882 0.795882
7216.516113 0.000000 8459.611328 0.000000 0.830032 0.000000 -0.557716 1.032483 1.032483 1.032483
7214.266113 0.000000 8474.436523 0.000000 0.976006 0.000000 0.217743 0.659170 0.659170 0.659170
7211.814941 0.000000 8469.229492 0.000000 0.834354 0.000000 -0.551229 0.998152 0.998152 0.998152
7210.681152 0.000000 8459.522461 0.000000 0.540998 0.000000 -0.841024 1.227070 1.227070 1.227070
7204.712402 0.000000 8457.820312 0.000000 0.645348 0.000000 -0.763888 1.165068 1.165068 1.165068
7199.326660 0.000000 8461.189453 0.000000 0.629180 0.000000 -0.777260 1.175086 1.175086 1.175086
7202.168457 0.000000 8473.340820 0.000000 0.913245 0.000000 0.407410 0.563005 0.563005 0.563005
7196.519531 0.000000 8455.937500 0.000000 0.823519 0.000000 -0.567289 1.014293 1.014293 1.014293
7198.397949 0.000000 8469.166016 0.000000 0.417099 0.000000 -0.908861 1.213419 1.213419 1.213419
7214.740723 0.000000 8451.792969 0.000000 0.969652 0.000000 -0.244491 0.867931 0.867931 0.867931
7203.083008 0.000000 8456.599609 0.000000 0.697423 0.000000 -0.716659 1.131495 1.131495 1.131495
7206.246094 0.000000 8454.431641 0.000000 0.191830 0.000000 0.981428 0.092163 0.092163 0.092163
7208.177734 0.000000 8448.045898 0.000000 0.769448 0.000000 0.638710 0.419203 0.419203 0.419203
7194.871582 0.000000 8466.894531 0.000000 0.550450 0.000000 0.834868 0.326409 0.326409 0.326409
7212.059570 0.000000 8467.356445 0.000000 0.947884 0.000000 -0.318616 0.904827 0.904827 0.904827
7205.854004 0.000000 8440.961914 0.000000 0.923137 0.000000 0.384470 0.572660 0.572660 0.572660
7212.187500 0.000000 8443.699219 0.000000 0.870229 0.000000 0.492647 0.538767 0.538767 0.538767
7216.877930 0.000000 8467.247070 0.000000 0.733485 0.000000 0.679706 0.429545 0.429545 0.429545
7198.938477 0.000000 8450.789062 0.000000 0.357677 0.000000 -0.933845 1.325353 1.325353 1.325353
7195.991699 0.000000 8453.913086 0.000000 0.776265 0.000000 0.630407 0.443489 0.443489 0.443489
7217.729980 0.000000 8445.978516 0.000000 0.901565 0.000000 -0.432643 0.921741 0.921741 0.921741
7205.931152 0.000000 8459.338867 0.000000 0.408273 0.000000 0.912860 0.200803 0.200803 0.200803
7215.411621 0.000000 8472.163086 0.000000 0.738781 0.000000 -0.673946 1.089256 1.089256 1.089256
7194.793945 0.000000 8449.405273 0.000000 0.581749 0.000000 0.813368 0.378264 0.378264 0.378264
7197.164062 0.000000 8459.916992 0.000000 0.982771 0.000000 -0.184830 0.827622 0.827622 0.827622
7208.952148 0.000000 8459.658203 0.000000 0.999690 0.000000 -0.024901 0.761890 0.761890 0.761890
7217.718750 0.000000 8459.950195 0.000000 0.126570 0.000000 0.991958 0.060595 0.060595 0.060595
7205.911133 0.000000 8456.423828 0.000000 0.020262 0.000000 -0.999795 1.490325 1.490325 1.490325
7210.025391 0.000000 8455.465820 0.000000 0.998718 0.000000 -0.050618 0.774179 0.774179 0.774179
7206.434570 0.000000 8463.364258 0.000000 0.041823 0.000000 0.999125 0.019975 0.019975 0.019975
7210.251465 0.000000 8466.552734 0.000000 0.702793 0.000000 -0.711394 1.127904 1.127904 1.127904
7202.555176 0.000000 8448.149414 0.000000 0.461825 0.000000 0.886971 0.229208 0.229208 0.229208
7204.139648 0.000000 8448.894531 0.000000 0.113884 0.000000 0.993494 0.054494 0.054494 0.054494
7199.741699 0.000000 8447.527344 0.000000 0.994959 0.000000 0.100286 0.705422 0.705422 0.705422
7211.730469 0.000000 8454.745117 0.000000 0.616943 0.000000 0.787008 0.317444 0.317444 0.317444
7201.389160 0.000000 8444.855469 0.000000 0.006718 0.000000 -0.999977 1.435292 1.435292 1.435292
7211.001465 0.000000 8441.602539 0.000000 0.928055 0.000000 0.372442 0.584216 0.584216 0.584216
7204.241211 0.000000 8446.972656 0.000000 0.131490 0.000000 -0.991318 1.437036 1.437036 1.437036
7196.681641 0.000000 8466.676758 0.000000 0.706529 0.000000 0.707685 0.412885 0.412885 0.412885
7217.741211 0.000000 8447.759766 0.000000 0.133697 0.000000 0.991022 0.064027 0.064027 0.064027
7217.692871 0.000000 8456.649414 0.000000 0.617331 0.000000 -0.786704 1.182321 1.182321 1.182321
7209.525879 0.000000 8464.696289 0.000000 0.643942 0.000000 0.765075 0.334053 0.334053 0.334053
7204.942383 0.000000 8441.280273 0.000000 0.779342 0.000000 0.626599 0.445689 0.445689 0.445689
7216.470215 0.000000 8470.460938 0.000000 0.352055 0.000000 0.935979 0.219394 0.219394 0.219394
7201.997070 0.000000 8452.457031 0.000000 0.981137 0.000000 -0.193311 0.842884 0.842884 0.842884
7218.089355 0.000000 8451.728516 0.000000 0.928590 0.000000 -0.371107 0.931533 0.931533 0.931533
7200.431152 0.000000 8453.233398 0.000000 0.562602 0.000000 0.826728 0.285300 0.285300 0.285300
7210.498047 0.000000 8470.000977 0.000000 0.868264 0.000000 -0.496103 0.994938 0.994938 0.994938
7199.590820 0.000000 8462.102539 0.000000 0.948643 0.000000 -0.316347 0.895247 0.895247 0.895247
7202.839355 0.000000 8461.736328 0.000000 0.674723 0.000000 0.738071 0.353606 0.353606 0.353606
7214.234863 0.000000 8473.268555 0.000000 0.759037 0.000000 -0.651047 1.075230 1.075230 1.075230
7211.866699 0.000000 8455.666016 0.000000 0.083159 0.000000 0.996536 0.039751 0.039751 0.039751
7210.239746 0.000000 8467.941406 0.000000 0.855428 0.000000 -0.517922 1.009941 1.009941 1.009941
7192.060547 0.000000 8457.053711 0.000000 0.638086 0.000000 -0.769965 1.113644 1.113644 1.113644
7206.342773 0.000000 8462.214844 0.000000 0.229152 0.000000 -0.973391 1.389607 1.389607 1.389607
7209.192383 0.000000 8460.944336 0.000000 0.069547 0.000000 0.997579 0.033233 0.033233 0.033233
7218.041504 0.000000 8449.289062 0.000000 0.834790 0.000000 0.550568 0.471617 0.471617 0.471617
7198.095215 0.000000 8459.887695 0.000000 0.288814 0.000000 0.957385 0.139891 0.139891 0.139891
7208.672852 0.000000 8469.368164 0.000000 0.268589 0.000000 -0.963255 1.338548 1.338548 1.338548
7209.110352 0.000000 8474.766602 0.000000 0.360255 0.000000 -0.932854 1.303775 1.303775 1.303775
7205.660645 0.000000 8457.921875 0.000000 0.974614 0.000000 -0.223892 0.857814 0.857814 0.857814
7212.793945 0.000000 8465.742188 0.000000 0.785555 0.000000 -0.618792 1.068567 1.068567 1.068567
7195.108398 0.000000 8463.010742 0.000000 0.358315 0.000000 -0.933601 1.297967 1.297967 1.297967
7216.322754 0.000000 8446.789062 0.000000 0.718104 0.000000 -0.695936 1.117515 1.117515 1.117515
7203.394531 0.000000 8465.965820 0.000000 0.568466 0.000000 0.822707 0.288694 0.288694 0.288694
7207.360840 0.000000 8464.962891 0.000000 0.697486 0.000000 -0.716598 1.131453 1.131453 1.131453
7207.705078 0.000000 8440.260742 0.000000 0.176910 0.000000 0.984227 0.144903 0.144903 0.144903
7208.195312 0.000000 8447.114258 0.000000 0.592548 0.000000 0.805535 0.302817 0.302817 0.302817
7217.872559 0.000000 8470.114258 0.000000 0.486459 0.000000 0.873704 0.284356 0.284356 0.284356
7212.206543 0.000000 8445.322266 0.000000 0.496444 0.000000 0.868069 0.248042 0.248042 0.248042
7211.212402 0.000000 8456.315430 0.000000 0.779381 0.000000 0.626551 0.426699 0.426699 0.426699
7206.104004 0.000000 8467.565430 0.000000 0.972678 0.000000 -0.232159 0.861869 0.861869 0.861869
7207.313477 0.000000 8470.277344 0.000000 0.814520 0.000000 0.580136 0.482311 0.482311 0.482311
7210.024414 0.000000 8475.117188 0.000000 0.787393 0.000000 -0.616451 1.047246 1.047246 1.047246
7213.060059 0.000000 8454.335938 0.000000 0.020501 0.000000 0.999790 0.009789 0.009789 0.009789
7213.821289 0.000000 8446.002930 0.000000 0.101446 0.000000 0.994841 0.048520 0.048520 0.048520
7210.549316 0.000000 8460.603516 0.000000 0.094906 0.000000 0.995486 0.045383 0.045383 0.045383
7197.086426 0.000000 8454.496094 0.000000 0.752818 0.000000 -0.658229 1.064790 1.064790 1.064790
7215.635254 0.000000 8467.463867 0.000000 0.937774 0.000000 0.347247 0.585323 0.585323 0.585323
7198.120117 0.000000 8458.368164 0.000000 0.743272 0.000000 0.668990 0.400090 0.400090 0.400090
7209.099121 0.000000 8444.761719 0.000000 0.101051 0.000000 0.994881 0.048331 0.048331 0.048331
7215.982910 0.000000 8456.918945 0.000000 0.293904 0.000000 0.955835 0.142432 0.142432 0.142432
7200.828125 0.000000 8464.569336 0.000000 0.717776 0.000000 -0.696274 1.117740 1.117740 1.117740
7210.080078 0.000000 8452.459961 0.000000 0.583636 0.000000 -0.812015 1.202444 1.202444 1.202444
7215.560547 0.000000 8443.479492 0.000000 0.393645 0.000000 0.919262 0.228117 0.228117 0.228117
7213.920898 0.000000 8449.427734 0.000000 0.119011 0.000000 0.992893 0.056959 0.056959 0.056959
7198.115234 0.000000 8462.572266 0.000000 0.974604 0.000000 -0.223933 0.851914 0.851914 0.851914
7207.708984 0.000000 8451.027344 0.000000 0.981678 0.000000 -0.190549 0.841540 0.841540 0.841540
7205.233398 0.000000 8467.742188 0.000000 0.456332 0.000000 -0.889809 1.273744 1.273744 1.273744
7201.145508 0.000000 8461.083984 0.000000 0.468388 0.000000 -0.883523 1.267252 1.267252 1.267252
7209.331543 0.000000 8453.007812 0.000000 0.565221 0.000000 -0.824939 1.213186 1.213186 1.213186
7200.398926 0.000000 8462.548828 0.000000 0.227510 0.000000 0.973776 0.109588 0.109588 0.109588
7214.450195 0.000000 8456.925781 0.000000 0.754302 0.000000 0.656528 0.408037 0.408037 0.408037
7212.584473 0.000000 8444.525391 0.000000 0.834147 0.000000 0.551542 0.471060 0.471060 0.471060
7210.541992 0.000000 8449.166016 0.000000 0.044676 0.000000 0.999002 0.021338 0.021338 0.021338
7213.379883 0.000000 8452.992188 0.000000 0.998074 0.000000 -0.062040 0.779641 0.779641 0.779641
7207.515625 0.000000 8455.255859 0.000000 0.992584 0.000000 -0.121558 0.808183 0.808183 0.808183
7202.648926 0.000000 8454.436523 0.000000 0.458953 0.000000 -0.888460 1.272337 1.272337 1.272337
7201.939453 0.000000 8453.836914 0.000000 0.709403 0.000000 0.704803 0.376553 0.376553 0.376553
7203.494141 0.000000 8462.648438 0.000000 0.052015 0.000000 0.998646 0.024847 0.024847 0.024847
7216.465332 0.000000 8449.083984 0.000000 0.388907 0.000000 0.921277 0.190721 0.190721 0.190721
7211.010742 0.000000 8446.470703 0.000000 0.770117 0.000000 -0.637902 1.080296 1.080296 1.080296
7208.393555 0.000000 8452.160156 0.000000 0.440731 0.000000 -0.897639 1.282079 1.282079 1.282079
7214.210938 0.000000 8462.550781 0.000000 0.910004 0.000000 -0.414599 0.954117 0.954117 0.954117
7215.118652 0.000000 8454.272461 0.000000 0.855266 0.000000 0.518190 0.489909 0.489909 0.489909
7216.535645 0.000000 8461.252930 0.000000 0.773101 0.000000 0.634283 0.421943 0.421943 0.421943
7201.686035 0.000000 8456.926758 0.000000 0.243351 0.000000 0.969938 0.117370 0.117370 0.117370
7201.696289 0.000000 8450.666992 0.000000 0.657183 0.000000 -0.753731 1.157622 1.157622 1.157622
7206.607422 0.000000 8446.311523 0.000000 0.383377 0.000000 0.923592 0.187859 0.187859 0.187859
7212.142578 0.000000 8449.760742 0.000000 0.998515 0.000000 -0.054473 0.776022 0.776022 0.776022
7211.590332 0.000000 8448.179688 0.000000 0.772199 0.000000 0.635380 0.421265 0.421265 0.421265
7209.394043 0.000000 8448.368164 0.000000 0.909892 0.000000 -0.414846 0.954247 0.954247 0.954247
7207.929688 0.000000 8458.968750 0.000000 0.517976 0.000000 -0.855395 1.240029 1.240029 1.240029
7200.736328 0.000000 8459.315430 0.000000 0.390709 0.000000 -0.920514 1.308345 1.308345 1.308345
7205.764160 0.000000 8461.093750 0.000000 0.996743 0.000000 0.080646 0.711452 0.711452 0.711452
7212.245117 0.000000 8464.116211 0.000000 0.494969 0.000000 0.868911 0.247231 0.247231 0.247231
7220.347168 0.000000 8460.031250 0.000000 0.168398 0.000000 0.985719 0.156895 0.156895 0.156895
7218.686523 0.000000 8441.626953 0.000000 0.980179 0.000000 -0.198113 0.821696 0.821696 0.821696
7232.314941 0.000000 8451.811523 0.000000 0.739232 0.000000 0.673451 0.736165 0.736165 0.736165
7218.484375 0.000000 8473.249023 0.000000 0.989555 0.000000 -0.144158 0.804173 0.804173 0.804173
7231.034668 0.000000 8466.583008 0.000000 0.653510 0.000000 -0.756918 0.782152 0.782152 0.782152
7221.535645 0.000000 8450.664062 0.000000 0.529248 0.000000 -0.848467 1.233711 1.233711 1.233711
7228.085449 0.000000 8443.668945 0.000000 0.549954 0.000000 0.835195 0.659308 0.659308 0.659308
7226.000488 0.000000 8472.440430 0.000000 0.496475 0.000000 -0.868051 0.875977 0.875977 0.875977
7222.580566 0.000000 8479.987305 0.000000 0.306278 0.000000 0.951942 0.658025 0.658025 0.658025
7227.795898 0.000000 8459.878906 0.000000 0.898288 0.000000 -0.439407 0.840294 0.840294 0.840294
7220.957031 0.000000 8466.895508 0.000000 0.290505 0.000000 0.956873 0.167017 0.167017 0.167017
7224.184570 0.000000 8438.634766 0.000000 0.782898 0.000000 -0.622150 0.846812 0.846812 0.846812
7226.739258 0.000000 8453.379883 0.000000 0.984542 0.000000 0.175151 0.705826 0.705826 0.705826
7222.859375 0.000000 8445.248047 0.000000 0.623620 0.000000 -0.781728 1.070949 1.070949 1.070949
7226.094238 0.000000 8465.234375 0.000000 0.437188 0.000000 0.899370 0.511288 0.511288 0.511288
7218.168457 0.000000 8455.331055 0.000000 0.031441 0.000000 -0.999506 1.484985 1.484985 1.484985
7227.730469 0.000000 8448.570312 0.000000 0.691669 0.000000 -0.722215 0.947945 0.947945 0.947945
7231.398926 0.000000 8456.598633 0.000000 0.899136 0.000000 0.437669 0.722857 0.722857 0.722857
7218.183105 0.000000 8478.295898 0.000000 0.162422 0.000000 -0.986721 1.005663 1.005663 1.005663
7218.172852 0.000000 8446.854492 0.000000 0.425289 0.000000 -0.905058 1.190682 1.190682 1.190682
7222.749512 0.000000 8455.964844 0.000000 0.960294 0.000000 0.278991 0.634059 0.634059 0.634059
7219.275879 0.000000 8436.885742 0.000000 0.184202 0.000000 0.982888 0.459439 0.459439 0.459439
7231.776855 0.000000 8462.094727 0.000000 0.398731 0.000000 0.917068 0.713055 0.713055 0.713055
7222.322266 0.000000 8475.467773 0.000000 0.705886 0.000000 -0.708325 0.909172 0.909172 0.909172
7226.569824 0.000000 8477.105469 0.000000 0.233706 0.000000 0.972307 0.715007 0.715007 0.715007
7231.742188 0.000000 8446.584961 0.000000 0.416799 0.000000 0.908999 0.679506 0.679506 0.679506
7221.998047 0.000000 8470.962891 0.000000 0.967182 0.000000 -0.254084 0.845724 0.845724 0.845724
7218.756348 0.000000 8482.866211 0.000000 0.977692 0.000000 -0.210044 0.757132 0.757132 0.757132
7229.629395 0.000000 8470.348633 0.000000 0.854395 0.000000 0.519624 0.707030 0.707030 0.707030
7224.147461 0.000000 8461.607422 0.000000 0.691183 0.000000 -0.722680 0.955672 0.955672 0.955672
7227.667969 0.000000 8440.128906 0.000000 0.507720 0.000000 -0.861522 0.884139 0.884139 0.884139
7219.302734 0.000000 8463.655273 0.000000 0.765911 0.000000 0.642947 0.416568 0.416568 0.416568
7225.475586 0.000000 8468.857422 0.000000 0.981606 0.000000 -0.190918 0.801795 0.801795 0.801795
7222.438477 0.000000 8441.769531 0.000000 0.298998 0.000000 -0.954254 1.086914 1.086914 1.086914
7218.301758 0.000000 8469.420898 0.000000 0.832207 0.000000 -0.554465 1.010807 1.010807 1.010807
7226.248047 0.000000 8456.760742 0.000000 0.975485 0.000000 -0.220068 0.799024 0.799024 0.799024
7224.180176 0.000000 8448.467773 0.000000 0.631768 0.000000 -0.775158 1.043955 1.043955 1.043955
7228.957031 0.000000 8463.666016 0.000000 0.825957 0.000000 0.563733 0.680474 0.680474 0.680474
7223.587891 0.000000 8452.977539 0.000000 0.734517 0.000000 -0.678591 1.061425 1.061425 1.061425
7229.321289 0.000000 8451.137695 0.000000 0.996537 0.000000 0.083155 0.736127 0.736127 0.736127
7222.599609 0.000000 8464.231445 0.000000 0.501064 0.000000 -0.865410 1.153448 1.153448 1.153448
7225.912598 0.000000 8445.982422 0.000000 0.527180 0.000000 -0.849754 1.037121 1.037121 1.037121
7225.377930 0.000000 8441.981445 0.000000 0.402485 0.000000 -0.915427 0.979550 0.979550 0.979550
7228.130371 0.000000 8467.501953 0.000000 0.284997 0.000000 -0.958528 0.906003 0.906003 0.906003
7220.780273 0.000000 8453.749023 0.000000 0.291017 0.000000 -0.956718 1.359010 1.359010 1.359010
7221.099609 0.000000 8439.190430 0.000000 0.006234 0.000000 0.999981 0.360376 0.360376 0.360376
7219.990723 0.000000 8444.376953 0.000000 0.788369 0.000000 0.615203 0.463389 0.463389 0.463389
7221.291504 0.000000 8447.745117 0.000000 0.664454 0.000000 0.747329 0.358066 0.358066 0.358066
7223.688965 0.000000 8458.742188 0.000000 0.585273 0.000000 -0.810836 1.093480 1.093480 1.093480
7229.800293 0.000000 8453.968750 0.000000 0.741457 0.000000 0.671000 0.628801 0.628801 0.628801
7219.558594 0.000000 8475.839844 0.000000 0.815952 0.000000 0.578119 0.556095 0.556095 0.556095
7225.386719 0.000000 8450.929688 0.000000 0.492995 0.000000 -0.870032 1.107637 1.107637 1.107637
7218.985840 0.000000 8449.555664 0.000000 0.634989 0.000000 -0.772522 1.171507 1.171507 1.171507
7220.284668 0.000000 8456.929688 0.000000 0.865409 0.000000 0.501066 0.499412 0.499412 0.499412
7229.077637 0.000000 8446.155273 0.000000 0.509315 0.000000 -0.860580 0.901365 0.901365 0.901365
7223.635742 0.000000 8466.685547 0.000000 0.553698 0.000000 0.832717 0.381510 0.381510 0.381510
7231.088867 0.000000 8449.089844 0.000000 0.384719 0.000000 -0.923034 0.842474 0.842474 0.842474
7228.986816 0.000000 8457.565430 0.000000 0.629073 0.000000 0.777346 0.623288 0.623288 0.623288
7224.856445 0.000000 8474.853516 0.000000 0.990965 0.000000 0.134119 0.731612 0.731612 0.731612
7226.721191 0.000000 8462.222656 0.000000 0.429775 0.000000 -0.902936 0.971484 0.971484 0.971484
7224.058594 0.000000 8477.306641 0.000000 0.961405 0.000000 0.275136 0.727558 0.727558 0.727558
7221.117188 0.000000 8477.857422 0.000000 0.429476 0.000000 -0.903078 0.969439 0.969439 0.969439
7218.913574 0.000000 8452.106445 0.000000 0.711671 0.000000 -0.702513 1.121908 1.121908 1.121908
7218.410156 0.000000 8458.488281 0.000000 0.958603 0.000000 -0.284746 0.887864 0.887864 0.887864
7218.635742 0.000000 8466.185547 0.000000 0.345390 0.000000 -0.938459 1.240385 1.240385 1.240385
7222.489746 0.000000 8436.854492 0.000000 0.810254 0.000000 0.586080 0.667923 0.667923 0.667923
7221.062988 0.000000 8473.225586 0.000000 0.968810 0.000000 0.247805 0.669353 0.669353 0.669353
7219.481934 0.000000 8480.464844 0.000000 0.669176 0.000000 0.743104 0.659026 0.659026 0.659026
7218.476074 0.000000 8439.134766 0.000000 0.954876 0.000000 0.297005 0.663046 0.663046 0.663046
7223.472656 0.000000 8472.854492 0.000000 0.899949 0.000000 0.435996 0.633428 0.633428 0.633428
7227.271973 0.000000 8474.691406 0.000000 0.185120 0.000000 0.982716 0.654076 0.654076 0.654076
7221.571289 0.000000 8462.044922 0.000000 0.871714 0.000000 0.490015 0.554389 0.554389 0.554389
7227.240234 0.000000 8470.400391 0.000000 0.334008 0.000000 0.942570 0.558808 0.558808 0.558808
7219.675781 0.000000 8471.295898 0.000000 0.332554 0.000000 -0.943084 1.292006 1.292006 1.292006
7222.732422 0.000000 8468.804688 0.000000 0.993785 0.000000 -0.111318 0.788431 0.788431 0.788431
7224.891602 0.000000 8454.871094 0.000000 0.988883 0.000000 -0.148693 0.799183 0.799183 0.799183
7228.145020 0.000000 8455.459961 0.000000 0.786049 0.000000 -0.618165 0.856062 0.856062 0.856062
7220.480957 0.000000 8469.034180 0.000000 0.998850 0.000000 0.047935 0.729618 0.729618 0.729618
7224.394043 0.000000 8470.763672 0.000000 0.896682 0.000000 0.442675 0.642669 0.642669 0.642669
7224.758301 0.000000 8444.146484 0.000000 0.781778 0.000000 0.623557 0.559640 0.559640 0.559640
7225.692871 0.000000 8460.156250 0.000000 0.569733 0.000000 -0.821830 0.995637 0.995637 0.995637
7218.850098 0.000000 8461.555664 0.000000 0.943431 0.000000 0.331568 0.588634 0.588634 0.588634
7224.750488 0.000000 8463.680664 0.000000 0.297546 0.000000 0.954707 0.400804 0.400804 0.400804
7220.521973 0.000000 8442.395508 0.000000 0.929690 0.000000 -0.368344 0.893384 0.893384 0.893384
7229.005371 0.000000 8461.688477 0.000000 0.225569 0.000000 -0.974227 0.875758 0.875758 0.875758
7229.134766 0.000000 8465.698242 0.000000 0.939750 0.000000 0.341864 0.704923 0.704923 0.704923
7221.762207 0.000000 8458.266602 0.000000 0.901589 0.000000 -0.432593 0.963602 0.963602 0.963602
7225.684570 0.000000 8440.060547 0.000000 0.836279 0.000000 -0.548305 0.865182 0.865182 0.865182
7227.493652 0.000000 8450.496094 0.000000 0.998112 0.000000 -0.061417 0.765534 0.765534 0.765534
7220.793457 0.000000 8464.859375 0.000000 0.512906 0.000000 0.858445 0.268743 0.268743 0.268743
7222.508301 0.000000 8460.392578 0.000000 0.178999 0.000000 -0.983849 1.200527 1.200527 1.200527
7218.247559 0.000000 8443.498047 0.000000 0.447634 0.000000 0.894217 0.267187 0.267187 0.267187
7225.940430 0.000000 8449.098633 0.000000 0.992843 0.000000 0.119429 0.710325 0.710325 0.710325
7225.494629 0.000000 8467.016602 0.000000 0.404847 0.000000 -0.914385 1.084914 1.084914 1.084914
7222.905273 0.000000 8439.999023 0.000000 0.984611 0.000000 -0.174761 0.785852 0.785852 0.785852
7223.293457 0.000000 8450.180664 0.000000 0.991798 0.000000 -0.127815 0.804475 0.804475 0.804475
7224.360352 0.000000 8456.843750 0.000000 0.920855 0.000000 -0.389905 0.869993 0.869993 0.869993
7227.229980 0.000000 8441.936523 0.000000 0.009788 0.000000 0.999952 0.548323 0.548323 0.548323
7221.152344 0.000000 8445.917969 0.000000 0.975641 0.000000 0.219373 0.653509 0.653509 0.653509
7222.012695 0.000000 8443.524414 0.000000 0.311181 0.000000 -0.950351 1.149276 1.149276 1.149276
7229.453125 0.000000 8448.069336 0.000000 0.681500 0.000000 0.731818 0.616262 0.616262 0.616262
7228.478516 0.000000 8452.753906 0.000000 0.438202 0.000000 0.898877 0.565917 0.565917 0.565917
7223.032715 0.000000 8447.116211 0.000000 0.999797 0.000000 -0.020150 0.757962 0.757962 0.757962
7225.574219 0.000000 8458.378906 0.000000 0.616458 0.000000 -0.787388 1.006315 1.006315 1.006315
7219.086426 0.000000 8467.874023 0.000000 0.099615 0.000000 -0.995026 1.342185 1.342185 1.342185
7227.302734 0.000000 8458.226562 0.000000 0.950914 0.000000 0.309455 0.687556 0.687556 0.687556
7227.210938 0.000000 8463.924805 0.000000 0.644573 0.000000 0.764543 0.578890 0.578890 0.578890
7227.489746 0.000000 8446.827148 0.000000 0.096395 0.000000 -0.995343 1.086769 1.086769 1.086769
7226.472168 0.000000 8444.139648 0.000000 0.001212 0.000000 0.999999 0.426720 0.426720 0.426720
7229.814941 0.000000 8455.750977 0.000000 0.998643 0.000000 0.052084 0.741707 0.741707 0.741707
7220.228516 0.000000 8440.701172 0.000000 0.265443 0.000000 0.964127 0.330642 0.330642 0.330642
7222.410156 0.000000 8454.173828 0.000000 0.624334 0.000000 -0.781158 1.117625 1.117625 1.117625
7222.016113 0.000000 8452.388672 0.000000 0.876185 0.000000 0.481975 0.540012 0.540012 0.540012
7218.960938 0.000000 8453.876953 0.000000 0.945230 0.000000 -0.326405 0.908756 0.908756 0.908756
7219.789062 0.000000 8478.846680 0.000000 0.093510 0.000000 -0.995618 1.018286 1.018286 1.018286
7220.863770 0.000000 8437.427734 0.000000 0.731252 0.000000 0.682107 0.622099 0.622099 0.622099
7219.879883 0.000000 8455.319336 0.000000 0.701589 0.000000 0.712582 0.371289 0.371289 0.371289
7223.743652 0.000000 8442.781250 0.000000 0.874178 0.000000 0.485606 0.588599 0.588599 0.588599
7219.498047 0.000000 8447.986328 0.000000 0.999281 0.000000 -0.037905 0.764766 0.764766 0.764766
7218.404297 0.000000 8445.239258 0.000000 0.577623 0.000000 -0.816304 1.163056 1.163056 1.163056
7222.220215 0.000000 8465.825195 0.000000 0.513585 0.000000 -0.858039 1.147843 1.147843 1.147843
7225.216797 0.000000 8452.580078 0.000000 0.295188 0.000000 0.955439 0.323961 0.323961 0.323961
7226.643555 0.000000 8454.971680 0.000000 0.998655 0.000000 -0.051844 0.762722 0.762722 0.762722
7224.509766 0.000000 8465.278320 0.000000 0.999986 0.000000 -0.005264 0.751577 0.751577 0.751577
7224.320801 0.000000 8445.991211 0.000000 0.822122 0.000000 -0.569311 0.921243 0.921243 0.921243
7218.324707 0.000000 8474.852539 0.000000 0.400122 0.000000 -0.916462 1.114627 1.114627 1.114627
7224.211426 0.000000 8440.904297 0.000000 0.928570 0.000000 0.371157 0.674529 0.674529 0.674529
7220.857910 0.000000 8474.861328 0.000000 0.020249 0.000000 0.999795 0.349350 0.349350 0.349350
7220.763672 0.000000 8449.253906 0.000000 0.209387 0.000000 -0.977833 1.348356 1.348356 1.348356
7225.492676 0.000000 8447.602539 0.000000 0.093830 0.000000 0.995588 0.293737 0.293737 0.293737
7228.909180 0.000000 8449.576172 0.000000 0.641437 0.000000 0.767176 0.607556 0.607556 0.607556
7219.966797 0.000000 8450.867188 0.000000 0.986116 0.000000 -0.166058 0.829656 0.829656 0.829656
7222.378418 0.000000 8448.881836 0.000000 0.939131 0.000000 -0.343560 0.895780 0.895780 0.895780
7218.660156 0.000000 8456.808594 0.000000 0.652686 0.000000 -0.757629 1.160463 1.160463 1.160463
7219.608887 0.000000 8446.279297 0.000000 0.775821 0.000000 -0.630953 1.015917 1.015917 1.015917
7222.499023 0.000000 8438.411133 0.000000 0.887642 0.000000 0.460535 0.652322 0.652322 0.652322
7227.520996 0.000000 8466.046875 0.000000 0.386565 0.000000 -0.922262 0.991781 0.991781 0.991781
7223.072754 0.000000 8462.681641 0.000000 0.980311 0.000000 -0.197462 0.818480 0.818480 0.818480
7218.665039 0.000000 8460.047852 0.000000 0.994030 0.000000 0.109111 0.697800 0.697800 0.697800
7227.820312 0.000000 8445.272461 0.000000 0.992835 0.000000 -0.119491 0.774670 0.774670 0.774670
7226.729980 0.000000 8451.856445 0.000000 0.806003 0.000000 0.591911 0.589885 0.589885 0.589885
7220.024414 0.000000 8458.528320 0.000000 0.941207 0.000000 -0.337831 0.914540 0.914540 0.914540
7219.500000 0.000000 8477.358398 0.000000 0.799979 0.000000 -0.600028 0.910260 0.910260 0.910260
7222.383789 0.000000 8473.970703 0.000000 0.169168 0.000000 0.985587 0.388041 0.388041 0.388041
7223.996582 0.000000 8451.512695 0.000000 0.986608 0.000000 0.163112 0.680360 0.680360 0.680360
7227.058105 0.000000 8468.728516 0.000000 0.161644 0.000000 0.986849 0.483645 0.483645 0.483645
7221.108398 0.000000 8476.349609 0.000000 0.180334 0.000000 0.983605 0.479427 0.479427 0.479427
7224.153809 0.000000 8468.096680 0.000000 0.688740 0.000000 -0.725009 0.968680 0.968680 0.968680
7221.302246 0.000000 8455.675781 0.000000 0.975632 0.000000 0.219415 0.644378 0.644378 0.644378
7219.761719 0.000000 8438.420898 0.000000 0.986873 0.000000 0.161499 0.703227 0.703227 0.703227
7224.225098 0.000000 8460.134766 0.000000 0.764984 0.000000 -0.644050 0.928198 0.928198 0.928198
7218.150879 0.000000 8464.680664 0.000000 0.678717 0.000000 -0.734400 1.069677 1.069677 1.069677
7220.091309 0.000000 8462.421875 0.000000 0.991076 0.000000 0.133299 0.698931 0.698931 0.698931
7223.753418 0.000000 8475.831055 0.000000 0.998332 0.000000 0.057738 0.738318 0.738318 0.738318
7218.183594 0.000000 8479.744141 0.000000 0.594518 0.000000 -0.804082 0.919660 0.919660 0.919660
7221.168945 0.000000 8463.458984 0.000000 0.537430 0.000000 -0.843308 1.133274 1.133274 1.133274
7225.957031 0.000000 8473.888672 0.000000 0.941721 0.000000 -0.336394 0.815524 0.815524 0.815524
7218.181152 0.000000 8476.666016 0.000000 0.647267 0.000000 0.762263 0.534140 0.534140 0.534140
7227.686523 0.000000 8456.811523 0.000000 0.994650 0.000000 0.103307 0.727134 0.727134 0.727134
7219.786133 0.000000 8473.940430 0.000000 0.580670 0.000000 -0.814139 1.106224 1.106224 1.106224
7223.025391 0.000000 8457.418945 0.000000 0.999339 0.000000 0.036354 0.736111 0.736111 0.736111
7220.583496 0.000000 8452.246094 0.000000 0.838687 0.000000 0.544614 0.475014 0.475014 0.475014
7225.787598 0.000000 8470.385742 0.000000 0.333146 0.000000 -0.942875 1.038154 1.038154 1.038154
7222.333984 0.000000 8467.247070 0.000000 0.236292 0.000000 0.971682 0.251097 0.251097 0.251097
7225.340332 0.000000 8462.395508 0.000000 0.942573 0.000000 -0.333999 0.843733 0.843733 0.843733
7221.637207 0.000000 8440.628906 0.000000 0.222017 0.000000 -0.975043 1.183780 1.183780 1.183780
7227.991699 0.000000 8454.051758 0.000000 0.291372 0.000000 -0.956610 1.062773 1.062773 1.062773
7224.007812 0.000000 8469.474609 0.000000 0.419690 0.000000 0.907668 0.443247 0.443247 0.443247
7224.634277 0.000000 8449.782227 0.000000 0.939107 0.000000 0.343625 0.633748 0.633748 0.633748
7223.234863 0.000000 8471.503906 0.000000 0.440023 0.000000 -0.897987 1.096618 1.096618 1.096618
7218.375488 0.000000 8470.887695 0.000000 0.826775 0.000000 -0.562532 1.012886 1.012886 1.012886
7219.946289 0.000000 8465.987305 0.000000 0.578724 0.000000 0.815523 0.380382 0.380382 0.380382
7218.202148 0.000000 8448.376953 0.000000 0.383160 0.000000 -0.923682 1.312254 1.312254 1.312254
7222.094238 0.000000 8472.401367 0.000000 0.580236 0.000000 0.814449 0.504067 0.504067 0.504067
7220.821289 0.000000 8470.317383 0.000000 0.420807 0.000000 -0.907150 1.173457 1.173457 1.173457
7226.792480 0.000000 8467.211914 0.000000 0.940932 0.000000 -0.338595 0.821145 0.821145 0.821145
7220.910645 0.000000 8471.828125 0.000000 0.490282 0.000000 0.871564 0.355636 0.355636 0.355636
7218.935059 0.000000 8440.345703 0.000000 0.866586 0.000000 0.499028 0.562168 0.562168 0.562168
7221.817383 0.000000 8456.891602 0.000000 0.932774 0.000000 0.360462 0.573928 0.573928 0.573928
7223.402344 0.000000 8444.039062 0.000000 0.253946 0.000000 -0.967218 1.219940 1.219940 1.219940
7219.495117 0.000000 8469.916016 0.000000 0.317918 0.000000 -0.948118 1.303488 1.303488 1.303488
7223.527832 0.000000 8454.899414 0.000000 0.999993 0.000000 0.003633 0.748510 0.748510 0.748510
7219.866699 0.000000 8472.633789 0.000000 0.572476 0.000000 0.819921 0.390020 0.390020 0.390020
7218.557617 0.000000 8450.843750 0.000000 0.358079 0.000000 -0.933691 1.325148 1.325148 1.325148
7221.555176 0.000000 8459.550781 0.000000 0.701546 0.000000 0.712624 0.371260 0.371260 0.371260
7219.495605 0.000000 8443.208984 0.000000 0.923881 0.000000 -0.382681 0.921322 0.921322 0.921322
7221.512207 0.000000 8468.227539 0.000000 0.305592 0.000000 0.952163 0.214353 0.214353 0.214353
7220.582031 0.000000 8461.279297 0.000000 0.754940 0.000000 0.655794 0.447338 0.447338 0.447338
7224.788086 0.000000 8471.966797 0.000000 0.201879 0.000000 0.979411 0.429930 0.429930 0.429930
7221.716309 0.000000 8444.752930 0.000000 0.486953 0.000000 0.873428 0.286593 0.286593 0.286593
7222.743164 0.000000 8451.306641 0.000000 0.981363 0.000000 -0.192164 0.832188 0.832188 0.832188
7221.923828 0.000000 8469.748047 0.000000 0.955472 0.000000 -0.295083 0.877317 0.877317 0.877317
7219.541016 0.000000 8464.832031 0.000000 0.647591 0.000000 -0.761989 1.085799 1.085799 1.085799
7218.729492 0.000000 8472.049805 0.000000 0.689636 0.000000 0.724156 0.446741 0.446741 0.446741
7227.974609 0.000000 8451.605469 0.000000 0.753141 0.000000 0.657860 0.568514 0.568514 0.568514
7225.270020 0.000000 8456.009766 0.000000 0.917833 0.000000 0.396968 0.627706 0.627706 0.627706
7225.545898 0.000000 8453.838867 0.000000 0.563165 0.000000 0.826345 0.424027 0.424027 0.424027
7223.048828 0.000000 8470.253906 0.000000 0.377620 0.000000 0.925961 0.382122 0.382122 0.382122
7223.333984 0.000000 8465.259766 0.000000 0.590666 0.000000 0.806916 0.387846 0.387846 0.387846
7218.511719 0.000000 8462.680664 0.000000 0.611517 0.000000 -0.791231 1.185839 1.185839 1.185839
7220.281250 0.000000 8467.875977 0.000000 0.642036 0.000000 -0.766675 1.149141 1.149141 1.149141
7224.348145 0.000000 8453.864258 0.000000 0.962444 0.000000 0.271481 0.657854 0.657854 0.657854
7219.681641 0.000000 8452.956055 0.000000 0.960361 0.000000 0.278758 0.615116 0.615116 0.615116
7222.788086 0.000000 8461.521484 0.000000 0.302754 0.000000 0.953069 0.340810 0.340810 0.340810
7224.164551 0.000000 8447.307617 0.000000 0.943781 0.000000 0.330571 0.645913 0.645913 0.645913
7219.832031 0.000000 8439.587891 0.000000 0.966923 0.000000 0.255070 0.675628 0.675628 0.675628
7221.981445 0.000000 8446.669922 0.000000 0.029503 0.000000 -0.999565 1.465710 1.465710 1.465710
7222.617676 0.000000 8459.186523 0.000000 0.291207 0.000000 0.956660 0.286747 0.286747 0.286747
7220.821777 0.000000 8443.591797 0.000000 0.748519 0.000000 -0.663114 1.025561 1.025561 1.025561
7220.400391 0.000000 8447.071289 0.000000 0.945559 0.000000 -0.325450 0.903929 0.903929 0.903929
7224.870605 0.000000 8459.241211 0.000000 0.871059 0.000000 0.491178 0.604833 0.604833 0.604833
7223.666992 0.000000 8463.930664 0.000000 0.921417 0.000000 -0.388575 0.887494 0.887494 0.887494
7225.610352 0.000000 8444.896484 0.000000 0.521015 0.000000 -0.853548 1.039168 1.039168 1.039168
7224.521484 0.000000 8457.936523 0.000000 0.910252 0.000000 0.414055 0.622106 0.622106 0.622106
7221.357422 0.000000 8441.669922 0.000000 0.646491 0.000000 0.762921 0.470515 0.470515 0.470515
7224.208008 0.000000 8455.772461 0.000000 0.990511 0.000000 0.137434 0.704565 0.704565 0.704565
7219.280762 0.000000 8457.766602 0.000000 0.457601 0.000000 -0.889157 1.273063 1.273063 1.273063
7221.524414 0.000000 8460.798828 0.000000 0.886506 0.000000 0.462717 0.546433 0.546433 0.546433
7223.954102 0.000000 8444.971680 0.000000 0.999104 0.000000 -0.042314 0.765137 0.765137 0.765137
7219.539551 0.000000 8460.785156 0.000000 0.983437 0.000000 -0.181251 0.837022 0.837022 0.837022
7221.145020 0.000000 8465.837891 0.000000 0.130585 0.000000 0.991437 0.078704 0.078704 0.078704
7221.431641 0.000000 8454.551758 0.000000 0.829333 0.000000 0.558755 0.466919 0.466919 0.466919
7219.634766 0.000000 8466.997070 0.000000 0.258273 0.000000 -0.966072 1.277188 1.277188 1.277188
7223.154785 0.000000 8448.162109 0.000000 0.348876 0.000000 0.937169 0.245193 0.245193 0.245193
7218.937012 0.000000 8444.316406 0.000000 0.986634 0.000000 -0.162951 0.820796 0.820796 0.820796
7218.202148 0.000000 8467.119141 0.000000 0.726856 0.000000 -0.686790 1.054770 1.054770 1.054770
7218.178223 0.000000 8452.864258 0.000000 0.819294 0.000000 0.573374 0.458451 0.458451 0.458451
7220.196777 0.000000 8445.418945 0.000000 0.914224 0.000000 -0.405210 0.932016 0.932016 0.932016
7222.081055 0.000000 8463.010742 0.000000 0.309852 0.000000 0.950785 0.317361 0.317361 0.317361
7221.727539 0.000000 8453.387695 0.000000 0.891938 0.000000 -0.452158 0.974019 0.974019 0.974019
7219.232910 0.000000 8459.184570 0.000000 0.424352 0.000000 0.905497 0.209247 0.209247 0.209247
7219.695801 0.000000 8441.800781 0.000000 0.538404 0.000000 0.842687 0.389687 0.389687 0.389687
7219.271484 0.000000 8468.877930 0.000000 0.187595 0.000000 -0.982246 1.363315 1.363315 1.363315
7223.352051 0.000000 8449.165039 0.000000 0.781955 0.000000 -0.623335 1.029750 1.029750 1.029750
7221.750488 0.000000 8449.657227 0.000000 0.195289 0.000000 -0.980746 1.354690 1.354690 1.354690
7223.243164 0.000000 8467.680664 0.000000 0.962147 0.000000 0.272530 0.646635 0.646635 0.646635
7220.770020 0.000000 8457.855469 0.000000 0.387858 0.000000 0.921719 0.190177 0.190177 0.190177
7221.791992 0.000000 8464.870117 0.000000 0.526144 0.000000 -0.850395 1.224033 1.224033 1.224033
7223.356934 0.000000 8446.147461 0.000000 0.742810 0.000000 -0.669502 1.039805 1.039805 1.039805
7221.688477 0.000000 8442.584961 0.000000 0.996476 0.000000 0.083882 0.718079 0.718079 0.718079
7219.563477 0.000000 8456.273438 0.000000 0.915230 0.000000 0.402932 0.551986 0.551986 0.551986
7220.305664 0.000000 8463.935547 0.000000 0.588467 0.000000 0.808521 0.390322 0.390322 0.390322
7219.796387 0.000000 8448.926758 0.000000 0.912841 0.000000 0.408314 0.549175 0.549175 0.549175
7218.349121 0.000000 8442.549805 0.000000 0.881730 0.000000 0.471754 0.535669 0.535669 0.535669
7221.417969 0.000000 8451.624023 0.000000 0.994624 0.000000 0.103548 0.700471 0.700471 0.700471
7222.212402 0.000000 8455.151367 0.000000 0.789670 0.000000 0.613531 0.479147 0.479147 0.479147
7219.842773 0.000000 8454.313477 0.000000 0.820369 0.000000 0.571834 0.459348 0.459348 0.459348
7222.641602 0.000000 8453.189453 0.000000 0.844801 0.000000 -0.535081 0.985749 0.985749 0.985749
7219.000000 0.000000 8454.899414 0.000000 0.188730 0.000000 0.982029 0.090656 0.090656 0.090656
7219.058105 0.000000 8447.152344 0.000000 0.835746 0.000000 -0.549116 0.976397 0.976397 0.976397
7222.939453 0.000000 8452.224609 0.000000 0.962147 0.000000 -0.272531 0.865253 0.865253 0.865253
7222.290527 0.000000 8447.704102 0.000000 0.999649 0.000000 -0.026494 0.760469 0.760469 0.760469
7219.947754 0.000000 8449.912109 0.000000 0.200480 0.000000 -0.979698 1.403625 1.403625 1.403625
7220.951172 0.000000 8458.798828 0.000000 0.530916 0.000000 0.847425 0.267228 0.267228 0.267228
7223.333008 0.000000 8453.895508 0.000000 0.988481 0.000000 -0.151343 0.813437 0.813437 0.813437
7218.178223 0.000000 8463.545898 0.000000 0.394690 0.000000 -0.918814 1.306278 1.306278 1.306278
7220.497559 0.000000 8448.247070 0.000000 0.927144 0.000000 0.374706 0.580999 0.580999 0.580999
7218.160156 0.000000 8457.578125 0.000000 0.933721 0.000000 -0.358001 0.924812 0.924812 0.924812
7218.179688 0.000000 8468.243164 0.000000 0.935489 0.000000 0.353357 0.589732 0.589732 0.589732
7219.764160 0.000000 8451.746094 0.000000 0.991326 0.000000 -0.131429 0.812935 0.812935 0.812935
7222.433594 0.000000 8450.444336 0.000000 0.427655 0.000000 -0.903942 1.229824 1.229824 1.229824
7218.160156 0.000000 8449.971680 0.000000 0.998886 0.000000 0.047192 0.727459 0.727459 0.727459
7218.207031 0.000000 8454.384766 0.000000 0.000514 0.000000 -1.000000 1.499755 1.499755 1.499755
7219.318359 0.000000 8445.152344 0.000000 0.312566 0.000000 -0.949896 1.291914 1.291914 1.291914
7221.482910 0.000000 8448.612305 0.000000 0.820230 0.000000 0.572034 0.482037 0.482037 0.482037
7220.700195 0.000000 8450.368164 0.000000 0.434229 0.000000 -0.900803 1.285531 1.285531 1.285531
7218.165039 0.000000 8460.985352 0.000000 0.993804 0.000000 -0.111151 0.803181 0.803181 0.803181
7221.783203 0.000000 8466.581055 0.000000 0.756220 0.000000 -0.654318 1.075875 1.075875 1.075875
7220.501465 0.000000 8456.089844 0.000000 0.987870 0.000000 0.155287 0.675555 0.675555 0.675555
7220.610352 0.000000 8454.826172 0.000000 0.429109 0.000000 -0.903253 1.288241 1.288241 1.288241
7219.735840 0.000000 8461.605469 0.000000 0.778608 0.000000 -0.627510 1.073889 1.073889 1.073889
7126.604980 0.000000 8553.773438 0.000000 0.234491 0.000000 0.972118 0.742506 0.742506 0.742506
7195.125488 0.000000 8562.691406 0.000000 0.311536 0.000000 -0.950234 0.984798 0.984798 0.984798
7158.060059 0.000000 8576.591797 0.000000 0.920185 0.000000 -0.391484 0.798956 0.798956 0.798956
7149.400879 0.000000 8556.060547 0.000000 0.446217 0.000000 -0.894925 0.764526 0.764526 0.764526
7136.368652 0.000000 8573.503906 0.000000 0.947010 0.000000 -0.321203 0.818575 0.818575 0.818575
7173.899414 0.000000 8561.179688 0.000000 0.968608 0.000000 -0.248592 0.817738 0.817738 0.817738
7209.969727 0.000000 8550.353516 0.000000 0.076290 0.000000 -0.997086 0.861928 0.861928 0.861928
7124.742188 0.000000 8566.991211 0.000000 0.580045 0.000000 0.814584 0.388141 0.388141 0.388141
7161.045898 0.000000 8563.260742 0.000000 0.366526 0.000000 0.930408 0.465709 0.465709 0.465709
7197.294434 0.000000 8550.294922 0.000000 0.616749 0.000000 -0.787160 1.145346 1.145346 1.145346
7185.256836 0.000000 8554.587891 0.000000 0.457231 0.000000 -0.889348 1.012657 1.012657 1.012657
7148.145508 0.000000 8569.495117 0.000000 0.916998 0.000000 -0.398892 0.935920 0.935920 0.935920
7137.292480 0.000000 8560.325195 0.000000 0.800126 0.000000 0.599832 0.603050 0.603050 0.603050
7169.716309 0.000000 8571.944336 0.000000 0.611591 0.000000 0.791174 0.486814 0.486814 0.486814
7182.892578 0.000000 8568.024414 0.000000 0.932092 0.000000 0.362222 0.672965 0.672965 0.672965
7201.873535 0.000000 8541.243164 0.000000 0.514238 0.000000 -0.857647 1.012460 1.012460 1.012460
7147.233398 0.000000 8578.814453 0.000000 0.587648 0.000000 -0.809117 0.774710 0.774710 0.774710
7155.899414 0.000000 8569.021484 0.000000 0.917475 0.000000 -0.397794 0.943804 0.943804 0.943804
7132.258301 0.000000 8566.182617 0.000000 0.770732 0.000000 0.637159 0.451207 0.451207 0.451207
7128.838379 0.000000 8573.729492 0.000000 0.297117 0.000000 0.954841 0.543260 0.543260 0.543260
7187.233398 0.000000 8561.652344 0.000000 0.978772 0.000000 0.204953 0.658401 0.658401 0.658401
7144.416504 0.000000 8562.688477 0.000000 0.487853 0.000000 0.872926 0.479776 0.479776 0.479776
7194.361816 0.000000 8540.200195 0.000000 0.241472 0.000000 -0.970408 0.931371 0.931371 0.931371
7153.516602 0.000000 8562.010742 0.000000 0.085018 0.000000 0.996379 0.405057 0.405057 0.405057
7177.717773 0.000000 8554.523438 0.000000 0.625427 0.000000 -0.780283 0.825421 0.825421 0.825421
7192.255859 0.000000 8555.520508 0.000000 0.159229 0.000000 0.987242 0.131828 0.131828 0.131828
7189.503906 0.000000 8548.904297 0.000000 0.978679 0.000000 0.205397 0.719400 0.719400 0.719400
7162.727051 0.000000 8570.833008 0.000000 0.990302 0.000000 -0.138934 0.799587 0.799587 0.799587
7175.569336 0.000000 8568.026367 0.000000 0.058247 0.000000 0.998302 0.260055 0.260055 0.260055
7167.792480 0.000000 8565.198242 0.000000 0.238003 0.000000 0.971264 0.236809 0.236809 0.236809
7199.646973 0.000000 8556.785156 0.000000 0.105364 0.000000 -0.994434 1.112145 1.112145 1.112145
7165.054688 0.000000 8577.472656 0.000000 0.412812 0.000000 -0.910816 0.848642 0.848642 0.848642
7190.276367 0.000000 8568.164062 0.000000 0.865189 0.000000 0.501446 0.716560 0.716560 0.716560
7127.214844 0.000000 8560.637695 0.000000 0.442987 0.000000 0.896528 0.425227 0.425227 0.425227
7139.236816 0.000000 8566.840820 0.000000 0.970068 0.000000 0.242835 0.643907 0.643907 0.643907
7182.909180 0.000000 8548.407227 0.000000 0.931657 0.000000 0.363339 0.746519 0.746519 0.746519
7180.614258 0.000000 8560.253906 0.000000 0.282324 0.000000 0.959319 0.254516 0.254516 0.254516
7172.920410 0.000000 8577.588867 0.000000 0.707439 0.000000 0.706774 0.732363 0.732363 0.732363
7203.469727 0.000000 8548.443359 0.000000 0.954685 0.000000 -0.297619 0.849588 0.849588 0.849588
7142.783691 0.000000 8573.299805 0.000000 0.974114 0.000000 -0.226055 0.808493 0.808493 0.808493
7152.176758 0.000000 8574.425781 0.000000 0.305931 0.000000 -0.952054 1.002414 1.002414 1.002414
7166.044922 0.000000 8559.202148 0.000000 0.629331 0.000000 -0.777138 0.864998 0.864998 0.864998
7199.995605 0.000000 8535.350586 0.000000 0.998002 0.000000 0.063178 0.749053 0.749053 0.749053
7205.098633 0.000000 8554.240234 0.000000 0.699431 0.000000 -0.714700 0.826031 0.826031 0.826031
7206.476562 0.000000 8537.406250 0.000000 0.417659 0.000000 0.908604 0.726521 0.726521 0.726521
7207.440430 0.000000 8543.813477 0.000000 0.472935 0.000000 -0.881097 0.949860 0.949860 0.949860
7178.780273 0.000000 8573.014648 0.000000 0.840060 0.000000 0.542493 0.683434 0.683434 0.683434
7171.934570 0.000000 8555.556641 0.000000 0.302754 0.000000 -0.953069 0.776018 0.776018 0.776018
7194.258301 0.000000 8545.704102 0.000000 0.815430 0.000000 -0.578856 0.901421 0.901421 0.901421
7132.352051 0.000000 8558.976562 0.000000 0.396738 0.000000 0.917932 0.556220 0.556220 0.556220
7200.580566 0.000000 8562.322266 0.000000 0.219449 0.000000 0.975624 0.719677 0.719677 0.719677
7143.318359 0.000000 8557.793945 0.000000 0.721292 0.000000 -0.692631 0.771490 0.771490 0.771490
7149.102051 0.000000 8564.629883 0.000000 0.476530 0.000000 0.879158 0.402072 0.402072 0.402072
7199.352051 0.000000 8545.407227 0.000000 0.401599 0.000000 -0.915815 1.183476 1.183476 1.183476
7124.440918 0.000000 8572.038086 0.000000 0.685423 0.000000 -0.728145 0.861483 0.861483 0.861483
7179.396973 0.000000 8564.728516 0.000000 0.847129 0.000000 0.531387 0.521319 0.521319 0.521319
7143.889648 0.000000 8567.342773 0.000000 0.996996 0.000000 0.077453 0.716611 0.716611 0.716611
7195.308105 0.000000 8567.799805 0.000000 0.990825 0.000000 0.135151 0.743908 0.743908 0.743908
7174.107422 0.000000 8573.119141 0.000000 0.946705 0.000000 0.322102 0.699033 0.699033 0.699033
7161.169922 0.000000 8579.856445 0.000000 0.482517 0.000000 0.875887 0.712031 0.712031 0.712031
7128.580078 0.000000 8569.209961 0.000000 0.999071 0.000000 -0.043095 0.764448 0.764448 0.764448
7132.827637 0.000000 8570.847656 0.000000 0.924937 0.000000 -0.380121 0.853675 0.853675 0.853675
7147.116211 0.000000 8574.256836 0.000000 0.694447 0.000000 0.719544 0.604130 0.604130 0.604130
7148.490234 0.000000 8560.306641 0.000000 0.935326 0.000000 0.353786 0.694478 0.694478 0.694478
7163.737793 0.000000 8566.681641 0.000000 0.846284 0.000000 0.532732 0.510151 0.510151 0.510151
7191.479980 0.000000 8560.405273 0.000000 0.936008 0.000000 -0.351979 0.876614 0.876614 0.876614
7195.609375 0.000000 8558.229492 0.000000 0.995389 0.000000 -0.095920 0.780220 0.780220 0.780220
7171.121094 0.000000 8567.861328 0.000000 0.999463 0.000000 -0.032773 0.764178 0.764178 0.764178
7156.851562 0.000000 8564.748047 0.000000 0.896793 0.000000 0.442450 0.606684 0.606684 0.606684
7211.751465 0.000000 8544.297852 0.000000 0.923840 0.000000 0.382779 0.733084 0.733084 0.733084
7201.239258 0.000000 8552.371094 0.000000 0.236922 0.000000 -0.971529 1.126489 1.126489 1.126489
7193.345215 0.000000 8551.405273 0.000000 0.673270 0.000000 -0.739397 1.027354 1.027354 1.027354
7188.356934 0.000000 8557.510742 0.000000 0.934324 0.000000 0.356424 0.604654 0.604654 0.604654
7151.833496 0.000000 8567.721680 0.000000 0.056124 0.000000 -0.998424 1.359747 1.359747 1.359747
7183.448730 0.000000 8563.464844 0.000000 0.769738 0.000000 0.638360 0.442755 0.442755 0.442755
7169.681641 0.000000 8561.085938 0.000000 0.800031 0.000000 -0.599959 0.899396 0.899396 0.899396
7158.318359 0.000000 8572.354492 0.000000 0.740687 0.000000 0.671850 0.534812 0.534812 0.534812
7186.607422 0.000000 8566.212891 0.000000 0.942776 0.000000 0.333427 0.677439 0.677439 0.677439
7128.255859 0.000000 8564.705078 0.000000 0.951787 0.000000 -0.306758 0.886023 0.886023 0.886023
7161.962402 0.000000 8574.912109 0.000000 0.980453 0.000000 -0.196752 0.790048 0.790048 0.790048
7196.340332 0.000000 8554.185547 0.000000 0.890929 0.000000 -0.454142 0.922121 0.922121 0.922121
7165.742676 0.000000 8573.518555 0.000000 0.957210 0.000000 0.289394 0.675237 0.675237 0.675237
7181.565430 0.000000 8556.208984 0.000000 0.848274 0.000000 0.529557 0.620426 0.620426 0.620426
7135.887207 0.000000 8564.090820 0.000000 0.603517 0.000000 -0.797350 1.128439 1.128439 1.128439
7159.893555 0.000000 8568.010742 0.000000 0.084453 0.000000 0.996427 0.062634 0.062634 0.062634
7188.799805 0.000000 8552.768555 0.000000 0.343043 0.000000 0.939320 0.416311 0.416311 0.416311
7191.220215 0.000000 8542.962891 0.000000 0.952212 0.000000 -0.305438 0.768017 0.768017 0.768017
7132.911133 0.000000 8575.493164 0.000000 0.647524 0.000000 0.762045 0.667259 0.667259 0.667259
7139.486816 0.000000 8570.774414 0.000000 0.818894 0.000000 -0.573944 0.940009 0.940009 0.940009
7186.265625 0.000000 8546.053711 0.000000 0.999127 0.000000 0.041781 0.748670 0.748670 0.748670
7184.557129 0.000000 8558.701172 0.000000 0.565302 0.000000 -0.824884 1.120512 1.120512 1.120512
7176.505371 0.000000 8558.179688 0.000000 0.999882 0.000000 -0.015338 0.753734 0.753734 0.753734
7140.546387 0.000000 8563.155273 0.000000 0.985901 0.000000 -0.167333 0.797849 0.797849 0.797849
7198.342285 0.000000 8539.612305 0.000000 0.620724 0.000000 0.784029 0.608268 0.608268 0.608268
7166.957031 0.000000 8569.149414 0.000000 0.469221 0.000000 -0.883081 1.175602 1.175602 1.175602
7136.367188 0.000000 8577.431641 0.000000 0.935833 0.000000 -0.352444 0.764837 0.764837 0.764837
7191.021484 0.000000 8564.335938 0.000000 0.317488 0.000000 -0.948262 1.009323 1.009323 1.009323
7135.883301 0.000000 8568.592773 0.000000 0.650091 0.000000 0.759857 0.438100 0.438100 0.438100
7152.557617 0.000000 8558.345703 0.000000 0.511091 0.000000 0.859527 0.684152 0.684152 0.684152
7143.593750 0.000000 8577.372070 0.000000 0.878586 0.000000 0.477584 0.708047 0.708047 0.708047
7161.949707 0.000000 8559.589844 0.000000 0.937215 0.000000 0.348752 0.722652 0.722652 0.722652
7139.652344 0.000000 8575.388672 0.000000 0.807288 0.000000 0.590158 0.658988 0.658988 0.658988
7173.234375 0.000000 8564.810547 0.000000 0.269566 0.000000 0.962982 0.178923 0.178923 0.178923
7182.335449 0.000000 8571.973633 0.000000 0.235136 0.000000 -0.971962 0.919779 0.919779 0.919779
7164.741211 0.000000 8562.820312 0.000000 0.999848 0.000000 0.017429 0.745105 0.745105 0.745105
7179.415527 0.000000 8569.028320 0.000000 0.999534 0.000000 -0.030532 0.758462 0.758462 0.758462
7203.510254 0.000000 8557.569336 0.000000 0.606450 0.000000 -0.795121 0.860153 0.860153 0.860153
7182.105957 0.000000 8552.595703 0.000000 0.726195 0.000000 -0.687489 0.840837 0.840837 0.840837
7203.403809 0.000000 8544.711914 0.000000 0.691944 0.000000 0.721951 0.449446 0.449446 0.449446
7207.161133 0.000000 8547.877930 0.000000 0.773075 0.000000 0.634314 0.602044 0.602044 0.602044
7168.345703 0.000000 8556.393555 0.000000 0.999734 0.000000 0.023054 0.748532 0.748532 0.748532
7150.958496 0.000000 8577.938477 0.000000 0.982277 0.000000 0.187435 0.728817 0.728817 0.728817
7185.403320 0.000000 8550.963867 0.000000 0.357310 0.000000 -0.933986 0.865108 0.865108 0.865108
7125.560547 0.000000 8557.397461 0.000000 0.055059 0.000000 -0.998483 0.999747 0.999747 0.999747
7131.733398 0.000000 8562.599609 0.000000 0.830287 0.000000 0.557337 0.545219 0.545219 0.545219
7205.406738 0.000000 8540.731445 0.000000 0.267745 0.000000 0.963490 0.494466 0.494466 0.494466
7170.095703 0.000000 8575.421875 0.000000 0.283199 0.000000 -0.959061 0.891810 0.891810 0.891810
7154.443848 0.000000 8577.090820 0.000000 0.978232 0.000000 -0.207516 0.776615 0.776615 0.776615
7196.816895 0.000000 8543.022461 0.000000 0.847223 0.000000 0.531238 0.606333 0.606333 0.606333
7177.442383 0.000000 8561.905273 0.000000 0.290558 0.000000 -0.956857 1.165716 1.165716 1.165716
7124.559570 0.000000 8563.163086 0.000000 0.193053 0.000000 0.981188 0.198433 0.198433 0.198433
7151.223633 0.000000 8571.089844 0.000000 0.975541 0.000000 0.219817 0.668250 0.668250 0.668250
7154.836426 0.000000 8572.256836 0.000000 0.151357 0.000000 0.988479 0.324931 0.324931 0.324931
7185.325684 0.000000 8570.345703 0.000000 0.139117 0.000000 0.990276 0.616008 0.616008 0.616008
7206.450195 0.000000 8551.154297 0.000000 0.502951 0.000000 -0.864315 0.900489 0.900489 0.900489
7156.839355 0.000000 8561.208984 0.000000 0.015696 0.000000 -0.999877 0.968384 0.968384 0.968384
7140.595703 0.000000 8559.726562 0.000000 0.113905 0.000000 0.993492 0.589081 0.589081 0.589081
7144.853027 0.000000 8570.556641 0.000000 0.921957 0.000000 0.387293 0.610751 0.610751 0.610751
7135.214844 0.000000 8557.408203 0.000000 0.855727 0.000000 -0.517428 0.787677 0.787677 0.787677
7208.593750 0.000000 8540.028320 0.000000 0.989635 0.000000 0.143605 0.740286 0.740286 0.740286
7202.802734 0.000000 8538.174805 0.000000 0.873452 0.000000 0.486910 0.670967 0.670967 0.670967
7197.696289 0.000000 8560.575195 0.000000 0.988786 0.000000 0.149339 0.720810 0.720810 0.720810
7171.849609 0.000000 8558.803711 0.000000 0.573882 0.000000 0.818938 0.586502 0.586502 0.586502
7211.561035 0.000000 8547.537109 0.000000 0.458246 0.000000 0.888825 0.700803 0.700803 0.700803
7200.324707 0.000000 8549.416992 0.000000 0.998792 0.000000 0.049139 0.731039 0.731039 0.731039
7189.389648 0.000000 8545.714844 0.000000 0.228707 0.000000 -0.973495 0.807710 0.807710 0.807710
7196.882324 0.000000 8547.307617 0.000000 0.922723 0.000000 -0.385463 0.893741 0.893741 0.893741
7173.069824 0.000000 8570.186523 0.000000 0.556916 0.000000 -0.830569 0.999588 0.999588 0.999588
7128.857422 0.000000 8557.973633 0.000000 0.848791 0.000000 -0.528729 0.806329 0.806329 0.806329
7176.526367 0.000000 8570.951172 0.000000 0.902845 0.000000 -0.429967 0.847368 0.847368 0.847368
7176.197266 0.000000 8564.729492 0.000000 0.184014 0.000000 -0.982924 1.390879 1.390879 1.390879
7146.091797 0.000000 8565.292969 0.000000 0.318954 0.000000 0.947770 0.327665 0.327665 0.327665
7153.998535 0.000000 8565.697266 0.000000 0.994258 0.000000 0.107011 0.715872 0.715872 0.715872
7192.823730 0.000000 8548.488281 0.000000 0.058419 0.000000 -0.998292 1.174759 1.174759 1.174759
7201.170410 0.000000 8559.423828 0.000000 0.131160 0.000000 0.991361 0.569443 0.569443 0.569443
7134.388184 0.000000 8561.244141 0.000000 0.980310 0.000000 -0.197467 0.798012 0.798012 0.798012
7155.411621 0.000000 8558.743164 0.000000 0.177422 0.000000 0.984135 0.676998 0.676998 0.676998
7146.007812 0.000000 8558.841797 0.000000 0.449123 0.000000 -0.893470 0.838969 0.838969 0.838969
7193.723633 0.000000 8565.407227 0.000000 0.361960 0.000000 0.932194 0.552203 0.552203 0.552203
7170.432617 0.000000 8563.821289 0.000000 0.634367 0.000000 0.773032 0.455504 0.455504 0.455504
7141.913086 0.000000 8569.393555 0.000000 0.851436 0.000000 0.524458 0.523616 0.523616 0.523616
7125.816406 0.000000 8569.582031 0.000000 0.799119 0.000000 -0.601172 0.944431 0.944431 0.944431
7167.402344 0.000000 8575.934570 0.000000 0.786902 0.000000 0.617078 0.646649 0.646649 0.646649
7201.970703 0.000000 8555.090820 0.000000 0.175506 0.000000 -0.984478 1.084188 1.084188 1.084188
7209.258301 0.000000 8545.890625 0.000000 0.981450 0.000000 0.191716 0.725077 0.725077 0.725077
7179.201660 0.000000 8557.640625 0.000000 0.604866 0.000000 -0.796327 0.931110 0.931110 0.931110
7150.571777 0.000000 8562.071289 0.000000 0.750682 0.000000 -0.660664 0.920267 0.920267 0.920267
7142.759766 0.000000 8564.878906 0.000000 0.667706 0.000000 -0.744425 1.042432 1.042432 1.042432
7156.088379 0.000000 8574.647461 0.000000 0.957079 0.000000 -0.289827 0.812215 0.812215 0.812215
7149.642090 0.000000 8575.363281 0.000000 0.265192 0.000000 -0.964196 1.006055 1.006055 1.006055
7174.561035 0.000000 8556.283203 0.000000 0.266082 0.000000 -0.963951 0.927893 0.927893 0.927893
7187.636230 0.000000 8568.847656 0.000000 0.402516 0.000000 -0.915413 0.910247 0.910247 0.910247
7199.058594 0.000000 8554.015625 0.000000 0.800561 0.000000 -0.599251 0.944910 0.944910 0.944910
7159.552246 0.000000 8560.808594 0.000000 0.999819 0.000000 0.019049 0.747289 0.747289 0.747289
7193.897949 0.000000 8542.858398 0.000000 0.615120 0.000000 0.788433 0.637758 0.637758 0.637758
7203.729980 0.000000 8551.102539 0.000000 0.922081 0.000000 -0.386998 0.857143 0.857143 0.857143
7147.227051 0.000000 8562.663086 0.000000 0.964183 0.000000 0.265238 0.682645 0.682645 0.682645
7199.346191 0.000000 8542.136719 0.000000 0.069990 0.000000 -0.997548 1.222083 1.222083 1.222083
7131.604980 0.000000 8573.218750 0.000000 0.712353 0.000000 -0.701821 0.882555 0.882555 0.882555
7159.423828 0.000000 8565.429688 0.000000 0.871307 0.000000 -0.490739 0.910392 0.910392 0.910392
7129.893555 0.000000 8560.427734 0.000000 0.993606 0.000000 0.112903 0.719493 0.719493 0.719493
7148.772949 0.000000 8572.171875 0.000000 0.440099 0.000000 0.897949 0.436815 0.436815 0.436815
7192.900879 0.000000 8558.136719 0.000000 0.515185 0.000000 0.857079 0.370227 0.370227 0.370227
7167.147461 0.000000 8561.822266 0.000000 0.320863 0.000000 0.947126 0.484429 0.484429 0.484429
7162.455078 0.000000 8577.538086 0.000000 0.921561 0.000000 -0.388234 0.790314 0.790314 0.790314
7186.855957 0.000000 8548.773438 0.000000 0.866702 0.000000 -0.498825 0.792048 0.792048 0.792048
7131.114258 0.000000 8568.595703 0.000000 0.519855 0.000000 0.854255 0.401003 0.401003 0.401003
7160.895508 0.000000 8572.598633 0.000000 0.849095 0.000000 -0.528240 0.909433 0.909433 0.909433
7181.924316 0.000000 8565.606445 0.000000 0.469214 0.000000 -0.883084 1.177632 1.177632 1.177632
7144.633301 0.000000 8575.059570 0.000000 0.005216 0.000000 -0.999986 1.031415 1.031415 1.031415
7188.529785 0.000000 8563.809570 0.000000 0.819794 0.000000 0.572658 0.551345 0.551345 0.551345
7127.438477 0.000000 8575.914062 0.000000 0.602337 0.000000 -0.798242 0.812309 0.812309 0.812309
7177.918457 0.000000 8566.811523 0.000000 0.794155 0.000000 -0.607715 0.999497 0.999497 0.999497
7130.316406 0.000000 8571.048828 0.000000 0.886371 0.000000 0.462976 0.626524 0.626524 0.626524
7127.375000 0.000000 8571.599609 0.000000 0.256029 0.000000 -0.966669 1.061961 1.061961 1.061961
7201.385254 0.000000 8546.916016 0.000000 0.599170 0.000000 0.800622 0.332827 0.332827 0.332827
7183.093262 0.000000 8560.895508 0.000000 0.496420 0.000000 0.868083 0.307084 0.307084 0.307084
7148.086426 0.000000 8566.943359 0.000000 0.982874 0.000000 -0.184277 0.825999 0.825999 0.825999
7189.520020 0.000000 8555.199219 0.000000 0.974456 0.000000 -0.224578 0.825917 0.825917 0.825917
7153.349609 0.000000 8569.816406 0.000000 0.532999 0.000000 0.846116 0.291066 0.291066 0.291066
7191.392578 0.000000 8553.035156 0.000000 0.087705 0.000000 -0.996147 1.224823 1.224823 1.224823
7138.397949 0.000000 8564.427734 0.000000 0.356148 0.000000 0.934430 0.300389 0.300389 0.300389
7205.716797 0.000000 8545.765625 0.000000 0.653888 0.000000 -0.756591 1.003856 1.003856 1.003856
7151.875488 0.000000 8564.273438 0.000000 0.853365 0.000000 0.521314 0.574415 0.574415 0.574415
7136.878906 0.000000 8570.891602 0.000000 0.989485 0.000000 -0.144637 0.792397 0.792397 0.792397
7130.325684 0.000000 8575.756836 0.000000 0.077088 0.000000 -0.997024 0.875851 0.875851 0.875851
7143.030273 0.000000 8560.461914 0.000000 0.361212 0.000000 -0.932484 0.970421 0.970421 0.970421
7134.748047 0.000000 8566.333984 0.000000 0.998927 0.000000 0.046320 0.729438 0.729438 0.729438
7172.532227 0.000000 8574.958984 0.000000 0.427798 0.000000 -0.903874 0.849333 0.849333 0.849333
7181.077637 0.000000 8562.923828 0.000000 0.999197 0.000000 0.040072 0.732063 0.732063 0.732063
7158.146484 0.000000 8569.936523 0.000000 0.791596 0.000000 0.611045 0.445971 0.445971 0.445971
7165.184082 0.000000 8571.119141 0.000000 0.689755 0.000000 0.724043 0.474090 0.474090 0.474090
7189.098633 0.000000 8559.875977 0.000000 0.522609 0.000000 -0.852572 1.225969 1.225969 1.225969
7194.635742 0.000000 8555.959961 0.000000 0.841524 0.000000 -0.540220 0.987225 0.987225 0.987225
7168.908203 0.000000 8558.758789 0.000000 0.675696 0.000000 -0.737181 0.874162 0.874162 0.874162
7157.645020 0.000000 8567.064453 0.000000 0.316508 0.000000 -0.948590 1.245693 1.245693 1.245693
7159.454590 0.000000 8574.591797 0.000000 0.171878 0.000000 -0.985118 1.040570 1.040570 1.040570
7124.893555 0.000000 8559.927734 0.000000 0.397853 0.000000 -0.917449 1.034929 1.034929 1.034929
7180.138184 0.000000 8554.236328 0.000000 0.956529 0.000000 -0.291638 0.796546 0.796546 0.796546
7201.111816 0.000000 8543.719727 0.000000 0.148198 0.000000 -0.988958 1.234605 1.234605 1.234605
7133.989746 0.000000 8573.328125 0.000000 0.751124 0.000000 -0.660161 0.880957 0.880957 0.880957
7198.226074 0.000000 8537.237305 0.000000 0.999817 0.000000 0.019118 0.748604 0.748604 0.748604
7193.955078 0.000000 8560.347656 0.000000 0.663549 0.000000 -0.748133 1.007971 1.007971 1.007971
7158.502930 0.000000 8563.041016 0.000000 0.787335 0.000000 0.616526 0.599490 0.599490 0.599490
7185.796875 0.000000 8563.787109 0.000000 0.444001 0.000000 0.896026 0.307012 0.307012 0.307012
7127.320801 0.000000 8566.967773 0.000000 0.997303 0.000000 -0.073394 0.779573 0.779573 0.779573
7138.353516 0.000000 8558.184570 0.000000 0.585532 0.000000 -0.810649 0.868584 0.868584 0.868584
7138.721680 0.000000 8573.093750 0.000000 0.770500 0.000000 0.637440 0.592113 0.592113 0.592113
7150.081055 0.000000 8558.334961 0.000000 0.879209 0.000000 0.476437 0.718386 0.718386 0.718386
7194.971191 0.000000 8549.511719 0.000000 0.219655 0.000000 0.975578 0.287648 0.287648 0.287648
7176.454102 0.000000 8573.447266 0.000000 0.124682 0.000000 0.992197 0.552381 0.552381 0.552381
7191.923828 0.000000 8545.304688 0.000000 0.768753 0.000000 0.639546 0.674642 0.674642 0.674642
7200.441895 0.000000 8538.435547 0.000000 0.969032 0.000000 0.246934 0.707952 0.707952 0.707952
7169.445801 0.000000 8569.592773 0.000000 0.515259 0.000000 0.857035 0.368331 0.368331 0.368331
7129.730469 0.000000 8566.596680 0.000000 0.521400 0.000000 0.853312 0.323139 0.323139 0.323139
7186.842773 0.000000 8559.329102 0.000000 0.877000 0.000000 0.480491 0.538842 0.538842 0.538842
7192.647949 0.000000 8562.463867 0.000000 0.006697 0.000000 0.999978 0.386849 0.386849 0.386849
7194.074707 0.000000 8553.698242 0.000000 0.323642 0.000000 0.946180 0.189898 0.189898 0.189898
7168.605957 0.000000 8567.432617 0.000000 0.944393 0.000000 0.328819 0.600689 0.600689 0.600689
7163.780273 0.000000 8558.086914 0.000000 0.999661 0.000000 0.026048 0.747610 0.747610 0.747610
7141.240234 0.000000 8577.291992 0.000000 0.900453 0.000000 0.434954 0.715455 0.715455 0.715455
7165.436035 0.000000 8565.085938 0.000000 0.754356 0.000000 0.656465 0.493892 0.493892 0.493892
7191.159180 0.000000 8550.631836 0.000000 0.337916 0.000000 0.941176 0.424003 0.424003 0.424003
7145.965332 0.000000 8568.517578 0.000000 0.249015 0.000000 0.968500 0.176969 0.176969 0.176969
7133.529785 0.000000 8568.433594 0.000000 0.999678 0.000000 0.025377 0.741066 0.741066 0.741066
7184.230957 0.000000 8565.831055 0.000000 0.290192 0.000000 0.956968 0.331770 0.331770 0.331770
7182.244629 0.000000 8558.519531 0.000000 0.821184 0.000000 -0.570663 0.960371 0.960371 0.960371
7197.250000 0.000000 8556.505859 0.000000 0.802060 0.000000 0.597243 0.553453 0.553453 0.553453
7186.068359 0.000000 8556.817383 0.000000 0.081502 0.000000 -0.996673 1.279796 1.279796 1.279796
7133.498047 0.000000 8564.142578 0.000000 0.865348 0.000000 0.501172 0.532773 0.532773 0.532773
7164.263184 0.000000 8568.950195 0.000000 0.699316 0.000000 0.714813 0.410028 0.410028 0.410028
7189.222656 0.000000 8566.041016 0.000000 0.124530 0.000000 -0.992216 1.007203 1.007203 1.007203
7167.450195 0.000000 8571.719727 0.000000 0.576946 0.000000 0.816782 0.447546 0.447546 0.447546
7190.726562 0.000000 8557.272461 0.000000 0.935910 0.000000 0.352239 0.588915 0.588915 0.588915
7196.156250 0.000000 8538.682617 0.000000 0.530119 0.000000 -0.847923 0.875069 0.875069 0.875069
7205.023926 0.000000 8543.005859 0.000000 0.333646 0.000000 -0.942698 1.065681 1.065681 1.065681
7180.158691 0.000000 8571.208008 0.000000 0.730685 0.000000 -0.682715 0.871008 0.871008 0.871008
7171.898926 0.000000 8572.590820 0.000000 0.895531 0.000000 -0.444999 0.839805 0.839805 0.839805
7125.933594 0.000000 8565.038086 0.000000 0.999932 0.000000 0.011698 0.744568 0.744568 0.744568
7141.508789 0.000000 8567.095703 0.000000 0.218863 0.000000 -0.975756 1.369368 1.369368 1.369368
7128.990234 0.000000 8562.546875 0.000000 0.156053 0.000000 -0.987749 1.250431 1.250431 1.250431
7146.210938 0.000000 8576.760742 0.000000 0.451485 0.000000 -0.892279 0.857332 0.857332 0.857332
7178.233398 0.000000 8559.732422 0.000000 0.323974 0.000000 -0.946066 1.089219 1.089219 1.089219
7163.067383 0.000000 8564.369141 0.000000 0.128341 0.000000 -0.991730 1.249538 1.249538 1.249538
7189.967285 0.000000 8562.044922 0.000000 0.006648 0.000000 -0.999978 1.259599 1.259599 1.259599
7162.801270 0.000000 8561.707031 0.000000 0.392654 0.000000 0.919686 0.542365 0.542365 0.542365
7138.173828 0.000000 8568.932617 0.000000 0.389186 0.000000 -0.921159 1.201693 1.201693 1.201693
7146.503418 0.000000 8572.067383 0.000000 0.065864 0.000000 0.997829 0.349878 0.349878 0.349878
7159.948242 0.000000 8577.909180 0.000000 0.079480 0.000000 0.996836 0.568507 0.568507 0.568507
7199.048828 0.000000 8551.726562 0.000000 0.998200 0.000000 -0.059968 0.773931 0.773931 0.773931
7174.298340 0.000000 8558.756836 0.000000 0.994930 0.000000 0.100574 0.728496 0.728496 0.728496
7197.413086 0.000000 8562.966797 0.000000 0.074546 0.000000 -0.997218 0.943301 0.943301 0.943301
7161.523926 0.000000 8566.425781 0.000000 0.863095 0.000000 0.505041 0.533895 0.533895 0.533895
7168.340820 0.000000 8573.868164 0.000000 0.932142 0.000000 0.362092 0.673688 0.673688 0.673688
7164.186523 0.000000 8575.121094 0.000000 0.663316 0.000000 -0.748339 0.892490 0.892490 0.892490
7173.458496 0.000000 8567.179688 0.000000 0.841786 0.000000 -0.539811 0.989159 0.989159 0.989159
7160.552246 0.000000 8570.243164 0.000000 0.685574 0.000000 -0.728003 1.052301 1.052301 1.052301
7135.247559 0.000000 8575.497070 0.000000 0.070828 0.000000 0.997488 0.589919 0.589919 0.589919
7163.409180 0.000000 8573.021484 0.000000 0.956236 0.000000 -0.292597 0.830619 0.830619 0.830619
7137.115723 0.000000 8566.221680 0.000000 0.918591 0.000000 -0.395210 0.926495 0.926495 0.926495
7183.854980 0.000000 8556.581055 0.000000 0.903461 0.000000 0.428670 0.630550 0.630550 0.630550
7195.958984 0.000000 8564.756836 0.000000 0.574345 0.000000 0.818613 0.640467 0.640467 0.640467
7126.738770 0.000000 8562.776367 0.000000 0.353327 0.000000 -0.935500 1.193940 1.193940 1.193940
7130.651855 0.000000 8564.505859 0.000000 0.151006 0.000000 0.988533 0.141468 0.141468 0.141468
7171.775391 0.000000 8561.977539 0.000000 0.986734 0.000000 0.162346 0.708781 0.708781 0.708781
7195.747559 0.000000 8551.835938 0.000000 0.520373 0.000000 -0.853939 1.154366 1.154366 1.154366
7185.080078 0.000000 8567.916016 0.000000 0.531672 0.000000 -0.846951 1.005360 1.005360 1.005360
7191.758301 0.000000 8566.520508 0.000000 0.611010 0.000000 -0.791623 0.874857 0.874857 0.874857
7187.964355 0.000000 8550.742188 0.000000 0.018658 0.000000 0.999826 0.511688 0.511688 0.511688
7137.388184 0.000000 8575.551758 0.000000 0.959386 0.000000 0.282098 0.714123 0.714123 0.714123
7139.000977 0.000000 8561.673828 0.000000 0.400429 0.000000 0.916328 0.506986 0.506986 0.506986
7145.815430 0.000000 8561.004883 0.000000 0.267718 0.000000 -0.963497 0.971467 0.971467 0.971467
7142.456055 0.000000 8575.469727 0.000000 0.092437 0.000000 -0.995719 1.001874 1.001874 1.001874
7166.145508 0.000000 8567.105469 0.000000 0.847130 0.000000 -0.531386 1.012248 1.012248 1.012248
7154.884766 0.000000 8563.748047 0.000000 0.976503 0.000000 0.215504 0.701602 0.701602 0.701602
7196.444336 0.000000 8545.185547 0.000000 0.956316 0.000000 -0.292335 0.841655 0.841655 0.841655
7176.013672 0.000000 8560.295898 0.000000 0.355170 0.000000 -0.934802 1.143468 1.143468 1.143468
7148.870605 0.000000 8577.395508 0.000000 0.470061 0.000000 -0.882634 0.867444 0.867444 0.867444
7182.952637 0.000000 8554.576172 0.000000 0.996968 0.000000 0.077808 0.734833 0.734833 0.734833
7162.108398 0.000000 8568.620117 0.000000 0.545535 0.000000 -0.838088 1.185414 1.185414 1.185414
7190.950684 0.000000 8547.230469 0.000000 0.989399 0.000000 -0.145222 0.773195 0.773195 0.773195
7180.325684 0.000000 8567.070312 0.000000 0.529308 0.000000 -0.848430 1.068658 1.068658 1.068658
7185.302246 0.000000 8560.777344 0.000000 0.573309 0.000000 0.819339 0.307693 0.307693 0.307693
7174.791504 0.000000 8563.087891 0.000000 0.994469 0.000000 0.105031 0.711974 0.711974 0.711974
7170.417480 0.000000 8557.243164 0.000000 0.180588 0.000000 0.983559 0.630346 0.630346 0.630346
7181.934082 0.000000 8569.888672 0.000000 0.564918 0.000000 -0.825147 0.977138 0.977138 0.977138
7205.408691 0.000000 8549.319336 0.000000 0.980003 0.000000 -0.198982 0.802886 0.802886 0.802886
7141.493164 0.000000 8571.458008 0.000000 0.303464 0.000000 -0.952843 1.158949 1.158949 1.158949
7198.203613 0.000000 8558.465820 0.000000 0.917294 0.000000 -0.398211 0.828221 0.828221 0.828221
7203.197754 0.000000 8553.167969 0.000000 0.973450 0.000000 -0.228900 0.800162 0.800162 0.800162
7184.211914 0.000000 8552.750977 0.000000 0.927775 0.000000 -0.373139 0.814439 0.814439 0.814439
7187.396973 0.000000 8554.842773 0.000000 0.990172 0.000000 -0.139854 0.790197 0.790197 0.790197
7196.349121 0.000000 8540.973633 0.000000 0.984190 0.000000 0.177118 0.714993 0.714993 0.714993
7152.063477 0.000000 8560.448242 0.000000 0.008444 0.000000 -0.999964 0.981104 0.981104 0.981104
7134.866211 0.000000 8570.436523 0.000000 0.999646 0.000000 -0.026616 0.757377 0.757377 0.757377
7149.836914 0.000000 8568.283203 0.000000 0.991888 0.000000 0.127116 0.692244 0.692244 0.692244
7140.551270 0.000000 8565.235352 0.000000 0.795786 0.000000 0.605578 0.508838 0.508838 0.508838
7199.252441 0.000000 8547.538086 0.000000 0.861750 0.000000 0.507334 0.524839 0.524839 0.524839
7209.611816 0.000000 8548.321289 0.000000 0.686849 0.000000 0.726800 0.658591 0.658591 0.658591
7186.467285 0.000000 8552.807617 0.000000 0.505867 0.000000 0.862612 0.525971 0.525971 0.525971
7131.008301 0.000000 8557.422852 0.000000 0.573365 0.000000 -0.819300 0.836298 0.836298 0.836298
7170.154297 0.000000 8565.886719 0.000000 0.995375 0.000000 0.096062 0.710008 0.710008 0.710008
7154.065430 0.000000 8567.888672 0.000000 0.994982 0.000000 -0.100056 0.789596 0.789596 0.789596
7207.225098 0.000000 8541.748047 0.000000 0.780669 0.000000 0.624944 0.657729 0.657729 0.657729
7164.189941 0.000000 8560.125000 0.000000 0.394387 0.000000 0.918944 0.516515 0.516515 0.516515
7150.681641 0.000000 8565.983398 0.000000 0.112903 0.000000 0.993606 0.283286 0.283286 0.283286
7207.959473 0.000000 8549.751953 0.000000 0.513189 0.000000 -0.858275 0.947078 0.947078 0.947078
7136.855469 0.000000 8562.325195 0.000000 0.997726 0.000000 0.067399 0.729035 0.729035 0.729035
7177.366211 0.000000 8569.021484 0.000000 0.331843 0.000000 0.943335 0.376133 0.376133 0.376133
7152.767090 0.000000 8572.436523 0.000000 0.103330 0.000000 0.994647 0.329655 0.329655 0.329655
7144.732910 0.000000 8572.994141 0.000000 0.186212 0.000000 0.982510 0.384745 0.384745 0.384745
7135.392578 0.000000 8559.440430 0.000000 0.056073 0.000000 -0.998427 0.985399 0.985399 0.985399
7150.294922 0.000000 8573.483398 0.000000 0.979765 0.000000 -0.200152 0.807352 0.807352 0.807352
7152.453125 0.000000 8576.490234 0.000000 0.927694 0.000000 -0.373341 0.794417 0.794417 0.794417
7140.685547 0.000000 8573.329102 0.000000 0.011301 0.000000 0.999936 0.373318 0.373318 0.373318
7156.555176 0.000000 8571.288086 0.000000 0.954469 0.000000 -0.298310 0.865140 0.865140 0.865140
7154.149414 0.000000 8575.077148 0.000000 0.055853 0.000000 -0.998439 1.073366 1.073366 1.073366
7177.550293 0.000000 8556.499023 0.000000 0.796764 0.000000 -0.604290 0.856917 0.856917 0.856917
7201.490723 0.000000 8557.413086 0.000000 0.018889 0.000000 -0.999822 1.034769 1.034769 1.034769
7209.836426 0.000000 8543.983398 0.000000 0.998717 0.000000 -0.050631 0.755406 0.755406 0.755406
7142.460938 0.000000 8562.581055 0.000000 0.488398 0.000000 0.872621 0.470006 0.470006 0.470006
7153.969727 0.000000 8560.044922 0.000000 0.444642 0.000000 0.895709 0.585805 0.585805 0.585805
7194.962891 0.000000 8547.539062 0.000000 0.918115 0.000000 -0.396315 0.872081 0.872081 0.872081
7203.511719 0.000000 8540.030273 0.000000 0.970557 0.000000 0.240871 0.692153 0.692153 0.692153
7127.051270 0.000000 8558.601562 0.000000 0.489769 0.000000 -0.871852 0.972077 0.972077 0.972077
7205.090332 0.000000 8538.806641 0.000000 0.274349 0.000000 -0.961630 0.909773 0.909773 0.909773
7171.165039 0.000000 8570.385742 0.000000 0.117496 0.000000 0.993073 0.347342 0.347342 0.347342
7179.439453 0.000000 8561.757812 0.000000 0.998486 0.000000 -0.055012 0.769478 0.769478 0.769478
7202.165527 0.000000 8549.926758 0.000000 0.720263 0.000000 0.693701 0.497366 0.497366 0.497366
7172.913086 0.000000 8557.232422 0.000000 0.132451 0.000000 -0.991190 0.890007 0.890007 0.890007
7155.707031 0.000000 8566.546875 0.000000 0.716180 0.000000 -0.697915 1.055192 1.055192 1.055192
7200.087402 0.000000 8540.392578 0.000000 0.746844 0.000000 -0.664999 0.935254 0.935254 0.935254
7168.415527 0.000000 8563.333008 0.000000 0.932207 0.000000 -0.361924 0.865106 0.865106 0.865106
7203.979980 0.000000 8546.566406 0.000000 0.970590 0.000000 0.240737 0.658044 0.658044 0.658044
7203.078125 0.000000 8542.709961 0.000000 0.836767 0.000000 -0.547559 0.932273 0.932273 0.932273
7140.042480 0.000000 8568.564453 0.000000 0.338013 0.000000 -0.941141 1.252728 1.252728 1.252728
7199.677734 0.000000 8560.612305 0.000000 0.523342 0.000000 -0.852123 0.889424 0.889424 0.889424
7156.338867 0.000000 8577.333984 0.000000 0.495702 0.000000 0.868493 0.618006 0.618006 0.618006
7195.842773 0.000000 8560.851562 0.000000 0.944043 0.000000 -0.329822 0.834332 0.834332 0.834332
7174.495605 0.000000 8571.317383 0.000000 0.782523 0.000000 0.622622 0.587663 0.587663 0.587663
7131.752441 0.000000 8560.758789 0.000000 0.668747 0.000000 0.743490 0.531826 0.531826 0.531826
7178.344238 0.000000 8571.003906 0.000000 0.510849 0.000000 0.859671 0.546589 0.546589 0.546589
7160.510742 0.000000 8576.166992 0.000000 0.732774 0.000000 0.680472 0.663118 0.663118 0.663118
7166.598633 0.000000 8563.665039 0.000000 0.986293 0.000000 -0.165006 0.799350 0.799350 0.799350
7203.777344 0.000000 8555.556641 0.000000 0.967364 0.000000 -0.253390 0.792692 0.792692 0.792692
7197.452148 0.000000 8552.740234 0.000000 0.261527 0.000000 -0.965196 1.292952 1.292952 1.292952
7175.002441 0.000000 8566.210938 0.000000 0.958223 0.000000 -0.286023 0.866775 0.866775 0.866775
7171.955078 0.000000 8566.158203 0.000000 0.866581 0.000000 0.499036 0.524011 0.524011 0.524011
7170.372070 0.000000 8573.645508 0.000000 0.032244 0.000000 -0.999480 1.049602 1.049602 1.049602
7177.779297 0.000000 8563.802734 0.000000 0.057596 0.000000 0.998340 0.146513 0.146513 0.146513
7143.320312 0.000000 8571.561523 0.000000 0.881101 0.000000 -0.472928 0.918794 0.918794 0.918794
7205.198242 0.000000 8552.447266 0.000000 0.570022 0.000000 0.821630 0.605560 0.605560 0.605560
7147.854004 0.000000 8575.907227 0.000000 0.086537 0.000000 0.996249 0.480443 0.480443 0.480443
7198.498535 0.000000 8543.668945 0.000000 0.979560 0.000000 0.201154 0.686289 0.686289 0.686289
7167.845215 0.000000 8560.220703 0.000000 0.146138 0.000000 0.989264 0.446012 0.446012 0.446012
7179.318848 0.000000 8555.837891 0.000000 0.870060 0.000000 -0.492946 0.810806 0.810806 0.810806
7183.710938 0.000000 8569.571289 0.000000 0.976221 0.000000 -0.216777 0.795415 0.795415 0.795415
7205.427734 0.000000 8547.553711 0.000000 0.507756 0.000000 -0.861501 1.061035 1.061035 1.061035
7149.815918 0.000000 8570.048828 0.000000 0.869299 0.000000 0.494287 0.559292 0.559292 0.559292
7141.100098 0.000000 8561.434570 0.000000 0.035186 0.000000 0.999381 0.445220 0.445220 0.445220
7173.071777 0.000000 8563.102539 0.000000 0.445232 0.000000 0.895415 0.355335 0.355335 0.355335
7174.935547 0.000000 8569.650391 0.000000 0.298586 0.000000 0.954383 0.339395 0.339395 0.339395
7143.728516 0.000000 8569.255859 0.000000 0.676413 0.000000 -0.736523 1.101895 1.101895 1.101895
7125.344238 0.000000 8561.616211 0.000000 0.790952 0.000000 0.611878 0.537949 0.537949 0.537949
7150.249512 0.000000 8560.371094 0.000000 0.916354 0.000000 -0.400370 0.811703 0.811703 0.811703
7144.464844 0.000000 8564.525391 0.000000 0.984555 0.000000 0.175078 0.690028 0.690028 0.690028
7207.549316 0.000000 8545.642578 0.000000 0.887558 0.000000 0.460696 0.647802 0.647802 0.647802
7157.854004 0.000000 8574.033203 0.000000 0.640396 0.000000 0.768045 0.564700 0.564700 0.564700
7156.432129 0.000000 8562.869141 0.000000 0.914089 0.000000 -0.405514 0.844599 0.844599 0.844599
7135.486328 0.000000 8572.033203 0.000000 0.444668 0.000000 0.895696 0.538007 0.538007 0.538007
7161.190918 0.000000 8561.205078 0.000000 0.837344 0.000000 0.546676 0.657947 0.657947 0.657947
7145.502930 0.000000 8566.875000 0.000000 0.152423 0.000000 0.988315 0.147392 0.147392 0.147392
7155.173828 0.000000 8561.434570 0.000000 0.777689 0.000000 0.628650 0.655806 0.655806 0.655806
7156.389160 0.000000 8572.992188 0.000000 0.303629 0.000000 -0.952790 1.123439 1.123439 1.123439
7148.845703 0.000000 8561.968750 0.000000 0.378803 0.000000 0.925477 0.568473 0.568473 0.568473
7189.571777 0.000000 8551.223633 0.000000 0.956953 0.000000 0.290242 0.691001 0.691001 0.691001
7195.102539 0.000000 8544.044922 0.000000 0.873425 0.000000 -0.486959 0.874753 0.874753 0.874753
7192.895020 0.000000 8546.743164 0.000000 0.492667 0.000000 0.870218 0.508855 0.508855 0.508855
7165.626465 0.000000 8561.030273 0.000000 0.804924 0.000000 -0.593378 0.877271 0.877271 0.877271
7154.864258 0.000000 8570.540039 0.000000 0.469695 0.000000 -0.882829 1.169314 1.169314 1.169314
7197.905762 0.000000 8548.676758 0.000000 0.586594 0.000000 -0.809881 1.137074 1.137074 1.137074
7172.595703 0.000000 8568.599609 0.000000 0.830389 0.000000 -0.557184 0.946971 0.946971 0.946971
7165.739746 0.000000 8575.902344 0.000000 0.891571 0.000000 0.452882 0.670798 0.670798 0.670798
7187.951172 0.000000 8567.211914 0.000000 0.926288 0.000000 -0.376816 0.832470 0.832470 0.832470
7126.046875 0.000000 8572.588867 0.000000 0.681715 0.000000 -0.731617 0.876007 0.876007 0.876007
7134.767090 0.000000 8562.849609 0.000000 0.894462 0.000000 -0.447145 0.901031 0.901031 0.901031
7200.333496 0.000000 8555.248047 0.000000 0.646956 0.000000 -0.762527 0.957843 0.957843 0.957843
7171.194336 0.000000 8560.320312 0.000000 0.461311 0.000000 0.887238 0.474140 0.474140 0.474140
7201.809082 0.000000 8539.490234 0.000000 0.627998 0.000000 0.778215 0.599714 0.599714 0.599714
7146.587402 0.000000 8570.148438 0.000000 0.532131 0.000000 -0.846662 1.107312 1.107312 1.107312
7201.837402 0.000000 8545.270508 0.000000 0.664312 0.000000 -0.747455 1.110407 1.110407 1.110407
7183.855957 0.000000 8571.236328 0.000000 0.829970 0.000000 0.557809 0.674657 0.674657 0.674657
7152.365723 0.000000 8565.969727 0.000000 0.924630 0.000000 -0.380867 0.874374 0.874374 0.874374
7190.880859 0.000000 8558.890625 0.000000 0.686678 0.000000 -0.726962 1.091360 1.091360 1.091360
7148.714844 0.000000 8573.927734 0.000000 0.092540 0.000000 0.995709 0.334852 0.334852 0.334852
7147.483887 0.000000 8564.302734 0.000000 0.663998 0.000000 -0.747735 1.036255 1.036255 1.036255
7151.341797 0.000000 8569.391602 0.000000 0.827541 0.000000 -0.561405 1.016751 1.016751 1.016751
7193.818848 0.000000 8563.668945 0.000000 0.013973 0.000000 0.999902 0.388538 0.388538 0.388538
7184.635742 0.000000 8562.277344 0.000000 0.428766 0.000000 0.903416 0.300259 0.300259 0.300259
7128.478027 0.000000 8559.567383 0.000000 0.686531 0.000000 0.727101 0.600618 0.600618 0.600618
7145.862305 0.000000 8563.541016 0.000000 0.895024 0.000000 0.446017 0.632274 0.632274 0.632274
7198.579590 0.000000 8555.542969 0.000000 0.906635 0.000000 -0.421916 0.882118 0.882118 0.882118
7161.000977 0.000000 8564.884766 0.000000 0.047623 0.000000 0.998865 0.259461 0.259461 0.259461
7130.104980 0.000000 8572.701172 0.000000 0.829662 0.000000 -0.558266 0.850921 0.850921 0.850921
7130.767578 0.000000 8559.020508 0.000000 0.300128 0.000000 0.953899 0.527181 0.527181 0.527181
7124.582520 0.000000 8568.594727 0.000000 0.999323 0.000000 0.036802 0.738903 0.738903 0.738903
7180.877930 0.000000 8557.644531 0.000000 0.384717 0.000000 -0.923035 1.023018 1.023018 1.023018
7197.884766 0.000000 8541.484375 0.000000 0.659049 0.000000 0.752100 0.582643 0.582643 0.582643
7195.364258 0.000000 8542.223633 0.000000 0.981976 0.000000 -0.189005 0.786316 0.786316 0.786316
7181.068848 0.000000 8568.487305 0.000000 0.699703 0.000000 -0.714434 0.936261 0.936261 0.936261
7187.218262 0.000000 8564.743164 0.000000 0.554344 0.000000 0.832287 0.460964 0.460964 0.460964
7127.115723 0.000000 8568.603516 0.000000 0.417957 0.000000 -0.908467 1.117014 1.117014 1.117014
7152.091309 0.000000 8562.702148 0.000000 0.878916 0.000000 -0.476976 0.865442 0.865442 0.865442
7173.078125 0.000000 8559.841797 0.000000 0.946802 0.000000 0.321817 0.689878 0.689878 0.689878
7198.155273 0.000000 8546.425781 0.000000 0.229269 0.000000 -0.973363 1.316817 1.316817 1.316817
7198.881836 0.000000 8550.173828 0.000000 0.725086 0.000000 0.688659 0.447039 0.447039 0.447039
7175.741211 0.000000 8561.845703 0.000000 0.151035 0.000000 0.988528 0.346092 0.346092 0.346092
7199.950684 0.000000 8558.431641 0.000000 0.178876 0.000000 0.983872 0.484348 0.484348 0.484348
7190.923828 0.000000 8554.541992 0.000000 0.052724 0.000000 -0.998609 1.335536 1.335536 1.335536
7159.630371 0.000000 8571.489258 0.000000 0.427074 0.000000 0.904217 0.322777 0.322777 0.322777
7133.778809 0.000000 8559.789062 0.000000 0.519918 0.000000 -0.854216 0.920651 0.920651 0.920651
7196.669922 0.000000 8559.393555 0.000000 0.272574 0.000000 0.962135 0.415451 0.415451 0.415451
7196.328125 0.000000 8548.722656 0.000000 0.578699 0.000000 0.815541 0.358943 0.358943 0.358943
7153.316895 0.000000 8563.615234 0.000000 0.895337 0.000000 -0.445390 0.857176 0.857176 0.857176
7153.785645 0.000000 8573.605469 0.000000 0.998396 0.000000 -0.056610 0.766226 0.766226 0.766226
7204.204590 0.000000 8541.659180 0.000000 0.499419 0.000000 -0.866361 0.956014 0.956014 0.956014
7150.413574 0.000000 8563.851562 0.000000 0.305631 0.000000 -0.952150 1.047310 1.047310 1.047310
7157.352051 0.000000 8568.556641 0.000000 0.913275 0.000000 -0.407344 0.941676 0.941676 0.941676
7181.605469 0.000000 8561.415039 0.000000 0.992030 0.000000 -0.126000 0.798730 0.798730 0.798730
7201.829102 0.000000 8548.443359 0.000000 0.895347 0.000000 -0.445369 0.928042 0.928042 0.928042
7192.575684 0.000000 8549.994141 0.000000 0.330194 0.000000 -0.943913 1.096664 1.096664 1.096664
7125.757812 0.000000 8571.100586 0.000000 0.678429 0.000000 0.734666 0.569227 0.569227 0.569227
7168.055664 0.000000 8570.230469 0.000000 0.825588 0.000000 0.564273 0.577118 0.577118 0.577118
7191.339355 0.000000 8548.855469 0.000000 0.989683 0.000000 -0.143277 0.780689 0.780689 0.780689
7193.268066 0.000000 8556.651367 0.000000 0.411931 0.000000 0.911215 0.254227 0.254227 0.254227
7200.861816 0.000000 8550.900391 0.000000 0.340413 0.000000 -0.940276 1.162341 1.162341 1.162341
7128.641602 0.000000 8567.712891 0.000000 0.417923 0.000000 -0.908482 1.225853 1.225853 1.225853
7132.368652 0.000000 8569.393555 0.000000 0.998671 0.000000 -0.051538 0.768150 0.768150 0.768150
7159.834961 0.000000 8562.359375 0.000000 0.931038 0.000000 0.364923 0.665368 0.665368 0.665368
7128.767090 0.000000 8570.959961 0.000000 0.537151 0.000000 0.843486 0.500038 0.500038 0.500038
7133.315918 0.000000 8562.470703 0.000000 0.997780 0.000000 -0.066599 0.772213 0.772213 0.772213
7176.489258 0.000000 8566.271484 0.000000 0.999043 0.000000 0.043735 0.733289 0.733289 0.733289
7205.948242 0.000000 8544.178711 0.000000 0.791746 0.000000 0.610851 0.555593 0.555593 0.555593
7192.545410 0.000000 8554.058594 0.000000 0.915994 0.000000 0.401192 0.569126 0.569126 0.569126
7146.984863 0.000000 8560.050781 0.000000 0.512877 0.000000 0.858462 0.577979 0.577979 0.577979
7135.832031 0.000000 8560.893555 0.000000 0.988050 0.000000 0.154135 0.712621 0.712621 0.712621
7171.896973 0.000000 8564.105469 0.000000 0.854325 0.000000 -0.519739 0.977185 0.977185 0.977185
7127.366211 0.000000 8570.091797 0.000000 0.160379 0.000000 -0.987055 1.085226 1.085226 1.085226
7182.057129 0.000000 8564.109375 0.000000 0.987198 0.000000 -0.159500 0.808187 0.808187 0.808187
7130.411621 0.000000 8561.838867 0.000000 0.928333 0.000000 0.371750 0.650867 0.650867 0.650867
7141.053711 0.000000 8574.841797 0.000000 0.381584 0.000000 -0.924334 0.937689 0.937689 0.937689
7201.193359 0.000000 8553.851562 0.000000 0.933575 0.000000 -0.358383 0.853632 0.853632 0.853632
7169.178223 0.000000 8564.741211 0.000000 0.448915 0.000000 -0.893575 1.182520 1.182520 1.182520
7137.361816 0.000000 8572.362305 0.000000 0.956173 0.000000 -0.292802 0.812317 0.812317 0.812317
7147.708008 0.000000 8571.168945 0.000000 0.976285 0.000000 -0.216489 0.827224 0.827224 0.827224
7124.408691 0.000000 8558.422852 0.000000 0.450610 0.000000 0.892721 0.479364 0.479364 0.479364
7176.071289 0.000000 8556.777344 0.000000 0.953085 0.000000 -0.302704 0.800672 0.800672 0.800672
7134.034180 0.000000 8571.708008 0.000000 0.430469 0.000000 0.902605 0.438026 0.438026 0.438026
7176.348633 0.000000 8563.240234 0.000000 0.030130 0.000000 0.999546 0.135548 0.135548 0.135548
7137.125000 0.000000 8567.796875 0.000000 0.234559 0.000000 0.972102 0.170498 0.170498 0.170498
7194.226562 0.000000 8558.753906 0.000000 0.850580 0.000000 0.525846 0.575822 0.575822 0.575822
7179.191406 0.000000 8563.276367 0.000000 0.499472 0.000000 0.866330 0.300719 0.300719 0.300719
7192.485840 0.000000 8564.550781 0.000000 0.153966 0.000000 -0.988076 0.983353 0.983353 0.983353
7138.188477 0.000000 8562.984375 0.000000 0.328367 0.000000 0.944550 0.386590 0.386590 0.386590
7159.687012 0.000000 8563.915039 0.000000 0.028059 0.000000 0.999606 0.400476 0.400476 0.400476
7179.828125 0.000000 8558.958008 0.000000 0.212410 0.000000 0.977181 0.379101 0.379101 0.379101
7130.011230 0.000000 8569.573242 0.000000 0.967843 0.000000 -0.251554 0.836655 0.836655 0.836655
7155.375000 0.000000 8565.144531 0.000000 0.966452 0.000000 -0.256848 0.829766 0.829766 0.829766
7147.355469 0.000000 8568.182617 0.000000 0.949864 0.000000 0.312663 0.610672 0.610672 0.610672
7188.123535 0.000000 8556.097656 0.000000 0.012577 0.000000 0.999921 0.128546 0.128546 0.128546
7202.252441 0.000000 8551.356445 0.000000 0.997006 0.000000 -0.077318 0.770868 0.770868 0.770868
7142.716309 0.000000 8568.176758 0.000000 0.371548 0.000000 0.928414 0.244154 0.244154 0.244154
7166.526367 0.000000 8570.535156 0.000000 0.997148 0.000000 -0.075467 0.773903 0.773903 0.773903
7162.029785 0.000000 8573.465820 0.000000 0.119297 0.000000 -0.992859 1.144004 1.144004 1.144004
7144.354004 0.000000 8561.174805 0.000000 0.992276 0.000000 0.124051 0.728808 0.728808 0.728808
7194.013672 0.000000 8561.785156 0.000000 0.955777 0.000000 -0.294092 0.824896 0.824896 0.824896
7177.568359 0.000000 8565.333984 0.000000 0.973293 0.000000 0.229568 0.642873 0.642873 0.642873
7188.634277 0.000000 8561.272461 0.000000 0.999577 0.000000 -0.029075 0.761434 0.761434 0.761434
7131.714844 0.000000 8571.750977 0.000000 0.534723 0.000000 0.845027 0.491782 0.491782 0.491782
7191.237793 0.000000 8562.895508 0.000000 0.955251 0.000000 0.295797 0.664536 0.664536 0.664536
7182.991699 0.000000 8566.593750 0.000000 0.305870 0.000000 -0.952073 1.106229 1.106229 1.106229
7132.214844 0.000000 8567.630859 0.000000 0.971740 0.000000 0.236052 0.646928 0.646928 0.646928
7142.713379 0.000000 8566.324219 0.000000 0.990601 0.000000 -0.136781 0.809090 0.809090 0.809090
7124.438965 0.000000 8570.408203 0.000000 0.965912 0.000000 -0.258871 0.807365 0.807365 0.807365
7144.098633 0.000000 8565.927734 0.000000 0.875519 0.000000 0.483184 0.578149 0.578149 0.578149
7187.110352 0.000000 8563.147461 0.000000 0.072787 0.000000 0.997348 0.203070 0.203070 0.203070
7172.985840 0.000000 8571.665039 0.000000 0.883609 0.000000 0.468225 0.625915 0.625915 0.625915
7183.422852 0.000000 8559.527344 0.000000 0.687414 0.000000 0.726266 0.468424 0.468424 0.468424
7196.021973 0.000000 8555.655273 0.000000 0.167980 0.000000 -0.985790 1.261905 1.261905 1.261905
7184.530762 0.000000 8564.405273 0.000000 0.103337 0.000000 -0.994646 1.230785 1.230785 1.230785
7189.637207 0.000000 8558.198242 0.000000 0.252719 0.000000 0.967540 0.136764 0.136764 0.136764
7177.918457 0.000000 8558.327148 0.000000 0.591061 0.000000 -0.806627 0.978425 0.978425 0.978425
7133.569824 0.000000 8565.577148 0.000000 0.897931 0.000000 -0.440136 0.938591 0.938591 0.938591
7169.806641 0.000000 8562.559570 0.000000 0.825025 0.000000 -0.565096 0.936663 0.936663 0.936663
7126.043945 0.000000 8567.682617 0.000000 0.919436 0.000000 -0.393241 0.912699 0.912699 0.912699
7158.264160 0.000000 8564.640625 0.000000 0.901505 0.000000 -0.432768 0.889949 0.889949 0.889949
7174.213379 0.000000 8568.411133 0.000000 0.966917 0.000000 -0.255090 0.833554 0.833554 0.833554
7192.679688 0.000000 8559.669922 0.000000 0.561622 0.000000 0.827394 0.390559 0.390559 0.390559
7153.565918 0.000000 8571.208008 0.000000 0.010520 0.000000 -0.999945 1.331374 1.331374 1.331374
7132.045410 0.000000 8564.127930 0.000000 0.269877 0.000000 -0.962895 1.286922 1.286922 1.286922
7141.518066 0.000000 8564.161133 0.000000 0.286857 0.000000 -0.957973 1.224489 1.224489 1.224489
7167.443848 0.000000 8566.570312 0.000000 0.348806 0.000000 0.937195 0.181489 0.181489 0.181489
7145.645020 0.000000 8574.081055 0.000000 0.200255 0.000000 -0.979744 0.996112 0.996112 0.996112
7148.501465 0.000000 8563.336914 0.000000 0.809784 0.000000 0.586728 0.600899 0.600899 0.600899
7174.631836 0.000000 8564.735352 0.000000 0.985990 0.000000 0.166806 0.678768 0.678768 0.678768
7135.911621 0.000000 8565.506836 0.000000 0.967749 0.000000 -0.251915 0.854425 0.854425 0.854425
7165.642578 0.000000 8568.647461 0.000000 0.898405 0.000000 0.439167 0.555896 0.555896 0.555896
7200.743164 0.000000 8542.369141 0.000000 0.416943 0.000000 -0.908933 1.138732 1.138732 1.138732
7189.660156 0.000000 8564.685547 0.000000 0.805539 0.000000 -0.592543 0.910313 0.910313 0.910313
7194.668945 0.000000 8550.924805 0.000000 0.894822 0.000000 0.446422 0.567172 0.567172 0.567172
7194.397461 0.000000 8552.335938 0.000000 0.538470 0.000000 -0.842645 1.202233 1.202233 1.202233
7128.591797 0.000000 8560.989258 0.000000 0.934031 0.000000 -0.357191 0.848484 0.848484 0.848484
7157.293945 0.000000 8575.370117 0.000000 0.195462 0.000000 -0.980711 1.040729 1.040729 1.040729
7186.970703 0.000000 8557.903320 0.000000 0.211064 0.000000 0.977472 0.266833 0.266833 0.266833
7140.619141 0.000000 8569.948242 0.000000 0.376435 0.000000 -0.926443 1.235858 1.235858 1.235858
7193.556152 0.000000 8555.019531 0.000000 0.541454 0.000000 0.840730 0.312456 0.312456 0.312456
7197.698730 0.000000 8554.472656 0.000000 0.997479 0.000000 0.070969 0.724066 0.724066 0.724066
7160.793457 0.000000 8574.125000 0.000000 0.869109 0.000000 0.494621 0.645371 0.645371 0.645371
7179.220703 0.000000 8566.200195 0.000000 0.413182 0.000000 -0.910649 1.153003 1.153003 1.153003
7159.519531 0.000000 8573.124023 0.000000 0.956757 0.000000 0.290889 0.663786 0.663786 0.663786
7139.941895 0.000000 8572.082031 0.000000 0.263357 0.000000 0.964698 0.452054 0.452054 0.452054
7182.609863 0.000000 8562.358398 0.000000 0.606763 0.000000 0.794883 0.342266 0.342266 0.342266
7186.633301 0.000000 8567.642578 0.000000 0.452335 0.000000 0.891848 0.514898 0.514898 0.514898
7203.964844 0.000000 8549.722656 0.000000 0.738109 0.000000 -0.674682 0.994039 0.994039 0.994039
7181.735840 0.000000 8567.153320 0.000000 0.609903 0.000000 -0.792476 1.037782 1.037782 1.037782
7168.558594 0.000000 8561.966797 0.000000 0.953307 0.000000 0.302002 0.678769 0.678769 0.678769
7164.666504 0.000000 8572.458984 0.000000 0.928971 0.000000 -0.370151 0.846555 0.846555 0.846555
7135.896973 0.000000 8567.128906 0.000000 0.998950 0.000000 -0.045813 0.770337 0.770337 0.770337
7194.440430 0.000000 8557.376953 0.000000 0.156158 0.000000 -0.987732 1.279517 1.279517 1.279517
7180.541992 0.000000 8565.710938 0.000000 0.998789 0.000000 0.049196 0.730556 0.730556 0.730556
7206.404785 0.000000 8542.872070 0.000000 0.961566 0.000000 -0.274575 0.801560 0.801560 0.801560
7189.777832 0.000000 8553.743164 0.000000 0.592896 0.000000 0.805279 0.494084 0.494084 0.494084
7189.422363 0.000000 8556.643555 0.000000 0.855597 0.000000 0.517643 0.533003 0.533003 0.533003
7150.202148 0.000000 8572.056641 0.000000 0.887253 0.000000 -0.461284 0.886452 0.886452 0.886452
7195.640625 0.000000 8546.343750 0.000000 0.715068 0.000000 0.699055 0.518098 0.518098 0.518098
7192.858398 0.000000 8552.721680 0.000000 0.354287 0.000000 -0.935137 1.207142 1.207142 1.207142
7149.332031 0.000000 8566.298828 0.000000 0.674638 0.000000 0.738149 0.409520 0.409520 0.409520
7159.413086 0.000000 8569.396484 0.000000 0.975455 0.000000 -0.220200 0.852681 0.852681 0.852681
7148.085938 0.000000 8565.550781 0.000000 0.815121 0.000000 0.579291 0.549859 0.549859 0.549859
7133.499512 0.000000 8567.034180 0.000000 0.383295 0.000000 -0.923626 1.259272 1.259272 1.259272
7183.162109 0.000000 8564.934570 0.000000 0.462945 0.000000 0.886387 0.354248 0.354248 0.354248
7199.902344 0.000000 8552.895508 0.000000 0.982104 0.000000 0.188342 0.682593 0.682593 0.682593
7160.160156 0.000000 8566.647461 0.000000 0.850657 0.000000 0.525722 0.524043 0.524043 0.524043
7147.591797 0.000000 8572.964844 0.000000 0.630256 0.000000 -0.776387 0.986346 0.986346 0.986346
7202.800781 0.000000 8547.272461 0.000000 0.191949 0.000000 -0.981405 1.271064 1.271064 1.271064
7188.139160 0.000000 8558.852539 0.000000 0.472211 0.000000 -0.881486 1.253062 1.253062 1.253062
7136.884766 0.000000 8569.515625 0.000000 0.541523 0.000000 0.840686 0.377931 0.377931 0.377931
7179.053711 0.000000 8567.590820 0.000000 0.947702 0.000000 -0.319158 0.864348 0.864348 0.864348
7182.624023 0.000000 8557.190430 0.000000 0.982334 0.000000 -0.187134 0.800756 0.800756 0.800756
7164.095703 0.000000 8565.283203 0.000000 0.746294 0.000000 0.665616 0.489531 0.489531 0.489531
7143.406250 0.000000 8563.677734 0.000000 0.289418 0.000000 -0.957203 1.087188 1.087188 1.087188
7151.447754 0.000000 8572.769531 0.000000 0.996473 0.000000 0.083910 0.726091 0.726091 0.726091
7185.514160 0.000000 8565.375977 0.000000 0.967144 0.000000 0.254230 0.665771 0.665771 0.665771
7192.701172 0.000000 8561.057617 0.000000 0.865846 0.000000 0.500311 0.590087 0.590087 0.590087
7187.654785 0.000000 8553.514648 0.000000 0.934903 0.000000 -0.354902 0.828123 0.828123 0.828123
7205.065430 0.000000 8550.657227 0.000000 0.297588 0.000000 0.954694 0.483955 0.483955 0.483955
7167.077637 0.000000 8573.328125 0.000000 0.852753 0.000000 0.522314 0.619316 0.619316 0.619316
7162.563965 0.000000 8563.077148 0.000000 0.877379 0.000000 -0.479798 0.881180 0.881180 0.881180
7185.980957 0.000000 8562.295898 0.000000 0.999916 0.000000 0.012939 0.744840 0.744840 0.744840
7137.094727 0.000000 8564.841797 0.000000 0.552315 0.000000 -0.833636 1.133876 1.133876 1.133876
7181.920410 0.000000 8559.854492 0.000000 0.820234 0.000000 -0.572028 0.937002 0.937002 0.937002
7198.031250 0.000000 8544.978516 0.000000 0.353055 0.000000 0.935603 0.296891 0.296891 0.296891
7180.539062 0.000000 8569.835938 0.000000 0.273603 0.000000 0.961843 0.447217 0.447217 0.447217
7130.265625 0.000000 8563.216797 0.000000 0.793940 0.000000 -0.607996 0.976381 0.976381 0.976381
7138.244141 0.000000 8571.325195 0.000000 0.955237 0.000000 -0.295841 0.843351 0.843351 0.843351
7129.492676 0.000000 8565.246094 0.000000 0.448463 0.000000 -0.893802 1.232408 1.232408 1.232408
7164.000488 0.000000 8570.323242 0.000000 0.969960 0.000000 -0.243263 0.833739 0.833739 0.833739
7166.132812 0.000000 8572.176758 0.000000 0.913305 0.000000 -0.407276 0.849748 0.849748 0.849748
7162.171387 0.000000 8572.126953 0.000000 0.579663 0.000000 -0.814856 1.008598 1.008598 1.008598
7124.633301 0.000000 8564.629883 0.000000 0.038272 0.000000 -0.999267 1.461635 1.461635 1.461635
7191.963379 0.000000 8551.708984 0.000000 0.037627 0.000000 -0.999292 1.157640 1.157640 1.157640
7131.004395 0.000000 8567.045898 0.000000 0.560440 0.000000 -0.828195 1.162958 1.162958 1.162958
7190.564941 0.000000 8565.833984 0.000000 0.024610 0.000000 0.999697 0.428645 0.428645 0.428645
7162.692383 0.000000 8565.694336 0.000000 0.317786 0.000000 0.948162 0.317905 0.317905 0.317905
7164.802246 0.000000 8567.500977 0.000000 0.186362 0.000000 0.982481 0.141308 0.141308 0.141308
7180.709961 0.000000 8564.375977 0.000000 0.754569 0.000000 0.656221 0.467203 0.467203 0.467203
7134.730957 0.000000 8564.721680 0.000000 0.464386 0.000000 0.885633 0.303916 0.303916 0.303916
7126.204102 0.000000 8559.729492 0.000000 0.725807 0.000000 -0.687898 0.909084 0.909084 0.909084
7199.808594 0.000000 8544.107422 0.000000 0.061311 0.000000 0.998119 0.184739 0.184739 0.184739
7164.351562 0.000000 8561.499023 0.000000 0.069719 0.000000 0.997567 0.449273 0.449273 0.449273
7189.790039 0.000000 8563.373047 0.000000 0.155505 0.000000 -0.987835 1.210895 1.210895 1.210895
7133.646973 0.000000 8569.758789 0.000000 0.835129 0.000000 -0.550055 0.955023 0.955023 0.955023
7156.291016 0.000000 8567.754883 0.000000 0.910413 0.000000 0.413701 0.580694 0.580694 0.580694
7154.550293 0.000000 8569.246094 0.000000 0.994843 0.000000 0.101430 0.701868 0.701868 0.701868
7146.789062 0.000000 8566.448242 0.000000 0.916376 0.000000 -0.400318 0.924286 0.924286 0.924286
7128.352051 0.000000 8566.143555 0.000000 0.685112 0.000000 -0.728438 1.090735 1.090735 1.090735
7200.538086 0.000000 8547.982422 0.000000 0.914245 0.000000 0.405161 0.562539 0.562539 0.562539
7195.297363 0.000000 8559.583984 0.000000 0.410419 0.000000 0.911897 0.388916 0.388916 0.388916
7195.104004 0.000000 8554.650391 0.000000 0.838476 0.000000 0.544938 0.510440 0.510440 0.510440
7190.116699 0.000000 8552.455078 0.000000 0.262882 0.000000 -0.964828 1.167770 1.167770 1.167770
7184.999512 0.000000 8555.916016 0.000000 0.874030 0.000000 0.485871 0.628402 0.628402 0.628402
7163.263184 0.000000 8567.980469 0.000000 0.410728 0.000000 0.911758 0.260102 0.260102 0.260102
7131.347656 0.000000 8570.226562 0.000000 0.222442 0.000000 -0.974946 1.095399 1.095399 1.095399
7127.079102 0.000000 8564.059570 0.000000 0.335162 0.000000 -0.942160 1.288487 1.288487 1.288487
7169.915039 0.000000 8567.232422 0.000000 0.922535 0.000000 0.385914 0.573440 0.573440 0.573440
7134.693848 0.000000 8567.694336 0.000000 0.767003 0.000000 -0.641644 1.059142 1.059142 1.059142
7196.017578 0.000000 8550.490234 0.000000 0.685723 0.000000 -0.727862 1.105649 1.105649 1.105649
7133.050293 0.000000 8560.954102 0.000000 0.900442 0.000000 -0.434977 0.862067 0.862067 0.862067
7127.168457 0.000000 8565.570312 0.000000 0.518028 0.000000 0.855364 0.300353 0.300353 0.300353
7168.315918 0.000000 8568.719727 0.000000 0.861689 0.000000 0.507437 0.552691 0.552691 0.552691
7176.816406 0.000000 8567.695312 0.000000 0.769168 0.000000 0.639046 0.485195 0.485195 0.485195
7145.230469 0.000000 8571.801758 0.000000 0.993521 0.000000 0.113649 0.710121 0.710121 0.710121
7194.122070 0.000000 8548.541016 0.000000 0.929619 0.000000 0.368522 0.620677 0.620677 0.620677
7196.950684 0.000000 8557.930664 0.000000 0.938337 0.000000 0.345722 0.641600 0.641600 0.641600
7195.439941 0.000000 8553.261719 0.000000 0.090423 0.000000 0.995903 0.082036 0.082036 0.082036
7156.822266 0.000000 8569.924805 0.000000 0.976372 0.000000 0.216095 0.650488 0.650488 0.650488
7191.009766 0.000000 8556.012695 0.000000 0.634215 0.000000 -0.773157 1.145508 1.145508 1.145508
7174.697266 0.000000 8560.114258 0.000000 0.063306 0.000000 0.997994 0.320971 0.320971 0.320971
7168.833496 0.000000 8566.000977 0.000000 0.708608 0.000000 -0.705603 1.099053 1.099053 1.099053
7187.890137 0.000000 8565.905273 0.000000 0.468310 0.000000 -0.883564 1.068491 1.068491 1.068491
7200.536133 0.000000 8545.944336 0.000000 0.378502 0.000000 0.925600 0.245128 0.245128 0.245128
7129.961426 0.000000 8567.908203 0.000000 0.868995 0.000000 0.494820 0.533866 0.533866 0.533866
7170.648438 0.000000 8569.061523 0.000000 0.999866 0.000000 -0.016394 0.755833 0.755833 0.755833
7153.341797 0.000000 8566.817383 0.000000 0.973218 0.000000 -0.229884 0.843379 0.843379 0.843379
7187.841797 0.000000 8560.180664 0.000000 0.132456 0.000000 0.991189 0.111893 0.111893 0.111893
7125.752930 0.000000 8563.658203 0.000000 0.807969 0.000000 0.589225 0.497522 0.497522 0.497522
7139.705078 0.000000 8564.248047 0.000000 0.251552 0.000000 -0.967844 1.240546 1.240546 1.240546
7204.729492 0.000000 8544.660156 0.000000 0.510572 0.000000 0.859835 0.443820 0.443820 0.443820
7126.124512 0.000000 8566.375977 0.000000 0.999420 0.000000 -0.034061 0.763714 0.763714 0.763714
7186.229004 0.000000 8555.483398 0.000000 0.532442 0.000000 0.846466 0.460853 0.460853 0.460853
7142.880859 0.000000 8570.281250 0.000000 0.571551 0.000000 0.820566 0.420232 0.420232 0.420232
7196.003418 0.000000 8556.955078 0.000000 0.021061 0.000000 0.999778 0.274115 0.274115 0.274115
7155.121094 0.000000 8573.607422 0.000000 0.412338 0.000000 -0.911031 1.093258 1.093258 1.093258
7160.839355 0.000000 8568.948242 0.000000 0.606402 0.000000 0.795158 0.333458 0.333458 0.333458
7167.237793 0.000000 8567.847656 0.000000 0.978188 0.000000 -0.207724 0.847949 0.847949 0.847949
7206.657715 0.000000 8546.698242 0.000000 0.159072 0.000000 0.987267 0.446163 0.446163 0.446163
7152.852539 0.000000 8568.613281 0.000000 0.472374 0.000000 0.881398 0.259144 0.259144 0.259144
7138.496582 0.000000 8565.696289 0.000000 0.996779 0.000000 -0.080201 0.779916 0.779916 0.779916
7202.419434 0.000000 8543.859375 0.000000 0.962889 0.000000 -0.269896 0.835966 0.835966 0.835966
7158.265625 0.000000 8565.958984 0.000000 0.999627 0.000000 0.027323 0.741455 0.741455 0.741455
7158.601562 0.000000 8568.241211 0.000000 0.071971 0.000000 0.997407 0.056844 0.056844 0.056844
7188.632324 0.000000 8562.549805 0.000000 0.675480 0.000000 0.737379 0.479853 0.479853 0.479853
7184.884766 0.000000 8557.476562 0.000000 0.948316 0.000000 -0.317327 0.849762 0.849762 0.849762
7144.684082 0.000000 8568.407227 0.000000 0.385988 0.000000 -0.922504 1.260210 1.260210 1.260210
7190.159668 0.000000 8560.791016 0.000000 0.397250 0.000000 0.917710 0.340863 0.340863 0.340863
7185.244629 0.000000 8566.625977 0.000000 0.949303 0.000000 -0.314362 0.830834 0.830834 0.830834
7176.966309 0.000000 8559.436523 0.000000 0.375246 0.000000 -0.926925 1.038721 1.038721 1.038721
7192.061523 0.000000 8557.083008 0.000000 0.999554 0.000000 0.029878 0.737075 0.737075 0.737075
7166.053223 0.000000 8562.511719 0.000000 0.429337 0.000000 -0.903144 1.085534 1.085534 1.085534
7185.817383 0.000000 8558.540039 0.000000 0.493432 0.000000 -0.869785 1.152891 1.152891 1.152891
7127.770020 0.000000 8561.969727 0.000000 0.936741 0.000000 -0.350024 0.854453 0.854453 0.854453
7161.123535 0.000000 8567.631836 0.000000 0.650827 0.000000 0.759226 0.398094 0.398094 0.398094
7198.340332 0.000000 8557.208008 0.000000 0.578398 0.000000 -0.815755 0.985797 0.985797 0.985797
7191.132324 0.000000 8561.621094 0.000000 0.661549 0.000000 0.749902 0.451523 0.451523 0.451523
7176.188965 0.000000 8569.725586 0.000000 0.533525 0.000000 0.845785 0.444232 0.444232 0.444232
7199.181152 0.000000 8548.860352 0.000000 0.385361 0.000000 -0.922766 1.286910 1.286910 1.286910
7163.661621 0.000000 8571.678711 0.000000 0.782910 0.000000 0.622135 0.511120 0.511120 0.511120
7177.330078 0.000000 8560.664062 0.000000 0.875642 0.000000 0.482961 0.585786 0.585786 0.585786
7196.975098 0.000000 8551.516602 0.000000 0.728100 0.000000 -0.685471 1.079494 1.079494 1.079494
7131.045898 0.000000 8565.708984 0.000000 0.654633 0.000000 -0.755947 1.117509 1.117509 1.117509
7152.970703 0.000000 8564.853516 0.000000 0.999763 0.000000 0.021783 0.743066 0.743066 0.743066
7134.776367 0.000000 8569.193359 0.000000 0.541425 0.000000 0.840749 0.389107 0.389107 0.389107
7164.333008 0.000000 8573.889648 0.000000 0.973754 0.000000 0.227604 0.691529 0.691529 0.691529
7165.369629 0.000000 8569.870117 0.000000 0.861955 0.000000 -0.506985 0.976981 0.976981 0.976981
7170.953125 0.000000 8571.717773 0.000000 0.453568 0.000000 -0.891221 1.054837 1.054837 1.054837
7164.513672 0.000000 8564.111328 0.000000 0.160071 0.000000 -0.987105 1.254271 1.254271 1.254271
7152.207520 0.000000 8570.330078 0.000000 0.189175 0.000000 -0.981943 1.264379 1.264379 1.264379
7172.601074 0.000000 8561.034180 0.000000 0.193412 0.000000 0.981118 0.378951 0.378951 0.378951
7156.880859 0.000000 8566.012695 0.000000 0.998329 0.000000 -0.057792 0.772953 0.772953 0.772953
7186.627930 0.000000 8560.559570 0.000000 0.975721 0.000000 0.219018 0.652014 0.652014 0.652014
7166.518555 0.000000 8565.742188 0.000000 0.478388 0.000000 0.878149 0.336520 0.336520 0.336520
7161.770996 0.000000 8570.017578 0.000000 0.047197 0.000000 0.998886 0.185151 0.185151 0.185151
7184.076172 0.000000 8555.100586 0.000000 0.990861 0.000000 0.134889 0.717573 0.717573 0.717573
7157.889648 0.000000 8571.166016 0.000000 0.089649 0.000000 -0.995973 1.312938 1.312938 1.312938
7164.948242 0.000000 8566.208984 0.000000 0.217463 0.000000 0.976068 0.155282 0.155282 0.155282
7169.205566 0.000000 8570.799805 0.000000 0.974531 0.000000 -0.224251 0.815218 0.815218 0.815218
7202.884766 0.000000 8545.889648 0.000000 0.971091 0.000000 0.238710 0.660187 0.660187 0.660187
7148.606934 0.000000 8568.147461 0.000000 0.258855 0.000000 0.965916 0.156880 0.156880 0.156880
7186.435547 0.000000 8554.038086 0.000000 0.018042 0.000000 -0.999837 1.194831 1.194831 1.194831
7128.181641 0.000000 8563.490234 0.000000 0.992966 0.000000 0.118397 0.708002 0.708002 0.708002
7183.485840 0.000000 8558.048828 0.000000 0.167363 0.000000 -0.985895 1.235870 1.235870 1.235870
7150.625977 0.000000 8567.227539 0.000000 0.661000 0.000000 -0.750386 1.091638 1.091638 1.091638
7137.041504 0.000000 8563.538086 0.000000 0.750556 0.000000 -0.660807 0.974379 0.974379 0.974379
7161.353516 0.000000 8571.186523 0.000000 0.860941 0.000000 -0.508704 0.947855 0.947855 0.947855
7184.086426 0.000000 8567.156250 0.000000 0.044239 0.000000 0.999021 0.364127 0.364127 0.364127
7163.097656 0.000000 8569.375000 0.000000 0.997791 0.000000 -0.066431 0.779128 0.779128 0.779128
7178.517578 0.000000 8560.943359 0.000000 0.801303 0.000000 -0.598259 0.976956 0.976956 0.976956
7193.807129 0.000000 8549.896484 0.000000 0.477390 0.000000 -0.878691 1.051396 1.051396 1.051396
7171.093262 0.000000 8565.059570 0.000000 0.991467 0.000000 -0.130359 0.804342 0.804342 0.804342
7188.568359 0.000000 8554.376953 0.000000 0.222061 0.000000 0.975033 0.298581 0.298581 0.298581
7141.228027 0.000000 8568.278320 0.000000 0.617225 0.000000 0.786787 0.378657 0.378657 0.378657
7173.764648 0.000000 8565.958984 0.000000 0.830196 0.000000 -0.557471 1.010198 1.010198 1.010198
7148.945312 0.000000 8570.962891 0.000000 0.079775 0.000000 -0.996813 1.299954 1.299954 1.299954
7169.480957 0.000000 8568.374023 0.000000 0.249754 0.000000 0.968309 0.261231 0.261231 0.261231
7125.798828 0.000000 8558.574219 0.000000 0.889121 0.000000 -0.457672 0.866603 0.866603 0.866603
7141.650879 0.000000 8565.692383 0.000000 0.092680 0.000000 -0.995696 1.297944 1.297944 1.297944
7124.987305 0.000000 8565.791992 0.000000 0.993007 0.000000 -0.118053 0.804947 0.804947 0.804947
7159.031250 0.000000 8567.027344 0.000000 0.368847 0.000000 -0.929490 1.225808 1.225808 1.225808
7137.952148 0.000000 8570.101562 0.000000 0.603306 0.000000 -0.797509 1.019650 1.019650 1.019650
7181.071289 0.000000 8558.932617 0.000000 0.704847 0.000000 -0.709359 0.992156 0.992156 0.992156
7139.264160 0.000000 8569.596680 0.000000 0.999955 0.000000 0.009449 0.746355 0.746355 0.746355
7179.406250 0.000000 8560.143555 0.000000 0.917140 0.000000 -0.398564 0.895076 0.895076 0.895076
7146.127441 0.000000 8562.190430 0.000000 0.527168 0.000000 0.849761 0.495200 0.495200 0.495200
7129.306641 0.000000 8563.996094 0.000000 0.448150 0.000000 0.893959 0.358566 0.358566 0.358566
7203.927734 0.000000 8543.604492 0.000000 0.111391 0.000000 -0.993777 1.209005 1.209005 1.209005
7140.324707 0.000000 8567.400391 0.000000 0.308982 0.000000 0.951068 0.173513 0.173513 0.173513
7138.079590 0.000000 8567.081055 0.000000 0.304097 0.000000 -0.952641 1.295765 1.295765 1.295765
7138.977051 0.000000 8568.019531 0.000000 0.904824 0.000000 0.425786 0.580350 0.580350 0.580350
7197.149414 0.000000 8544.140625 0.000000 0.397480 0.000000 0.917611 0.390994 0.390994 0.390994
7162.274902 0.000000 8567.329102 0.000000 0.696187 0.000000 0.717860 0.408163 0.408163 0.408163
7135.647461 0.000000 8562.052734 0.000000 0.186081 0.000000 0.982534 0.299216 0.299216 0.299216
7201.913086 0.000000 8542.598633 0.000000 0.356758 0.000000 0.934197 0.339020 0.339020 0.339020
7126.539062 0.000000 8561.618164 0.000000 0.912074 0.000000 -0.410025 0.873405 0.873405 0.873405
7184.187988 0.000000 8560.421875 0.000000 0.985072 0.000000 -0.172144 0.829688 0.829688 0.829688
7198.618652 0.000000 8552.860352 0.000000 0.577657 0.000000 0.816280 0.410272 0.410272 0.410272
7172.241211 0.000000 8567.313477 0.000000 0.305069 0.000000 0.952330 0.221201 0.221201 0.221201
7177.969238 0.000000 8568.018555 0.000000 0.314948 0.000000 -0.949109 1.129283 1.129283 1.129283
7161.919922 0.000000 8564.041016 0.000000 0.603344 0.000000 -0.797481 1.047292 1.047292 1.047292
7145.375488 0.000000 8569.501953 0.000000 0.167129 0.000000 0.985935 0.140590 0.140590 0.140590
7139.414551 0.000000 8562.954102 0.000000 0.285935 0.000000 -0.958249 1.126519 1.126519 1.126519
7154.520020 0.000000 8566.806641 0.000000 0.935541 0.000000 -0.353219 0.892627 0.892627 0.892627
7171.202148 0.000000 8562.969727 0.000000 0.511545 0.000000 -0.859257 1.094559 1.094559 1.094559
7140.104492 0.000000 8562.044922 0.000000 0.576899 0.000000 0.816816 0.477953 0.477953 0.477953
7170.971680 0.000000 8566.734375 0.000000 0.947445 0.000000 -0.319918 0.890849 0.890849 0.890849
7171.980469 0.000000 8569.613281 0.000000 0.058672 0.000000 0.998277 0.212062 0.212062 0.212062
7194.005859 0.000000 8546.906250 0.000000 0.894080 0.000000 -0.447907 0.889135 0.889135 0.889135
7185.388184 0.000000 8559.585938 0.000000 0.867686 0.000000 0.497112 0.551272 0.551272 0.551272
7174.552734 0.000000 8567.360352 0.000000 0.656230 0.000000 -0.754561 1.094190 1.094190 1.094190
7154.099121 0.000000 8564.548828 0.000000 0.992859 0.000000 -0.119294 0.786720 0.786720 0.786720
7135.760742 0.000000 8569.766602 0.000000 0.576113 0.000000 0.817370 0.404225 0.404225 0.404225
7197.094727 0.000000 8546.125977 0.000000 0.884761 0.000000 0.466045 0.573892 0.573892 0.573892
7155.214355 0.000000 8568.093750 0.000000 0.424144 0.000000 -0.905595 1.286620 1.286620 1.286620
7173.850586 0.000000 8562.314453 0.000000 0.302298 0.000000 0.953214 0.300431 0.300431 0.300431
7187.236328 0.000000 8556.775391 0.000000 0.995348 0.000000 0.096346 0.715671 0.715671 0.715671
7157.199219 0.000000 8572.181641 0.000000 0.939073 0.000000 -0.343719 0.853803 0.853803 0.853803
7173.923828 0.000000 8563.817383 0.000000 0.926703 0.000000 0.375795 0.612943 0.612943 0.612943
7178.478027 0.000000 8562.357422 0.000000 0.391849 0.000000 -0.920030 1.250885 1.250885 1.250885
7150.960938 0.000000 8564.895508 0.000000 0.862237 0.000000 -0.506505 0.920057 0.920057 0.920057
7198.117676 0.000000 8551.131836 0.000000 0.972689 0.000000 0.232112 0.656576 0.656576 0.656576
7200.776367 0.000000 8544.772461 0.000000 0.986306 0.000000 -0.164925 0.820731 0.820731 0.820731
7199.759766 0.000000 8550.876953 0.000000 0.223033 0.000000 -0.974811 1.286765 1.286765 1.286765
7180.581055 0.000000 8561.923828 0.000000 0.786471 0.000000 -0.617627 1.006780 1.006780 1.006780
7146.412109 0.000000 8567.480469 0.000000 0.886936 0.000000 -0.461893 0.953174 0.953174 0.953174
7200.203125 0.000000 8551.861328 0.000000 0.956304 0.000000 0.292376 0.649999 0.649999 0.649999
7140.289062 0.000000 8566.306641 0.000000 0.994137 0.000000 0.108127 0.700301 0.700301 0.700301
7149.188965 0.000000 8569.147461 0.000000 0.113591 0.000000 -0.993528 1.410183 1.410183 1.410183
7159.097168 0.000000 8570.490234 0.000000 0.751864 0.000000 -0.659319 1.022290 1.022290 1.022290
7190.184570 0.000000 8559.712891 0.000000 0.417670 0.000000 -0.908599 1.228104 1.228104 1.228104
7132.608398 0.000000 8565.044922 0.000000 0.673960 0.000000 -0.738768 1.093969 1.093969 1.093969
7197.087891 0.000000 8555.394531 0.000000 0.713333 0.000000 0.700825 0.466465 0.466465 0.466465
7199.585449 0.000000 8546.510742 0.000000 0.483933 0.000000 -0.875105 1.200947 1.200947 1.200947
7191.977539 0.000000 8558.759766 0.000000 0.896209 0.000000 0.443633 0.557214 0.557214 0.557214
7151.529297 0.000000 8566.670898 0.000000 0.967866 0.000000 -0.251466 0.852331 0.852331 0.852331
7166.854004 0.000000 8564.716797 0.000000 0.118701 0.000000 -0.992930 1.309989 1.309989 1.309989
7175.499023 0.000000 8563.920898 0.000000 0.949371 0.000000 -0.314157 0.865484 0.865484 0.865484
7173.499023 0.000000 8569.213867 0.000000 0.940944 0.000000 -0.338562 0.865114 0.865114 0.865114
7196.378906 0.000000 8552.772461 0.000000 0.979882 0.000000 0.199580 0.666479 0.666479 0.666479
7145.992188 0.000000 8571.057617 0.000000 0.222113 0.000000 0.975021 0.278425 0.278425 0.278425
7198.192871 0.000000 8547.632812 0.000000 0.049956 0.000000 -0.998751 1.393557 1.393557 1.393557
7152.216797 0.000000 8571.479492 0.000000 0.360959 0.000000 0.932582 0.302309 0.302309 0.302309
7155.464844 0.000000 8571.420898 0.000000 0.970247 0.000000 0.242116 0.655217 0.655217 0.655217
7145.072754 0.000000 8565.460938 0.000000 0.944015 0.000000 -0.329901 0.864569 0.864569 0.864569
7132.623047 0.000000 8563.238281 0.000000 0.792637 0.000000 0.609694 0.531471 0.531471 0.531471
7183.620117 0.000000 8561.811523 0.000000 0.514163 0.000000 -0.857693 1.184254 1.184254 1.184254
7140.492188 0.000000 8571.135742 0.000000 0.795820 0.000000 -0.605533 0.960694 0.960694 0.960694
7125.892578 0.000000 8560.739258 0.000000 0.177039 0.000000 0.984204 0.301436 0.301436 0.301436
7146.927734 0.000000 8569.153320 0.000000 0.744339 0.000000 -0.667802 1.070394 1.070394 1.070394
7141.576172 0.000000 8570.379883 0.000000 0.490930 0.000000 -0.871199 1.092598 1.092598 1.092598
7139.520508 0.000000 8565.383789 0.000000 0.796944 0.000000 -0.604053 0.991666 0.991666 0.991666
7149.842285 0.000000 8565.378906 0.000000 0.991264 0.000000 -0.131894 0.792849 0.792849 0.792849
7155.883789 0.000000 8570.436523 0.000000 0.253611 0.000000 -0.967306 1.259441 1.259441 1.259441
7149.419922 0.000000 8567.357422 0.000000 0.988204 0.000000 -0.153143 0.813046 0.813046 0.813046
7167.746094 0.000000 8564.187500 0.000000 0.578975 0.000000 0.815346 0.382286 0.382286 0.382286
7178.579102 0.000000 8565.398438 0.000000 0.909870 0.000000 0.414893 0.575368 0.575368 0.575368
7150.862305 0.000000 8568.417969 0.000000 0.685862 0.000000 0.727731 0.385279 0.385279 0.385279
7172.219727 0.000000 8565.149414 0.000000 0.701640 0.000000 -0.712531 1.098977 1.098977 1.098977
7150.163086 0.000000 8571.009766 0.000000 0.741330 0.000000 -0.671140 1.021391 1.021391 1.021391
7125.529297 0.000000 8562.620117 0.000000 0.790252 0.000000 -0.612782 1.014289 1.014289 1.014289
7180.179199 0.000000 8563.500000 0.000000 0.185793 0.000000 -0.982589 1.369312 1.369312 1.369312
7131.234863 0.000000 8563.523438 0.000000 0.834355 0.000000 0.551227 0.547762 0.547762 0.547762
7145.487305 0.000000 8564.498047 0.000000 0.731679 0.000000 -0.681649 1.005589 1.005589 1.005589
7172.761719 0.000000 8562.126953 0.000000 0.686808 0.000000 -0.726839 1.039483 1.039483 1.039483
7175.756836 0.000000 8567.037109 0.000000 0.863737 0.000000 0.503942 0.537381 0.537381 0.537381
7184.982910 0.000000 8563.193359 0.000000 0.881669 0.000000 -0.471868 0.945985 0.945985 0.945985
7201.377441 0.000000 8549.340820 0.000000 0.921113 0.000000 -0.389296 0.904235 0.904235 0.904235
7198.041504 0.000000 8549.649414 0.000000 0.999800 0.000000 -0.020010 0.759143 0.759143 0.759143
7177.329590 0.000000 8562.910156 0.000000 0.965314 0.000000 -0.261092 0.855350 0.855350 0.855350
7196.519531 0.000000 8549.679688 0.000000 0.258465 0.000000 -0.966021 1.286915 1.286915 1.286915
7191.466309 0.000000 8557.884766 0.000000 0.017844 0.000000 -0.999841 1.444956 1.444956 1.444956
7175.788574 0.000000 8565.593750 0.000000 0.341105 0.000000 -0.940025 1.269695 1.269695 1.269695
7198.938477 0.000000 8544.531250 0.000000 0.537001 0.000000 -0.843582 1.125950 1.125950 1.125950
7152.828613 0.000000 8567.659180 0.000000 0.044647 0.000000 0.999003 0.135626 0.135626 0.135626
7197.164062 0.000000 8553.659180 0.000000 0.598658 0.000000 -0.801005 1.136151 1.136151 1.136151
7184.424316 0.000000 8561.336914 0.000000 0.546867 0.000000 0.837220 0.292989 0.292989 0.292989
7150.288086 0.000000 8569.184570 0.000000 0.999505 0.000000 -0.031460 0.764081 0.764081 0.764081
7178.434082 0.000000 8564.472656 0.000000 0.500939 0.000000 0.865483 0.322992 0.322992 0.322992
7172.874023 0.000000 8566.343750 0.000000 0.781261 0.000000 -0.624204 1.032736 1.032736 1.032736
7182.077148 0.000000 8563.162109 0.000000 0.964580 0.000000 0.263792 0.631537 0.631537 0.631537
7176.581055 0.000000 8562.279297 0.000000 0.316366 0.000000 0.948637 0.251909 0.251909 0.251909
7201.997070 0.000000 8546.199219 0.000000 0.996438 0.000000 0.084329 0.712059 0.712059 0.712059
7186.304199 0.000000 8561.430664 0.000000 0.975590 0.000000 0.219598 0.651750 0.651750 0.651750
7170.213379 0.000000 8564.763672 0.000000 0.493138 0.000000 0.869951 0.311420 0.311420 0.311420
7200.431152 0.000000 8546.975586 0.000000 0.738725 0.000000 0.674007 0.417630 0.417630 0.417630
7177.126953 0.000000 8564.498047 0.000000 0.908062 0.000000 0.418835 0.550131 0.550131 0.550131
7151.937500 0.000000 8568.633789 0.000000 0.999035 0.000000 -0.043930 0.769665 0.769665 0.769665
7131.672852 0.000000 8564.996094 0.000000 0.844110 0.000000 -0.536170 0.992645 0.992645 0.992645
7179.852539 0.000000 8562.614258 0.000000 0.995019 0.000000 0.099688 0.707184 0.707184 0.707184
7144.593750 0.000000 8566.736328 0.000000 0.300287 0.000000 -0.953849 1.288014 1.288014 1.288014
7189.036621 0.000000 8558.952148 0.000000 0.740408 0.000000 0.672158 0.406332 0.406332 0.406332
7142.789062 0.000000 8569.186523 0.000000 0.328875 0.000000 0.944374 0.224788 0.224788 0.224788
7152.483887 0.000000 8569.441406 0.000000 0.455885 0.000000 -0.890039 1.249326 1.249326 1.249326
7142.995605 0.000000 8567.197266 0.000000 0.469270 0.000000 0.883054 0.283889 0.283889 0.283889
7155.308594 0.000000 8569.728516 0.000000 0.057244 0.000000 -0.998360 1.466985 1.466985 1.466985
7153.724609 0.000000 8568.765625 0.000000 0.776403 0.000000 -0.630236 1.060242 1.060242 1.060242
7185.322754 0.000000 8561.696289 0.000000 0.449600 0.000000 0.893230 0.241262 0.241262 0.241262
7158.166504 0.000000 8569.032227 0.000000 0.411250 0.000000 0.911523 0.219542 0.219542 0.219542
7176.707031 0.000000 8565.430664 0.000000 0.460544 0.000000 0.887637 0.244879 0.244879 0.244879
"}
