0;0;0;0;x;x
1;200;150;200;STORMWIND;x
2;236;199;116;SEVEN STARS;x
3;236;212;96;TWO MOONS;x
4;236;189;96;GAKAK;x
5;236;152;75;LUL'KAIL;x
6;34;208;152;DOETINLEM;x
7;139;208;111;NORTHSHIRE;x
8;231;208;58;NORTHFIELD;x
9;180;208;58;WESTBROOK;x
10;238;208;165;SOUTHMEAD;x
11;133;208;156;STONEFIELD;x
12;56;208;227;SUNNYGLADE;x
13;56;208;39;AZORA;x
14;156;208;41;EASTVALE;x
15;139;208;122;LONELY TOWER;x
16;229;208;212;STONECAIRN;x
17;56;214;71;MOONBROOK;x
18;92;214;96;SANDFOOT;x
19;201;214;92;JANSEN;x
20;154;113;84;STORMWIND MOUNTAINS;x
21;66;124;152;LAKESHIRE;x
22;185;166;125;THREE CORNERS;x
23;240;124;24;LAKERIDGE;x
24;107;124;84;ALTHER;x
25;92;124;96;BLACKROCK PASS;x
26;236;189;75;GE ZHENGTI;x
27;96;214;216;GOLD COAST;x
28;244;214;43;ALEXSTON;x
29;176;214;137;SENTINEL HILL;x
30;171;214;148;DEMONT;x
31;203;165;137;LANDENKING;x
32;90;214;225;MORTWAKE'S TOWER;x
33;184;124;152;GROKLA;x
34;238;124;161;SHALEWIND;x
35;238;124;73;STONEWATCH;x
36;116;169;174;HIGHLAND PATH;x
37;186;34;94;GRAND HAMLET;x
38;114;34;94;BRIGHTWOOD GROVE;x
39;56;34;86;TRANQUIL GARDENS;x
40;75;34;199;RICHGARDEN;x
41;36;34;176;YORGEN;x
42;144;34;146;GREAT MOUND;x
43;152;34;58;ADDLE;x
44;54;34;58;RAVEN HILL;x
45;214;34;223;VASSAYA;x
46;69;11;75;KARAZHAN;x
47;92;11;182;DEADMAN'S PASS;x
48;236;201;126;NALI;x
49;152;11;39;VICE;x
50;129;234;96;ZUL'GURUB;x
51;30;234;58;REN'KUNN;x
52;129;234;208;GOKUNTEA;x
53;30;234;159;ZUL'MARASH;x
54;195;234;79;BAMBALA;x
55;191;234;189;SOUTHREACH;x
56;45;234;182;OLRIAR;x
57;96;234;133;KULO'KE;x
58;227;234;54;ZIATA'JAI;x
59;71;234;135;BALIA'MAH;x
60;178;234;96;ZUL'MAMWE;x
61;54;234;34;ZUL'KUNDA;x
62;43;234;174;TKASHI;x
63;86;234;199;KAL'AI;x
64;154;234;66;BAL'LAL;x
65;54;234;131;ZUULDAIA;x
66;231;234;92;MIZJAH;x
67;180;88;99;NETHER HILL;x
68;107;88;189;ROCKARD;x
69;99;88;62;ROSESTONE;x
70;129;88;135;DREADMAUL;x
71;43;88;144;AGNEEPATH;x
72;180;88;152;DUL'ZIN;x
73;86;88;84;DARK PORTAL;x
74;53;41;32;DUNLIGH;x
75;167;88;171;DEIHSEI;x
76;139;0;17;TSLITCHIR;x
77;118;88;96;XOOJITH;x
78;204;88;221;BINANU;x
79;56;88;90;SURWICH;x
80;180;88;49;DEAD RAVINE;x
81;88;169;28;BLOODMIRE;x
82;69;169;75;SPLINTER JUNCTION;x
83;81;169;249;MISTY VALLEY;x
84;146;169;47;HARBORAGE;x
85;231;169;96;STONARD;x
86;49;169;2;NORTH SLOUGH;x
87;49;169;204;SOUTH SLOUGH;x
88;221;169;249;STAGALBOG;x
89;79;169;186;ROTTEN BEACH;x
90;84;169;99;MARSHTIDE;x
91;124;126;129;WILD CAPE;x
92;231;169;99;SORROWMURK;x
93;231;169;174;BOGPADDLE;x
94;124;126;234;SOUTH ISLANDS;x
95;139;126;159;SUROHI;x
96;139;126;81;LU'DEI;x
97;236;126;39;HARDWRENCH;x
98;32;126;39;NEK'MANI;x
99;204;126;159;KIHMU;x
100;66;126;216;VEKRISHE;x
101;122;126;39;FIKINNUN;x
102;114;204;62;IRONFORGE;x
103;73;51;81;BLACKROCK DEPTHS;x
104;103;51;124;BLACKROCK SPIRE;x
105;249;51;66;REDHELM;x
106;156;51;66;REDPATH;x
107;156;51;131;CAVEFALL;x
108;41;51;66;CHISELGRIP;x
109;107;51;62;THAURISSAN;x
110;75;154;59;KHOZIRIK;x
111;81;51;66;KHALFOK;x
112;249;51;133;JOUMINDAN;x
113;58;51;79;BORUAL;x
114;208;51;45;OGDERM;x
115;96;159;69;BHURDAK;x
116;139;159;17;BLACKCHAR;x
117;165;159;139;RONDAGG;x
118;122;159;189;DARRARHOR;x
119;204;159;144;DOMDITH;x
120;103;159;161;BRUDARN;x
121;184;159;79;DROGNUR;x
122;61;46;112;QIUTAN DE GE;x
123;107;159;131;BRUGODUN;x
124;90;60;75;OHULDUM;x
125;156;60;86;TYHMOGER;x
126;107;60;182;EGUDARM;x
127;58;60;54;RED DESERT;x
128;204;60;60;DUSTWIND;x
129;34;60;47;LETHLOR;x
130;49;60;11;GUNDORM;x
131;77;60;150;ERMURN;x
132;120;204;199;HELM'S BED;x
133;148;204;133;NORTHGATE;x
134;109;204;84;GOL'BOLAR;x
135;165;204;133;AMBERROAD;x
136;120;204;169;TUNDRID HILLS;x
137;212;204;180;ICE PASS;x
138;182;204;90;KHARANOS;x
139;238;204;34;IRONGATE;x
140;94;204;180;SHIMMER RIDGE;x
141;58;204;144;COLDRIDGE PASS;x
142;182;204;109;ANVILMAR;x
143;34;204;219;COLDRIDGE VALLEY;x
144;210;204;88;HIDING VALLEY;x
145;109;204;191;STORM RAVINE;x
146;216;204;135;GNOMEREGAN;x
147;69;204;223;ICEWIND PASS;x
148;204;204;174;ICEWIND VALLEY;x
149;126;204;161;NEW TINKERTOWN;x
150;120;204;101;FROSTMANE;x
151;103;204;186;FROZEN PASS;x
152;135;204;94;SOUTH COLDWATER;x
153;221;204;141;NORTH COLDWATER;x
154;167;204;131;THELSAMAR;x
155;197;204;88;STONYGLADE;x
156;234;204;9;NARROWHILL;x
157;139;204;118;STONESPLINTER VALLEY;x
158;79;204;204;HIDDEN RAVINE;x
159;186;204;214;GREENHILLS;x
160;223;204;32;STONEWROUGHT DAM;x
161;148;204;47;VALLEY OF KINGS;x
162;94;204;131;SILVERSTREAM;x
163;90;204;171;NORTH CROSSROADS;x
164;51;204;4;LOCH ISLANDS;x
165;210;204;199;SOUTHGATE;x
166;28;54;221;GRIM BATOL;x
167;71;54;86;WYRM'S BEND;x
168;71;54;229;WILDPASS;x
169;240;54;51;VERMILLION;x
170;154;116;69;TIVERFIL;x
171;240;116;186;ALBERLIN;x
172;60;54;176;THUNDERMAR;x
173;141;54;94;VIRID FOREST;x
174;47;54;62;RUGGED SLOPES;x
175;99;54;178;IRON RIDGE;x
176;114;54;56;THORVALD RAVINE;x
177;223;54;84;STORM COAST;x
178;105;54;223;THUNDER GROVE;x
179;225;54;60;WINDWARD HILLS;x
180;58;54;88;STORMCLAW;x
181;148;54;150;QUIET HIGHLANDS;x
182;204;54;195;DUNWALD;x
183;71;54;182;CRUCIBLE OF TIN;x
184;201;54;36;VERRALL DELTA;x
185;105;54;45;SEVERE COAST;x
186;201;54;118;CAPE OF FIST;x
187;71;54;64;WILDGULCH;x
188;114;54;30;GORRUARN;x
189;212;54;212;FLAT SHORE;x
190;199;54;62;VERDANT FOREST;x
191;111;54;161;LOOSE CLIFFS;x
192;234;54;24;VICTOR'S POINT;x
193;150;54;182;OBSIDIAN HILLS;x
194;90;54;122;ELEMENTIUM RAVINE;x
195;208;54;64;DEAD HIGHLANDS;x
196;77;54;212;LOW ISLANDS;x
197;116;54;64;SILVERSLOPES;x
198;176;135;41;MENETHIL HARBOR;x
199;133;135;182;DUN ALGAZ;x
200;88;135;49;MOSSHIDE FEN;x
201;79;135;191;UPLAND FOREST;x
202;163;135;120;SLABCHISEL'S SURVEY;x
203;135;135;62;DUN MODR;x
204;116;135;86;BOGPLAIN;x
205;159;135;191;DIREFORGE;x
206;210;135;45;CLIMBHILL;x
207;161;135;150;EAST FLOODPLAIN;x
208;41;135;216;WEST FLOODPLAIN;x
209;174;135;114;SALTSPRAY GLEN;x
210;77;135;133;NORTH DELTA;x
211;171;135;171;CENTRAL DELTA;x
212;144;135;90;SOUTH DELTA;x
213;62;135;148;ROCKY GORGE;x
214;109;204;75;HIGHGARDE;x
215;58;204;189;HIGHPOINT;x
216;107;146;105;STROMGARDE;x
217;189;146;141;SOUTH HIGHLANDS;x
218;90;146;227;OLD GULLY;x
219;66;146;56;ZOLNANJI;x
220;99;146;51;GO'SHEK;x
221;105;75;163;WINDY GLEN;x
222;223;146;122;DRYHILL;x
223;66;146;124;DABYRIE;x
224;178;146;178;NORTHIGHLANDS;x
225;120;146;195;GREENHILL;x
226;54;146;139;NORTHREACH;x
227;39;146;19;NORTHFOLD;x
228;171;146;182;FALDIR'S COVE;x
229;197;75;21;WEST COAST;x
230;129;204;171;VAN'KEIKI;x
231;105;75;21;EAST COAST;x
232;165;75;122;HILLSBRAD;x
233;120;75;34;DURNHOLDE;x
234;51;75;214;DUN GAROK;x
235;208;75;137;NETHANDER STEAD;x
236;246;75;28;EASTPOINT;x
237;120;75;148;SOUTHSHORE;x
238;36;75;240;DARROW HILL;x
239;94;75;186;WESTERN STRAND;x
240;186;75;77;SOUTHPOINT;x
241;150;43;165;PURGATION ISLE;x
242;79;75;11;TARREN MILL;x
243;69;75;118;ALTERAC;x
244;111;75;227;ALTERAC VALLEY;x
245;163;75;176;HEADLAND;x
246;216;75;36;STRAHNBRAD;x
247;120;75;96;RAVENHOLDT;x
248;133;75;92;WINFRIED;x
249;184;210;47;CHILLWIND PASS;x
250;191;75;214;DALARAN;x
251;92;75;86;DALARAN'S HILLS;x
252;43;43;19;GILNEAS;x
253;137;30;94;AMBERMILL;x
254;66;81;71;PELE'AHJIN;x
255;69;111;199;AERIE PEAK;x
256;77;111;103;HIRI'WATHA;x
257;62;111;193;QUEL'DANIL;x
258;189;111;41;SHADRA'ALOR;x
259;101;138;26;SWEET RAVINE;x
260;96;111;201;JINTHA'ALOR;x
261;96;111;216;ALTAR OF ZUL;x
262;118;111;77;AGOL'WATHA;x
263;96;111;86;SKULK ROCK;x
264;163;111;219;SHAOL'WATHA;x
265;96;111;62;LOWER JINTHA'ALOR;x
266;184;111;103;REVANTUSK;x
267;54;111;201;OVERLOOK CLIFFS;x
268;163;111;69;SERADANE;x
269;199;73;178;LORDAERON;x
270;240;30;62;LORDAMERE;x
271;103;30;163;FERRY;x
272;79;30;58;SOUTH TRACT;x
273;49;30;54;SHADOWFANG;x
274;62;30;201;PYREWOOD;x
275;41;43;56;HOTHILLS;x
276;186;184;92;WHITEPETAL;x
277;141;30;51;DEEP ELEM;x
278;219;30;206;OLSENFIELD;x
279;64;30;122;UNDERNELLY;x
280;103;30;34;DAWNING ISLES;x
281;139;30;86;VALGANFIELD;x
282;45;30;99;NORTH TIDE;x
283;109;30;28;SKITTERING DARK;x
284;92;30;178;SHINING STRAND;x
285;26;43;214;CROWLEY;x
286;208;43;214;NORTHWOOD;x
287;21;43;195;HEADLANDS;x
288;64;43;34;GREYBRIDGE;x
289;169;43;30;EMBERSTONE;x
290;152;43;101;HORSELAND;x
291;156;43;148;ADERIC;x
292;193;43;99;GALEWATCH;x
293;133;43;24;ASHBURY;x
294;251;43;36;BLACKWALD;x
295;251;43;156;STORMGLEN;x
296;81;43;15;TEMPREACH;x
297;148;43;124;KOROTH;x
298;66;43;124;HAILWOOD;x
299;197;30;86;GREYMANE;x
300;197;30;154;DUSKHAVEN;x
301;182;30;120;ALLENFIELD;x
302;96;30;154;HAMMONDFIELD;x
303;41;30;161;HAYWARD;x
304;171;71;26;BRILL;x
305;99;73;178;NIGHTMARE VALE;x
306;120;73;73;SOLLIDEN;x
307;77;73;90;AGAMAND;x
308;103;71;231;DEATHKNELL;x
309;216;71;182;WHISPERING GARDENS;x
310;139;71;182;VENOMWEB;x
311;15;71;242;BALNIR;x
312;17;71;41;BASTION;x
313;69;71;26;NORTH COAST;x
314;236;152;86;MISTFALL;x
315;58;210;41;ANDORHAL;x
316;159;210;206;WINDSWEPT;x
317;159;210;41;CABINWOOD;x
318;58;210;184;GAHRRON;x
319;131;210;137;SORROW HILL;x
320;244;138;26;CAER DARROW;x
321;99;210;86;HEARTHGLEN;x
322;208;210;56;HEARTHGLEN WAY;x
323;58;210;56;NORTHRIDGE;x
324;238;178;15;STRATHOLME;x
325;231;178;45;DARROWSHIRE;x
326;180;178;47;HIGH THONDRORIL;x
327;88;178;111;LOWER THONDRORIL;x
328;64;178;221;MARRIS;x
329;71;178;99;CROWNVALE;x
330;180;178;214;FIR VALLEY;x
331;71;178;161;BLACKWOOD;x
332;156;178;73;CORIN'S CROSSING;x
333;184;178;54;NORTHDALE;x
334;58;178;43;NORTHPASS;x
335;236;184;92;JIN YANG;x
336;4;178;240;TYR'S HAND;x
337;69;178;193;LIGHT'S HOPE;x
338;231;178;34;OLD GLADE;x
339;32;178;101;NEW AVALON;x
340;28;178;212;HAVENSHIRE;x
341;88;178;17;HASIC;x
342;227;178;197;BORDIUM;x
343;169;178;66;BRIGHTDALE;x
344;246;174;17;SILVERMOON;x
345;15;127;131;TRANQUILLIEN;x
346;234;111;34;GOLDENMIST;x
347;137;111;137;AN'DAROTH;x
348;156;111;214;ELRENDAR CROSSING;x
349;41;111;56;WINDRUNNER;x
350;71;111;201;SILVERFURY;x
351;208;111;146;UNDERLIGHT;x
352;144;101;30;CARYNIRA;x
353;225;111;51;REST HOLLOW;x
354;58;178;240;THALASSIAN PASS;x
355;159;178;69;QUEL'LITHIEN;x
356;21;127;30;ANDILIEN ESTATE;x
357;186;111;77;SANCTUM OF THE SUN;x
358;45;111;60;FARSTRIDER ENCLAVE;x
359;92;127;39;HATCHET HILLS;x
360;49;111;227;AMANI PASS;x
361;49;81;64;AKIL'ZON;x
362;49;81;114;NALORAKK;x
363;178;81;184;JAN'ALAI;x
364;178;81;64;HALAZZI;x
365;169;174;150;TOR'WATHA;x
366;58;127;206;ELRENDAR COAST;x
367;152;174;229;ZEB'WATHA;x
368;114;174;161;EAST SANCTUM;x
369;161;174;21;RUNESTONE'S VALLEY;x
370;36;174;244;FAIRBREEZE;x
371;216;174;66;SUNSAIL ANCHORAGE;x
372;15;174;131;GOLDENBOUGH PASS;x
373;167;174;227;TRANQUIL SHORE;x
374;34;174;79;GOLDEN STRAND;x
375;105;174;180;FALCONWING SQUARE;x
376;182;174;32;NORTH SANCTUM;x
377;146;174;39;STILLWHISPER POND;x
378;163;174;184;DUSKWITHER RAVINE;x
379;231;174;208;DAWNING LANE;x
380;152;174;66;SUNSTRIDER ISLE;x
381;231;174;69;FALTHRIEN;x
382;236;184;144;MUDI SHEN;x
383;236;152;126;LAOHU;x
384;193;152;126;SHAO-TIEN;x
385;236;111;49;WINTERBOUGH;x
386;236;238;126;RICHU;x
387;236;152;49;SUNBLOSSOM;x
388;246;101;159;ENDLESS SPRING;x
389;246;170;159;HUNDRED STEPS;x
390;246;139;159;YAREN;x
391;246;99;159;LEG-ZAOL;x
392;212;126;90;XUEN;x
393;212;75;90;MINJAE;x
394;17;240;122;SUNWELL PLATEAU;x
395;54;240;19;SUN'S REACH;x
396;176;240;135;DAWNSTAR;x
397;246;240;146;MAGISTERS' TERRACE;x
398;161;240;19;GREENGILL;x
399;234;240;227;SAT'THEAS;x
400;135;126;245;LOCH VERRALL;x
401;28;105;191;THE LOCH;x
402;105;156;152;LORDAMERE LAKE;x
403;135;139;156;LORDAMERE LAKE;x
404;135;195;135;LORDAMERE LAKE;x
405;180;227;186;NORTHGATE RIVER;x
406;180;227;255;NORTHGATE RIVER;x
407;94;180;231;NORTHGATE RIVER;x
408;10;180;184;LAKE ELRENDAR;x
409;10;250;184;LAKE ELRENDAR;x
410;10;199;240;NORTH ELRENDAR RIVER;x
411;10;199;131;NORTH ELRENDAR RIVER;x
412;10;221;184;SOUTH ELRENDAR RIVER;x
413;129;163;184;SOUTH ELRENDAR RIVER;x
414;129;195;161;SOUTH ELRENDAR RIVER;x
415;167;144;161;SOUTH ELRENDAR RIVER;x
416;47;191;245;STONECAIRN LAKE;x
417;109;176;167;POOL OF TEARS;x
418;122;250;250;LONGSHORE;x
419;122;131;250;LONGSHORE;x
420;13;250;199;LONGSHORE;x
421;47;88;133;STORMWIND'S SHORE;x
422;64;84;135;SAVAGE COAST;x
423;64;120;135;VILE REEF;x
424;64;159;229;NAZFERITI MOUTH;x
425;152;84;225;SOUTH SAVAGE COAST;x
426;39;84;225;SOUTH SAVAGE COAST;x
427;212;126;122;YINYING;x
428;39;15;139;WILD SHORE;x
429;41;49;171;CRYSTAL SHORE;x
430;41;126;171;RED REACHES;x
431;41;126;96;RED REACHES;x
432;13;118;212;SHATTERSHORE;x
433;47;161;141;MISTY REED STRAND;x
434;47;84;141;MISTY REED STRAND;x
435;47;84;191;FORBIDDING SEA;x
436;47;156;191;FORBIDDING SEA;x
437;47;156;107;FORBIDDING SEA;x
438;47;49;191;HIGHBANK;x
439;146;182;192;HIGHBANK;x
440;10;88;250;HIGHBANK;x
441;10;154;250;SLITHERING COVE;x
442;120;186;250;HIGHBANK;x
443;120;105;250;HIGHBANK;x
444;178;170;250;HIGHBANK;x
445;58;170;250;HIGHBANK;x
446;10;201;250;THANDOL SPAN;x
447;10;111;250;OVERLOOK CLIFFS;x
448;10;56;250;OVERLOOK CLIFFS;x
449;107;71;250;OVERLOOK CLIFFS;x
450;107;156;250;AVALON'S COAST;x
451;168;196;250;AVALON'S COAST;x
452;73;196;250;AVALON'S COAST;x
453;212;159;122;YONGQI;x
454;55;148;189;AMANI COAST;x
455;17;88;167;AMANI COAST;x
456;120;88;167;AMANI COAST;x
457;43;88;167;AMANI COAST;x
458;0;112;212;AZUREBREEZE COAST;x
459;110;135;156;AZUREBREEZE COAST;x
460;157;192;223;TRANQUIL SHORE;x
461;79;192;223;TRANQUIL SHORE;x
462;131;124;176;SHIL-QEM;x
463;47;25;182;TRANQUIL SHORE;x
464;21;199;176;TRANQUIL SHORE;x
465;109;94;249;GREENGILL COAST;x
466;86;118;146;GREENGILL COAST;x
467;151;180;170;BINAN;x
468;38;168;191;GREENGILL COAST;x
469;151;124;170;JADE CARP;x
470;62;144;167;GREENGILL COAST;x
471;75;199;133;GOLDEN STRAND;x
472;21;96;236;SHALANDIS COAST;x
473;21;28;236;SHALANDIS COAST;x
474;6;7;62;NORTH COAST;x
475;103;106;182;NORTH COAST;x
476;171;106;182;NORTH COAST;x
477;90;106;182;NORTH COAST;x
478;32;146;182;NORTH COAST;x
479;41;40;167;NORTH TIDE;x
480;131;131;193;NORTH TIDE;x
481;180;131;193;NORTH TIDE;x
482;51;124;250;GALEWATCH COAST;x
483;10;171;250;GALEWATCH COAST;x
484;83;97;144;GALEWATCH COAST;x
485;32;97;144;DUSKMIST SHORE;x
486;124;141;255;DUSKMIST SHORE;x
487;30;24;118;BARADIN BAY;x
488;151;212;170;INKGILL;x
489;10;178;250;HILLSBRAD STRAND;x
490;13;118;154;HILLSBRAD STRAND;x
491;90;212;170;WATERSPEAK;x
492;47;161;182;DROWNED REEF;x
493;47;105;182;LOST FLEET;x
494;10;219;169;MENETHIL BAY;x
495;151;159;170;MUSKPAW;x
496;212;159;170;AUBURN BLUFFS;x
497;182;159;122;RUQIN;x
498;182;159;170;HAK'SHIX;x
499;81;141;236;BARADIN BAY;x
500;105;142;201;CRESTFALL'S COAST;x
501;182;137;170;CHOW;x
502;9;163;255;BALOR'S COAST;x
503;131;146;131;FIREBOUGH;x
504;182;94;170;MOGUJIA;x
505;141;186;245;VERRALL RIVER;x
506;75;199;176;SHALANDIS COAST;x
507;182;94;96;ORDO;x
508;182;94;131;AUGUST GATE;x
509;161;154;120;KUN;x
510;182;124;210;BAZAAR;x
511;56;105;131;YOONMI;x
512;105;109;210;ONE KEG;x
513;111;150;131;RUR QUG;x
514;56;150;131;EAST BROKETOOTH;x
515;56;105;79;WEST BROKETOOTH;x
516;56;150;92;KNUCKLETHUMP;x
517;56;116;92;DOOKER DOME;x
518;56;161;133;KUKER HILL;x
519;152;165;210;HOWLINGWIND;x
520;161;75;120;KOTA;x
521;86;124;60;KOTA PEAK;x
522;191;238;161;WINTER'S BLOSSOM;x
523;191;238;225;WEST GATE;x
524;161;131;120;KOTA HILLS;x
525;152;109;210;KEN-THAL;x
526;107;101;161;SEEKER'S POINT;x
527;191;156;161;SEEKER'S FOLLY;x
528;191;112;124;NEVEREST'S PINNACLE;x
529;148;156;161;CLOUDSTRIKE'S DOJO;x
530;88;156;161;SOO-JIN;x
531;238;156;26;SNOWPAW;x
532;111;54;54;YOJAMBA ISLE;x
533;216;191;10;MOUNT KAJARO;x
534;180;159;153;BILGEWATER;x
535;180;107;153;GALLYWIX;x
536;62;92;51;KAJAMINE;x
537;180;107;103;LOOSEFEET;x
538;180;92;184;EDJ;x
539;180;92;116;SPEEDWAY;x
540;180;107;28;VOODRESS;x
541;180;51;111;PICKTWEAK;x
542;16;75;139;VOLCANOTH;x
543;72;168;126;HEI SANG;x
544;161;101;101;FIZZSPARK;x
545;161;73;137;MUDBOOT;x
546;174;174;174;OOMSK;x
547;174;139;174;OORZZ;x
548;67;101;101;HOZU-MOZU;x
549;116;174;174;BANANA FOREST;x
550;87;26;204;VASHJ'IR;x
551;71;21;111;VASHJ'IR;x
552;15;26;204;VASHJ'IR;x
553;127;33;204;VASHJ'IR;x
554;148;133;204;VASHJ'IR;x
555;88;103;81;ZHAOH'TEM;x
556;19;12;94;VASHJ'IR;x
557;169;74;186;CRANEWING;x
558;88;103;167;FALLINGBLOSSOM;x
559;107;167;84;JEH'SED;x
560;172;113;16;JAESHA;x
561;87;70;41;ALYREATH;x
562;74;48;32;EYRAEI;x
563;114;64;34;YELORA;x
564;39;88;152;CRANE CAVE;x
565;56;75;96;FAERSETON;x
566;99;75;169;DANDRED;x
567;109;30;69;WHISPERING FOREST;x
568;120;73;109;GLISTENING SHORE;x
569;107;88;84;OX'TIGAR;x
570;107;214;148;SOCHUN;x
571;107;214;75;DRAGON NEST;x
572;236;238;225;SNOWBLOSSOM;x
573;189;195;191;ZUL'GURUB BASIN;x
574;199;204;206;SURWICH INLET;x
575;212;204;231;LAKE EVERSTILL;x
576;189;221;178;MOSSHIDE FEN;x
577;107;163;219;LAKE;x
578;103;159;180;LAKE;x
579;111;135;186;LAKE;x
580;107;137;11;ZOUCHIN;x
581;150;165;244;STILLWATER POND;x
582;197;236;197;LAKE;x
583;169;210;219;BLACKWOOD LAKE;x
584;214;227;234;LAKE MERELDAR;x
585;206;229;169;HEALTHY LAKE;x
586;105;191;191;LAKE;x
587;197;206;176;LAKE;x
588;180;79;19;SADRAETH;x
589;154;161;201;LAKE;x
590;79;71;120;REDWING;x
591;114;71;120;NAYEL;x
592;169;71;86;KEA KRAK;x
593;95;129;32;MAISARA HILLS;x
594;49;47;92;ULA-TEK;x
595;49;123;92;GREENRUSH;x
596;199;178;186;ZUL'MASHAR;x
597;116;118;92;ABASSI COAST;x
598;42;86;109;ABASSI LAKE;x
599;89;112;115;ICECROWN;x
600;39;62;54;UTGARDE;x
601;39;62;0;HALGRIND;x
602;73;62;0;EMBER CLUTCH;x
603;0;62;58;NEW AGAMAND;x
604;0;62;0;SHIELD HILL;x
605;94;62;54;GRARLAND;x
606;75;62;54;WYRMSKULL COAST;x
607;69;99;54;KAMAGUA;x
608;69;56;54;ISKAAL;x
609;88;56;54;SCALAWAG POINT;x
610;0;62;43;SORLOF'S STRAND;x
611;129;62;114;NIFFLEVAR;x
612;90;62;86;BEALGUN;x
613;90;62;43;EASTERN CAPE;x
614;21;62;43;IVALD;x
615;118;62;43;BALEHEIM;x
616;81;62;114;BLEEDING VALE;x
617;86;150;77;GIANTS RUN;x
618;86;150;114;CAULDROS ISLE;x
619;41;150;77;GLADE FOREST;x
620;129;120;21;WINTERHOOF;x
621;62;126;107;BROKEN BLUFFS;x
622;90;109;71;GJALERBRON;x
623;66;120;81;RIVENWOOD;x
624;126;109;71;STEELGATE;x
625;66;120;21;SKORN;x
626;126;77;71;CHILLMERE;x
627;186;199;197;CAULDROS LAKE;x
628;101;199;197;WINTER'S BREATH LAKE;x
629;101;156;197;COLDMERE LAKE;x
630;101;167;197;CREEK RIVER;x
631;141;156;197;CREEK RIVER;x
632;159;199;197;LAKE;x
633;66;118;131;VENTURE BAY;x
634;66;73;131;BLACKRIVER;x
635;150;145;52;DRAK'ZIN;x
636;113;111;39;ZEB'HALAK;x
637;51;111;39;SILVERBROOK;x
638;120;111;39;BLUEDOME;x
639;66;161;105;AMBERPINE;x
640;66;161;71;VOLDRUNE;x
641;131;122;161;GRIZZLEMAW;x
642;66;122;161;RAGE FANG;x
643;73;120;101;HEARTBLOOD;x
644;169;122;161;ONEQWAH;x
645;96;122;2;SOLSTICE;x
646;34;64;92;HOLLOWSTONE;x
647;34;146;92;DRAK'ATAL;x
648;114;111;39;URSDEN;x
649;84;174;2;DRAKIL'JIN;x
650;34;122;2;TETHYS;x
651;34;122;47;BLOODMOON ISLE;x
652;66;64;92;THOR MODAN;x
653;114;64;92;BOULDER HILLS;x
654;73;62;101;DUN ARGOL;x
655;163;255;255;LAKE;x
656;163;195;255;LAKE;x
657;123;147;156;LAKE;x
658;75;0;79;GUNDRAK;x
659;75;69;79;ZOL'HEB;x
660;66;122;21;DUBRA'JIN;x
661;75;129;79;ZOL'MAZ;x
662;75;99;79;MAM'TOTH;x
663;122;84;21;RHUNOK;x
664;161;122;21;DRAK'MABWA;x
665;122;122;21;ZIM'RHUK;x
666;216;69;79;HARKOA;x
667;17;101;79;QUETZ'LUN;x
668;231;101;79;ZIM'TORGA;x
669;191;99;79;HEB'DRAKKAR;x
670;54;116;107;DRAK'THARON;x
671;231;24;90;DRAKURU;x
672;133;64;107;RAGECLAW;x
673;167;179;111;LOW FIELDS;x
674;231;179;111;CHAGA'JIN;x
675;133;92;43;DRAK'SOTRA;x
676;133;64;43;ZIM'ABWA;x
677;88;64;79;DRAKKARI ARENA;x
678;133;64;146;HEB'VALOK;x
679;36;126;43;SSERATUS;x
680;26;156;154;RAGECLAW LAKE;x
681;124;86;13;WYRMREST;x
682;195;171;28;MAGNADOTH;x
683;69;34;99;GALAKROND;x
684;124;34;13;MAGNADON;x
685;47;34;126;CRYSTAL VICE;x
686;96;131;126;MAGUTA;x
687;150;34;126;DRAGON'S FALL;x
688;0;34;120;COLDWIND;x
689;199;126;104;ICEMIST;x
690;62;71;73;ICEJAIL;x
691;255;19;41;TAUTAU;x
692;199;176;169;HAMON;x
693;124;86;88;MOA'KI;x
694;199;86;88;INDU'LE;x
695;62;86;88;SNOWFALL;x
696;67;183;90;LIMING YINSE;x
697;171;34;47;RUBY;x
698;124;92;201;AZURE;x
699;11;92;0;EMERALD;x
700;204;214;137;BRONZE;x
701;64;15;6;OBSIDIAN;x
702;195;122;126;WINTERGARDE;x
703;195;54;84;CARRION;x
704;195;126;13;BUDUR;x
705;195;126;103;TON'CROA;x
706;195;86;13;NOKE'ROA;x
707;195;28;13;ELDRITCH;x
708;195;171;84;JINTHA'KALAR;x
709;195;122;84;CLADURK;x
710;231;133;96;FROSTFATE;x
711;77;116;208;LAKE INDU'LE;x
712;30;116;208;DRAK'MAR LAKE;x
713;30;71;208;DRAGONSPINE TRIBUTARY;x
714;30;135;180;DRAGONSPINE TRIBUTARY;x
715;30;39;180;DRAGONSPINE TRIBUTARY;x
716;17;39;180;LUMBERJACK RIVER;x
717;86;111;180;LUMBERJACK RIVER;x
718;106;137;223;LUMBERJACK LAKE;x
719;141;191;238;DAGGERCAP BAY;x
720;141;156;238;DAGGERCAP BAY;x
721;146;71;120;RED SUN;x
722;146;51;56;MIGHTSTONE;x
723;79;86;56;BLOODSPORE;x
724;79;133;56;NASAM;x
725;79;133;109;BERYL;x
726;135;133;56;ECH'NUS;x
727;89;33;20;FARSHIRE;x
728;62;66;129;NASAMSAND;x
729;135;84;56;RANDLISH;x
730;135;84;135;RIPLASH;x
731;120;116;144;AMBER LEDGE;x
732;120;47;62;KUM'UYA;x
733;66;116;225;LAKE KUM'UYA;x
734;64;116;144;COLDROCK;x
735;17;71;225;LAKE;x
736;111;84;21;NJORD;x
737;133;126;99;ABANREACH;x
738;111;47;21;UNU'PE;x
739;120;86;56;LELE;x
740;144;86;56;BARUN;x
741;231;129;69;HOTFIELD;x
742;212;38;90;LEI SHI;x
743;176;129;69;SPRINGSTEAM;x
744;159;58;63;MAGMOTH;x
745;64;116;66;STEELJAW;x
746;116;84;92;ELDRA'NATH;x
747;116;84;36;WINRET;x
748;116;51;36;WINTERFIN;x
749;131;131;30;EN'KILAH;x
750;184;97;63;TAUNKA'LE;x
751;219;131;30;FROZEN REACH;x
752;219;88;63;COLDWALL;x
753;116;51;81;NEXUS;x
754;17;208;225;STEAM SPRINGS;x
755;17;208;148;STEAM SPRINGS;x
756;17;99;148;WINTERGRASP RIVER;x
757;17;99;99;FRENZYHEART RIVER;x
758;17;60;99;RAINSPEAKER RAPIDS;x
759;17;60;167;BITTERTIDE LAKE;x
760;17;60;212;SEABREACH FLOW;x
761;17;150;212;RIVER'S HEART;x
762;135;131;90;ULDUAR;x
763;169;129;86;MARISTA;x
764;114;71;86;UNGA INGOO;x
765;169;131;126;DOMINANCE;x
766;169;99;126;CRO'AKA;x
767;48;60;152;DOJAN;x
768;133;66;92;IAHIENAL;x
769;30;101;54;SHEN-ZIN;x
770;66;66;92;ZABANA;x
771;66;182;92;KWEGSQOA;x
772;107;79;66;TUNKA'LO;x
773;111;34;90;NIDAVELIR;x
774;135;66;90;SNOWDRIFT;x
775;99;66;90;BOULDERCRAG;x
776;54;81;90;VALKYRION;x
777;54;81;58;ROHEMDAL;x
778;92;45;58;BOR'S BREATH;x
779;54;45;58;FROSTHOLD;x
780;79;171;109;FOOT STEPPES;x
781;178;171;109;ARRA;x
782;49;103;58;SNOWBLIND;x
783;49;103;109;RICKET;x
784;49;47;109;GARM;x
785;214;101;51;BRUNNHILDAR;x
786;107;47;109;SIFRELDAR;x
787;107;131;66;WINTER VALLEY;x
788;107;79;150;DUN NIFFELEM;x
789;107;146;193;FROSTFIELD;x
790;111;152;141;THUNDERFALL;x
791;107;101;116;FJORN;x
792;255;200;91;RAINSPEAKER;x
793;137;116;92;WILDGROWTH;x
794;28;159;107;WINTERGROWTH;x
795;83;0;153;FRENZYHEART;x
796;181;116;49;SAPPHIRE HIVE;x
797;28;227;51;NOZRONN;x
798;28;135;51;KARTAK;x
799;105;137;155;WAYGATE CENTRAL;x
800;15;120;90;KRONDOL;x
801;120;90;24;NESINGWARY;x
802;15;126;45;GORL'RO;x
803;64;120;51;SPLURSH;x
804;64;203;90;SPEARBORN;x
805;137;161;99;BONEFIELDS;x
806;100;227;51;NORTH RAINCOAST;x
807;78;115;81;GLUMR;x
808;60;84;47;STORMWRIGHT;x
809;60;84;92;SPLURMURSLR;x
810;60;114;17;GURGRL;x
811;39;131;126;ANGRATHAR;x
812;113;146;94;VILEHOLD;x
813;83;129;150;SELFORS;x
814;113;176;204;BERUFELL;x
815;113;146;204;HOSKULDSAR;x
816;83;194;196;MORD'RETHAR;x
817;47;97;176;AN'MARKUS;x
818;94;97;176;GUODALIR;x
819;75;97;135;SKALMARNES;x
820;114;97;135;SILENTREACH;x
821;139;129;150;DIDRUNG;x
822;84;92;204;NARFEYRI;x
823;84;141;204;KORI;x
824;99;129;150;ICE VALLEY;x
825;190;63;120;BALARGARDE;x
826;161;94;204;NJORNDAR;x
827;161;141;204;HELGAFJALL;x
828;99;94;120;FERSTIKLA;x
829;113;146;137;YMIRHEIM;x
830;58;129;150;HOLMSLATR;x
831;232;232;26;ALFRAN;x
832;255;252;143;FELELIR;x
833;196;232;122;ALETHRAS;x
834;209;143;18;MYEHONA;x
835;28;86;161;DECREPIT FLOW;x
836;83;121;161;MIRROR OF TWILIGHT;x
837;30;62;54;ANGLERWHARF;x
838;30;62;94;NARSONG;x
839;94;62;94;SARJUN;x
840;48;100;152;THUNDERCLEFT;x
841;107;101;54;KRASARANG;x
842;107;131;116;BAYMOUTH;x
843;74;90;80;HIGHCALERE;x
844;39;131;116;COBLIN;x
845;39;99;116;GARHILL;x
846;39;69;116;NORTHCAPE;x
847;107;156;174;OIL LAKES;x
848;34;146;96;JI'KALAK;x
849;103;129;186;HIL'DOR;x
850;103;66;94;BATTOK'ALOR;x
851;103;129;94;AISZUL'DO;x
852;163;165;231;TINKERBOOM;x
853;119;36;121;DRAGON ISLES;x
854;229;165;231;WRENCHPORT;x
855;114;90;141;KHAGRIHM;x
856;114;154;141;THIRYA;x
857;182;111;107;BLACK COAST;x
858;135;39;51;GLAIVE ISLE;x
859;184;39;51;MOUTH OF DRAGON;x
860;141;90;141;GREAT SEA;x
861;190;47;27;AYLYSAE;x
862;153;74;38;SILLIA;x
863;114;63;40;CAYRYNN;x
864;112;47;18;NYTHINDAE;x
865;171;61;104;TIANSHI;x
866;141;61;34;ARIMARA;x
867;207;69;24;KYNRYSSIA;x
868;143;76;60;ELEAE;x
869;141;58;39;MENE;x
870;170;63;39;KARAETH;x
871;192;101;66;SALAETH;x
872;149;63;29;SAESIA;x
873;202;77;28;YEALLAES;x
874;133;82;71;SITERAN;x
875;170;69;46;SINNAYA;x
876;143;57;37;THYNYSEA;x
877;118;52;45;ELIRII;x
878;127;194;104;SHIZU ZHU;x
879;169;56;44;METARRE;x
880;127;92;41;E'NYSSEA;x
881;132;91;32;MYTYELL;x
882;176;116;31;YENYSSEA;x
883;170;124;57;Y'THAE;x
884;152;101;56;ANAENYA;x
885;127;78;36;TAONG DONG HU;x
886;119;71;30;ERAI;x
887;171;200;255;CHANG WUZAIRE;x
888;65;40;30;DIRALENE;x
889;94;53;35;SILSERA;x
890;115;77;32;TRILEA;x
891;83;51;39;MELARIA;x
892;98;41;19;SHELYSEA;x
893;124;64;40;SYLEASA;x
894;92;40;16;LEHARA;x
895;131;57;24;DANNAR;x
896;143;97;84;VELANAI;x
897;100;64;54;LENVARIA;x
898;140;109;63;IRERIN;x
899;171;200;36;ILOMBEHB;x
900;136;95;36;LELADRIETH;x
901;255;64;0;FASOJOHL;x
902;141;67;43;LLARINAR;x
903;84;64;203;LYUGSHIO;x
904;106;67;50;LAVANNA;x
905;127;59;29;KANYSA;x
906;160;74;35;NYTANELLE;x
907;84;64;33;FAKE-WIK;x
908;177;117;81;MELEANNA;x
909;120;59;45;UYRNAE;x
910;252;130;185;NEOXYSU;x
911;252;130;36;BINCHANG HU;x
912;107;58;19;DAERYN;x
913;147;79;27;LANRYSSIA;x
914;112;67;32;GRATERAN;x
915;137;89;73;IRNAE;x
916;148;64;36;NYTEANNA;x
917;129;56;45;NARAI;x
918;136;23;36;HU CAN;x
919;168;49;27;NALEATH;x
920;147;51;19;SOLYSSA;x
921;194;73;33;AETHAMA;x
922;124;55;33;DELANASHA;x
923;118;56;24;TESNAI;x
924;235;101;194;TAO ISTE;x
925;92;50;28;SILAENIA;x
926;170;114;71;SALIA;x
927;116;64;24;YLLAENIA;x
928;94;34;18;AYNAS;x
929;235;101;54;TANTSUNG DAN;x
930;120;60;44;ULLIA;x
931;90;37;23;ALAILENAI;x
932;183;35;152;TONG JAN GU;x
933;185;91;55;NYRIDRINA;x
934;132;82;63;ELALYSSA;x
935;168;56;41;ANANEA;x
936;128;37;24;HELEAE;x
937;132;90;43;LELAEA;x
938;78;51;20;EMYURAE;x
939;174;174;94;FAR SOUTHREACH;x
940;103;66;39;VITHEA;x
941;155;93;46;LARI;x
942;71;51;39;RELRIA;x
943;81;38;13;VINAVARIA;x
944;116;66;37;BECARELA;x
945;86;61;31;YAENYA;x
946;111;72;23;FILENNA;x
947;73;34;15;LILETHIS;x
948;104;66;46;FELAELLAS;x
949;30;180;94;YANZHI HONG;x
950;163;108;129;KITLOPE;x
951;120;150;174;LOIITHINOCKAER;x
952;120;109;174;SEBUNTAU;x
953;203;100;74;KWARKIZE;x
954;203;150;74;TUKETU;x
955;203;150;135;ALO;x
956;163;150;135;TRUTHSCAR;x
957;164;57;76;DIMMUSSAIVE;x
958;164;57;35;KWEKKOISSE;x
959;126;57;35;USHOL;x
960;126;78;60;FIRE STONE;x
961;168;98;60;HECUW;x
962;126;98;60;LOIHI;x
963;111;83;60;INTIERI;x
964;73;83;60;SYDOWEL;x
965;156;107;105;SAIKOGWU;x
966;156;107;60;ORENDA;x
967;171;96;0;ROCKTAIL;x
968;171;65;0;MACHMA;x
969;171;65;66;KWONTOCH;x
970;171;131;66;MANTLE ROCK;x
971;120;153;66;MASKA;x
972;171;153;66;KWAHKUE;x
973;166;129;70;FREEBLUFF;x
974;166;129;126;VINATIRAR;x
975;114;129;126;SNOWHOOF;x
976;155;161;85;UWU;x
977;155;161;126;UNUW;x
978;116;62;170;KNIKKI;x
979;163;62;170;HONON;x
980;198;105;48;ZIRANAAR;x
981;163;105;48;TWO EARTHS;x
982;163;102;109;VUNIVAWI;x
983;163;102;84;CANIRAEK;x
984;163;68;84;KNOSTAH;x
985;43;85;50;CEMMIO;x
986;43;85;84;SONAACKUKI;x
987;43;65;84;MONOLITH GLEN;x
988;83;52;84;LONGWIND;x
989;43;52;84;WEATHSPEAR;x
990;115;134;126;GUHMAK;x
991;116;140;159;PLAINSTREAM;x
992;60;140;159;SPRINGROAR;x
993;60;140;126;BRAVEWIND;x
994;96;161;157;HOTOTO;x
995;60;161;157;WILDTALON;x
996;186;140;72;CALOMON ISLES;x
997;122;70;120;PHANKO;x
998;108;78;29;DAERENA;x
999;120;91;92;PINADA;x
1000;120;124;92;THORNSNARL;x
1001;155;159;150;HIRSATEER;x
1002;120;159;150;ADANIR;x
1003;152;74;150;STEELRAGE;x
1004;114;74;150;WINDSOAR;x
1005;159;103;150;ACINYE;x
1006;159;157;150;HAWKWIND;x
1007;201;155;163;ACAERAEE;x
1008;159;155;163;DARKSHIELD;x
1009;179;255;207;HUNTER RISE;x
1010;179;216;207;ELDER RISE;x
1011;216;216;207;SPIRIT RISE;x
1012;216;170;238;EAST MESA;x
1013;120;35;65;PROUDWATCH;x
1014;120;79;65;SUNRAGE;x
1015;139;79;98;ULABRIAT;x
1016;113;79;98;FAGRALEE;x
1017;113;79;65;AUBRAYE;x
1018;135;63;98;CATHAYEZ;x
1019;81;63;98;CREROS;x
1020;101;135;36;ZHU;x
1021;204;170;33;OGUDEI;x
1022;30;135;36;ZHU'S DESCENT;x
1023;190;234;249;ICE RIDGE;x
1024;30;178;36;LION COVE;x
1025;234;201;108;WORLD'S PRECIPICE;x
1026;237;143;151;EANORAH;x
1027;131;156;90;KORJA;x
1028;169;156;126;BLACKSAND;x
1029;210;148;112;FALLSONG;x
1030;169;94;126;DAWNCHASER;x
1031;210;194;112;HORUKUT;x
1032;131;96;90;GORAI-DOAN;x
1033;81;63;65;UNAREVAKE;x
1034;174;124;89;GUGGEL;x
1035;174;124;42;EK'EVEG;x
1036;92;111;107;ULGRAK;x
1037;225;141;58;JUNKWATT;x
1038;236;212;126;MOGU'SHAN;x
1039;210;122;81;RUSTBOLT;x
1040;129;184;58;SCRAPBONE;x
1041;137;103;116;GRUM;x
1042;76;156;116;SHIPWRECK;x
1043;150;161;161;WINTERGRASP;x
1044;51;118;161;SUNKEN RING;x
1045;24;96;161;EASTSPARK;x
1046;11;161;161;BROKEN TEMPLE;x
1047;11;124;161;CHILLED QUAGMIRE;x
1048;107;137;135;BLACKMANE;x
1049;107;84;11;CHICH-RAL'TAN;x
1050;154;84;11;BREK'SHAIM;x
1051;189;84;129;SHANGO'ALOR;x
1052;163;137;11;WHISPERCLOUD;x
1053;107;77;135;MAKER'S PERCH;x
1054;107;178;135;NALAK'SHA;x
1055;141;238;165;KORUNE;x
1056;236;238;165;KARDAK'AHAR;x
1057;141;208;39;MOGU'GAR;x
1058;141;36;39;THAR-DAR;x
1059;141;124;39;WESTERNFOG;x
1060;84;169;123;MANTI'VESS;x
1061;84;103;66;KA'DIXXAT;x
1062;132;141;176;STINGING TRAIL;x
1063;58;129;109;SONG-HUN;x
1064;201;146;56;SHEK'ZEER;x
1065;201;146;93;KARANOSH;x
1066;201;109;56;ILIKKAX;x
1067;35;146;84;KOR'VESS;x
1068;35;71;84;RIKKILEA;x
1069;35;114;122;BREWGARDEN;x
1070;193;88;56;ZAN'VESS;x
1071;132;64;114;HUKKIR'LAM;x
1072;132;88;56;VE'KAM;x
1073;201;184;93;KYPARI ZAR;x
1074;201;111;93;KYPARI IK;x
1075;122;184;93;MAZU;x
1076;103;77;33;SOGGY;x
1077;62;77;33;KZA'VEXXI;x
1078;156;77;33;STAR PLAINS;x
1079;87;59;124;KLAXXI'VESS;x
1080;173;75;31;WRITHINGWOOD;x
1081;108;81;146;KAIN-QUD;x
1082;101;152;139;GURTHAN;x
1083;176;84;56;KYPARI VOR;x
1084;107;36;124;NIUZAO;x
1085;66;36;124;SRA'THIK;x
1086;124;26;41;ZHAL'MAR;x
1087;118;86;124;VITHURAK;x
1088;159;86;124;JU'MAN;x
1089;216;26;176;SRA'VESS;x
1090;124;26;176;KZZOK;x
1091;124;26;105;IKZ'KA;x
1092;216;26;90;SHAN'ZE DAO;x
1093;135;26;90;DAO'SHAN;x
1094;176;26;90;GO'LAO;x
1095;148;36;124;SIK'VESS;x
1096;208;36;124;RENSAI;x
1097;208;36;79;CHING PANG;x
1098;169;73;39;PALEWIND;x
1099;114;43;39;GAO-RAN;x
1100;178;43;39;YAUNDUM;x
1101;178;66;39;DUSKLIGHT;x
1102;84;36;39;BATAAR;x
1103;178;118;39;BURILGI;x
1104;131;73;39;LONGYING;x
1105;96;36;39;OSUL;x
1106;163;36;39;GAI-CHO;x
1107;238;36;39;KRI'VESS;x
1108;208;36;39;DEADTALKER;x
1109;35;49;122;CHING KAI;x
1110;35;90;122;XOM JUCH;x
1111;180;71;77;LEI SHEN;x
1112;180;135;77;VAN ZHU'NOD;x
1113;180;81;77;DRAOM TAESH;x
1114;180;81;109;SOSLIG REN;x
1115;86;141;139;JORGUVA;x
1116;86;101;103;BAO TCHANG;x
1117;111;81;180;FAUK'SHED BOD;x
1118;86;63;139;ZEB'TULA;x
1119;141;101;103;ZISE;x
1120;41;81;180;ZA'TUAL;x
1121;81;81;180;IHGALUK;x
1122;34;124;39;YU'LON;x
1123;184;73;109;JADEHEART;x
1124;180;90;109;ORCHID;x
1125;180;73;43;SHADYBRANCH;x
1126;180;36;43;FOXGROVE;x
1127;208;73;90;SHANGVALE;x
1128;231;152;54;DAWNBLOSSOM;x
1129;152;122;56;SILKWOOD;x
1130;152;122;99;SERPENTHILL;x
1131;34;88;99;ARBORETUM;x
1132;96;62;54;GREENSTONE;x
1133;163;178;92;JADESHAPE;x
1134;231;81;54;YOUNG-SOO;x
1135;163;105;92;YUZHAO;x
1136;86;178;92;SRI-LA;x
1137;56;152;109;PEARLFIN;x
1138;56;152;54;DREAMER'S PAVILLON;x
1139;56;120;54;MOONWATER;x
1140;165;152;109;SLINGTAIL;x
1141;43;99;109;BAMBOOWILD;x
1142;56;86;109;SAKURAI;x
1143;56;114;109;PAW'DON;x
1144;197;204;58;VERIDIAN;x
1145;56;204;58;WAYWARD;x
1146;118;99;58;TWINSPIRE;x
1147;56;64;109;GORMAL;x
1148;96;105;54;NECTARBREEZE;x
1149;107;240;109;CHO;x
1150;141;64;109;LEI WUDE;x
1151;156;58;20;CHUN TIAN;x
1152;156;58;163;THUNDERPAW;x
1153;23;146;77;MEI LI-SA;x
1154;23;58;20;WAXWOOD;x
1155;231;118;171;HONEYDEW;x
1156;86;201;73;SPIRITSONG;x
1157;69;171;58;THUNDERHOLD;x
1158;231;118;62;RONGYAN HOU;x
1159;231;77;103;SWIRLWIND;x
1160;231;54;62;ENLIGHTENMENT;x
1161;150;47;96;LAHOU MU;x
1162;231;54;154;EXCLAMATION;x
1163;56;84;161;GROOKIN;x
1164;31;46;88;DOOKIN;x
1165;219;46;88;JADE JUNGLE;x
1166;129;46;88;JADE OVERLOOK;x
1167;56;152;161;JADE AERIE;x
1168;81;122;99;FOREST HEART;x
1169;49;165;134;CHI HU'ANDI;x
1170;110;165;134;GONG OF HOPE;x
1171;231;103;54;WINDWARD;x
1172;231;141;54;SLITHERSCALE;x
1173;176;108;41;SUNGLIDE;x
1174;34;109;39;WINDSPIRE;x
1175;29;114;55;TEN THUNDERS;x
1176;49;189;92;TIDEVIEW;x
1177;49;114;92;GAN SHI;x
1178;49;66;92;LOSTWOODS;x
1179;204;199;33;HALFHILL;x
1180;204;225;33;VERDANT BELT;x
1181;234;242;33;HEARTLAND;x
1182;204;242;33;GAI LAN;x
1183;165;201;33;THIEFPLAIN;x
1184;124;201;33;STORMSTOUT;x
1185;62;146;33;STONEPLOW;x
1186;90;146;33;TORJARI;x
1187;62;114;33;DUSTBACK;x
1188;98;176;52;PAOQUAN;x
1189;62;111;33;SINGMARSHES;x
1190;159;111;33;SKYRANGE;x
1191;159;64;33;KUNZEN;x
1192;204;39;64;NEW CIFERA;x
1193;135;39;64;KROSH;x
1194;169;39;64;SPRINGTAIL;x
1195;234;201;33;CATTAIL;x
1196;204;118;33;THUNDERFOOT;x
1197;204;101;33;SHEEPFIELD;x
1198;204;186;33;SHANG;x
1199;204;88;33;GRASSYCLINE;x
1200;204;54;33;SUNSOAK;x
1201;116;130;64;SILKENFIELD;x
1202;204;114;33;SALYIN;x
1203;204;146;33;VERMING;x
1204;90;90;81;WINDEDGE;x
1205;90;114;81;SAURHOLLOW;x
1206;169;156;186;CHI-JI;x
1207;116;60;152;DEEPWILD;x
1208;174;83;42;SHARTASK;x
1209;137;92;42;OZGES;x
1210;137;41;42;BEASTTUSK;x
1211;177;105;76;NEGGAR;x
1212;177;105;42;JOS'ERA;x
1213;129;105;42;BEATSPINE;x
1214;184;94;42;SHADOWMANE;x
1215;155;129;42;FELGAR;x
1216;155;76;42;BOATMURDER;x
1217;210;129;42;BAEL MINES;x
1218;255;157;105;GROUNDMASTER;x
1219;255;131;105;HEK'O;x
1220;255;131;90;CANYONMENTOR;x
1221;242;75;42;AGAMAGGAN'S TEMPLE;x
1222;242;75;127;AGAMAGGAN'S REST;x
1223;242;75;83;AGATHELOS;x
1224;153;75;42;RAZORFLANK;x
1225;194;174;54;BAITER CHU;x
1226;146;89;42;SANDWATCHER;x
1227;184;89;42;ZENRAK;x
1228;184;133;42;KRAULSHAPER;x
1229;161;135;61;OKAKRAL;x
1230;161;135;42;CALLER'S CHAMBER;x
1231;255;101;145;AISI TEBO;x
1232;124;100;42;BONE PILE;x
1233;170;118;116;HAWTHORNE;x
1234;189;116;133;SLICKY STREAM;x
1235;146;148;208;SPIRITSONG LAKE;x
1236;92;73;109;LAKE;x
1237;81;191;180;LAKE;x
1238;81;43;180;LAKE;x
1239;81;139;180;LAKE;x
1240;81;43;109;LAKE;x
1241;81;182;195;UNCHARTED SEA;x
1242;197;94;182;UNCHARTED SEA;x
1243;81;126;161;NARSONG TRENCH;x
1244;170;118;90;TWINBRAID;x
1245;96;133;219;SARJUN DEPTHS;x
1246;32;133;219;NAYELI LAGOON;x
1247;79;149;114;NAYELI LAGOON;x
1248;182;133;219;NAYELI LAGOON;x
1249;150;182;182;DOJANI RIVER;x
1250;88;118;182;KRASARANG RIVER;x
1251;90;126;152;YAN-ZHE RIVER;x
1252;90;94;152;YAN-ZHE RIVER;x
1253;169;184;182;YAN-ZHE RIVER;x
1254;169;184;225;GILDING STREAM;x
1255;169;79;152;GILDED FAN;x
1256;169;126;152;CATTAIL LAKE;x
1257;169;79;225;POOLS;x
1258;146;148;109;INKGILL MERE;x
1259;187;168;154;LAKE;x
1260;146;114;244;LAKE;x
1261;146;212;244;LAKE;x
1262;146;148;244;LAKE;x
1263;79;124;124;WHITEPETAL LAKE;x
1264;116;182;182;POOLS OF POWER;x
1265;43;182;182;LEI SHI;x
1266;79;101;156;LAKE;x
1267;79;51;156;LAKE;x
1268;79;51;124;LAKE;x
1269;79;51;227;LAKE;x
1270;79;101;208;LAKE;x
1271;187;101;154;LAKE;x
1272;79;51;206;LAKE OF STARS;x
1273;189;182;201;GOKK'LOK SHALLOWS;x
1274;189;116;201;GOKK'LOK SHALLOWS;x
1275;54;54;176;MUCKSCALE SHALLOWS;x
1276;54;105;204;MUCKSCALE SHALLOWS;x
1277;210;118;90;FORT MANE;x
1278;54;146;176;GOKK'LOK SHALLOWS;x
1279;210;100;42;OAKCUT;x
1280;156;135;111;WESTERSEA;x
1281;210;100;90;HELAU;x
1282;199;146;176;WESTERSEA;x
1283;255;197;44;SUNTOTEM;x
1284;255;197;113;JEDET;x
1285;255;197;72;KOGAVI;x
1286;130;92;99;FROZEN SEA;x
1287;88;139;137;MOA'KI HARBOR;x
1288;141;139;137;KILI'UA'S ATOLL;x
1289;141;156;214;COLDWIND BAY;x
1290;96;126;214;STRAIT OF COLDARRA;x
1291;52;126;214;GLIMMER BAY;x
1292;255;197;90;CRAGAL;x
1293;146;105;65;TAWA'NE;x
1294;221;247;192;COAST OF CONQUESTS;x
1295;120;105;65;TALLGRASS;x
1296;120;78;65;KARA'NEER;x
1297;139;112;67;GAHROOT;x
1298;139;112;35;VYULA;x
1299;120;112;35;UNA'FE;x
1300;120;142;87;IVARE;x
1301;120;131;87;DEATHFRINGE;x
1302;234;109;124;RAMKAHEN;x
1303;255;28;71;NEFERSET;x
1304;255;212;88;TOL'NARIV;x
1305;186;212;88;DULIZED;x
1306;195;126;88;SUNSTONE;x
1307;138;96;89;KHARTUT;x
1308;138;146;89;NAHOM;x
1309;90;96;89;TAMMANO;x
1310;141;184;131;AKHENET;x
1311;234;171;124;MAR'AT;x
1312;30;101;145;VADRINE;x
1313;234;109;73;TAHRET;x
1314;234;184;131;PHEDATHI;x
1315;135;109;124;SAHKET;x
1316;135;191;124;HELHUVIP;x
1317;116;171;124;ORSIS;x
1318;165;107;124;AMMON;x
1319;54;71;94;TA-KEMET;x
1320;64;107;124;AN'BARHAN;x
1321;39;171;124;KHINTASET;x
1322;64;60;124;VIR'SAR;x
1323;99;109;73;MOONSUPH;x
1324;103;60;124;AAMSK;x
1325;255;28;26;SOUTH WIND;x
1326;124;28;26;KUBITIS;x
1327;154;0;71;SUNWATCHER;x
1328;124;92;26;SUNSUPH;x
1329;255;124;88;ASOVA;x
1330;255;58;71;HAMATEP;x
1331;255;137;135;OORF;x
1332;120;131;65;NESTCROOK;x
1333;73;139;92;MUHIDA;x
1334;148;94;0;ZUL'FARRAK;x
1335;236;229;0;GADGETZAN;x
1336;227;186;0;WATERSPRING;x
1337;208;152;118;NORTHROCK;x
1338;208;109;118;WAVESTRIDER;x
1339;208;152;0;NOONSHADE;x
1340;195;189;0;SANDSORROW;x
1341;195;101;0;WAG'TAN;x
1342;236;229;148;NOXIOUS;x
1343;255;163;81;DUNEMAUL;x
1344;255;163;195;CAVERNS OF TIME;x
1345;255;163;129;VOLUND;x
1346;214;79;0;RNIASASS;x
1347;167;162;105;JAG'TAR;x
1348;182;163;79;NVIAMAS;x
1349;182;163;129;SOUTHBREAK;x
1350;114;79;0;ALLAEIS;x
1351;195;84;92;THISTLESHRUB;x
1352;201;219;193;ULDUM;x
1353;141;135;0;SOUTHMOON;x
1354;227;135;0;EASTMOON;x
1355;45;166;52;ZALMEA;x
1356;90;38;216;TWINS THRONES;x
1357;129;66;197;MURCEVIN;x
1358;86;115;225;STAGHELM;x
1359;208;60;197;VALOR;x
1360;102;72;141;HIVE'ASHI;x
1361;58;72;141;CRYSTALVALE;x
1362;56;39;77;ISHRAK;x
1363;109;21;69;HIVE'ZORA;x
1364;156;49;135;WATERSCAR;x
1365;96;66;152;SCARAB WALL;x
1366;96;66;221;HAASRA;x
1367;45;31;103;ASHAKX;x
1368;111;31;103;HIVE'REGAL;x
1369;208;101;197;XERNANNOSS;x
1370;129;101;197;SOUTHWIND;x
1371;41;38;216;SKEREZZIZ;x
1372;56;127;216;TUG'RANN;x
1373;129;127;216;KAG'RAM;x
1374;0;161;84;ELDRETH ROW;x
1375;0;193;154;AVALUNE;x
1376;0;105;84;WARPWOOD;x
1377;114;105;84;DUMONT;x
1378;0;84;106;ESTULAN;x
1379;0;86;77;ISHELEAN;x
1380;81;81;51;FRAYFEATHER;x
1381;0;129;51;ISILDIEN;x
1382;86;84;106;ELUNAR;x
1383;153;131;80;SOLARSAL;x
1384;99;51;69;WYHELLY;x
1385;34;167;41;RAVENWIND;x
1386;34;69;80;ATAYA;x
1387;49;120;80;ONEIROS;x
1388;107;120;80;FEHIS;x
1389;101;69;0;DREAM BOUGH;x
1390;189;167;41;EL'DRATIR;x
1391;76;138;75;MOJACHE;x
1392;39;138;37;PHE'LLU;x
1393;79;144;9;LARISS;x
1394;87;184;9;CIFONILL;x
1395;0;75;37;WOODPAW;x
1396;39;75;37;SHADEBOUGH;x
1397;0;41;37;DARKMIST;x
1398;50;81;131;EMYILOND;x
1399;124;81;131;ASANNAES;x
1400;92;103;37;ARNLUMA;x
1401;167;186;67;SKYPEAK;x
1402;174;36;4;E'THOK;x
1403;148;36;45;WHITEREACH;x
1404;131;0;30;WAHKAN;x
1405;99;36;45;HIGHPERCH;x
1406;54;0;49;DARKCLOUD;x
1407;124;43;88;SEGENAM;x
1408;122;71;9;SPLITHOOF;x
1409;163;30;9;FREEWIND;x
1410;103;30;9;WINDBREAK;x
1411;103;69;9;IRONSTONE;x
1412;197;0;30;MIRAGE;x
1413;120;88;30;WEAZEL;x
1414;120;43;30;RUSTMAUL;x
1415;197;109;58;TAHONDA;x
1416;146;17;58;SALTYSAND;x
1417;118;66;84;SHOBASSA;x
1418;58;66;84;KRAGRAK;x
1419;236;101;84;CANDLEGOR;x
1420;137;32;121;SUN AERIE;x
1421;137;95;121;BULWARK;x
1422;189;95;121;JAMBA'RRAK;x
1423;189;132;124;MARAUDON;x
1424;189;154;149;DHEZGIH;x
1425;189;183;149;GELKIS;x
1426;133;183;149;SAR'THERIS;x
1427;98;183;126;SHADOWPREY;x
1428;214;183;116;MANNOROC;x
1429;246;183;86;DHURRAH;x
1430;246;206;192;KORMEK;x
1431;193;206;192;KHELNIN;x
1432;120;128;150;MAGRAM;x
1433;229;184;182;SHADOWBREAK;x
1434;193;206;242;SHIRRES;x
1435;120;184;150;KOLKAR;x
1436;92;152;110;SARGERON;x
1437;152;94;110;NIJEL;x
1438;135;94;110;TETHRIS ARAN;x
1439;96;94;110;THUNDER AXE;x
1440;51;94;110;RHUHNAS;x
1441;152;159;135;ETHEL RETHOR;x
1442;62;159;135;RANAZJAR;x
1443;214;99;58;ORGRIMMAR;x
1444;146;99;58;SPIRITVALE;x
1445;148;56;90;ROCKTUSK;x
1446;105;86;23;BLADEFIST;x
1447;229;26;0;RAZOR HILL;x
1448;133;24;17;DRYGULCH;x
1449;186;66;62;THUNDERWISH;x
1450;122;66;0;BLACKBLOOD;x
1451;193;66;0;RAZORMANE;x
1452;182;54;0;SARKOTH;x
1453;182;106;0;BLADESCAR;x
1454;126;26;0;SEN'JIN;x
1455;126;73;0;SOUTHWATCH;x
1456;126;174;0;GERUZH;x
1457;146;189;58;DARKSPEAR HOLD;x
1458;206;189;58;SPITESCALE COVE;x
1459;206;114;58;BLOODTALON SHORE;x
1460;141;150;128;CROSSROADS;x
1461;141;101;128;GOLD ROAD;x
1462;219;188;154;RATCHET;x
1463;92;150;128;THORN HILL;x
1464;171;133;156;SHEHRAS;x
1465;129;133;156;LUSHWATER;x
1466;88;133;156;DREAMER'S ROCK;x
1467;146;90;62;DREADMIST;x
1468;34;56;62;DRY HILLS;x
1469;118;90;62;DAZGOK;x
1470;204;135;62;DEADLOCK;x
1471;146;56;62;MOR'SHAN;x
1472;146;36;62;GROL'DOM;x
1473;131;141;62;CHANLELLE;x
1474;79;103;62;TULGAM;x
1475;84;36;62;SOUTHFURY;x
1476;96;141;62;STONE HILL;x
1477;152;112;65;TAURAJO;x
1478;73;68;39;AGAMA'GOR;x
1479;120;112;65;BRAMBLESCAR;x
1480;210;197;90;WUDOTTA;x
1481;210;154;90;BATTLESCAR;x
1482;124;75;42;THORN'S SPIRAL;x
1483;184;111;42;GERRO;x
1484;184;75;42;RAZORFEN;x
1485;210;131;90;BLACKTHORN;x
1486;210;159;42;BAEL'DUN;x
1487;184;148;42;SPEARHEAD;x
1488;129;75;42;AGAMAGAR;x
1489;174;41;42;BRAMBLEBLADE;x
1490;81;112;65;NITTAWOSEW;x
1491;141;79;65;NORTHWATCH;x
1492;92;79;65;HUNGOZH;x
1493;169;116;65;FRAY;x
1494;216;210;238;WEST MESA;x
1495;216;152;163;SEQUOIA;x
1496;216;184;163;SOYALA;x
1497;159;184;163;SHUMAN;x
1498;159;124;150;NARACHE;x
1499;114;101;150;FARGAZE;x
1500;120;124;150;BATTLEBOAR;x
1501;60;161;126;PALEMANE;x
1502;43;105;84;THUNDERHORN;x
1503;201;105;84;DALSH-BERAN;x
1504;163;105;84;BLOODHOOF;x
1505;163;62;114;WATERHOOF;x
1506;114;161;126;SHAIBI;x
1507;171;197;66;COCHETA;x
1508;156;45;60;SKYLINE;x
1509;73;45;60;WINDFURY;x
1510;126;45;60;SUNGRAZE;x
1511;163;108;135;GRASSMOUNT;x
1512;162;109;174;HOT SPRINGS;x
1513;163;108;84;REDROCK;x
1514;111;51;21;GREATWOOD;x
1515;111;96;21;MALAKA'JIN;x
1516;191;131;21;APARAJE;x
1517;111;107;21;RUGGOK;x
1518;60;96;21;BOULDERSLIDE;x
1519;69;51;114;FARVIEW;x
1520;69;210;124;WEBWINDER;x
1521;69;141;66;SISHIR;x
1522;69;73;94;SUN ROCK;x
1523;133;0;212;NOKOMIS;x
1524;120;141;66;ELDRE'THAR;x
1525;21;73;94;FALLOWMERE;x
1526;94;214;139;WINDSHEAR;x
1527;53;120;78;TALONDEEP;x
1528;94;214;21;TEWOM;x
1529;216;234;21;CRAGPOOL;x
1530;66;43;94;STONETALON;x
1531;66;43;15;TALON DEN;x
1532;148;91;22;LILALARIA;x
1533;69;131;94;MIRKFALLON;x
1534;139;43;94;CLIFFWALKER;x
1535;124;0;15;THAL'DARAH;x
1536;227;0;212;THAL GROVE;x
1537;227;0;156;FARWATCH;x
1538;227;0;28;PONISUK;x
1539;124;120;15;LESTURROM;x
1540;58;79;135;THERAMORE;x
1541;58;79;111;ALCAZ;x
1542;58;79;201;DREADMURK;x
1543;58;114;111;SENTRY POINT;x
1544;126;114;111;SWAMPLIGHT;x
1545;71;150;111;WITCH HILL;x
1546;115;111;180;BLACKHOOF;x
1547;163;111;180;BLUEFEN;x
1548;91;98;44;OOHOIA;x
1549;161;156;180;BRACKENWALL;x
1550;71;69;111;SHADOWHOOF;x
1551;144;120;45;QUAGMIRE;x
1552;77;120;45;DIREHORN;x
1553;77;120;180;SHADY REST;x
1554;77;120;90;LOST POINT;x
1555;77;69;45;BEEZIL;x
1556;235;126;30;DHAGHLODAHR;x
1557;131;69;45;FERSODRA;x
1558;77;47;64;WYRMBOG;x
1559;77;86;86;MUDSPROCKET;x
1560;77;210;120;ZERTIXIA;x
1561;77;122;45;DRAGONMURK;x
1562;103;161;0;ASTRANAAR;x
1563;64;32;88;MAESTRA;x
1564;255;194;0;THISTLEFUR;x
1565;212;161;0;IRIS VALLEY;x
1566;84;116;199;STARDUST;x
1567;139;116;199;NIGHTTALON;x
1568;122;32;0;FIRE SCAR;x
1569;122;194;0;AESSINA;x
1570;139;174;199;SILVERWIND;x
1571;19;120;90;GREENPAW;x
1572;23;127;61;KALAETH;x
1573;86;45;90;BLOODTOOTH;x
1574;71;120;90;RAYNEWOOD;x
1575;139;174;90;MOONVALLEY;x
1576;11;120;53;HOWLING VALE;x
1577;11;120;120;HIGHROAD;x
1578;40;109;62;BLOODFEN;x
1579;154;43;86;SHADY NOOK;x
1580;133;120;90;XAVIAN;x
1581;133;45;90;NIGHT RUN;x
1582;133;178;90;SATYRNAAR;x
1583;133;86;90;SILVERWING;x
1584;167;74;90;FALFARREN;x
1585;133;156;90;DOR'DANIL;x
1586;62;86;90;SPLINTERTREE;x
1587;28;94;90;GREEN HILL;x
1588;28;178;90;NIGHTSONG;x
1589;47;159;152;NIGHT CANYON;x
1590;28;178;135;ASHENGARD;x
1591;133;120;169;FOREST SONG;x
1592;133;120;210;BOUGH SHADOW;x
1593;64;167;139;ORDIL'ARAN;x
1594;64;114;88;FALATHIM;x
1595;64;103;139;BATHRAN;x
1596;159;103;139;ZORAM;x
1597;159;186;139;BLACKFATHOM;x
1598;216;178;99;SHADOWSONG;x
1599;227;105;69;HALDARR;x
1600;216;135;99;HYRVO;x
1601;216;92;66;XONUL'ZIS;x
1602;227;105;126;ATEL'ANOR;x
1603;197;167;115;WOODSCREAM;x
1604;167;30;21;ZIN-MALOR;x
1605;167;84;21;ELDARATH;x
1606;167;160;135;SOUTHRIDGE;x
1607;219;209;177;BJORRMR;x
1608;219;209;75;STORM ISLES;x
1609;219;209;178;FALANOOR ISLES;x
1610;167;56;122;BLACKMAW;x
1611;167;56;26;GOROKIE;x
1612;148;105;69;VALORMOK;x
1613;167;101;122;URSOLAN;x
1614;167;101;58;NENDIS;x
1615;167;77;47;LEGASH;x
1616;206;64;21;NORDRESSA;x
1617;167;15;58;SABLE RIDGE;x
1618;148;105;195;ARKKORAN;x
1619;148;159;96;ELDARA;x
1620;227;105;195;JAGGED REEF;x
1621;167;77;34;RAVENCREST;x
1622;167;77;66;JOZAES;x
1623;167;45;66;XEM'RIR;x
1624;167;96;66;GRIM ULANG;x
1625;206;88;112;MANATHAS;x
1626;135;60;105;AUBERDINE;x
1627;124;103;105;LONG WASH;x
1628;71;103;105;DARKSHORE;x
1629;139;108;84;BASHAL'ARAN;x
1630;47;108;84;LOR'DANEL;x
1631;139;108;189;GLOOMTIDE;x
1632;47;225;146;MATHYSTRA;x
1633;47;108;146;CLIFFSPRING;x
1634;135;225;146;FATHOM;x
1635;47;137;146;SHATTERSPEAR;x
1636;31;90;96;MUGJAMBA;x
1637;62;62;105;AMETH'ARAN;x
1638;124;62;105;PHULLILA;x
1639;124;84;105;THETHIRU;x
1640;0;118;105;FAESERA;x
1641;0;84;163;NEVEDRE;x
1642;0;84;105;TASSIK;x
1643;94;58;66;MORLOS'ARAN;x
1644;94;116;66;DEADWOOD;x
1645;41;58;66;ENLE;x
1646;116;94;0;EMER'ARAN;x
1647;116;94;69;CONSTELLAS;x
1648;116;94;120;JAEDENAR;x
1649;58;94;120;BLOODPOST;x
1650;171;163;120;KEVAEN;x
1651;146;201;178;IRONTREE;x
1652;199;82;138;JADEFIRE;x
1653;124;51;86;WHISPERWIND;x
1654;0;141;86;RYDRAN;x
1655;150;114;77;TIMBERMAW;x
1656;100;137;121;TALONBRANCH;x
1657;150;191;77;MOONPAW;x
1658;84;107;178;URSAMAW;x
1659;75;191;176;NIGHTHAVEN;x
1660;150;191;176;REMULOS;x
1661;105;101;142;DULVARINN;x
1662;16;101;142;STORMRAGE;x
1663;150;191;116;CENARIUS' LAIR;x
1664;107;133;146;NORDRASSIL;x
1665;210;133;146;JANYSTAEA;x
1666;210;197;146;NORD'LAZAR;x
1667;111;197;77;LAR'DONIR;x
1668;111;197;146;SEHYAETH;x
1669;111;137;146;SITHENN;x
1670;111;84;146;SILDINAS;x
1671;66;124;146;THENDYVIS;x
1672;66;84;146;LYCANTHOTH;x
1673;90;169;146;AVIANA;x
1674;111;129;146;ILLYSA;x
1675;78;129;146;BLACKHORN;x
1676;111;129;81;CITIL;x
1677;150;103;49;MALORNE;x
1678;180;152;118;ASIDAN;x
1679;137;152;118;NORDUNE;x
1680;99;163;49;KALDORAN;x
1681;186;163;49;KETEDIN;x
1682;150;163;49;THYLITHIS;x
1683;118;103;49;JAMBA;x
1684;99;163;163;THIMIL;x
1685;54;120;66;ARICANNA;x
1686;54;26;135;SARAHDE;x
1687;54;178;120;UNGAVA;x
1688;54;62;135;HALLIIM;x
1689;54;133;120;SOTHANN;x
1690;99;148;182;TIMBERPOOF;x
1691;150;148;182;FORBOHI;x
1692;99;124;182;TIMBERLAIR;x
1693;96;148;182;KEL'THERIL;x
1694;96;105;182;SNOW'DARIL;x
1695;96;186;182;STARFALL;x
1696;96;186;120;NAE'DANAR;x
1697;171;156;156;SNOWFANG;x
1698;171;111;156;HUTHENRA;x
1699;21;86;94;WINTERFALL;x
1700;71;156;156;CADRELLAEN;x
1701;96;186;223;FROSTSABER;x
1702;96;156;223;MIEREKE;x
1703;96;124;223;DUNBUR;x
1704;96;146;206;MAZTHORIL;x
1705;96;238;163;EVERLOOK;x
1706;96;79;206;ISITANN;x
1707;171;229;199;DUN MANDARR;x
1708;171;126;135;OWLWING;x
1709;54;126;135;FROSTWHISPER;x
1710;200;227;111;BWON'ALOR;x
1711;200;227;163;SHADRA'DAR;x
1712;99;96;49;UGANGA;x
1713;124;141;69;SHADOW ROCK;x
1714;124;141;101;IK'NAL;x
1715;34;141;60;LENALLI;x
1716;90;141;146;WARRIOR'S TERRACE;x
1717;90;90;116;DOLANAAR;x
1718;90;141;116;STARBREEZE;x
1719;90;141;60;ALDRASSIL;x
1720;148;99;94;VALAAR;x
1721;148;58;139;BRISTLELIMB;x
1722;171;92;139;MOONGRAZE;x
1723;148;45;94;EMBERGLADE;x
1724;171;133;139;TEDON;x
1725;148;58;94;SILVERMYST;x
1726;148;45;41;WRATHSCALE;x
1727;107;133;169;RAGEFEATHER;x
1728;167;19;64;NAZZIVIAN;x
1729;107;84;111;AXXARIEN;x
1730;107;62;169;MEDOS;x
1731;81;19;64;AMBERWEB;x
1732;107;191;64;TALON STAND;x
1733;34;84;111;BLOODCURSE;x
1734;73;94;39;ONATAY;x
1735;73;139;39;HUNTER'S HILL;x
1736;64;2;3;SAND PEAK;x
1737;73;28;61;KWARAZ;x
1738;73;28;39;MIWAK;x
1739;36;11;0;MARAUDON HILLS;x
1740;124;49;15;STONETALON MOUNTAINS;x
1741;185;109;96;HIGASHOET;x
1742;152;109;96;MUSHA'JE;x
1743;152;76;65;MULGORE'S GATE;x
1744;88;63;77;HYJAL;x
1745;81;24;77;HYJAL;x
1746;81;81;77;HYJAL;x
1747;34;81;77;HYJAL;x
1748;36;63;137;HYJAL;x
1749;139;63;77;HYJAL;x
1750;54;38;36;HYJAL;x
1751;57;70;77;HYJAL;x
1752;36;63;77;HYJAL;x
1753;99;53;141;VIR'NAAL RIVER;x
1754;49;111;141;VIR'NAAL LAKE;x
1755;99;34;231;VIR'NAAL DELTA;x
1756;177;212;212;VIR'SAR LAKE;x
1757;69;111;141;LAKE;x
1758;118;111;141;LAKE;x
1759;64;61;77;LAKE;x
1760;177;167;212;LAKE;x
1761;128;122;154;MARSH;x
1762;53;51;64;OIL LAKES;x
1763;114;51;64;LAKE;x
1764;83;152;135;LAKE;x
1765;62;177;223;LAKE DUMONT;x
1766;43;122;154;JADEMIR LAKE;x
1767;255;156;255;STONEBULL LAKE;x
1768;96;255;255;LAKE;x
1769;152;148;148;KIRGY;x
1770;28;171;255;LAKE;x
1771;124;31;8;ORENLAR ISLES;x
1772;81;15;58;ELDAS;x
1773;43;73;154;LAKE;x
1774;11;73;154;LAKE;x
1775;144;73;154;LAKE;x
1776;28;180;154;LAKE;x
1777;253;248;241;MIRKFALLON LAKE;x
1778;216;234;199;CRAGPOOL LAKE;x
1779;52;153;163;ASTRANAAR LAKE;x
1780;146;144;238;STARDUST LAKE;x
1781;66;191;204;MYSTRAL LAKE;x
1782;66;32;204;FALFARREN LAKE;x
1783;66;103;204;FALLEN SKY LAKE;x
1784;66;204;204;LAKE;x
1785;66;204;234;LAKE;x
1786;146;144;165;LAKE;x
1787;66;62;234;LAKE MENNAR;x
1788;178;144;238;LAKE;x
1789;124;144;238;WILDBEND LAKE;x
1790;47;144;238;WILDBEND LAKE;x
1791;178;189;238;LAKE;x
1792;60;181;208;LAKE;x
1793;156;181;208;LAKE;x
1794;234;181;208;LAKE ELUNE'ARA;x
1795;236;109;163;WELL OF ETERNITY;x
1796;120;109;163;LAKE EDUNEL;x
1797;79;109;163;ASHEN LAKE;x
1798;158;204;204;LAKE;x
1799;79;227;163;DARK'SOTRA LAKE;x
1800;70;47;163;LAKE;x
1801;73;54;176;LAKE;x
1802;73;86;176;LAKE;x
1803;73;86;94;LAKE;x
1804;73;86;141;LAKE;x
1805;39;108;201;MARSH;x
1806;124;108;201;LAKE;x
1807;130;177;201;MARSH;x
1808;130;177;126;MARSH;x
1809;130;93;126;MARSH;x
1810;62;93;126;MARSH;x
1811;62;61;126;MARSH;x
1812;39;108;125;MERCHANT BAY;x
1813;39;78;125;SOUTHFURY RIVER;x
1814;40;120;125;SOUTHFURY RIVER;x
1815;69;169;125;SOUTHFURY RIVER;x
1816;40;116;125;SOUTHFURY RIVER;x
1817;40;116;68;SOUTHFURY RIVER;x
1818;40;116;195;SOUTHFURY RIVER;x
1819;40;187;195;SOUTHFURY RIVER;x
1820;111;167;21;UN'GORO;x
1821;56;107;169;ANCIENTS BAY;x
1822;152;148;100;PINEFOREST;x
1823;152;112;100;PEACE POINT;x
1824;205;83;65;FULLMOON;x
1825;152;83;65;DRAHNI;x
1826;129;188;92;SELMEHA;x
1827;129;188;62;ESIO;x
1828;96;188;62;BLACKCLAW;x
1829;96;176;109;CUPON;x
1830;96;176;62;MIKASI;x
1831;126;87;62;RUNEPLAINS;x
1832;84;87;62;FAR WATCH;x
1833;111;61;96;YSHO;x
1834;111;61;62;GRANDSONG;x
1835;79;61;62;HILNEON;x
1836;142;103;115;MONGWAY;x
1837;107;103;115;TIROCHE;x
1838;107;103;62;ATCHAK;x
1839;153;94;28;POSHKAN;x
1840;131;94;28;NIGAER;x
1841;131;94;62;HAHTAT;x
1842;131;113;62;SLUDGE FEN;x
1843;131;163;79;TITLO;x
1844;133;148;102;CHIMALIS;x
1845;131;163;62;AVINAR;x
1846;225;70;107;KAZAR;x
1847;146;70;107;KERNTIS;x
1848;146;70;62;FISSIK;x
1849;146;65;144;VO'ZAR;x
1850;146;111;144;KADRAK;x
1851;146;111;102;ORNAGH;x
1852;146;111;62;HALFMOON;x
1853;36;216;30;BORALUS;x
1854;184;114;58;HATHERFORD;x
1855;144;156;58;NORWINGTON;x
1856;184;152;58;ANGLEPOINT;x
1857;94;96;58;BRIDGEPORT;x
1858;94;96;118;KENNINGS;x
1859;206;188;64;FANYIR;x
1860;169;27;70;RUM QUARTER;x
1861;94;156;118;FIZZSPRINGS;x
1862;184;103;126;UPPER CORLAIN;x
1863;86;141;126;GOL INATH;x
1864;86;43;126;AROM;x
1865;86;103;126;GOL OSIGR;x
1866;124;146;137;GOL KOVAL;x
1867;184;129;118;FALLHAVEN;x
1868;206;188;152;QINGNIAN JININ;x
1869;184;216;201;FLETCHER;x
1870;31;169;129;BRENNADAM;x
1871;188;60;152;CHENG MIAO;x
1872;116;169;129;SAGEHOLD;x
1873;116;101;129;TIDEWATER;x
1874;31;216;129;MILDENHALL;x
1875;178;135;64;BRIABACK;x
1876;54;212;64;WARFANG;x
1877;116;169;64;FORT DAELIN;x
1878;31;231;129;MILLSTONE;x
1879;86;126;58;ZUL'DARE;x
1880;184;51;58;FATE'S END;x
1881;120;111;208;BARADIN;x
1882;206;60;107;FARSON;x
1883;120;111;90;CRESTFALL;x
1884;120;54;90;TOL RONAL;x
1885;225;216;58;TOL DAGOR;x
1886;176;71;81;FROSTSABRE;x
1887;176;216;195;HAVENSWOOD;x
1888;71;178;216;BALOR;x
1889;176;116;81;DARKMOON ISLAND;x
1890;86;139;66;YAMBAMOO;x
1891;86;58;66;GIKLETOO;x
1892;120;58;126;ZUL'RADIR;x
1893;189;58;66;NORTHPOINT;x
1894;120;58;66;COLD EYE;x
1895;120;109;126;ALTOA;x
1896;86;139;148;KENYA;x
1897;208;139;148;BLOODSAIL EAST;x
1898;133;69;66;MORO;x
1899;197;212;199;GILLIJIM;x
1900;133;141;66;UN'GOL;x
1901;77;141;66;KUNZA-KUNZA;x
1902;77;84;66;SARASIL;x
1903;111;0;0;GOLDEN THRONE;x
1904;111;86;51;ZANCHUL;x
1905;146;165;71;GAH'ZRALKA;x
1906;146;118;71;REZAN;x
1907;71;206;109;KRAAL;x
1908;146;96;71;PIN'UKUE;x
1909;96;96;71;ZEB'AHARI;x
1910;54;96;71;ATAL'GRAL;x
1911;199;90;118;DREADPEARL;x
1912;199;41;34;VONJAI;x
1913;165;79;34;JUBUKRAA;x
1914;75;126;51;KING'S REST;x
1915;101;49;51;ATAL'ZULI;x
1916;39;92;51;RASTARI;x
1917;75;193;114;XIBALA;x
1918;169;129;114;BONANZA;x
1919;75;86;51;TRAHUMUT;x
1920;141;39;62;MUGAMBA;x
1921;90;94;92;ULDIR;x
1922;79;88;86;NAZWATHA;x
1923;67;118;115;NATHA'VOR;x
1924;79;51;86;KRAG'WA;x
1925;137;118;115;TORGA;x
1926;47;92;39;NECROPOLIS;x
1927;111;92;39;ZUL'JAN;x
1928;54;56;39;KEL'VAX;x
1929;111;56;39;SHOALJAI;x
1930;111;146;39;TOJEK;x
1931;109;69;92;SETHRALISS;x
1932;199;172;161;VOLDUNAI;x
1933;167;144;94;ZAK'RAJAN;x
1934;161;103;92;TORTAKA;x
1935;129;86;60;VUZALE;x
1936;111;96;94;SHATTERSTONE;x
1937;221;190;92;UPPER ATUL'AMAN;x
1938;159;159;92;GOLDEN ISLE;x
1939;229;159;92;MEEKI;x
1940;208;99;92;ZUL'AHJIN;x
1941;55;86;43;ATAL'AKUNDA;x
1942;208;86;43;BIW'ANAE;x
1943;167;126;94;SLISETRISS;x
1944;221;190;124;SCALEFANG;x
1945;167;96;94;BONETRAIL;x
1946;88;75;73;THOK;x
1947;154;75;0;RORKAEN;x
1948;154;75;73;GELTOZAN;x
1949;77;146;118;TURTLE ROCK;x
1950;81;46;8;OMINOUS ISLAND;x
1951;133;114;124;VERDANT WILDS;x
1952;79;32;19;DARKSPEAR;x
1953;180;73;44;SHEN'DO;x
1954;135;39;124;ZARAEZ;x
1955;111;122;111;ZULKRAA;x
1956;74;126;184;BAY OF KINGS;x
1957;229;137;113;IMMOLUNG;x
1958;58;200;126;PAKUNAKEER;x
1959;204;170;62;VRONH;x
1960;120;221;204;BLOOD COAST;x
1961;76;156;120;LAKE;x
1962;148;107;105;CSINI;x
1963;255;255;255;MARE INCOGNITA;x
1964;10;10;10;IMPASSIBLE MOUNTAINS;x
1965;139;60;103;QINTOKU;x
1966;80;58;136;SACRO;x
1967;72;84;132;NANKE;x
1968;145;63;139;DARETKE;x
1969;54;99;131;FLORTHAR;x
1970;92;90;145;VISHENGVU;x
1971;29;60;122;FRENNASSO;x
1972;204;135;142;MUBIPER;x
1973;87;191;14;CHANG WUANGEG;x
1974;62;145;123;RELGORILD;x
1975;144;55;90;OSSASHONN;x
1976;102;60;128;GRANTUTELD;x
1977;41;70;119;KOTJANN;x
1978;41;72;126;KRIRTHAENN;x
1979;204;135;105;ILLUR;x
1980;67;43;118;GRELYRU;x
1981;117;82;155;USGE;x
1982;107;45;185;FITONGRAEL;x
1983;58;63;137;OTTUVIS;x
1984;103;100;219;ZOTTUVE;x
1985;44;42;136;MIZECTI;x
1986;102;72;176;TINAZTA;x
1987;37;73;119;TUNEKRU;x
1988;182;67;171;ZUVARU;x
1989;182;67;255;VALAD;x
1990;122;51;156;MERRA;x
1991;163;115;126;KRUZH;x
1992;123;198;63;MALTOKIS;x
1993;156;181;136;BERDESS;x
1994;79;122;62;KYSEK;x
1995;50;137;62;NISS'EKOLL;x
1996;138;206;148;RIRDANN;x
1997;60;181;77;BAKHASHASS;x
1998;94;145;25;TARDROK;x
1999;86;122;57;DIMNEREL;x
2000;64;113;43;DYTRIKIL;x
2001;97;144;103;KLESENN;x
2002;43;214;67;KATHIRAK;x
2003;94;124;54;TELTON;x
2004;146;201;148;KLEZIKKIN;x
2005;78;103;58;GLOVOLMILL;x
2006;137;194;61;SLILISER;x
2007;51;149;56;TEZES'SOL;x
2008;83;151;34;HYLTRELIR;x
2009;60;136;57;SELNINN;x
2010;42;67;22;KARSETEN;x
2011;153;168;133;KESSOCAN;x
2012;145;190;125;HYMMALEC;x
2013;77;124;61;DIRTAKOL;x
2014;74;91;52;VASSAS;x
2015;73;95;56;RILNEC;x
2016;67;114;65;ZYRDRICEL;x
2017;79;98;60;DIAKREL;x
2018;85;211;30;GLEMNATES;x
2019;63;141;29;VELDRANN;x
2020;46;213;39;DERNANN;x
2021;86;192;81;ZELIKRIC;x
2022;121;177;64;VERISAC;x
2023;65;81;63;SYLIS;x
2024;71;168;32;GLIRSOR;x
2025;139;185;135;MERDAS;x
2026;38;118;15;KLAKIRDINN;x
2027;44;65;38;RARDEZAN;x
2028;171;211;20;KLOLIRNISS;x
2029;83;231;22;HOSS'ANN;x
2030;60;166;51;NALDRAR;x
2031;159;198;127;KARDEKES;x
2032;13;85;23;SLOMMESS;x
2033;116;203;109;KLYRESS;x
2034;107;152;40;SIRALNIL;x
2035;99;98;218;SMEATTEOLD;x
2036;102;101;137;KINFORD;x
2037;31;30;131;BANSALE;x
2038;63;102;178;GOLDSHIRE;x
2039;48;74;124;SCHAFFDON;x
2040;76;119;184;ROSGAL;x
2041;30;87;174;BELSLOE;x
2042;58;110;231;MONAWAY;x
2043;120;103;189;FELLRODA;x
2044;81;86;144;UTRIN;x
2045;45;102;155;STRIDO;x
2046;159;164;219;ORETON;x
2047;96;73;174;SRONVALE;x
2048;74;29;227;TREGATE;x
2049;97;85;119;DIASSALL;x
2050;28;13;79;LUHHAM;x
2051;121;102;191;AFELEY;x
2052;56;54;166;ANSPHIA;x
2053;161;141;228;UWRUCASTER;x
2054;53;33;121;MESTEAD;x
2055;75;36;203;JEBERT;x
2056;144;125;194;CHAGAS;x
2057;47;63;102;KHAZAR'GOL;x
2058;115;130;166;PHERY;x
2059;93;90;137;ELEN HOLD;x
2060;149;222;156;ALTHAM;x
2061;75;161;83;CYBIL;x
2062;116;170;61;ADLAM;x
2063;191;206;33;NESETA'ZATH;x
2064;141;182;143;TYNDAL;x
2065;49;171;33;RAK'ZAZZASIR;x
2066;216;232;78;SALDEAN;x
2067;225;237;143;ATHERTON;x
2068;153;216;217;LUXFORD;x
2069;180;70;33;YOUSIR;x
2070;221;203;99;ADDINGTON;x
2071;180;159;33;XILIR'IZI;x
2072;105;173;69;BENTHAM;x
2073;119;155;101;NEWBURY;x
2074;94;194;198;SPALDING;x
2075;252;191;255;SHANG UNG;x
2076;115;168;194;ADALBERO;x
2077;252;191;93;QETHIS'HAS;x
2078;156;124;58;DIONTE;x
2079;189;133;16;TWYNAM;x
2080;174;81;39;KEESHAN;x
2081;242;169;136;ILGALAR;x
2082;200;119;93;AV'ASHIEE;x
2083;159;151;255;VOL'ZITIRAX;x
2084;159;151;93;HE'ZASAT;x
2085;43;206;93;KYPARI KONG;x
2086;226;167;194;BROGLI;x
2087;229;55;111;VARGLAZZ;x
2088;243;180;156;GENYUAN;x
2089;243;49;93;HUANGRUUN;x
2090;108;200;209;BANTI;x
2091;122;238;188;KLA'RI;x
2092;194;96;188;KORVEN;x
2093;112;124;126;GAJAGG;x
2094;210;73;127;RYLAN;x
2095;81;96;93;COLDBITE;x
2096;231;149;181;THORPEN;x
2097;172;119;159;KOST;x
2098;128;58;111;DAVENPORT;x
2099;180;174;212;TZA TUN;x
2100;165;143;194;PICKAR;x
2101;148;128;211;LEIGH;x
2102;180;151;56;KUXXABVAT;x
2103;108;77;114;RAVENREST;x
2104;168;135;174;REID;x
2105;120;38;136;ARC;x
2106;107;106;211;MOLLOR;x
2107;186;98;188;EMMIT;x
2108;141;47;67;VANYST;x
2109;184;100;117;STANNIS;x
2110;181;126;184;YASSAN;x
2111;32;88;56;TAKKUL'KITH;x
2112;146;107;193;BRALAND;x
2113;124;56;209;ZREYLENS;x
2114;106;83;185;CLUIHLING;x
2115;64;11;128;YEUGAS;x
2116;88;131;75;RANDEI;x
2117;67;107;72;RUYO;x
2118;34;181;54;ZHITEMOR;x
2119;81;227;38;OWOZITH;x
2120;71;110;60;MIENNE;x
2121;84;196;83;BIJOMJI;x
2122;61;87;61;HUTUR;x
2123;22;98;26;HITHIER;x
2124;47;231;56;KHAEJ'MI;x
2125;130;190;133;XUDEANN;x
2126;19;129;35;KHEHOR;x
2127;63;185;43;IL'ZICI;x
2128;73;112;66;NAL'KE;x
2129;11;141;9;EYAHZER;x
2130;104;165;94;XOLO;x
2131;109;139;105;YANNE;x
2132;26;131;74;ZE'ZO;x
2133;44;135;63;ZUHSIAHO;x
2134;119;219;9;ZHEL'KULUTH;x
2135;37;147;70;IRONCLAD;x
2136;169;191;14;GASHAR GO;x
2137;169;191;126;OLYMPI;x
2138;255;58;86;KINGO KONGO;x
2139;180;37;73;PESU;x
2140;200;139;154;VURIE;x
2141;82;54;66;DUL'KIA;x
2142;151;26;80;RO'ZA;x
2143;104;20;51;ZUHSEI;x
2144;114;58;86;SOAN WUKONIG;x
2145;114;171;86;BOGALOUGAK;x
2146;0;151;86;VOMEKOUR;x
2147;210;49;114;YUKOZ'JAN;x
2148;255;87;107;NA'DA'DU;x
2149;99;72;63;EH'DE;x
2150;149;62;33;NAHOH'JI;x
2151;219;108;71;ITAR;x
2152;235;77;33;SEJE;x
2153;122;28;48;UZA;x
2154;180;54;82;ZHEJ'MO;x
2155;203;89;114;ZEN'JU;x
2156;145;27;59;HEAHDO;x
2157;213;77;113;DAEKRU;x
2158;165;67;88;UZ'KOSO;x
2159;141;42;28;AL'MAHO;x
2160;223;89;70;OLDE;x
2161;78;32;24;AIHLO;x
2162;102;81;77;JIHSO;x
2163;77;94;70;PONNELO;x
2164;38;102;39;TAXU;x
2165;64;83;60;YOZ'KEA;x
2166;59;104;30;UKRO;x
2167;45;95;35;BAIMIHDI;x
2168;69;85;63;UN'ZINN;x
2169;255;197;255;MA'CHUN;x
2170;24;120;20;ZHAH'DA;x
2171;255;197;120;KEAKOUK;x
2172;114;197;120;MORTBREATH;x
2173;72;96;76;BAEH'DO;x
2174;28;75;22;YIZA;x
2175;184;199;222;ZHELZU;x
2176;196;196;233;POOBAH;x
2177;203;193;219;TREKU;x
2178;93;74;123;DRIH'SHON;x
2179;201;182;119;IAZ'KO;x
2180;57;76;104;PUHLAR;x
2181;144;176;223;MENTEA;x
2182;205;153;111;OTHU;x
2183;79;168;58;GONG YIL;x
2184;123;58;85;SEA'TSA;x
2185;206;151;174;UWINN;x
2186;176;178;127;OKAHZIA;x
2187;130;131;107;YALME;x
2188;86;78;65;DHAMGOLIR;x
2189;227;162;55;GUGHDAHN;x
2190;241;130;90;CAIHONG;x
2191;0;130;90;YE GONG;x
2192;238;188;105;BEN DORAHL;x
2193;0;188;186;HONG CHANG;x
2194;172;104;37;KHIRNBORIM;x
2195;218;152;42;THOGH MALDUHR;x
2196;61;11;11;DURRUHM;x
2197;74;54;54;HEMERUM;x
2198;85;55;59;BEG MALDUR;x
2199;104;27;36;HEMWAHR;x
2200;116;93;58;DAZHAN;x
2201;116;197;58;TCHUNG TCHEV;x
2202;90;27;21;BHIGGRUM;x
2203;232;104;110;WASSIHN NO;x
2204;107;48;42;KOMDARUM;x
2205;50;41;40;MORBORIMM;x
2206;95;41;35;MOLARUHM;x
2207;81;177;110;ESHI SHO;x
2208;77;30;25;BUGGALOR;x
2209;89;45;41;KHORNBUR;x
2210;46;39;41;THERNYAHR;x
2211;71;10;22;GUGHKIHM;x
2212;78;36;44;KELGRON;x
2213;57;39;43;BAGDAROM;x
2214;65;53;49;KHERLODIHR;x
2215;81;75;186;AOKESI;x
2216;255;194;81;ZONG JIAO;x
2217;95;36;20;DAR BOLDAR;x
2218;90;55;81;SAOHULOU;x
2219;53;46;39;DULBIHR;x
2220;83;59;37;KIR BADIHR;x
2221;70;37;8;BHAGHBOLDIHR;x
2222;65;17;41;NEGTUHRM;x
2223;220;72;33;FENG ZHINREN;x
2224;70;33;49;BHOGHUHM;x
2225;53;11;28;GELWIHR;x
2226;83;15;47;KENKALDUHR;x
2227;91;36;50;BHERDORAHL;x
2228;57;23;39;KUR KULDOHR;x
2229;79;13;44;DENWOHRUM;x
2230;57;13;11;DHIRDORUL;x
2231;75;61;59;MAM DORUHL;x
2232;112;94;90;DHURNBOLDIR;x
2233;62;36;15;DIRN DARUM;x
2234;139;72;33;HAICHONG;x
2235;65;28;46;DHANDURAHL;x
2236;142;64;33;HUO HEIGUI;x
2237;49;41;38;DONELDUR;x
2238;91;7;15;NOGHYARUHM;x
2239;75;37;41;NILDARTH;x
2240;122;90;200;SILU TSU;x
2241;95;38;27;THIRN THARIM;x
2242;122;90;90;SI SI TSU;x
2243;190;112;51;KHINFURUHM;x
2244;141;97;63;BHUL LODIR;x
2245;100;82;57;KHERTORUHM;x
2246;219;145;50;MOGHFALDUR;x
2247;188;138;74;VONRAM;x
2248;148;119;81;KUNLODUR;x
2249;219;188;77;KHAGDARIHM;x
2250;135;113;38;KHUG WOHRUM;x
2251;198;171;57;BHURN THURIM;x
2252;155;137;64;VUG TODUHR;x
2253;83;71;20;VARNAHM;x
2254;107;93;36;GIG DARIM;x
2255;188;165;115;GEGHGOLAR;x
2256;160;123;44;GUL THURUM;x
2257;112;85;67;DHUGH KOLDUHR;x
2258;166;88;35;DHARNTODIR;x
2259;203;139;57;HORNTURM;x
2260;149;105;48;HURN FARUHM;x
2261;169;97;41;NERGARI;x
2262;233;191;70;THELBORAMM;x
2263;184;148;44;VEG TODIR;x
2264;118;149;81;DUG BOLDAHR;x
2265;122;180;54;MER FURUHM;x
2266;125;148;53;DEMLODAR;x
2267;165;192;45;BELHEIM;x
2268;141;206;54;THOL GARUHM;x
2269;152;117;41;VEGH FURUHM;x
2270;235;171;32;BUGHTODIR;x
2271;148;95;35;KAN BOLDAR;x
2272;223;146;60;THOGDARTH;x
2273;163;134;87;MERN BADUHR;x
2274;218;185;72;DHORNGARI;x
2275;176;134;44;BERDARIHM;x
2276;124;103;58;GELUHM;x
2277;113;191;133;YEWING ZHE;x
2278;182;106;39;KUMTURUM;x
2279;157;109;66;KHINEDUHR;x
2280;229;161;64;THERWOHRUM;x
2281;189;148;90;HOM MALDUR;x
2282;174;127;39;BEN TORUM;x
2283;9;40;63;YARO;x
2284;109;143;168;NONWONIH;x
2285;46;58;73;MUHA;x
2286;71;98;131;RA'KUR;x
2287;14;57;89;KHONNIH'DEH;x
2288;62;146;181;HAH'DE;x
2289;48;176;230;UZ'KI;x
2290;42;129;233;HINUDAEH;x
2291;65;116;177;ZULDA;x
2292;89;157;206;OH'DU;x
2293;61;107;127;FUNZEWIN;x
2294;25;65;82;YEH'MEINN;x
2295;22;107;169;OCOONE;x
2296;47;83;108;UNDONE;x
2297;30;62;165;IL'DE;x
2298;45;81;197;MALDA;x
2299;98;109;144;UZ'JO;x
2300;66;119;227;TEAH'ZAELIEH;x
2301;36;98;103;KAITONJE;x
2302;18;154;166;AIN'JA;x
2303;11;81;87;MANWA;x
2304;67;175;185;KHEZ'DEN;x
2305;59;87;90;NUZA;x
2306;61;115;120;KORIA;x
2307;200;123;27;MIGHLODIHR;x
2308;161;103;28;THUGH WOHRUM;x
2309;237;153;48;KHEM DURAL;x
2310;234;117;14;KHINBULDAR;x
2311;238;199;83;BAGH DURAL;x
2312;233;174;47;VORKAHM;x
2313;211;190;128;BORN DURAHL;x
2314;173;138;36;DHORWAHRUM;x
2315;165;117;12;DOLDORUHL;x
2316;231;90;43;LUTTLO;x
2317;172;66;31;HOTKI;x
2318;132;64;42;HUBLISLUN;x
2319;233;119;42;THANKEEN;x
2320;235;131;51;HYNKI;x
2321;172;88;24;NULLE;x
2322;205;37;110;ELLAS;x
2323;168;30;90;IPUKU;x
2324;51;113;222;ZONWAE;x
2325;36;86;222;TIL'MI;x
2326;44;95;186;XIN'TSE;x
2327;44;78;139;KHUN'MIH;x
2328;227;174;40;MUNBORIMM;x
2329;211;137;30;DHILDURAHL;x
2330;238;175;40;BOM LADUR;x
2331;235;192;129;KHUMGARI;x
2332;229;113;25;THEM THARIM;x
2333;238;94;38;KHUN THARIM;x
2334;177;60;21;NIGHDOR;x
2335;206;82;59;MINFALDIR;x
2336;178;106;92;DHOGHAHM;x
2337;169;65;25;MAL BADUR;x
2338;239;79;26;THANDARIHM;x
2339;234;92;77;THAGHWOHRUM;x
2340;235;155;150;HUGHALDUR;x
2341;221;50;39;NOMKALDUHR;x
2342;204;87;133;LE SHENG;x
2343;135;38;35;BANNI;x
2344;174;35;30;RINNA;x
2345;48;57;115;JODUHR;x
2346;107;116;178;UMDOGG;x
2347;255;180;154;HAIPIAE;x
2348;134;114;152;MUR UNADRIK;x
2349;64;180;154;YUELIANG XIANGSHU;x
2350;164;106;214;TEYNGINN;x
2351;60;48;164;THULDAK;x
2352;141;133;211;ONLAMWEN;x
2353;68;63;116;AINVU;x
2354;133;54;154;DAIYANG XIANGSHU;x
2355;225;146;145;VONAS;x
2356;194;66;64;KOLIST;x
2357;81;96;125;TCHING JIAO;x
2358;81;177;33;PANG SHANG;x
2359;215;185;147;RHEHAR;x
2360;169;114;45;XYVEL;x
2361;168;19;103;YTREK;x
2362;203;145;178;GASTRA;x
2363;115;110;221;TODYMGLI;x
2364;25;18;165;NYSTOMDO;x
2365;210;148;150;BRUMWANVA;x
2366;157;24;85;AMNWU;x
2367;192;126;156;IGNAHM;x
2368;37;104;180;DUN RARMOTH;x
2369;234;64;33;CHUN CHUN;x
2370;20;2;51;BRALDIR;x
2371;135;255;64;CHUNJING ZICHI;x
2372;153;120;209;UIGNOGS;x
2373;172;157;197;DUN YLDON;x
2374;237;152;167;UKRUM;x
2375;169;43;65;TURMIMAL;x
2376;102;55;64;RUOILATH;x
2377;83;44;176;HJYRUM;x
2378;131;116;165;ANDUNN;x
2379;198;187;223;GUGRIN;x
2380;157;129;221;JUGDAG;x
2381;144;73;75;EMAMVIN;x
2382;111;66;67;DUN JYSHIN;x
2383;193;105;108;SORGAGS;x
2384;159;21;26;KROUGNER;x
2385;207;164;166;ORDEGOM;x
2386;171;130;200;YAN LANG;x
2387;159;70;206;TAO PAI PAI;x
2388;191;154;116;YIBAN;x
2389;176;68;169;RYGOS;x
2390;211;132;207;JOLFAL;x
2391;141;129;214;BENVU;x
2392;191;154;33;TIANKONG;x
2393;35;165;33;KAMEI SAINING;x
2394;171;165;33;KANG NADE;x
2395;216;167;188;YMNDOTH;x
2396;128;58;99;DUN KRARRHARM;x
2397;209;157;187;KAMANN;x
2398;144;125;118;DRARTH;x
2399;110;43;17;AHMOUG;x
2400;193;128;102;KHIMAGRIHR;x
2401;72;22;2;NETHESOSS;x
2402;177;134;177;OGYHMI;x
2403;132;8;132;DUN TUSHE;x
2404;221;187;188;GWERRADH;x
2405;184;124;128;ROGHVENVU;x
2406;205;22;32;SANGRIVMON;x
2407;174;151;193;GWAHGUND;x
2408;63;14;107;BRAMVEYH;x
2409;205;147;137;KYNMOU;x
2410;229;85;61;DUN UTIS;x
2411;170;125;118;MIVE;x
2412;203;157;218;THUVIOSS;x
2413;76;13;96;URGUARN;x
2414;113;35;182;HJOLAHM;x
2415;123;102;141;DUN ADAG;x
2416;179;149;206;OLATH;x
2417;43;11;71;UHDADOS;x
2418;201;133;138;ENEKUGS;x
2419;168;255;255;TAI CHANG;x
2420;168;78;255;ZONGGUO;x
2421;163;116;123;DUN ARMEL;x
2422;89;22;33;ODEND;x
2423;168;78;52;KONGDONG;x
2424;24;29;151;YLDAR;x
2425;63;65;99;GIMDOK;x
2426;200;201;231;HJERDIG;x
2427;148;122;33;SALOSHO;x
2428;132;167;202;SYNGRE;x
2429;165;127;171;JIN PING JO;x
2430;165;127;33;QUANTING;x
2431;164;75;27;TWEASTOROS;x
2432;233;140;91;DUN TWEN;x
2433;189;189;153;BUMIURN;x
2434;105;164;13;DORROMEN;x
2435;130;70;33;DO KONG OK;x
2436;95;111;69;OGNERH;x
2437;127;160;76;JUINGN;x
2438;168;67;33;JISI KENG;x
2439;179;148;221;ESSUMR;x
2440;71;23;136;URRGAKR;x
2441;53;44;65;UKARMUR;x
2442;177;159;137;KHAGAR;x
2443;126;50;93;HIMIHM;x
2444;119;147;170;GIGREN;x
2445;194;201;207;OGDAS;x
2446;198;171;157;BALDOUG;x
2447;237;103;32;UNGAGREGG;x
2448;84;156;214;MOGU SHANMAI;x
2449;36;132;129;IDRURNUG;x
2450;201;131;201;ERMEMN;x
2451;81;75;183;MAH LIN;x
2452;81;75;33;DRAGONWING;x
2453;162;75;33;LOON MAI;x
2454;168;150;60;EYMGLADESS;x
2455;162;194;33;STONE MUG;x
2456;107;81;148;HO-LUS;x
2457;180;81;33;YAN-ZHU KAN;x
2458;160;229;135;GRABDUN;x
2459;165;212;206;TCHANG TCHUNG;x
2460;34;92;12;GWIHGARI;x
2461;121;140;138;BRUHIR;x
2462;159;223;217;MUSHAL;x
2463;23;151;138;DUN NAEMME;x
2464;165;93;206;KAI PAN;x
2465;206;91;109;EAGLEHORN;x
2466;196;47;70;MADMEADOW;x
2467;211;48;94;STEELWATCH;x
2468;157;26;63;WESTBARROW;x
2469;188;63;45;FARMORE;x
2470;182;29;44;ATI;x
2471;140;62;69;EDI;x
2472;242;29;69;FROSTCAIRN;x
2473;165;93;33;IMPERIAL GRANARY;x
2474;163;28;58;VEJ'MU;x
2475;118;27;47;YAEN'DE;x
2476;170;73;95;XASZAEZ'DIR;x
2477;223;57;94;TEGEA'DU;x
2478;225;27;95;DAWNRUN;x
2479;78;125;33;GIAJOR;x
2480;213;21;87;BAYMIRE;x
2481;204;125;33;ZHIZHU JIAJO;x
2482;155;77;103;MAGEROCK;x
2483;122;242;116;FUNG TINA;x
2484;237;40;40;BEARSUMMIT;x
2485;173;41;41;DEMONSTRAND;x
2486;126;52;52;KNIGHTHAVEN;x
2487;242;57;132;HIGHBELL;x
2488;163;55;98;WILDEMAW;x
2489;210;44;101;MUTEHOLD;x
2490;233;97;105;MAGEFALL;x
2491;172;35;43;NIGHTRUN;x
2492;122;242;33;MUDCLAW;x
2493;205;48;19;FLAMEWATER;x
2494;204;90;33;FANG PENG;x
2495;185;62;40;KILCLIFF;x
2496;240;85;56;LIMEMOND;x
2497;152;87;75;PONDYARD;x
2498;242;26;26;SPRINGWATCH;x
2499;201;36;36;DEADGULCH;x
2500;124;48;38;GIH'JARE;x
2501;243;42;13;MUSEHMA;x
2502;244;77;46;PIL'MIA;x
2503;110;223;33;DAI UWU;x
2504;39;136;31;ZHEAWU;x
2505;52;184;42;O'KE;x
2506;243;28;21;MEKOJE;x
2507;82;47;20;FAIRREACH;x
2508;120;86;60;EBONBAND;x
2509;152;84;22;EBONHILL;x
2510;188;135;87;HOUNDRUN;x
2511;86;39;21;RIMEWELL;x
2512;133;80;56;MISTFORT;x
2513;139;57;20;FLATHOLD;x
2514;143;62;39;FLATGATE;x
2515;108;40;22;HAZELHOLD;x
2516;153;67;28;CASTLESHIRE;x
2517;207;100;52;SHIMMERDALE;x
2518;160;88;64;ROCKWICH;x
2519;110;52;32;SWANVAULT;x
2520;147;74;31;BOULDERBURN;x
2521;103;51;39;CURSEWICH;x
2522;185;171;191;LEITING ZHI WANG;x
2523;185;66;92;MISHI SHELIN;x
2524;81;57;31;FLAMEPOND;x
2525;255;101;41;BLINDVIEW;x
2526;165;61;21;WHITFALL;x
2527;223;96;30;OLDBREACH;x
2528;237;67;29;SOFERA'S NAZE;x
2529;194;66;36;CORRAHN'S DAGGER;x
2530;126;71;56;STEELROCK;x
2531;211;119;94;LASTGROVE;x
2532;194;84;255;WASHAN LO;x
2533;210;136;41;FAIRMOUNT;x
2534;149;106;52;STORMBAY;x
2535;230;133;96;LITTLESHIELD;x
2536;180;83;46;GRAYHILL;x
2537;209;64;8;SUNMOUNT;x
2538;220;145;235;TINDARE;x
2539;113;30;129;LEIGHTBRAD;x
2540;133;101;92;BEIFANG SHI;x
2541;168;97;143;MALVIN;x
2542;174;203;203;JING SHEN SHUN;x
2543;38;37;36;SUMMERFALL;x
2544;106;95;87;SLYHORN;x
2545;155;198;225;BRIDGEVIEW;x
2546;122;137;147;DEEPLIGHT;x
2547;91;137;160;ICEFORT;x
2548;29;52;31;RANELDE;x
2549;47;65;48;NOOTOZ'MIH;x
2550;38;75;27;ZHIETINWOR;x
2551;35;50;30;MEHSI;x
2552;122;202;39;IZ'JOR;x
2553;91;137;42;HOXA;x
2554;139;147;64;KUZDENN;x
2555;193;203;85;DOJOR;x
2556;201;200;54;UZAENU;x
2557;165;165;52;SUL'MEI;x
2558;131;130;61;PUN'TSAKENN;x
2559;149;203;67;VOCEILDE;x
2560;109;144;55;EVULMENN;x
2561;93;103;55;VANZEKA;x
2562;133;153;57;PATHI;x
2563;155;189;29;MAKULRAE;x
2564;185;235;85;OHMURETH;x
2565;135;180;48;ISE;x
2566;104;225;68;GENJE;x
2567;76;163;50;HUZERE;x
2568;46;98;31;SAL'ME;x
2569;77;124;34;XIJ'MAEN;x
2570;115;184;53;RELDUNN;x
2571;108;126;97;SIZMONN;x
2572;139;169;119;IHEN'TSE;x
2573;180;179;59;NON'DI;x
2574;135;134;31;SINTA;x
2575;165;186;100;SOCAZ'DINN;x
2576;174;114;55;SPIRIT WALKER;x
2577;147;192;45;VAZ'JONN;x
2578;107;137;38;RENWISHO;x
2579;185;197;39;FENG JIANTA;x
2580;126;166;73;VEEGEND;x
2581;96;129;52;WRETOL;x
2582;139;159;113;ZREFAST;x
2583;70;89;46;CROLRIDGE;x
2584;122;176;52;ZHITVINE;x
2585;203;218;237;EARTHVIEW;x
2586;160;182;207;CLIFFWOOD;x
2587;137;178;227;FREYBOURNE;x
2588;130;203;215;SNAKEWATCH;x
2589;135;173;180;WHITWIND;x
2590;140;155;157;MUTEMOUNT;x
2591;175;238;246;SHROUDMIRE;x
2592;110;43;41;DASHE WAN;x
2593;126;226;218;MOSSSCAR;x
2594;150;176;173;DEWFIELD;x
2595;179;233;227;MOSSVAULT;x
2596;61;59;56;ROGUEWIND;x
2597;95;91;86;LIGHTPASS;x
2598;110;43;151;TAYANEGAN;x
2599;59;58;57;DRYWIND;x
2600;62;57;52;DOGWIND;x
2601;90;81;54;LINPIAN LINPIAN;x
2602;110;0;134;XIWANG;x
2603;183;185;99;CHUNG ZANAH;x
2604;110;146;155;SNAKEDALE;x
2605;122;174;177;CROWMINSTER;x
2606;203;107;99;SENLIN WHIJIN;x
2607;197;214;233;CLOUDMOUNT;x
2608;150;184;221;FROSTSHELL;x
2609;186;172;235;STONEMAW;x
2610;134;127;163;SALTGULF;x
2611;176;208;211;GLOOMGULF;x
2612;73;94;98;WINDBOURNE;x
2613;139;207;221;MUDSPELL;x
2614;103;146;155;MUDBURGH;x
2615;159;165;227;NEPOMUK;x
2616;222;142;225;KIRK;x
2617;56;203;14;YING CHAO;x
2618;129;133;88;FUKAN;x
2619;61;229;88;SAFEIER;x
2620;72;74;95;SAPHIRA;x
2621;61;79;198;DEVIN;x
2622;219;229;88;CONGLIN LU;x
2623;207;156;150;AGRICAN;x
2624;99;46;229;BAKKI;x
2625;246;46;229;WURLAME;x
2626;226;185;207;VINETA;x
2627;232;156;43;TUNBUN;x
2628;120;14;113;AMARANTH;x
2629;205;143;200;SMALLBREACH;x
2630;56;156;43;AGLOO;x
2631;151;156;223;WEN TE DE;x
2632;194;137;136;GAIL;x
2633;231;156;55;GUDU GAN;x
2634;128;19;78;QUINT;x
2635;205;102;158;STEELE;x
2636;185;129;87;QUYE;x
2637;145;75;22;LYNK;x
2638;99;136;183;GONG GU;x
2639;188;136;183;WIAN WU;x
2640;138;123;176;SALVOD;x
2641;188;136;96;JIAN MU;x
2642;231;217;241;TAMADA JIN;x
2643;227;171;213;SAMPSON;x
2644;231;217;62;KIMTEL;x
2645;231;174;61;MINJI-CHANG;x
2646;231;174;139;ELDERPATH;x
2647;72;194;130;YOUQU HOU;x
2648;83;27;132;WINMORE;x
2649;231;194;130;SENLIN HOU;x
2650;177;142;136;COREZHUL;x
2651;159;129;160;EBONHAVEN;x
2652;187;171;188;BRONZEVAULT;x
2653;192;157;193;FAIRWICH;x
2654;233;215;234;RIVERBORN;x
2655;217;141;219;BRIDGESIDE;x
2656;208;178;209;WINDPOND;x
2657;213;205;237;HOLLOWSHELL;x
2658;167;156;201;EMBERSTALL;x
2659;124;116;149;BONEVALE;x
2660;246;195;251;GLIMMERSHORE;x
2661;216;190;218;NEWLAND;x
2662;229;225;233;WESTMOOR;x
2663;204;187;221;ARROWMOUTH;x
2664;172;153;180;GLOOMSCAR;x
2665;216;170;234;SILKGARDE;x
2666;202;192;210;BEACHGULF;x
2667;173;144;198;BONEHALLOW;x
2668;189;145;227;AUTUMNACRE;x
2669;123;105;137;OLDWIND;x
2670;122;58;58;DOREN ZHU;x
2671;221;171;238;COLDACRE;x
2672;155;125;180;SILENTHOLDE;x
2673;206;183;206;EBONVILLE;x
2674;239;194;239;WOLFSUMMIT;x
2675;163;127;162;MAPLECHILL;x
2676;214;122;214;WINDFELL;x
2677;178;138;178;QUICKBURGH;x
2678;170;136;192;OAKENSUMMIT;x
2679;182;114;226;SWAMPREST;x
2680;169;164;172;DEERMEADOW;x
2681;154;123;174;GREENSHIELD;x
2682;223;204;235;QUICKGRAVE;x
2683;181;163;192;MIGHTFORT;x
2684;202;148;237;CLEARGRAVE;x
2685;192;182;210;CLIFFHALLOW;x
2686;185;155;240;BEARBURY;x
2687;86;78;142;ZA HA;x
2688;201;180;239;SHROUDSHADE;x
2689;238;190;238;STAGBAY;x
2690;110;191;183;PUYA PIO;x
2691;239;212;239;DARKSIDE;x
2692;231;191;81;HONEYPAW;x
2693;180;145;225;GRAYHAM;x
2694;187;175;201;NIGHTTIDE;x
2695;215;193;242;SPRINGCAIRN;x
2696;185;159;139;SPIRITSTALL;x
2697;239;204;178;CLOUDPORT;x
2698;190;177;167;NORTHFALLS;x
2699;238;215;198;GREENBURN;x
2700;207;192;173;BASINBELL;x
2701;176;164;149;BLACKLIGHT;x
2702;233;189;133;SHADOWFIELD;x
2703;233;179;111;FAYHOST;x
2704;174;146;110;FLATSHORE;x
2705;130;139;154;WU SUGN;x
2706;198;189;174;MADGARDE;x
2707;168;155;134;SLYCAIRN;x
2708;181;159;124;EVERWATER;x
2709;130;139;20;SHEN SANG LONG;x
2710;163;133;84;DIRTWICH;x
2711;215;208;139;DIRTMEADOW;x
2712;240;237;205;DOGHORN;x
2713;238;228;177;HONEYWARD;x
2714;238;180;171;BOSHA;x
2715;178;171;136;DRYWICH;x
2716;233;215;125;SILKPOND;x
2717;23;180;171;NEIXIN;x
2718;229;183;17;CEESSO;x
2719;229;183;163;MISTMOUNTAIN;x
2720;187;198;211;BAYMINSTER;x
2721;227;237;248;SHROUDWARD;x
2722;126;149;176;CAVEBARROW;x
2723;139;179;227;DRYSHEAR;x
2724;188;215;234;WINDMERE;x
2725;157;196;223;EMBERSPIRE;x
2726;101;168;136;SHUANG SHE;x
2727;217;239;234;GRIMWATCH;x
2728;156;116;93;PINGHENG;x
2729;136;188;176;CURSESTALL;x
2730;234;224;188;SNAKESHEAR;x
2731;159;149;116;EVERPEAK;x
2732;207;198;164;DARKDRIFT;x
2733;237;218;159;RAGEMERE;x
2734;176;160;120;DIRTSUMMIT;x
2735;242;212;136;MISTSIDE;x
2736;243;236;217;FLAMEPORT;x
2737;229;208;156;MADSCAR;x
2738;210;205;192;MIDFRONT;x
2739;147;149;110;MILLLAND;x
2740;156;116;20;HAOJIAO ZHONG;x
2741;237;240;173;FEARMOOR;x
2742;237;215;162;BRIDGETOWN;x
2743;197;183;149;MISTPEAK;x
2744;229;64;52;SHONG WUPANG;x
2745;203;162;145;RIMEWALL;x
2746;210;196;190;DEWSCAR;x
2747;180;147;133;BELLCAIRN;x
2748;229;177;153;SILENTFAIR;x
2749;234;223;121;CLAYHAM;x
2750;198;192;137;FREYFALLS;x
2751;223;222;208;BASINWELL;x
2752;233;225;159;DEEPMAW;x
2753;242;191;133;PUREMOUNT;x
2754;237;210;179;RAVENBREAK;x
2755;200;181;159;FAIRSHADE;x
2756;242;236;229;GREENVIEW;x
2757;178;174;156;DOGVILLE;x
2758;235;229;202;MIDHAM;x
2759;88;95;226;WINDSHADE;x
2760;203;133;56;LIR'THOR;x
2761;233;239;210;EAGLEFORD;x
2762;177;181;160;SILVERMAW;x
2763;197;210;148;GOLDDALE;x
2764;240;239;213;QUICKWIND;x
2765;214;212;159;CRYSTALACRE;x
2766;233;227;103;AMBERWATCH;x
2767;194;190;176;BEARHOLD;x
2768;239;211;127;PONDFIELD;x
2769;201;187;146;DEERSUMMIT;x
2770;177;166;135;MAPLEMEADOW;x
2771;223;198;124;DAWNFRONT;x
2772;145;142;134;BRIDGEWHARF;x
2773;206;201;174;SALTBROOK;x
2774;188;175;115;PEARLCAIRN;x
2775;246;241;216;FROSTBROOK;x
2776;238;226;166;WINTERGRAVE;x
2777;194;186;129;DIRTDRIFT;x
2778;237;228;173;OXBROOK;x
2779;240;225;121;WINTERSHIRE;x
2780;225;213;181;TRADESCAR;x
2781;237;229;210;CRYSTALFALLS;x
2782;237;206;124;MADHOST;x
2783;156;147;125;SHROUDSPELL;x
2784;149;120;86;BEARWIND;x
2785;201;156;106;FLATCHILL;x
2786;231;163;87;ROSEPOINT;x
2787;210;199;188;STEAMVALE;x
2788;214;199;147;WINTERFROST;x
2789;223;205;126;PINEYARD;x
2790;242;232;200;CRYSTALWATER;x
2791;188;196;148;DARKWARD;x
2792;219;233;142;LITTLEHELM;x
2793;178;168;145;SILKPOST;x
2794;225;205;161;SUMMERBURN;x
2795;231;228;189;EMBERFROST;x
2796;159;155;106;CLIFFWALLOW;x
2797;226;220;138;HOLLOWHALL;x
2798;200;173;116;TIMBERHOLLOW;x
2799;222;178;152;CRYSTALHAND;x
2800;242;174;133;WILDEHALLOW;x
2801;149;129;117;HOLLOWFORD;x
2802;201;155;128;DIREGROVE;x
2803;229;165;151;LASHI KA;x
2804;234;199;124;FEARBAND;x
2805;231;209;160;DIRECAIRN;x
2806;210;218;121;ROGUEBROOK;x
2807;226;229;192;DEADWATER;x
2808;238;207;188;MUTEGARDE;x
2809;239;233;217;STEELMEADOW;x
2810;176;172;90;LASTPASS;x
2811;234;205;55;SHYLSAGROTH;x
2812;211;182;28;FYF ELUNORE;x
2813;240;221;116;LESELION;x
2814;229;217;153;ANYH ALLANAR;x
2815;207;190;100;SHYLFE ANORE;x
2816;247;220;78;OMH ANCALEN;x
2817;190;143;66;SHYLETHEMAR;x
2818;207;190;97;GALATHKADI;x
2819;181;233;64;ELNLEAN;x
2820;163;200;80;EFAMELLE;x
2821;203;227;148;ELYH ALORA;x
2822;147;198;47;YME ALARI;x
2823;141;154;151;TAMADE KAZA;x
2824;119;198;47;NYTHL SERINE;x
2825;144;210;83;RYN THALOR;x
2826;133;223;60;MELAENA THEMAR;x
2827;170;233;120;NNAMELLE;x
2828;140;190;100;UYFANAS;x
2829;96;231;125;LAVA THALAS;x
2830;73;169;93;ULYH ALARI;x
2831;39;166;66;SHYLFTHYR;x
2832;160;240;132;OSO NALORE;x
2833;118;203;89;FYLA THALORE;x
2834;173;244;98;NYTANLENOR;x
2835;174;215;132;ILLNELION;x
2836;148;168;156;HUAMI SHEN;x
2837;163;243;119;YLLMA ANORE;x
2838;142;201;111;ARANAKADI;x
2839;100;174;60;ULYATHTHAS;x
2840;170;205;124;KAMLIAN;x
2841;118;152;73;THYEN TAESI;x
2842;148;168;54;TING SHI;x
2843;115;153;64;LYRENNORE;x
2844;169;111;79;ASANLUMA;x
2845;152;230;48;THVANORIS;x
2846;134;190;60;AETHKADI;x
2847;123;205;48;THYMEGROTH;x
2848;93;144;46;INSA THALORE;x
2849;148;177;109;ZHI JIAN;x
2850;105;120;90;IFE AIQUA;x
2851;199;229;61;REN ALARI;x
2852;158;234;89;ELLHOGROTH;x
2853;79;226;91;NHMEL;x
2854;100;181;107;ONERIUS;x
2855;167;226;130;TUZ'DE;x
2856;122;229;55;RESHAWE;x
2857;94;174;44;AEJILA;x
2858;130;189;94;EH'ZA;x
2859;73;240;53;ZEAN'ZACEH;x
2860;135;188;128;ALROKI;x
2861;111;209;99;RON'DA;x
2862;61;155;50;IAHEA;x
2863;60;202;43;ZHO'ZUTH;x
2864;91;143;85;TIH'KAELA;x
2865;128;173;60;OZUN;x
2866;142;174;94;KAN'SAKO;x
2867;168;229;77;U'THE;x
2868;25;108;30;VOHOSEL;x
2869;13;74;17;SHUN'JAH;x
2870;26;79;38;UVUREIN;x
2871;50;65;53;LAWEN;x
2872;27;67;36;JA'THOSUN;x
2873;91;177;93;JUH'DIZ;x
2874;29;61;16;JIZRIE;x
2875;50;67;52;LEZMOTH;x
2876;26;81;30;ZERA;x
2877;24;59;26;AHZE;x
2878;53;116;56;YUH'DIWI;x
2879;54;71;55;SAMEHMU;x
2880;54;70;52;FEZUHEN;x
2881;23;54;12;XAH'KI;x
2882;42;81;29;HEN'KI;x
2883;52;61;51;A'MIAWU;x
2884;35;57;31;EHSE;x
2885;50;57;49;MELEI;x
2886;214;208;55;OLLSARI;x
2887;202;198;99;MILAN THEMAR;x
2888;145;143;75;ISATH ANORE;x
2889;224;242;28;ARAN AETHEL;x
2890;56;154;109;HOU HOU;x
2891;169;174;105;OFNASERA;x
2892;174;174;58;SOR'JOR;x
2893;215;207;93;ANYVATHEMAR;x
2894;184;173;32;THYMLEAN;x
2895;186;179;71;THELS CAELORA;x
2896;56;159;168;TONGXINGLIAN;x
2897;243;186;39;YAFALENORA;x
2898;56;125;84;FEICU DAO;x
2899;84;93;107;FYOHN;x
2900;188;171;58;OSYL THALOR;x
2901;217;199;81;IATHAES;x
2902;207;194;107;THO THEMAR;x
2903;185;177;124;MELILONA;x
2904;223;217;172;JIM BELANORE;x
2905;189;164;109;ORENADOREI;x
2906;182;145;64;HYHE SERIN;x
2907;223;176;73;RYA ENNORE;x
2908;218;217;79;RYLASERIN;x
2909;243;156;13;THYLABEL;x
2910;211;144;34;ONYHELENORA;x
2911;203;167;107;ORH DOREI;x
2912;230;158;39;YAA THALORE;x
2913;230;221;69;CYNLIN;x
2914;196;188;54;OSHVELION;x
2915;180;177;123;SHEELRIUS;x
2916;190;185;100;AYVAMEL;x
2917;222;215;43;OSFEDOREI;x
2918;168;93;165;NOSHI;x
2919;230;226;117;RAVETHAES;x
2920;201;195;46;YLLA ANCALEN;x
2921;239;233;79;O'F ANORE;x
2922;168;93;109;SUSKER;x
2923;230;202;105;OLAENAHIL;x
2924;235;223;182;JASEDELL;x
2925;180;164;107;AMYHATHEMAR;x
2926;221;197;170;IYARION;x
2927;217;171;121;FELMATALOS;x
2928;242;185;122;YLLETHQUA;x
2929;226;193;53;ENSA SERIN;x
2930;193;160;21;NELELUME;x
2931;234;209;107;LYMAHONA;x
2932;237;161;21;SM ENNORE;x
2933;192;129;13;RAANA SERINE;x
2934;237;224;52;ASEDOREI;x
2935;225;212;44;SHESE ASARI;x
2936;210;202;90;HEFASARI;x
2937;243;181;64;MORRAN ANCALEN;x
2938;219;164;60;ASHVAKADI;x
2939;238;203;137;WLEHONA;x
2940;229;220;86;OYNELIN;x
2941;43;168;191;UGLAKAR;x
2942;211;226;52;SAALNOR;x
2943;234;225;176;RYFA ASARI;x
2944;207;199;155;ESHALENORA;x
2945;239;227;162;LELLE ASARI;x
2946;44;58;37;SHOH'ZU;x
2947;36;65;23;NEAZ'KO;x
2948;51;98;30;DEIH'ZE;x
2949;46;70;34;NUNZI;x
2950;14;67;16;SIEWAEVO;x
2951;40;94;42;KHAELLUNN;x
2952;71;44;40;FIZZLEBIT;x
2953;129;34;21;BOTBLAST;x
2954;90;28;19;DULLFEET;x
2955;67;30;24;STARKPATCH;x
2956;81;51;43;LAZYBOMBS;x
2957;66;33;24;BLANDBIT;x
2958;81;47;37;FALSEFUEL;x
2959;89;25;37;STARKFLARE;x
2960;50;36;34;FIZNOZZLE;x
2961;42;23;20;FASTSNAP;x
2962;50;15;13;WILDHOLD;x
2963;55;11;29;COPPERBEAST;x
2964;69;34;48;STEAMBITE;x
2965;70;22;35;DULLBLAST;x
2966;67;40;48;GOLDSLICE;x
2967;83;61;67;TOPFAULT;x
2968;58;40;20;BLANDBEAM;x
2969;69;43;15;GROUNDGUARD;x
2970;73;56;38;FIZZBASHER;x
2971;55;22;16;SALTYBRASS;x
2972;82;39;31;BOOMSTEAM;x
2973;130;186;45;FUSESKIMMER;x
2974;238;217;26;WEMMOP;x
2975;215;204;104;LAKLA;x
2976;43;168;109;BOOK-SHAN;x
2977;203;194;107;OKA;x
2978;221;204;47;GUHL GUHL;x
2979;198;197;65;LIMI;x
2980;238;237;59;GREN-GREN;x
2981;223;223;130;LUNBAHO;x
2982;226;216;76;LAT-LAT;x
2983;206;199;105;FURAH;x
2984;226;217;136;DUKKU;x
2985;198;185;60;ZHAKOKE;x
2986;58;129;255;IBOLATH;x
2987;242;196;62;YANGURO;x
2988;231;204;126;RON RON;x
2989;239;142;67;BRONZEMORE;x
2990;223;107;46;DIREACRE;x
2991;234;179;221;WESTCAIRN;x
2992;240;202;231;BELLGROVE;x
2993;55;73;65;OCEZONN;x
2994;28;50;41;OZIALMO;x
2995;25;66;49;MICOMJUN;x
2996;17;36;14;RA'MU;x
2997;49;73;44;XEVMI'ZUNN;x
2998;18;52;11;VOMJEJI;x
2999;31;73;49;YELMU;x
3000;11;49;27;KHAROHME;x
3001;28;52;38;AIYO;x
3002;49;63;55;ROOL'KE;x
3003;26;73;78;KAMPAHOLT;x
3004;42;64;66;KVIGANDISFJOROR;x
3005;39;43;44;BERSERKJAHRAUN;x
3006;158;210;215;HELLISFITJAR;x
3007;63;60;57;HJAROARVATN;x
3008;74;50;23;GILHAGI;x
3009;57;44;29;KRISUVIK;x
3010;42;37;30;RAUOASKRIOUR;x
3011;89;92;27;BLONDUOSS;x
3012;68;70;37;HROARSLOEKR;x
3013;104;107;53;HRAUNHAFNARA;x
3014;73;79;23;KARLSDALR;x
3015;120;132;34;GUNNLAUGSSTAOIR;x
3016;88;91;61;HOKUSTAOIR;x
3017;83;69;26;SKEIO;x
3018;104;83;21;HALLSTEINSNES;x
3019;95;82;45;MELRAKKANES;x
3020;131;116;32;GROENAVATN;x
3021;107;100;57;HAFRAGIL;x
3022;85;76;25;BERUFJOROR;x
3023;71;54;11;HANATUN;x
3024;98;76;21;GERPIR;x
3025;131;111;61;LONGUHLIO;x
3026;107;96;69;KROSSA;x
3027;55;35;12;LANGADALSA;x
3028;71;57;41;ORMSA;x
3029;79;53;23;ALMENNINGAR;x
3030;86;71;39;SELARDALR;x
3031;102;79;30;GROF;x
3032;52;45;30;ARNARNES;x
3033;77;62;30;SEYOARFJOROR;x
3034;140;128;43;HVALEYRR;x
3035;108;100;47;GRIMSEY;x
3036;89;83;48;DJUPADALR;x
3037;108;68;41;FIROAFYLKI;x
3038;112;83;29;KALMANSTUNGA;x
3039;139;113;64;FJALL;x
3040;99;41;26;HJALTDAELALAUT;x
3041;86;34;21;FLATEYJARDALR;x
3042;63;31;23;KIRKJUFJOROR;x
3043;81;37;19;BRYNJUDALSA;x
3044;44;21;12;AUONAR;x
3045;131;85;67;GRIMSA;x
3046;131;62;35;RAUOASKRIOULOND;x
3047;54;35;30;HVINVERJADALR;x
3048;70;34;26;SKALDSKELMISDALR;x
3049;94;66;60;HLIOARENDA;x
3050;81;42;18;OTUK;x
3051;58;129;32;JI-USHA;x
3052;49;26;13;WAPVOOCHOL;x
3053;122;52;12;DOKRAK;x
3054;100;50;22;QISE;x
3055;87;20;109;JADEPEARL;x
3056;78;29;21;TUUWUNGUQ;x
3057;73;35;33;HRAUNSASS;x
3058;162;20;203;RO LYOS;x
3059;49;26;9;FORSVOLLR;x
3060;71;40;15;GAMLASTROND;x
3061;94;63;38;KOLBEINSVIK;x
3062;70;43;34;FABEINSA;x
3063;70;31;17;HEIOR;x
3064;108;42;20;ALMANNAGJA;x
3065;156;121;35;KALLNESINGAHREPPR;x
3066;114;90;29;FISKILOEKR;x
3067;66;55;27;FORSOELUDALR;x
3068;58;44;32;SKORRAEY;x
3069;94;70;48;BAEGISA;x
3070;98;60;27;ALPTAVER;x
3071;75;44;22;MOSFELL;x
3072;62;33;13;GRINDR;x
3073;102;56;25;JOKULSARHLIO;x
3074;50;23;14;GRINDALOEKR;x
3075;71;29;15;BLONDUDALR;x
3076;89;47;33;MOBERG;x
3077;67;41;32;KARLASTAOIR;x
3078;49;31;26;EYJAFJOLL;x
3079;59;36;30;SKOGAHVERFI;x
3080;73;38;29;HREGGSGEROISMULI;x
3081;152;138;45;DEILDAREY;x
3082;118;108;44;KOPAREYKIR;x
3083;82;75;30;ENGIHLIO;x
3084;112;103;37;REYNISNES;x
3085;70;35;23;KALMANSA;x
3086;94;38;20;GRUND;x
3087;103;50;32;GRENJAOARSTAOIR;x
3088;58;30;20;SKAL;x
3089;63;41;34;LAUGAR;x
3090;91;52;39;AKRANES;x
3091;201;107;75;LEIOOLFSFELL;x
3092;152;68;40;HOLT;x
3093;52;26;14;JOLDUHLAUP;x
3094;87;38;16;HELLISFJOROR;x
3095;82;45;28;MIOENGI;x
3096;108;74;18;SKALI;x
3097;83;62;26;MOGILSA;x
3098;162;20;54;FUU-GOL;x
3099;98;86;34;LEIRULOEKR;x
3100;116;98;23;FJOLL;x
3101;135;114;27;DYRAFJOROR;x
3102;153;108;42;KOLBEINSDALR;x
3103;177;117;30;HNJOSKADALSA;x
3104;137;103;54;FELLSSTROND;x
3105;94;66;21;BOTNSA;x
3106;54;39;14;FRAMNES;x
3107;73;52;18;BOOVARSDALR;x
3108;44;39;13;OLEIFSBORG;x
3109;65;60;33;ARNARBOELI;x
3110;71;63;18;EIRIKSFJOROR;x
3111;127;74;37;FJALAFYLKI;x
3112;87;45;17;HERGILSEY;x
3113;92;55;29;KJORSEYRR;x
3114;99;82;25;FAGRABREKKA;x
3115;126;105;33;FELLSMULI;x
3116;116;96;25;HAMRAR;x
3117;118;106;67;REYKJARFJOROR;x
3118;69;54;43;ESJUBERG;x
3119;87;59;40;BREIOAMYRR;x
3120;122;69;33;HEGGSGEROISMULI;x
3121;152;141;25;KRAUNAHEIOR;x
3122;92;87;25;BLASKEGGSA;x
3123;59;57;32;HRUTSSTAOIR;x
3124;92;59;22;MARKARFLJOT;x
3125;124;85;40;REYKJADALR;x
3126;74;52;27;BORGARLOEKR;x
3127;79;45;15;GUNNOLFSVIK;x
3128;110;64;24;SKOGARSTROND;x
3129;59;37;17;KARLSFELL;x
3130;66;26;15;KYLANSHOLMAR;x
3131;85;29;13;NORORARDALR;x
3132;82;48;39;LANGA;x
3133;71;57;46;KVIGUVAGABJORG;x
3134;59;35;16;MANAFELL;x
3135;57;49;42;DRIFANDI;x
3136;94;74;25;BAKKARHOLT;x
3137;75;63;32;GUOLAUGSHOFOI;x
3138;56;26;183;JABULING;x
3139;96;68;14;NYKOMI;x
3140;115;79;11;ESKIHOLT;x
3141;89;62;27;MOSTR;x
3142;108;78;40;FIROIR;x
3143;78;51;17;RANGA;x
3144;69;28;10;BOOVARSTOPTIR;x
3145;56;26;54;TOSHEH;x
3146;83;37;16;GALMASTROND;x
3147;62;51;25;ROGALAND;x
3148;49;37;11;BRJANSLOEKR;x
3149;69;33;6;SAUOAFELLSLOND;x
3150;53;31;15;FLUGUMYRR;x
3151;87;49;19;BRYNJUDALR;x
3152;70;51;36;HASTEINSSUND;x
3153;112;103;42;BITRA;x
3154;54;49;17;MAELIFELLSGIL;x
3155;71;63;8;EYRARBAKKI;x
3156;67;47;24;DRANGAR;x
3157;56;58;29;TOTASO;x
3158;38;31;22;GONGUSKAROSA;x
3159;77;61;25;VESTRHOPSHOLAR;x
3160;75;35;30;HERJOLFSFJOROR;x
3161;71;43;39;MORK;x
3162;87;24;16;GEIRASTAOIR;x
3163;65;31;27;BOOVARSHOLAR;x
3164;194;219;225;EVERGREEN;x
3165;7;57;70;TOADSTOOL;x
3166;19;35;166;WHITEWOOD;x
3167;61;65;98;TEAR;x
3168;197;194;139;GRANITE;x
3169;219;191;169;TZAN'GOL;x
3170;56;142;173;SHA'JOH;x
3171;141;53;147;ZU'JURNIN;x
3172;190;90;11;THARON'JA;x
3173;39;120;76;VORLIM;x
3174;202;213;30;FOREDGE;x
3175;213;30;155;VALDROS;x
3176;110;115;91;YESGREND;x
3177;141;176;13;FERDRUM;x
3178;221;114;150;WHITEPINE;x
3179;56;68;77;ASHWOOD;x
3180;114;75;26;REDFANG;x
3181;174;207;191;TZOG'RUSH;x
3182;79;60;12;ZAN'SIN;x
3183;149;185;66;FASTCHART;x
3184;106;132;45;MULTIPOST;x
3185;82;96;50;COARSECORD;x
3186;101;126;36;FRYABYSHEVSK;x
3187;80;104;15;KISELYOVSK;x
3188;65;77;34;NOVOCHEPUL;x
3189;24;66;33;GLUMCASH;x
3190;23;85;36;GROUNDBOMBS;x
3191;40;75;48;GRANDBELT;x
3192;135;99;22;VSEMAS;x
3193;110;85;31;MAGAZAN;x
3194;56;58;109;CETHOMO;x
3195;86;49;29;LANG WAIYU;x
3196;188;157;126;NABOKSARSK;x
3197;159;121;84;NOGILUGA;x
3198;156;127;78;VSEBYSHEVSK;x
3199;151;97;10;BELOKAMSK;x
3200;184;129;39;ZHELENOVO;x
3201;110;106;34;RAHSIAJU;x
3202;120;118;78;SAKRA;x
3203;148;117;59;GI'TSE;x
3204;172;125;37;IJ'MIN;x
3205;197;140;33;SHIWI;x
3206;173;135;53;UH'DONN;x
3207;86;49;92;LANA NIP;x
3208;213;120;47;YEIH'DINOR;x
3209;192;133;86;MIWINN;x
3210;168;102;51;REZDE;x
3211;163;26;200;JI-YUNSO;x
3212;163;26;92;AE-RI-JUN;x
3213;170;96;46;OZDE;x
3214;151;96;59;DINJANE;x
3215;182;132;67;AYU;x
3216;197;106;34;JEA'JA;x
3217;229;115;26;ULI;x
3218;194;109;42;LENWA;x
3219;148;101;42;DMISHNY;x
3220;156;125;86;KALUNSKOY;x
3221;201;133;46;NEVISCOW;x
3222;213;135;37;USSUCHNY;x
3223;72;177;54;SU-MINSO;x
3224;193;120;57;GARKASSK;x
3225;234;138;55;BORISOLEUZ;x
3226;163;116;40;TAGANOMYSSK;x
3227;189;132;38;NAROD;x
3228;196;124;68;CHEREYARSK;x
3229;222;122;45;TAMBOYUGANSK;x
3230;198;106;35;CHISTOYARSK;x
3231;229;124;44;CHEBOGDA;x
3232;205;119;10;VYBOKHNA;x
3233;192;137;67;ZHIGUTURYNISK;x
3234;215;168;108;MINUKARINO;x
3235;197;136;49;SOSOLENSK;x
3236;227;144;23;DOMOBINSK;x
3237;196;154;50;SMOKIYE;x
3238;192;166;75;KISENOVSK;x
3239;233;149;28;EGLOODE;x
3240;159;112;45;WORSAVE;x
3241;188;135;59;RIELFE;x
3242;194;116;48;NORIMAS;x
3243;182;100;28;ROGRAD;x
3244;215;149;74;KHIZYL;x
3245;210;155;113;BOLO;x
3246;213;139;81;DALIVE;x
3247;144;91;44;BELOLZHSKY;x
3248;188;148;113;SEIGA;x
3249;182;120;42;ALNE;x
3250;188;126;72;CHEBA;x
3251;168;89;47;LEBO;x
3252;215;96;35;MUPO;x
3253;194;150;39;KASPIVROPOL;x
3254;188;158;84;KAMEPUL;x
3255;198;144;65;VYBOZNY;x
3256;213;139;31;KUZNEBEY;x
3257;169;113;65;YAIZLA;x
3258;188;107;37;YUCNE'TSU;x
3259;210;129;27;ZAINWIH;x
3260;230;132;82;RIZI;x
3261;230;105;40;GIEN'MU;x
3262;174;120;40;GAZLIFI;x
3263;205;112;30;FIZEL'JI;x
3264;159;121;28;ACUSHIN;x
3265;189;130;44;MO'ZU;x
3266;219;146;40;JOOL'JUTH;x
3267;166;136;29;LYUBESHOV;x
3268;218;146;42;VUNBULDAR;x
3269;194;121;64;KEGDORAL;x
3270;222;126;52;HOL KALDUHR;x
3271;190;92;47;BASHOH;x
3272;230;98;39;YESHA;x
3273;213;136;101;NEJATH;x
3274;223;135;48;SHOJIE;x
3275;231;177;54;SRI-PANG;x
3276;198;129;61;EDEZEAN;x
3277;188;143;30;EN'MIN;x
3278;136;100;10;IJUTH;x
3279;182;106;48;BHUGGURUM;x
3280;137;78;32;DIL BOLDIHR;x
3281;180;125;83;THIMDAHN;x
3282;155;125;176;AM'TUK;x
3283;95;26;141;RHUG'DER;x
3284;18;82;10;SHOM'GHIN;x
3285;66;149;56;TZEN'ZIH;x
3286;129;174;136;A'TAN;x
3287;72;214;96;JUR'DANI;x
3288;157;23;23;EG'SALIN;x
3289;188;118;106;JAI'ZI;x
3290;161;43;21;DROZ'RA;x
3291;218;175;94;AH'DUJU;x
3292;246;163;8;SAH'GAZ;x
3293;95;11;17;TRAL'SON;x
3294;63;137;178;VAM'TAY;x
3295;12;81;119;KIR'ZA;x
3296;151;168;177;TRUL'DEN;x
3297;196;218;113;SHUR'NA;x
3298;48;147;121;RHALKEI;x
3299;157;193;183;WOVON;x
3300;180;136;205;TUNASH;x
3301;52;104;37;AH'THAK;x
3302;51;118;165;DRAYULU;x
3303;65;85;99;MU'MUHN;x
3304;17;45;65;LAL'GHOL;x
3305;100;144;176;HAH'DAMAL;x
3306;27;74;131;ZEH'GHIAR;x
3307;163;93;168;TOU'KYEL;x
3308;25;86;112;MEL'JE;x
3309;183;130;145;MAI RINJIN;x
3310;75;141;169;RUL'TUY;x
3311;96;130;54;SHUNG LEN;x
3312;28;80;94;XANGON;x
3313;15;86;131;JAIR'ZOKIY;x
3314;55;124;168;DRAG'DUZ;x
3315;111;163;197;SIRMALU;x
3316;42;54;61;XINYEI;x
3317;62;106;115;SHOBOH;x
3318;22;110;128;TROJUZ;x
3319;183;130;54;TZULA;x
3320;34;93;154;INJAR'JI;x
3321;34;185;99;JADEFLOWER;x
3322;19;74;73;EN'MATH;x
3323;72;129;129;AI'ZAH;x
3324;156;200;180;GLENZU;x
3325;52;68;104;RHEZ'KORUH;x
3326;83;83;128;LAR'NE;x
3327;34;200;180;JO PO;x
3328;16;67;82;ZAEGEN;x
3329;23;41;59;SHEBAK;x
3330;34;52;180;WEI JO;x
3331;63;85;144;RAAPTUK;x
3332;152;214;99;YUSHEL;x
3333;152;64;180;ZHUWANGZHI;x
3334;12;57;81;TAL'ROIG;x
3335;28;73;77;TRIGESH;x
3336;52;80;131;JAZAI;x
3337;152;64;56;ZHIZHU;x
3338;11;67;78;RAZUPIY;x
3339;208;116;180;HYE ZHEN;x
3340;106;120;173;JAL'ZONUN;x
3341;20;37;100;DROH'SUSH;x
3342;102;112;149;FON'KITH;x
3343;19;59;87;RAZUZDIE;x
3344;42;64;79;KIJO'KA;x
3345;33;43;50;RUHOCUTH;x
3346;33;73;120;BAZ'DI;x
3347;19;57;103;NAZ'DATH;x
3348;45;79;119;YILZETH;x
3349;40;90;136;HEYU;x
3350;46;74;99;JADU;x
3351;85;112;137;FUN'MEN;x
3352;33;69;95;LIRIYU;x
3353;23;76;115;BUZU;x
3354;62;78;90;JUHMUTH;x
3355;27;60;119;UNTOTH;x
3356;29;84;181;I'ZI;x
3357;21;50;99;HUZ'KU;x
3358;26;50;94;KIN'JAN;x
3359;35;66;122;NUZROR;x
3360;77;98;137;KHELROYU;x
3361;59;71;92;MAIL'ZO;x
3362;17;54;74;RUL'KE;x
3363;70;84;91;JAVIAKRI;x
3364;47;74;89;HIEXAESHI;x
3365;45;57;71;IHIMAEN;x
3366;69;86;107;POLIHSI;x
3367;20;52;90;JI'MEWO;x
3368;43;92;144;DINWOWE;x
3369;32;73;116;DUZEAN;x
3370;25;55;126;ZAEH'JA;x
3371;28;47;92;SHIRNO'ME;x
3372;50;63;94;RI'MUTH;x
3373;31;77;106;MATHETON;x
3374;24;47;61;TUNDO;x
3375;55;75;89;KHIHO;x
3376;33;55;94;DEVEAJIR;x
3377;31;43;65;NUHRA;x
3378;57;69;90;KHIZLO;x
3379;34;75;110;MIZRINN;x
3380;38;90;133;AJOSHI;x
3381;66;114;153;XUZ'JEA;x
3382;25;70;107;INJETH;x
3383;15;51;81;RUJE;x
3384;22;43;62;IN'DETH;x
3385;27;58;100;MIN'DEI;x
3386;45;62;85;VON'KA;x
3387;32;47;69;XI'ZO;x
3388;22;76;107;ZANIAZU;x
3389;18;60;83;ZHOONA;x
3390;50;73;86;ZOMJE;x
3391;27;26;94;JIEZRUNN;x
3392;41;40;137;SHAN'TSIEHINN;x
3393;45;45;85;GENWE;x
3394;35;54;91;UZ'KA;x
3395;21;38;73;KAZ'JA;x
3396;12;31;70;I'DA;x
3397;43;87;174;KHUREJ'MI;x
3398;23;57;124;UH'ME;x
3399;25;67;152;MAISAETH;x
3400;38;65;122;FOZLE;x
3401;53;70;103;PUDE;x
3402;36;47;69;EN'JO;x
3403;20;60;107;KASHIHDU;x
3404;26;53;86;EKAIJ'MUTH;x
3405;43;61;83;EN'KISO;x
3406;31;57;96;NAZ'MI;x
3407;28;68;128;GALRUKOR;x
3408;36;50;70;UN'JEAN;x
3409;208;156;180;UROBI;x
3410;58;70;144;OJIE;x
3411;40;82;148;ZISEN;x
3412;168;214;205;WUKKU;x
3413;206;243;236;ABO;x
3414;182;201;197;YENUNE;x
3415;196;238;231;HUMOH;x
3416;159;202;195;MOPO;x
3417;152;231;218;BADU;x
3418;124;143;145;WEKUYE;x
3419;114;177;185;YEKKU;x
3420;111;184;193;UWA;x
3421;154;216;223;IWODA;x
3422;41;111;123;PORADEAQ;x
3423;118;146;151;CHUDO;x
3424;214;234;238;WUKU;x
3425;127;165;192;WUNA;x
3426;183;206;222;OMOYEH;x
3427;100;173;226;EKO;x
3428;149;200;237;NOWULI;x
3429;159;181;233;NUPU;x
3430;80;122;218;LUNKHODA;x
3431;208;156;90;TASTERS' ARENA;x
3432;135;210;204;BAIKKANE;x
3433;173;213;210;EDA;x
3434;162;188;186;ABUYAH;x
3435;185;215;226;POKKO;x
3436;140;174;240;MERAMAQ;x
3437;141;169;180;MUPU;x
3438;119;176;197;WENKHA;x
3439;157;145;230;TASKUYU;x
3440;187;180;231;CHUBODE;x
3441;179;175;205;HALADUH;x
3442;147;166;217;EBAQ;x
3443;104;129;194;NARO;x
3444;157;166;188;PUHOQ;x
3445;113;201;238;SAHONE;x
3446;0;127;177;JADEFIELD;x
3447;146;199;218;BIHA;x
3448;0;127;43;CHIBEE CHAN;x
3449;147;229;217;AKRAFJALL;x
3450;198;229;224;KNARRARNES;x
3451;165;222;214;HVATASTAOIR;x
3452;114;137;226;IPAYU;x
3453;151;168;233;POKOYEQ;x
3454;189;195;217;USKA;x
3455;129;170;243;MEHA;x
3456;188;191;197;USKONAQ;x
3457;126;158;214;WORU;x
3458;168;188;237;INUQ;x
3459;113;143;219;ABOYI;x
3460;201;209;229;NAIHA;x
3461;130;159;233;SUNKHAQ;x
3462;175;191;233;WEKKU;x
3463;133;145;174;ARUNU;x
3464;138;200;239;YOWO;x
3465;161;204;231;MEPOH;x
3466;145;180;202;IMAH;x
3467;179;225;233;CANKHOH;x
3468;150;202;209;EPODI;x
3469;142;222;235;WENU;x
3470;189;212;215;NOMA;x
3471;195;216;221;YAPODE;x
3472;179;224;234;PIWUYI;x
3473;144;220;237;CHAILOLI;x
3474;211;222;233;MAROQ;x
3475;169;203;235;YONKHOLI;x
3476;162;205;246;SELA;x
3477;193;220;246;CIKKO;x
3478;178;200;221;SENUNE;x
3479;124;172;217;MOSKOMU;x
3480;130;183;234;MOBUNA;x
3481;156;195;206;LADO;x
3482;110;201;229;CAKKA;x
3483;170;192;198;HUDULUH;x
3484;126;147;168;TEBOYE;x
3485;128;170;213;NODA;x
3486;144;191;239;POLU;x
3487;172;220;235;OHU;x
3488;184;197;194;LUMO;x
3489;227;242;238;CHEKKUQ;x
3490;187;230;220;NUMOME;x
3491;184;190;205;TUNOYE;x
3492;155;176;225;PIRO;x
3493;124;156;229;PUKU;x
3494;228;233;244;BONULU;x
3495;179;218;217;CAIHA;x
3496;159;239;238;EKU;x
3497;139;197;196;LERA;x
3498;156;151;231;LAIBUMU;x
3499;202;200;238;SAKKO;x
3500;178;177;198;CHAWO;x
3501;156;211;227;NAYAMAAK;x
3502;113;195;219;ATTOMKOK;x
3503;169;212;225;TORNUQNA;x
3504;146;237;221;DOJOGLIA;x
3505;217;234;231;HIWINNIT;x
3506;134;197;233;SHUGOSH;x
3507;129;172;196;HROTTARRLEQ;x
3508;197;215;225;YO'KAJEAT;x
3509;141;174;178;WEGRUK;x
3510;199;227;231;QIPVIAL;x
3511;142;204;214;SI'NATTEQ;x
3512;211;229;237;KIKOKRAT;x
3513;134;174;190;NAIRU;x
3514;172;212;229;HROYIPVA;x
3515;113;226;109;GRI-NA;x
3516;134;218;225;EDO;x
3517;183;225;229;CHEMO;x
3518;153;222;208;UROMA;x
3519;217;55;39;SERPENTPATH;x
3520;122;206;190;HUWO;x
3521;106;179;226;TAKKO;x
3522;160;197;221;TORA;x
3523;187;190;202;ARU;x
3524;190;198;234;NAWA;x
3525;137;154;233;POHADAQ;x
3526;206;192;240;TOBU;x
3527;177;155;233;BENA;x
3528;155;148;238;EKKA;x
3529;172;168;227;CHEWUMU;x
3530;34;55;39;HEE-BON;x
3531;132;128;190;OMAQ;x
3532;147;231;221;NAIBUMU;x
3533;120;203;194;TIKOH;x
3534;160;189;186;YAMAMU;x
3535;108;233;227;HUWU;x
3536;34;206;39;NIGHTJADE;x
3537;145;198;196;WARUH;x
3538;172;227;214;HOWU;x
3539;184;185;90;SAWA DINH;x
3540;184;185;200;YU'KIRAI;x
3541;148;229;239;NUNKHU;x
3542;168;221;227;TAKAH;x
3543;184;73;200;SERPENT'S HEART;x
3544;146;204;211;MAPA;x
3545;130;191;210;PADA;x
3546;200;231;240;MIDOQ;x
3547;155;190;201;ISKADU;x
3548;200;227;221;SEDO;x
3549;126;216;243;FRYASKOVSK;x
3550;111;181;202;ANARODVINSK;x
3551;156;210;226;MADNY;x
3552;164;187;194;NOVOUKHNA;x
3553;114;174;230;BELOREKSIN;x
3554;157;190;221;GOSKI;x
3555;151;170;188;LYRGA;x
3556;112;131;176;GUGODONSK;x
3557;116;147;221;VLADILKOVO;x
3558;179;193;226;BELOREROM;x
3559;115;122;233;VOLGOVAYA;x
3560;171;172;203;KALURZHINSK;x
3561;155;159;225;NABEKAN;x
3562;120;184;230;MINUROVSK;x
3563;173;203;225;NOVOTROIKAMSK;x
3564;145;161;172;CHEVGRAD;x
3565;114;143;237;ZHUKODRINSK;x
3566;189;198;229;FRYAPETSK;x
3567;147;168;235;TOVROV;x
3568;158;231;223;NOGITOUST;x
3569;214;225;223;VYABOKSARSK;x
3570;166;242;233;BUZUGLEBSK;x
3571;205;230;239;YEGOZINO;x
3572;168;211;226;YUMYSSK;x
3573;158;222;233;VLADINOMYSSK;x
3574;180;178;213;ANGARINSK;x
3575;118;114;223;TUSHMA;x
3576;108;175;237;BAWOQ;x
3577;155;196;234;CEKKOQ;x
3578;130;191;213;GEAHMIZUH;x
3579;194;224;235;SON'JOR;x
3580;152;179;189;ANTI;x
3581;158;203;233;MUN'JUN;x
3582;184;255;109;TWIN DRAGONS;x
3583;186;201;211;DEZ'JE;x
3584;126;179;214;O'KO;x
3585;135;174;242;EAHSA;x
3586;150;179;229;I'JO;x
3587;163;184;219;FOONOL'ZE;x
3588;209;216;227;TOMJO;x
3589;151;198;218;SVOBONSKOYE;x
3590;212;228;235;OKTYAYLOVKA;x
3591;186;233;240;YEKATELAVAT;x
3592;178;194;197;BUDYONYEV;x
3593;141;228;242;NAVERESHNY;x
3594;180;203;234;ORYNETSK;x
3595;136;173;223;NEFTEYULKOVO;x
3596;206;35;39;EVERSEEING;x
3597;144;201;233;EMA;x
3598;204;224;235;HOKKA;x
3599;34;35;39;SCROLLKEEPER'S SANCTUM;x
3600;123;162;240;TENUQ;x
3601;0;49;54;YUFI SHIN;x
3602;204;214;233;NEHO;x
3603;124;176;198;SERUDA;x
3604;136;165;223;GAIRNIM;x
3605;133;153;193;YOCHITO;x
3606;178;185;200;JALI;x
3607;131;47;47;PURPLE AMETHYST;x
3608;198;160;160;GREEN EMERALD;x
3609;96;45;45;BLUE SAPPHIRE;x
3610;71;29;29;IALEA;x
3611;198;173;152;ZUDEZOR;x
3612;161;118;80;MANRUMEL;x
3613;69;13;13;OLEZMEN;x
3614;188;128;167;ANCIENT CHAMBER;x
3615;241;52;61;XAL'ATAHTEZ;x
3616;58;235;61;ANESSEH;x
3617;132;151;61;QING ZSHANG;x
3618;176;101;101;SELADEM;x
3619;191;113;154;AZARVI QI;x
3620;191;52;56;HUPOSE QUAR;x
3621;0;148;56;ZHEN TIAN;x
3622;81;9;9;OVERGUN;x
3623;148;52;58;JIN KEG VU;x
3624;148;168;145;AZZO TEN;x
3625;174;151;238;CONGLI BULUO;x
3626;180;161;106;ARLANES;x
3627;64;122;90;BAN SHAN HU;x
3628;64;151;238;WUENTONG;x
3629;218;80;80;OHIA;x
3630;179;127;66;DRARIL;x
3631;171;143;82;SHEDLASS;x
3632;179;135;56;STAGLIAN;x
3633;204;168;51;NALEAN;x
3634;127;0;127;FYDIR;x
3635;235;56;235;CRYSTALWEAVER;x
3636;250;92;235;THAENAS;x
3637;171;0;173;ALLARIAN;x
3638;204;26;207;MYERIEL;x
3639;255;10;255;TANATHAS;x
3640;191;89;33;WEST SHANDARAL;x
3641;245;107;36;EAST SHANDARAL;x
3642;130;92;43;ELLAESIA;x
3643;153;102;54;IDRIETH;x
3644;184;107;59;KERATANH;x
3645;222;115;46;THANERAS;x
3646;161;77;18;AARIAS;x
3647;247;161;99;MIRI;x
3648;227;145;92;KARANE;x
3649;229;148;97;ASSMEL;x
3650;227;161;130;ZILINIR;x
3651;217;125;97;THAELIAN;x
3652;237;148;51;FORLORN;x
3653;171;179;38;JILAETH;x
3654;168;166;28;REMINI;x
3655;77;148;36;VALRION;x
3656;212;158;69;FARAL;x
3657;189;189;189;JAHAQUA;x
3658;133;133;133;CHANDOUI;x
3659;222;224;222;MADLAESS;x
3660;189;122;18;SHAZUNA;x
3661;153;84;5;DULNE;x
3662;166;127;26;TITAN ROAD;x
3663;137;161;51;SOO;x
3664;0;63;51;ORALGETH;x
3665;194;63;51;GIZMO;x
3666;137;116;51;MANGRA;x
3667;157;144;113;TANGO;x
3668;28;159;176;YERNN;x
3669;127;159;176;VOVUGGUR;x
3670;28;116;49;VARLAREU;x
3671;28;255;164;MURURZ;x
3672;28;150;49;WIRGA;x
3673;248;166;148;SKYREACH;x
3674;181;166;49;GHRINO;x
3675;75;116;49;TETHYRE;x
3676;181;166;148;TALROT;x
3677;28;146;51;TINGAZIR;x
3678;28;146;139;MOSSLIGHT;x
3679;28;135;118;SAPHEUH;x
3680;135;135;124;SHATULE;x
3681;135;135;255;PURPLE JUNGLE;x
3682;28;227;255;WEST WAYGATE;x
3683;78;0;107;EAST WAYGATE;x
3684;28;227;107;GRORACLE;x
3685;28;137;155;PEARL DIVER;x
3686;59;102;68;HUNTING WILDS;x
3687;120;61;24;GIBBY;x
3688;15;169;45;SOR'LRO;x
3689;15;169;115;SUNTOUCHED;x
3690;30;96;78;GLIMMERING;x
3691;30;140;78;BJLORG;x
3692;64;120;120;SAVAGE THICKET;x
3693;64;120;90;DASHFANG;x
3694;102;161;99;HUNFANG;x
3695;162;161;78;SILKWIND;x
3696;128;175;78;BRASHMANE;x
3697;161;139;78;GEHH;x
3698;137;227;51;SUD RAINCOAST;x
3699;137;140;51;LIFESHARD;x
3700;28;115;81;MRGRLARG;x
3701;28;176;81;MAKERS' OVERLOOK;x
3702;139;68;81;RAINEARTH;x
3703;157;84;47;THUNDERWRIGHT;x
3704;60;42;92;MRLARGR;x
3705;60;127;139;BRGROURL;x
3706;128;14;20;MEIYLLUT;x
3707;198;134;138;HUNUKU;x
3708;133;44;23;TEKKI;x
3709;192;153;144;ORRUASH;x
3710;182;136;113;PEMIAL;x
3711;140;68;31;YERATTE;x
3712;217;165;138;NEHAQ;x
3713;160;89;70;PONEQ;x
3714;211;79;79;OYALEAK;x
3715;231;49;54;WIND-HAMLET;x
3716;211;104;79;HRE'KOT;x
3717;93;108;41;KAUTTIRE;x
3718;166;158;42;AMOTT;x
3719;219;103;43;KESI;x
3720;81;20;180;TOMMAKANN;x
3721;219;207;43;SATERK;x
3722;168;140;93;KORRLE;x
3723;137;101;84;SURERNE;x
3724;178;79;34;SIKRESIU;x
3725;143;189;123;KEJAQNA;x
3726;66;152;30;SAIGIDWET;x
3727;151;201;129;NIGUSH;x
3728;81;162;180;AKOLIK;x
3729;58;67;24;KOANNE;x
3730;185;219;57;ERNITUSH;x
3731;180;180;17;XING'AIG;x
3732;54;201;136;UAULLUOT;x
3733;152;225;192;NORNAIGRUQ;x
3734;22;128;81;WEQNA;x
3735;113;205;217;WORNOGLIT;x
3736;71;142;251;SHAIDWOMON;x
3737;180;180;180;NATSUI;x
3738;102;100;23;DAGONAI;x
3739;152;92;79;MEKAME;x
3740;169;136;128;QELTOR;x
3741;136;140;192;NANGO;x
3742;22;30;159;NUATTIGHI;x
3743;182;153;137;INIGIR;x
3744;152;60;10;HROJELLIK;x
3745;188;135;188;AIPVEJEK;x
3746;110;7;110;HINRIU;x
3747;67;50;170;WOGLAR;x
3748;172;163;225;PEJIRFI;x
3749;90;80;148;YOK'KEK;x
3750;64;44;184;KIWUAKU;x
3751;144;141;164;TAK'KET;x
3752;198;110;129;TUUNRIKUN;x
3753;151;123;129;NOTTEPVUR;x
3754;98;33;47;WEMENAYEQ;x
3755;202;159;168;IK'OK;x
3756;161;49;72;DUDWIKOOQ;x
3757;44;15;21;HRENREWQ;x
3758;59;107;133;SAURFIJIN;x
3759;156;183;197;DEMIRNGUAR;x
3760;98;157;188;MIRFOLO;x
3761;46;100;128;WUCHANREN;x
3762;155;140;107;BRELBER;x
3763;201;190;164;SVAD;x
3764;90;74;11;HJYGNVOR;x
3765;127;113;61;ELLERBRA;x
3766;74;37;22;MAGRI;x
3767;203;161;143;QOAEL;x
3768;135;45;9;DITIK;x
3769;185;111;46;SLENT;x
3770;207;36;71;HEKTARS;x
3771;186;156;144;BRULD;x
3772;207;110;71;SORD;x
3773;205;140;143;SKAGG;x
3774;156;28;35;KOHARBULL;x
3775;190;139;142;HJIRD;x
3776;180;81;180;HEI GUI;x
3777;89;15;18;BJONG;x
3778;84;209;89;ELMORR;x
3779;98;129;99;MONEK;x
3780;162;196;142;COSARD;x
3781;31;66;9;SKURGA;x
3782;101;189;46;HORALIRS;x
3783;177;43;76;CARDRARN;x
3784;231;149;170;ULJIS;x
3785;198;171;129;GHELRENNA;x
3786;182;140;77;JULFR;x
3787;226;226;143;KIL'TOB;x
3788;180;180;16;TALJUN;x
3789;86;86;17;GAK'EX;x
3790;170;124;64;TISROX;x
3791;129;129;94;CULRAN;x
3792;136;29;9;KRUT'ZIL;x
3793;145;63;47;CILTHOL;x
3794;186;138;129;ZESNET;x
3795;202;34;16;TREK'THES;x
3796;231;137;127;GRAL'TAMIT;x
3797;180;146;142;CRAZAR;x
3798;210;166;149;QIPU;x
3799;107;220;96;PACHEKU;x
3800;131;98;85;TAIMA;x
3801;95;46;26;TESSOCHO;x
3802;149;65;32;AVONACO;x
3803;164;142;117;CHISHIA;x
3804;89;58;23;EAWE;x
3805;126;97;65;MONGWAU;x
3806;166;100;23;SKAH;x
3807;210;167;117;EQEVAGO;x
3808;189;144;93;VUBUADA;x
3809;135;72;1;YUCHO;x
3810;186;119;106;TOMMU;x
3811;143;40;20;AGADO;x
3812;239;116;169;OTOAHNACTO;x
3813;223;220;96;HULKZIN;x
3814;223;81;180;AHT'LUTAL;x
3815;200;145;67;EAMMECOWHE;x
3816;135;91;27;KNEYUW;x
3817;215;134;16;NEPOVE;x
3818;173;165;110;CHOLENA;x
3819;189;171;58;RIVUGU;x
3820;71;67;37;ZIHNA;x
3821;118;115;126;BLOLGRINI;x
3822;150;129;131;OM'GANAL;x
3823;118;90;126;TAJARU;x
3824;150;190;131;AGUDOL;x
3825;93;118;161;SORENGRATH;x
3826;93;142;209;HUGENETH;x
3827;93;142;161;SUNKEN TEMPLE;x
3828;81;96;161;EMALON;x
3829;81;96;229;SORAKATH;x
3830;57;225;161;DUN DAGOR;x
3831;144;225;70;KAZ'MADAM;x
3832;163;90;62;AMGIS;x
3833;81;124;161;KHAN'OGRAM;x
3834;79;128;231;VUNGANETH;x
3835;81;68;216;UNLAME;x
3836;109;34;131;ANASOR;x
3837;150;34;87;DRAZ'DAGATH;x
3838;109;34;87;SREWAICH;x
3839;109;81;131;DUN SHADAL;x
3840;163;90;91;BOCHELK;x
3841;72;34;87;SHADOWSIGHT;x
3842;95;34;87;GONAZROS;x
3843;72;89;87;ZULRODEN;x
3844;34;144;100;WOWU;x
3845;72;18;192;DUN MARAL;x
3846;34;144;62;MOR-AHE;x
3847;72;81;83;SOLZOMAL;x
3848;72;116;18;MARALAR;x
3849;255;139;109;BEIJANGU;x
3850;24;70;161;HIGH BLIGHT;x
3851;24;0;222;TARALON;x
3852;24;148;161;DUN  MISTEAR;x
3853;34;103;62;SILVERHOOF;x
3854;51;71;161;GLACIAL FALLS;x
3855;51;157;161;TORAVON;x
3856;0;101;103;LANNI ZHU;x
3857;219;68;63;FLAMEWATCH;x
3858;85;109;62;SUNSONG;x
3859;219;163;105;OLGENALI;x
3860;219;126;63;ANIS;x
3861;219;0;20;EROZI;x
3862;255;205;100;UN'KORALI;x
3863;255;205;20;EOYAN;x
3864;34;109;62;APIATAN;x
3865;150;190;224;ISHAR;x
3866;150;124;224;IHAYES;x
3867;150;200;161;OYIROL;x
3868;150;124;161;OZANLUM;x
3869;174;76;100;ORDALYR;x
3870;104;76;95;UMLARAS;x
3871;214;76;95;YARENE;x
3872;246;101;103;ERYU;x
3873;150;140;140;VULGONOTH;x
3874;196;140;55;NEMDARAM;x
3875;196;111;76;AZONGROS;x
3876;196;140;140;NANGULUS;x
3877;155;188;89;MATHMRIUS;x
3878;168;144;69;NELENLUNA;x
3879;163;120;64;OLYSEMEL;x
3880;210;208;54;THVA TAESI;x
3881;205;169;169;AMYALLION;x
3882;173;206;120;SIZO;x
3883;196;226;147;LIORO;x
3884;89;145;221;INMEGOSA;x
3885;55;129;229;TUNGEICGA;x
3886;41;100;180;HIVNILGOSA;x
3887;82;128;190;CYVNEIGOSA;x
3888;119;142;214;SULRISGA;x
3889;107;127;190;YRDREGOSA;x
3890;95;126;222;KEGLIGOSA;x
3891;42;147;223;RASNINGOSA;x
3892;86;162;217;ARMIROSA;x
3893;20;114;182;MERZIEGOSA;x
3894;65;105;231;TUZLAGOSA;x
3895;44;85;218;ERDRYROSA;x
3896;72;105;210;HULVINGOSA;x
3897;55;142;222;CYDRICGOSA;x
3898;69;132;190;VUNMAGOSA;x
3899;39;135;225;MYDYLGOSA;x
3900;67;105;223;ALBRIGOSA;x
3901;72;99;188;KHUZLICGOSA;x
3902;33;79;225;TYRGREGOSA;x
3903;63;115;237;GRRBGL;x
3904;52;98;205;GRGLGR;x
3905;26;63;148;SLRGMURK;x
3906;70;96;217;KUVREINGOSA;x
3907;80;106;226;SUZNYNGA;x
3908;255;63;17;JI ZAILIAN;x
3909;42;104;214;LYLLIGOSA;x
3910;255;63;139;SHE XIYI;x
3911;25;67;141;MILRIGOSA;x
3912;60;91;145;TIRZIESGOSA;x
3913;71;153;239;PENZAGOSA;x
3914;42;120;202;ALDEGOSA;x
3915;255;81;90;TAIYANG GUTOU;x
3916;94;147;202;CIGNAGOSA;x
3917;70;101;221;KHAVNEGA;x
3918;103;128;225;ENMIGOSA;x
3919;59;84;177;PARGYSGOSA;x
3920;66;89;227;RYAGLEGOSA;x
3921;255;81;180;YIN GUTOU;x
3922;32;57;201;MUZLEEGOSA;x
3923;42;100;234;VULBRINGOSA;x
3924;93;101;200;NURONG LO;x
3925;43;86;188;INGAGOSA;x
3926;211;167;84;GURLLA;x
3927;238;180;72;GARRG;x
3928;230;197;134;GLLGGLL;x
3929;166;143;98;SPLMURGILL;x
3930;53;45;123;EHOSEL;x
3931;79;72;135;EANEYAS;x
3932;35;27;100;EROVEN;x
3933;48;46;62;EARE;x
3934;57;37;92;EAHO;x
3935;62;54;77;EOSIAH;x
3936;77;67;95;THEHA;x
3937;30;11;63;THAUMOYES;x
3938;57;40;144;SEZALIH;x
3939;165;101;200;TENG PANG;x
3940;70;68;82;AYAN;x
3941;82;77;111;HOSEMI;x
3942;63;40;127;YISEYEL;x
3943;43;22;102;CAYISE;x
3944;165;101;103;LAO-CHIN;x
3945;71;55;115;EOYE;x
3946;91;84;124;HALLS OF STONE;x
3947;61;59;66;CESI;x
3948;66;63;83;INE;x
3949;146;141;170;NIAZOSE;x
3950;43;29;133;ASIE;x
3951;38;29;91;ARE;x
3952;55;52;71;SEAMOZOH;x
3953;58;39;92;FIHENA;x
3954;32;16;61;IMOZOR;x
3955;59;49;78;AREYA;x
3956;42;28;132;FAZEL;x
3957;58;52;100;FIYAS;x
3958;255;232;255;DONGHUA;x
3959;107;93;132;AUZISIH;x
3960;255;255;214;JU'LE;x
3961;77;70;89;IOHI;x
3962;47;42;55;IYOR;x
3963;72;42;110;SIMI;x
3964;46;18;82;IYI;x
3965;46;36;59;FIOYO;x
3966;49;35;110;HALLS OF LIGHTNING;x
3967;44;36;74;AZEN;x
3968;44;41;58;ERIS;x
3969;88;81;110;EAMIE;x
3970;116;111;132;EMISIL;x
3971;54;51;65;FEOYE;x
3972;114;109;137;COHE;x
3973;77;64;139;ASAZA;x
3974;58;51;92;THELOZAN;x
3975;76;73;95;HENAS;x
3976;106;88;151;SEALIRA;x
3977;81;71;104;CEHILOR;x
3978;60;56;69;RELIEZEN;x
3979;131;104;160;SEZEL;x
3980;255;255;139;HORGAK;x
3981;89;84;95;FEOYAHEN;x
3982;81;62;106;HIZIVA;x
3983;76;72;82;AHIN;x
3984;85;73;99;THIOVA;x
3985;174;159;214;FIAYI;x
3986;183;179;194;SIOZI;x
3987;147;132;190;NEOSEHO;x
3988;148;167;218;NAULIAHIR;x
3989;194;207;244;AUVE;x
3990;142;153;184;ILAS;x
3991;173;191;240;AHA;x
3992;135;142;160;THELEN;x
3993;180;189;213;THAZA;x
3994;169;189;221;THOZOL;x
3995;131;168;225;YAUHO;x
3996;133;155;189;EYEZOL;x
3997;208;220;235;CEAMELO;x
3998;255;141;139;GODA;x
3999;170;178;189;SINIEVA;x
4000;180;143;239;NEOROMI;x
4001;188;171;215;AUHAR;x
4002;182;171;200;ORO;x
4003;193;176;230;THINE;x
4004;43;255;109;TSANG LYUB;x
4005;133;115;172;IOVIAHIL;x
4006;213;227;239;ILOH;x
4007;175;205;233;THINIMOS;x
4008;153;199;242;EVESOR;x
4009;181;160;221;EYIH;x
4010;168;200;255;FANREN ZHU;x
4011;130;116;153;HEALI;x
4012;182;152;234;ILIE;x
4013;202;197;214;YENORO;x
4014;184;166;227;IAROVIH;x
4015;161;147;197;OHILE;x
4016;123;114;144;AHOSO;x
4017;187;146;227;SIVINAR;x
4018;168;81;255;BATAYE;x
4019;172;147;197;IHEN;x
4020;171;164;231;HARAN;x
4021;144;137;197;ROHEVE;x
4022;209;206;233;THAVOYI;x
4023;188;197;210;IHIRI;x
4024;162;191;230;IHIE;x
4025;172;206;227;CAUYOMAH;x
4026;204;223;235;INESER;x
4027;163;180;190;THEVO;x
4028;221;228;242;YOME;x
4029;176;195;230;CEHO;x
4030;193;200;213;CARI;x
4031;120;154;165;EZE;x
4032;162;218;237;ARI;x
4033;176;213;225;LIAZA;x
4034;98;174;229;YEVENEL;x
4035;130;176;209;SOHERE;x
4036;158;182;213;COMILOR;x
4037;196;208;223;NIRE;x
4038;145;173;211;OHA;x
4039;192;207;229;EYER;x
4040;153;164;180;IAMANA;x
4041;128;163;210;CELENE;x
4042;166;191;225;HEYI;x
4043;144;156;172;LIRIAL;x
4044;140;164;240;THISOZI;x
4045;153;168;217;THOYA;x
4046;114;132;190;FEOLOH;x
4047;139;166;203;THOVOZI;x
4048;121;149;188;EAYOMIL;x
4049;144;171;242;IAZIES;x
4050;164;183;235;AUZAR;x
4051;128;153;219;EMIAHAR;x
4052;189;216;227;AREYOL;x
4053;159;178;186;NISON;x
4054;153;204;226;LAYIEHES;x
4055;132;217;221;THANESIE;x
4056;155;199;201;AUYIN;x
4057;147;163;164;EZARIH;x
4058;150;185;226;HEZARAL;x
4059;138;158;181;RAHIASOR;x
4060;130;175;230;EVAMO;x
4061;164;174;233;ISEAYIL;x
4062;186;191;222;IOHEZIN;x
4063;165;168;185;EALAS;x
4064;192;191;217;YEARA;x
4065;185;183;243;YALINA;x
4066;157;154;227;THINA;x
4067;161;203;242;ROLES;x
4068;190;214;237;ROHIVIS;x
4069;139;175;207;ERAYE;x
4070;193;170;230;GANDORAL;x
4071;183;179;190;DER BOLDAHR;x
4072;214;203;231;DHIGHTURM;x
4073;222;217;239;MOLULUHR;x
4074;191;180;227;HEL BADIHR;x
4075;203;200;214;GIL KULDOHR;x
4076;176;189;203;GEGHYUR;x
4077;166;197;234;DEM THORAM;x
4078;172;178;219;HORNGOLAR;x
4079;151;161;239;KEMRAM;x
4080;151;154;178;KHAGH MOLDIR;x
4081;157;221;204;DUG LADUR;x
4082;114;185;167;KHORDUHM;x
4083;207;235;228;MILTODUHR;x
4084;185;209;207;BHIM LODAR;x
4085;168;230;225;VARGAROHM;x
4086;209;233;231;KINBOLDIHR;x
4087;204;189;227;KHOGHRHIA;x
4088;197;172;235;THIMDARUHL;x
4089;155;129;218;DHARNWUHRUM;x
4090;141;126;177;HOGBOLDIR;x
4091;198;182;238;GONBADUR;x
4092;154;174;221;OHONA;x
4093;132;163;237;SIPO;x
4094;104;130;193;MAIKKOQ;x
4095;196;215;234;CENKHAQ;x
4096;168;181;194;ANKHANAH;x
4097;43;81;109;ZHANDOU;x
4098;129;161;196;PAKKU;x
4099;198;198;234;WORAYEA;x
4100;165;165;239;YANA;x
4101;149;149;210;NEHU;x
4102;169;173;238;YIBA;x
4103;202;204;234;LIBOH;x
4104;161;164;213;NOKUDI;x
4105;137;158;194;NURADI;x
4106;156;183;229;NELU;x
4107;153;160;172;PENU;x
4108;189;156;230;MAIWOH;x
4109;221;215;229;WASKA;x
4110;203;182;230;AMOLA;x
4111;173;195;213;YIWO;x
4112;119;151;178;NESKONIH;x
4113;128;180;222;BARU;x
4114;161;226;215;CHUWA;x
4115;204;239;233;ANU;x
4116;147;214;202;SIPA;x
4117;180;208;218;TUWU;x
4118;133;172;186;LUMU;x
4119;156;215;237;CULODEQ;x
4120;161;160;202;NOHU;x
4121;166;165;233;IWU;x
4122;135;134;246;AISKUH;x
4123;189;198;231;MUMRIA;x
4124;152;168;231;KENALDUHR;x
4125;154;158;172;VIGHULIR;x
4126;125;150;230;VOMLODIHR;x
4127;95;115;180;BHURN MALDUHR;x
4128;148;154;173;GIN THORAM;x
4129;114;126;165;NAG THURIM;x
4130;180;163;221;BELKULDIHR;x
4131;201;192;223;VUGYUR;x
4132;176;173;185;THEGHUHM;x
4133;154;169;209;HOLDURAL;x
4134;164;180;221;DENGAN;x
4135;206;215;238;THIM GARUM;x
4136;117;137;192;BHULGON;x
4137;206;171;222;FROSTHOLD CITY;x
4138;6;255;255;XIASHUDAO;x
4139;198;166;238;KHUGDARUL;x
4140;180;255;255;SHOUWANG ZHU;x
4141;217;200;238;THIRNKULDIHR;x
4142;197;191;226;VURDARAHL;x
4143;183;173;234;THUG DARUHM;x
4144;145;128;233;BHAN LODUHR;x
4145;169;187;225;ANIEYOL;x
4146;130;162;226;HASER;x
4147;165;164;229;IHIA;x
4148;180;255;109;LESE JULI;x
4149;136;135;178;THARES;x
4150;144;225;234;IANAZAR;x
4151;129;184;190;LENIME;x
4152;165;213;218;EOVA;x
4153;123;154;186;ORIYIE;x
4154;151;181;213;IMIYAL;x
4155;130;177;227;ALAMON;x
4156;205;219;230;FEOYERON;x
4157;155;194;226;IARESIN;x
4158;131;171;205;IYO;x
4159;189;187;233;FEZIEVE;x
4160;143;140;234;YEMI;x
4161;162;180;215;IVA;x
4162;143;171;227;YESOZE;x
4163;102;125;168;THONIE;x
4164;180;178;227;IMAHES;x
4165;147;144;229;ASO;x
4166;152;151;189;YIALI;x
4167;178;145;225;VIN MALDUR;x
4168;199;181;223;GUNOLUHR;x
4169;145;132;163;NOMBURIM;x
4170;16;59;57;VASHROD;x
4171;15;48;46;VARQUD;x
4172;33;49;48;VOMKOSS;x
4173;32;62;62;CHUUMKHUNDUK;x
4174;35;81;82;KASHUKKOX;x
4175;49;63;63;UUSHZALGOR;x
4176;47;56;59;CHAASS GAKKZOOZ;x
4177;32;50;58;MOS CHIGZEX;x
4178;32;39;55;CHESZUTH TAX;x
4179;28;41;75;EZZASS VASS;x
4180;21;34;69;ELGAD;x
4181;41;64;95;PHAUCRAR;x
4182;18;42;74;GUNKHAD;x
4183;43;53;67;TOSZUGUX;x
4184;39;52;48;HJAROARHOLT;x
4185;30;70;58;RYKINSVIK;x
4186;14;61;46;BRUNAHAUGR;x
4187;19;37;31;BEIGAOARHVALL;x
4188;19;37;32;BYRGISVIK;x
4189;44;49;48;IARA;x
4190;39;69;70;GRUNNAFJOROR;x
4191;113;216;204;SKARKA;x
4192;72;200;204;ALDUROR;x
4193;113;200;204;IRJOLFR;x
4194;148;187;204;BRAVARKRUR;x
4195;113;157;204;THEKARD;x
4196;153;135;204;TARASTAR;x
4197;113;111;204;PRYLA;x
4198;153;111;204;HOSHYLUR;x
4199;113;153;204;SHARHEIM;x
4200;113;153;224;RELFR;x
4201;152;185;204;SOELBRUNG;x
4202;34;81;62;CESMO;x
4203;76;192;246;THYDINUM;x
4204;78;70;209;ITAKO;x
4205;78;70;77;SHAN'ZE ZAN;x
4206;127;52;61;SVEKFAL;x
4207;127;52;105;SVEKASAN;x
4208;161;141;163;UFRANG'S HALL;x
4209;83;105;150;HUSNAR;x
4210;83;105;196;YMORATH;x
4211;61;105;92;FIREROAR;x
4212;83;74;150;THOULDEN;x
4213;61;105;62;DARKBREATH;x
4214;83;74;179;SVENGEG;x
4215;41;44;126;YANVEL;x
4216;34;105;62;GORK;x
4217;65;44;177;GLARVANNAL;x
4218;22;42;33;OVERTHAR;x
4219;22;42;63;SKOPHE;x
4220;22;92;63;JIDGE;x
4221;22;42;105;GJELL;x
4222;22;72;210;THURS;x
4223;100;72;210;GALGOND;x
4224;203;70;77;LU-BAN;x
4225;111;145;0;IRBAK;x
4226;62;145;0;UTFARD;x
4227;120;83;59;SARONITARDE;x
4228;34;96;87;CHESTSONG;x
4229;240;195;95;ZEDOLAP;x
4230;163;157;150;GOERDHEIM;x
4231;168;117;8;HURWASHER;x
4232;132;152;63;SIGRANE;x
4233;132;152;119;ANGERLA;x
4234;69;137;100;ETAR;x
4235;69;137;68;PRIMTOM;x
4236;180;255;77;HAKUZIN;x
4237;69;70;127;CORP'RETHAR;x
4238;69;35;166;BJORNGORK;x
4239;34;96;62;DUYIO;x
4240;209;190;150;ARMALHA;x
4241;69;70;41;VANAPJOD;x
4242;166;194;62;HATCHA;x
4243;69;70;83;CORREYH;x
4244;69;70;140;NORVIEH;x
4245;69;70;179;SVAPJI;x
4246;166;139;62;INYO;x
4247;184;134;31;OEZAS;x
4248;59;60;120;THIL;x
4249;81;89;131;IRONWALL;x
4250;81;133;131;SVORD;x
4251;255;199;80;PHAROMO;x
4252;146;139;62;MOUNTAINHOT;x
4253;29;127;122;MODULRU;x
4254;29;127;68;FIRKAL;x
4255;180;145;151;GU GU LEI;x
4256;180;145;77;RONGYAO;x
4257;235;211;159;DULHAAR;x
4258;61;139;209;BALGARDARE;x
4259;139;74;100;DEGN'VALAR;x
4260;94;139;209;ALGARDAR;x
4261;94;97;129;STORMARGENT;x
4262;94;79;129;UWUOR;x
4263;116;135;75;SHANDIAN ZHAN;x
4264;94;79;76;GOLDRORL;x
4265;87;76;94;THORIMAR;x
4266;187;65;81;JUTAHA;x
4267;87;115;127;BINT;x
4268;139;74;63;JEKKULSTHEIM;x
4269;40;111;166;ROFRIZANG;x
4270;187;65;62;JESSIE;x
4271;255;135;217;ZOKU;x
4272;40;73;126;FROSTHOLME;x
4273;187;90;62;WHIPSHANK;x
4274;0;127;170;YOELSTAR;x
4275;40;113;126;BJORBRUHALL;x
4276;74;111;35;ONUBARKA;x
4277;40;73;70;HORVULF;x
4278;255;135;77;STORMSAYER;x
4279;94;73;161;HERORLA;x
4280;88;96;200;WINDING CHASM;x
4281;140;73;161;JOJOLI;x
4282;47;255;255;VOR'STOMIRA;x
4283;75;127;84;FENGBAO;x
4284;137;137;120;HARAALD;x
4285;47;146;229;DELARNIN;x
4286;88;96;120;SCREAMING GULLY;x
4287;47;97;124;VORAKTARAZS;x
4288;88;96;156;MISTS;x
4289;79;129;185;ALDUR'THAR;x
4290;127;129;0;MARLAND;x
4291;139;129;185;SVENLBI;x
4292;14;28;53;KHIGUZ;x
4293;46;51;61;ULZAR;x
4294;29;44;71;VUUZZAK;x
4295;52;40;112;CHARKHOKVUSS;x
4296;43;40;59;PHAKKZARRUTH;x
4297;35;26;85;ALURRAX;x
4298;38;25;54;PHAGUTH JUSS;x
4299;52;45;61;CHOBRUX AR;x
4300;19;15;53;TAINKAK;x
4301;43;41;54;JAGZETH;x
4302;31;26;70;ZUGZAK;x
4303;60;64;77;ISS VAGZAR;x
4304;25;37;78;PHIX KHUGGAOSS;x
4305;43;44;87;MAOXNUNAOX;x
4306;48;48;61;JAULRODDAK;x
4307;29;31;102;VASHURNUD;x
4308;29;28;75;CHOS AKKAX;x
4309;42;42;55;KHAX GANKOS;x
4310;38;37;99;NAKKRUTH GOK;x
4311;43;20;71;CHARKASS KHAD;x
4312;56;45;70;TAXRAIK;x
4313;32;24;75;JULRUS;x
4314;55;47;95;KHULRASS;x
4315;47;44;65;KHUNKHUNGAD;x
4316;54;137;114;HROTHGAR;x
4317;58;129;190;HJEVILF;x
4318;81;102;164;TUARIQ;x
4319;81;102;107;SIRGRUKI;x
4320;39;102;107;HAIRI;x
4321;39;102;148;PESOT;x
4322;137;72;127;MURHINT;x
4323;102;72;127;GLODL;x
4324;137;72;177;HJISKORN;x
4325;175;155;177;UFRANG;x
4326;117;120;155;MUZORZAIB;x
4327;201;120;155;HEL'TIL;x
4328;201;91;155;GAILJIR;x
4329;117;82;100;YOGGTARD;x
4330;118;28;18;ARGERK;x
4331;118;82;59;SVENTHANDING;x
4332;215;127;49;GUNRIGUSS;x
4333;115;126;238;SHEKATTE;x
4334;84;126;204;HRUAE;x
4335;84;126;238;HRARNORRE;x
4336;78;39;137;CRUJAR;x
4337;78;72;137;AZLTOR;x
4338;131;72;137;YUK'TUT;x
4339;58;92;63;SHADOW VAULT;x
4340;58;92;33;LAN'KRAL;x
4341;58;63;63;MANGLED;x
4342;58;33;137;ARAKAR;x
4343;58;116;179;MYNXAR;x
4344;58;116;137;SLI'VER;x
4345;70;111;176;BRENNERS;x
4346;70;85;200;ORBAZ;x
4347;111;78;78;TRUK'TOL;x
4348;111;111;78;GREK'RUK;x
4349;144;78;78;CAL'TAT;x
4350;84;183;168;FJERS;x
4351;155;133;70;VELRONNOZH;x
4352;72;129;113;FROSTHEIM;x
4353;99;129;113;SAEMOB;x
4354;72;74;103;URIVORS;x
4355;54;74;131;BRANDOR;x
4356;54;74;103;STARICE;x
4357;99;129;176;ISASNIT;x
4358;129;133;70;DIZH;x
4359;99;100;115;ZULTAX;x
4360;78;100;76;KILIJAN;x
4361;99;129;79;FLESHWERKS;x
4362;99;129;41;YARZET;x
4363;99;179;41;YIMIX;x
4364;20;72;79;NIKTIMUT;x
4365;20;105;33;NYATHOTEP;x
4366;20;72;33;YAK'TOL;x
4367;22;61;131;REKHANAR;x
4368;44;102;131;ANUBAR;x
4369;74;102;163;GUNORJAK;x
4370;22;102;131;GRENAMUL;x
4371;201;155;177;STALDIMOGG;x
4372;190;94;120;VOL'KIZOZ;x
4373;161;94;120;TOVERGARDE;x
4374;190;63;85;KUL'GALAR;x
4375;190;63;46;GUVOS;x
4376;161;67;204;BENGENDELF;x
4377;133;67;204;GONDIRN;x
4378;133;67;170;VALHALAS;x
4379;133;48;142;STIRBAK;x
4380;67;76;148;SKERDR;x
4381;67;76;118;HJOS;x
4382;131;60;128;BATTLESCAR SPIRE;x
4383;131;60;68;ANCESTORS' HALLS;x
4384;226;184;147;PTAH;x
4385;144;81;61;GREHGOLD;x
4386;144;81;90;BARS;x
4387;166;100;61;DATHREIM;x
4388;144;100;61;ITALDGO;x
4389;97;36;63;GIRTEB;x
4390;97;61;63;THENT;x
4391;97;61;92;VORKRAL;x
4392;174;94;118;HJUNTHEIM;x
4393;174;94;152;YUFORDRED;x
4394;194;124;63;RAJH;x
4395;212;139;152;THARBUD;x
4396;187;203;193;JUYRELF;x
4397;89;151;112;THEMR;x
4398;31;210;98;AGNELFR;x
4399;48;127;77;MINVU;x
4400;8;61;28;FLENNO;x
4401;5;75;5;YTTOL;x
4402;95;99;97;REJLES;x
4403;63;148;95;GEGNOR;x
4404;155;189;183;VIRDR;x
4405;38;227;196;JITAN;x
4406;26;100;131;GVURS;x
4407;80;129;121;SLAEGN;x
4408;126;188;214;GARNOTR;x
4409;14;73;98;GLINARD;x
4410;92;115;124;BREIVR;x
4411;138;195;219;SISUNNI;x
4412;133;162;170;KOREL;x
4413;42;177;215;BANN;x
4414;119;165;178;ONNYSTA;x
4415;220;252;145;TINGUYUAN;x
4416;69;88;94;PROSSIFALL;x
4417;99;129;145;FLINUTAR;x
4418;111;200;250;STUTH;x
4419;93;252;145;SHANDIAN;x
4420;44;140;133;FLARTHONE;x
4421;93;252;77;TIANTI;x
4422;21;106;99;HYTTIR;x
4423;162;159;234;VOSHY;x
4424;26;22;135;KREGAL;x
4425;36;95;198;SHYRTHO;x
4426;8;42;102;TARYN;x
4427;124;138;161;HERIL;x
4428;93;71;77;DIANTANG;x
4429;206;49;122;NIU'VAR;x
4430;193;49;197;MOSTRASZ;x
4431;240;181;68;BOSARESH;x
4432;126;90;24;DOKALHE;x
4433;217;174;95;TURMATH;x
4434;126;107;72;IKHILAP;x
4435;166;125;46;KORSUV;x
4436;202;135;8;KOLHEM;x
4437;178;142;17;TAESUB;x
4438;234;210;126;NALUDU;x
4439;139;112;19;MOERSIB;x
4440;221;189;78;INHIKHIM;x
4441;189;174;123;CHOHUSHE;x
4442;247;197;133;TEBHUD;x
4443;231;152;51;UTHABU;x
4444;247;225;133;AELHITHAHN;x
4445;168;161;134;SUKALHAD;x
4446;143;123;41;BOZET;x
4447;255;216;178;GHEVAS;x
4448;177;129;82;TIMETHETH;x
4449;133;82;30;BALAAS;x
4450;243;227;160;SERMET;x
4451;157;143;85;ZERSUM;x
4452;233;193;144;PHINBAAH;x
4453;148;102;44;HIVI;x
4454;254;203;146;CROSEK;x
4455;115;74;28;BAMDAAV;x
4456;255;249;190;UTOREHN;x
4457;221;132;44;AOLHI;x
4458;170;135;100;ONKH;x
4459;114;74;34;KANBOT;x
4460;92;53;12;AKOBUS;x
4461;173;125;73;IRMUUDAAF;x
4462;163;144;113;CHEKENU;x
4463;102;74;27;ZUMKHOT;x
4464;193;149;78;ELHAL;x
4465;112;79;23;DANADA;x
4466;201;124;78;HURIDU;x
4467;123;108;100;NAMDOS;x
4468;133;89;62;JAEHER;x
4469;143;93;22;MENHETH;x
4470;240;227;45;DARSELA;x
4471;119;111;6;ENBAD;x
4472;255;199;156;TANTESI;x
4473;133;77;33;SENTEBI;x
4474;188;144;110;IBHAAG;x
4475;173;81;1;NALISHER;x
4476;61;133;96;VAL'ATAR;x
4477;222;217;142;CHOKANETH;x
4478;226;175;152;KAEVABI;x
4479;108;104;47;GHONTOS;x
4480;119;43;9;YHILHIN;x
4481;209;181;112;DAHIBISH;x
4482;61;84;96;KONG CHEK;x
4483;196;185;24;PHORSUBOS;x
4484;135;130;52;ETEKI;x
4485;174;152;119;ONHENID;x
4486;128;91;37;AEBHILE;x
4487;217;168;77;CRYANBET;x
4488;137;96;18;THEMKHAA;x
4489;223;141;48;INTASSI;x
4490;161;124;83;DOHONU;x
4491;61;36;39;HI VONG;x
4492;181;173;129;GEMENID;x
4493;148;139;39;JEN'HIHIE;x
4494;235;162;129;NISHUBI;x
4495;226;185;118;IRSASHIQ;x
4496;124;114;44;NONBEBAM;x
4497;122;89;57;SAKHAADI;x
4498;157;135;113;MIKAZOD;x
4499;148;36;39;CANNEK'THES;x
4500;156;84;67;ANKHATEN;x
4501;197;139;126;ONJTI;x
4502;72;36;39;KI HO;x
4503;198;149;112;JORSASS;x
4504;157;99;55;MANBAGUP;x
4505;156;84;28;CAMOBH;x
4506;207;165;124;COELHITA;x
4507;198;108;19;CRENHENI;x
4508;213;161;110;HESOTAT;x
4509;119;61;39;YIAISLO;x
4510;148;114;79;AILHALO;x
4511;159;150;103;HEME;x
4512;147;131;50;GENEI;x
4513;193;134;48;MENTEKHEN;x
4514;119;119;39;SENVO;x
4515;172;124;55;EBSAHENET;x
4516;186;116;61;WASSA;x
4517;163;80;16;BIMENA;x
4518;118;61;17;KHESU;x
4519;152;124;63;AMMUHDET;x
4520;188;140;37;QISBE;x
4521;214;177;98;NEBDE;x
4522;182;189;55;BESDE;x
4523;212;219;85;SETPE;x
4524;123;127;48;AKHSY;x
4525;147;88;31;MBERENA;x
4526;182;117;51;KAFULLUBI;x
4527;203;185;60;LONGONSA;x
4528;159;143;41;BAIGUELA;x
4529;168;157;88;BAMELABO;x
4530;219;181;84;BELANOLINGA;x
4531;197;156;53;BERBECA;x
4532;143;116;50;MONGOUMDA;x
4533;149;111;38;YOZAEJA;x
4534;135;94;16;BUL'DA;x
4535;155;128;77;BEN'JI;x
4536;166;131;64;JAXE;x
4537;160;126;89;RIENJI;x
4538;160;105;44;FAIH'MO;x
4539;161;90;53;VINWA;x
4540;139;125;55;XOZ'KOLA;x
4541;131;113;22;AIN'JE;x
4542;156;137;39;HAZDENN;x
4543;135;131;27;EL'JI;x
4544;108;107;66;ZHU'MOH;x
4545;128;113;52;YON'DOR;x
4546;135;114;24;ZUHZAN;x
4547;156;135;48;SINDIENN;x
4548;186;119;43;FOZ'KE;x
4549;128;96;60;YONA;x
4550;163;209;39;THUMUSH;x
4551;147;111;66;JO'MEH;x
4552;145;99;40;BEZRIN;x
4553;161;119;65;LECAL'DONN;x
4554;147;139;116;CYZIM;x
4555;238;211;132;JENTET;x
4556;180;174;89;NIRUDEF;x
4557;198;188;48;SABHI;x
4558;95;90;14;ONROT;x
4559;202;181;145;SIDOSH;x
4560;103;80;41;NAENJTI;x
4561;151;104;26;MOVIDI;x
4562;189;173;146;ELHUH;x
4563;214;163;124;KIKHUDER;x
4564;220;130;39;SOTUNGLA;x
4565;198;137;69;INJITISSIR;x
4566;163;130;39;KRITUNG;x
4567;241;99;39;SAGEWHISPER;x
4568;82;71;47;CHEMKHALUF;x
4569;147;83;50;TUNRUQ;x
4570;205;160;136;CHONRAT;x
4571;164;96;60;ZEMILA;x
4572;241;223;39;YALIA;x
4573;131;223;39;ALINSHI;x
4574;127;151;200;RO'KI'KI;x
4575;14;151;136;QOLERIE;x
4576;14;118;39;ERANER;x
4577;61;54;26;ANTHESHAAN;x
4578;188;133;79;KYTINO;x
4579;118;100;82;CHAETIGIR;x
4580;236;196;0;MITHRALI;x
4581;236;170;0;THUNDERDROME;x
4582;203;170;0;WOODCARVER;x
4583;203;201;0;BILGEWHIZZLE;x
4584;212;101;0;GRAKLYX;x
4585;212;81;0;STEELTURN;x
4586;238;142;18;KOUBAK;x
4587;238;107;18;MITRAHL;x
4588;238;81;18;NOGGENFOGGER;x
4589;227;150;0;WEEMINGEN;x
4590;200;124;0;VEXVOLT;x
4591;208;118;118;STEAMWHEEDLE;x
4592;208;92;79;SANDSNIPE;x
4593;208;118;79;CUTHIRE;x
4594;185;109;118;ZALASHJI;x
4595;185;109;152;DENRAK;x
4596;208;105;0;ZINJO;x
4597;208;192;0;YETUKLYX;x
4598;195;74;0;FARATAN;x
4599;242;74;52;YUNAWAR;x
4600;195;74;52;SENWE;x
4601;255;163;0;GAN'TAN;x
4602;255;127;129;JALAI;x
4603;255;127;0;DARK'JIN;x
4604;236;170;148;AN'JE;x
4605;236;126;148;LENANE;x
4606;236;126;98;ALWANAR;x
4607;236;91;98;JIN'BLOU;x
4608;187;229;148;SANDREAVER;x
4609;187;229;111;ANAMISS;x
4610;200;177;92;DREADSHREDDER;x
4611;255;177;129;SANDSCRAPER;x
4612;200;177;129;MAROK'JIN;x
4613;255;78;0;DRYBLOOD;x
4614;255;205;81;IN'DAZR;x
4615;231;255;0;SHENGIS;x
4616;255;127;195;DRAGONS' PATH;x
4617;145;36;110;PINLONG;x
4618;255;36;110;YIFU CHANG;x
4619;195;133;0;GAM'JEE;x
4620;195;103;0;DANAR;x
4621;159;103;0;WESTARE;x
4622;255;129;129;HARD'JIN;x
4623;255;129;96;RASHI;x
4624;214;46;0;JUMOKE;x
4625;181;46;0;TESHIL;x
4626;124;190;105;KURZOL;x
4627;124;190;155;UKLA;x
4628;167;190;105;JA'VYN;x
4629;177;31;0;GAPING CHASM;x
4630;96;0;0;HARA'KISS;x
4631;96;39;0;HAZZAL;x
4632;216;74;0;WAMBLE;x
4633;177;79;0;HARKAA;x
4634;177;120;79;SILTAH;x
4635;177;120;0;SANDHOLE;x
4636;182;139;79;RIGGER COVE;x
4637;113;139;55;SOUDLIN;x
4638;140;139;79;CAPON;x
4639;255;36;185;TAI TO;x
4640;144;163;129;SANDBEARD;x
4641;129;196;129;SUNMAN;x
4642;157;89;0;RIVETSEEKER;x
4643;114;44;0;SANDCLAW;x
4644;157;44;0;HOTBREAK;x
4645;146;79;0;LAND'S END;x
4646;188;131;35;DUNESHORE;x
4647;146;131;0;FRONKLE;x
4648;188;131;0;MERIDITH;x
4649;195;35;92;ADIRJL;x
4650;195;81;127;PYGMARD;x
4651;235;81;127;SUNMAUL;x
4652;201;166;193;WATCHERS' VALLEY;x
4653;146;166;152;NORGANNON'S SHRINE;x
4654;146;166;193;DUNE SMASHER;x
4655;146;238;152;ULDARINE;x
4656;201;161;193;SOUTHROCK;x
4657;201;113;193;IVARGON;x
4658;153;113;193;MARTHAR;x
4659;35;81;0;VOYAM'BI;x
4660;141;81;0;GUN'ARAN;x
4661;89;81;0;RAKASH;x
4662;227;107;0;SESHI;x
4663;255;107;0;SEJI;x
4664;255;107;20;KAJIN;x
4665;227;35;0;ZUFEM;x
4666;227;83;0;AYAGI;x
4667;126;83;0;KAZKO;x
4668;126;42;0;DORKUZAZ;x
4669;212;64;39;WU URANGCH;x
4670;148;92;255;VEKAR;x
4671;148;92;216;SKERAMAR;x
4672;148;38;216;AHN'CTHUNI;x
4673;129;0;197;MAR'ALITH;x
4674;255;0;197;LEOREN;x
4675;86;48;225;TWILIGHT'S RUN;x
4676;0;48;161;RALO'FERAL;x
4677;0;48;225;ANAKRO'DALA;x
4678;208;113;197;STARSTRIKE;x
4679;208;76;197;THATH;x
4680;118;105;141;AN'ALUNTIR;x
4681;102;105;141;REXAREA;x
4682;118;89;141;SKOGGUSH;x
4683;118;68;141;VALLIZ;x
4684;58;72;166;THUNDERAANAR;x
4685;144;72;166;DEMITRIAN;x
4686;91;72;166;STONEWEAVER;x
4687;56;0;77;TWILIGHT'S SHRINE;x
4688;115;0;77;VARATHAR;x
4689;42;0;77;YOSAGONN;x
4690;164;0;137;PEDIZ;x
4691;42;0;137;UK'RAZOR;x
4692;109;61;69;AN'ARAKIS;x
4693;181;61;102;AZANALA;x
4694;109;61;102;PEQONN;x
4695;156;79;135;SANDSWORD;x
4696;225;79;135;EYEAR;x
4697;225;79;100;SILITHID'S SHORE;x
4698;140;66;179;QHYKEX;x
4699;96;66;179;MOVONOSATH;x
4700;96;0;221;TUUX;x
4701;96;179;221;NEEZZIX;x
4702;96;129;221;VALAKH;x
4703;96;66;76;GRAKKAROND;x
4704;96;103;76;ASSARIS;x
4705;96;103;42;HALLITH;x
4706;131;103;42;VEGOKETH;x
4707;45;72;103;DRUGIMAZ;x
4708;45;135;103;GRUNLEKAR;x
4709;76;59;108;DROXX;x
4710;111;63;103;AN'KILXIX;x
4711;148;63;103;QIRAGEL;x
4712;148;63;142;SKIZAZZORK;x
4713;208;52;197;QESS;x
4714;208;52;155;COPRINIX;x
4715;192;67;197;WARWIND;x
4716;129;67;197;AXEMOON;x
4717;80;89;136;SWARMING;x
4718;87;38;224;THE RESERVOIR;x
4719;41;38;166;ZAGISH;x
4720;56;83;216;SCARAB TERRACE;x
4721;56;83;142;MOSEK;x
4722;129;159;216;THE COMB;x
4723;129;116;216;KILTIX;x
4724;73;53;98;PURK;x
4725;139;92;103;KEGITID;x
4726;145;94;139;ZALLED;x
4727;148;179;219;TOXX;x
4728;103;179;219;SKUNN;x
4729;44;74;136;VIZAQAX;x
4730;102;129;176;WATCHERS' TERRACE;x
4731;102;185;176;QEBIXX;x
4732;37;127;119;THE HATCHERY;x
4733;84;64;39;URANG TONG;x
4734;255;67;255;YOBIR;x
4735;73;103;153;NIKORIZ;x
4736;115;103;153;BASRAT;x
4737;73;53;78;MUVUQANN;x
4738;73;53;35;HUHDIM;x
4739;73;78;153;NUCA;x
4740;0;127;84;BROKEN COMMONS;x
4741;0;127;50;HIDDEN REACH;x
4742;0;192;50;MAUL;x
4743;0;193;225;HIGHBORNE'S COURT;x
4744;0;193;48;IMMOL'THAR;x
4745;100;193;48;ATHENAEUM;x
4746;30;139;124;ILZANNIR;x
4747;30;255;124;CONSERVATORY;x
4748;0;174;84;ELDRETHARR;x
4749;0;42;84;SHEN'DRALAR'S SEAT;x
4750;0;42;26;TELARON;x
4751;63;42;26;THAVARANE;x
4752;114;150;84;MOONCRAFT;x
4753;114;150;115;THROOP;x
4754;114;105;31;TUNAAL;x
4755;114;55;31;BUSSEL;x
4756;152;55;31;FULTONIAL;x
4757;114;67;84;KARDARAN;x
4758;168;67;84;ARCANAR;x
4759;168;96;84;MERINO;x
4760;0;44;106;ARYENDA;x
4761;0;44;157;SYLVELAN;x
4762;0;86;111;ELYSHAR;x
4763;0;86;63;IRALAN;x
4764;44;86;63;ALDARON;x
4765;81;126;51;GREENSTALKER;x
4766;81;126;107;GARAEI;x
4767;81;46;51;FERAL SCARE;x
4768;76;76;75;KEME;x
4769;81;98;51;KERRITH;x
4770;142;76;51;ANTANAAR;x
4771;0;177;122;LYWEN;x
4772;0;177;51;MOONFERAL;x
4773;0;177;79;REDEL;x
4774;0;177;157;SYLEAN;x
4775;86;0;106;STONEMAUL;x
4776;86;79;106;MYTOREAN;x
4777;86;79;157;KHAORIS;x
4778;86;41;106;CHANIS;x
4779;120;41;106;ELYDOS;x
4780;114;184;80;MOONCREST;x
4781;114;131;80;SAROLAR;x
4782;153;131;111;THENUL;x
4783;114;153;80;FEATHERMOON;x
4784;114;105;80;SAVANNE;x
4785;164;153;80;STARSHINE;x
4786;43;107;129;FALAETH;x
4787;43;107;52;ENANDIIR;x
4788;43;116;129;SHALZARU;x
4789;43;68;129;HATECREST;x
4790;81;68;129;DREADSNAKE;x
4791;34;96;41;SHIELDSINGER;x
4792;102;96;41;RAINMOON;x
4793;102;96;105;KANIS;x
4794;34;159;129;DAWNSWIFT;x
4795;34;107;41;ERADEAN;x
4796;34;159;41;ALEDRIS;x
4797;34;127;80;SAGEHELM;x
4798;142;127;20;PLAINRUNNER;x
4799;34;127;20;WHEATDREAMER;x
4800;84;171;39;BATTAT;x
4801;49;92;113;ERINA;x
4802;98;92;113;KEYSAR;x
4803;107;65;80;FIRST COLOSSUS;x
4804;107;65;126;SECOND COLOSSUS;x
4805;107;122;126;DIAMONDHEAD;x
4806;107;120;41;RAGE SCAR;x
4807;107;89;41;FELALAES;x
4808;150;89;41;BENLINDAN;x
4809;107;92;80;DELORNE;x
4810;142;92;170;SHIDAN;x
4811;107;92;170;VALRITH;x
4812;34;69;170;WATERMOON;x
4813;34;127;170;NIGHTSAND;x
4814;101;69;80;QIALRUN;x
4815;101;126;80;LE'THALAS;x
4816;255;36;39;TAVA'TZUN;x
4817;196;72;174;CHUDOA;x
4818;116;255;39;KU-TONG;x
4819;253;167;96;TEREN'THARION;x
4820;253;167;41;ERADONIAR;x
4821;0;84;17;WHISPERMOON;x
4822;74;84;17;WINDBRANCH;x
4823;74;168;17;ARILAETH;x
4824;144;76;75;TOSTOCHENI;x
4825;144;76;11;HEMUSE;x
4826;39;98;37;DARK TOTEM;x
4827;39;98;89;KUMUE;x
4828;79;209;9;TORDIN;x
4829;139;209;9;YARAEATH;x
4830;39;138;135;VERDANTPAW;x
4831;96;138;164;WINTERGAZER;x
4832;39;138;164;LIGHTPAW;x
4833;87;146;9;TARENAR;x
4834;157;184;9;THALANAAR;x
4835;157;113;9;STARGLOW;x
4836;59;113;9;THYSSIANA;x
4837;0;131;37;DASHBLADE;x
4838;0;131;170;SPECKBONE;x
4839;0;105;37;HILLSCAR;x
4840;0;131;100;RAWCLUB;x
4841;65;131;170;REZK;x
4842;39;168;37;E'DRUS;x
4843;115;168;37;ELEMINION;x
4844;39;0;37;WRITHING DEEP;x
4845;115;0;118;ZUKK'TAR;x
4846;39;0;118;GERLAS;x
4847;0;103;17;MELIDIL;x
4848;0;103;140;SKYWING;x
4849;0;103;96;STONERAGE;x
4850;50;142;89;MALTHIS;x
4851;50;81;89;MYDRALOLAR;x
4852;50;131;131;VOLONIAN;x
4853;185;131;222;ILAERIAN;x
4854;102;131;131;ERELOR;x
4855;185;131;131;GALDRIEL;x
4856;124;44;131;MYTANAEL;x
4857;116;58;39;JUNG DUK;x
4858;124;81;54;CATHIDAN;x
4859;124;28;54;ILELLOR;x
4860;155;28;54;MOSEINIOR;x
4861;255;96;39;LINJING;x
4862;92;63;37;KUKLASINOK;x
4863;92;183;37;LITTLE THUNDER;x
4864;167;115;67;TAKODA;x
4865;17;115;67;SILOSTUCU;x
4866;174;155;4;WESTREACH;x
4867;174;96;4;GEK;x
4868;103;35;4;WESTWIND;x
4869;188;83;45;GREYSAND;x
4870;96;96;39;KATAK;x
4871;131;65;30;GREAT LIFT;x
4872;255;66;39;TAOSHI;x
4873;148;85;45;OURAY-BATHORE;x
4874;148;148;45;TENAKRE;x
4875;205;148;45;LAQU;x
4876;99;81;45;HEARTFANG;x
4877;99;0;45;YISHKUE;x
4878;120;0;45;CHESTMANE;x
4879;99;76;45;PAKANEE;x
4880;99;35;45;OHANZEE;x
4881;99;35;107;JUAGWA;x
4882;54;68;49;SHITRY;x
4883;135;68;49;TOGQUOS;x
4884;124;91;209;ROGUEFEATHER;x
4885;124;91;88;SCREECHING CANYON;x
4886;183;71;67;GALKRAM;x
4887;122;71;67;OLKUTH;x
4888;238;70;54;ARONAK;x
4889;163;70;9;WANAGEESKA;x
4890;238;70;9;TUDZEE;x
4891;103;118;9;WEATHERED NOOK;x
4892;26;66;39;PAO-ME;x
4893;178;41;148;JOO LIN;x
4894;139;102;20;SHADOWSTALKER;x
4895;178;142;148;HE GUOL;x
4896;139;157;20;LOOMKO;x
4897;197;44;30;URDEK;x
4898;255;44;30;MIRAIK;x
4899;127;52;30;SHON;x
4900;127;0;30;BEZ'HI;x
4901;127;96;0;HRAMMO;x
4902;89;88;0;RHUN;x
4903;89;113;0;SHAMIDIS;x
4904;54;113;0;UGEKETH;x
4905;120;118;30;NOHWUGO;x
4906;120;168;30;ORRU;x
4907;174;168;30;LITH;x
4908;197;163;109;VIHO;x
4909;197;163;58;AICKIO;x
4910;197;109;111;WYNANEE;x
4911;146;87;58;FLAMETOTEM;x
4912;200;87;58;STEELBLADE;x
4913;178;142;39;PEACEMIST;x
4914;168;66;84;IBLINHIR;x
4915;168;66;127;GLARKARE;x
4916;118;122;84;SKYHILL;x
4917;118;122;124;RHOCHAS;x
4918;165;165;145;HYUN-PCHANG;x
4919;140;122;164;DOLGRODU;x
4920;58;109;84;SHERULUS;x
4921;58;109;122;CHANKG;x
4922;58;94;84;LALLONG;x
4923;58;161;84;LOLK;x
4924;58;161;126;OGTUNNETH;x
4925;155;37;84;BLOODWEAVER;x
4926;236;37;84;EMRAND;x
4927;155;37;116;UGNING;x
4928;236;0;133;KRELDRARL;x
4929;236;54;118;GRELLON;x
4930;236;0;177;AGLE;x
4931;137;32;185;ACAER;x
4932;188;32;185;ARIKAREE;x
4933;63;32;185;SUDA;x
4934;137;95;157;DEETHUK;x
4935;100;95;157;STARIONAR;x
4936;137;95;44;WINDSONG;x
4937;137;95;100;HOTSTONE;x
4938;176;95;100;FASTFUSE;x
4939;211;127;131;HEAVYWALKER;x
4940;189;126;121;VOLABALA;x
4941;139;126;121;QUIVILIT;x
4942;150;111;91;ZAETAR'S REST;x
4943;150;154;91;DARDRI;x
4944;189;154;91;INKAHN;x
4945;137;96;149;BOLGAN;x
4946;137;131;149;WEHN;x
4947;137;235;149;KEGNIRO;x
4948;174;188;162;JOH'TEIN;x
4949;208;215;210;THARGAD;x
4950;65;141;89;KRIRGOH;x
4951;43;63;50;WURDAL;x
4952;193;214;113;FELKANAH;x
4953;79;98;11;SHARILU;x
4954;147;130;105;FUNREZH;x
4955;122;85;29;ERUL;x
4956;96;96;0;OCHE;x
4957;116;116;91;OKIL;x
4958;255;165;145;HETU;x
4959;200;110;79;VRENG;x
4960;152;92;70;VOM'ZI;x
4961;135;28;28;ILGRONH;x
4962;148;61;80;BLUH;x
4963;84;91;10;FAKRA;x
4964;214;225;109;FULRODUZH;x
4965;100;93;193;SHOK'THOKAR;x
4966;36;52;96;RHOZ'HI;x
4967;101;82;156;SHAMMUNG;x
4968;52;49;86;AKURILK;x
4969;196;118;118;HRAGLIN;x
4970;152;60;143;ERKHOR;x
4971;255;43;145;ZHOULHOU;x
4972;13;65;38;EZRAL;x
4973;84;139;84;VRIHA;x
4974;25;173;23;JORTHARU;x
4975;53;128;52;BLOMMI;x
4976;255;43;39;LINGXING;x
4977;57;77;46;PEMBRIAL;x
4978;63;127;28;VURBUS;x
4979;45;53;41;VUDIM;x
4980;132;188;102;VORREKIX;x
4981;25;46;13;LODRES;x
4982;120;152;102;VAMRUM;x
4983;177;61;93;XERPHIS;x
4984;106;11;37;LEKONDRUM;x
4985;201;156;174;XATHAL;x
4986;129;56;85;MOTHRIR;x
4987;16;8;77;XENDREX;x
4988;62;50;151;XADER;x
4989;162;153;226;PELTHIX;x
4990;97;91;143;DAEVABHEX;x
4991;95;78;209;SALOBRAR;x
4992;170;150;89;LOTH'OLEM;x
4993;102;84;32;SHUL'ARAN;x
4994;156;66;33;DHUD KHIGMUR;x
4995;140;53;22;BIG UDDOD;x
4996;161;75;55;AROKH;x
4997;98;57;47;GAGGO;x
4998;177;97;29;QURBREN;x
4999;152;88;33;ARBROR;x
5000;131;77;31;GAGGUCCODH;x
5001;149;52;25;OMMARDAR;x
5002;173;73;45;AGHOKH GRURD;x
5003;127;66;49;VIRZAD GHERD;x
5004;181;94;49;BRON IGMO;x
5005;157;72;27;OG UDAG;x
5006;119;54;45;DHAZDRORD;x
5007;99;34;25;CHAZUDH;x
5008;133;42;30;AZZAGH;x
5009;149;65;60;GHODOGH;x
5010;169;49;41;DRALBRUGKUDH;x
5011;110;79;77;BORKOZIG;x
5012;107;48;46;ZUGZIDH BHUN;x
5013;123;34;31;DHEGGOZ KHEKH;x
5014;133;82;21;DROGH KESHBOR;x
5015;92;57;14;ZAL ORBRUD;x
5016;106;53;26;BRUZZAN;x
5017;137;65;28;LOLKUD;x
5018;116;49;21;BHIGNED;x
5019;81;47;32;LARREZ;x
5020;129;133;116;DEVIAR;x
5021;120;76;15;BRODRUGGAD;x
5022;145;96;27;LOMMUKH RUR;x
5023;184;92;68;BROLZUKH BO;x
5024;173;60;30;DHUD VOLZAG;x
5025;131;54;34;GHAZ ZRALBODH;x
5026;137;54;32;GROLGUN;x
5027;131;72;53;GRARKROR;x
5028;104;61;46;ESHNA;x
5029;166;87;39;DARKSPEAR ISLE;x
5030;172;150;128;DEVRAK;x
5031;172;203;98;CRESTCUT;x
5032;172;203;128;JANNEH;x
5033;141;159;128;FIREWALK;x
5034;141;159;155;HUDO;x
5035;219;127;154;BROKEN KEEL;x
5036;219;127;102;AGAYA;x
5037;219;188;72;STRAHDA;x
5038;219;188;115;MONARE;x
5039;179;188;115;RANOR;x
5040;92;48;65;TIDUS;x
5041;148;48;65;THE STAIRS;x
5042;148;48;105;CHINTE;x
5043;92;181;128;TUARI;x
5044;129;181;128;NUHIA;x
5045;92;103;128;TUSHEEH;x
5046;92;68;128;SAKRAZ;x
5047;126;68;128;SUNGRAIN;x
5048;152;140;128;NOBA;x
5049;177;140;128;KWASSI;x
5050;177;140;87;PAYAT;x
5051;171;98;129;BLANH;x
5052;171;98;156;MEMMIGO;x
5053;81;198;65;STAGNANT OASIS;x
5054;105;198;65;HOGACH;x
5055;105;255;65;VOBLEHN;x
5056;105;255;115;NERO;x
5057;255;73;194;XIAO TUTI;x
5058;129;113;156;GOKER;x
5059;160;168;84;LEOTIE;x
5060;255;73;39;YALIANG;x
5061;232;99;79;CATAEHY;x
5062;174;189;150;LUYU;x
5063;148;174;103;TIZHEE;x
5064;77;98;28;KWUWOBIS;x
5065;105;118;75;ZAINMUBA;x
5066;232;223;79;XIARLA'ZING;x
5067;143;157;119;NONGOA;x
5068;0;223;79;SHEK ZANG;x
5069;116;115;72;POLIKWAPTIWA;x
5070;151;149;103;SIHU;x
5071;0;36;79;YOON PANG;x
5072;100;114;40;RIYO;x
5073;123;136;76;ATTOW;x
5074;64;171;14;HEE KANG;x
5075;64;171;124;LEI SHONG;x
5076;125;131;61;MIDSUA;x
5077;84;91;64;KWANITA;x
5078;103;110;87;KINEKS;x
5079;92;106;56;SHESHEBENS;x
5080;119;133;81;MAKKITOTOSIMEW;x
5081;64;36;124;GAIAUN;x
5082;86;95;53;KOLTSITTA;x
5083;124;129;84;HOLLA;x
5084;255;75;124;NI'GAAR;x
5085;122;129;96;TEHYA;x
5086;152;164;84;ITUHA;x
5087;147;155;106;WAUNA;x
5088;100;114;51;AWENITA;x
5089;255;255;124;ENESH;x
5090;129;141;87;NUKPANA;x
5091;96;107;66;PEOKKOM;x
5092;95;114;46;KWAIDO;x
5093;0;255;124;SIK'VELAK;x
5094;107;115;71;NILGA;x
5095;170;176;125;PONKTE;x
5096;194;101;61;AK'TANG;x
5097;121;136;65;AMAYETA;x
5098;136;147;94;TAYANITA;x
5099;56;98;83;WADRIS;x
5100;40;126;95;SANYSEA;x
5101;55;145;113;SHYLEASA;x
5102;92;129;116;THYLORA;x
5103;70;182;142;SYLIENE;x
5104;42;131;77;AYANEA;x
5105;52;71;60;ALLYIA;x
5106;33;94;57;JAEALENAI;x
5107;80;112;89;CARIA;x
5108;86;144;102;IRERENA;x
5109;27;81;58;MALAEAS;x
5110;50;122;91;MARNEA;x
5111;194;36;124;TA'YI;x
5112;47;136;99;ALYLYSSA;x
5113;24;112;75;FYLAE;x
5114;19;75;52;DASINA;x
5115;0;36;124;SIK'TIK;x
5116;38;79;49;LELALINA;x
5117;41;87;66;SERIADANAIR;x
5118;87;110;99;SINAR;x
5119;95;140;118;HALEA;x
5120;29;91;44;NELAENNA;x
5121;54;124;71;EYDRAETH;x
5122;191;36;70;SHASATELA;x
5123;39;96;65;EMADYA;x
5124;50;143;92;DULLARA;x
5125;96;164;127;RYALANAI;x
5126;26;103;61;VESRIAS;x
5127;61;119;87;LILALANNA;x
5128;39;159;94;SELRIAS;x
5129;20;92;47;YELEAE;x
5130;40;115;67;ASAENNA;x
5131;104;36;124;CAK'THEETA;x
5132;16;78;34;ENAELEAS;x
5133;44;81;55;MAEITH;x
5134;42;136;70;AMYSA;x
5135;37;161;82;MORNEA;x
5136;43;92;67;MORLYNN;x
5137;37;66;51;RELTIA;x
5138;55;79;65;VIVISHA;x
5139;90;26;116;DOLNAON;x
5140;76;161;109;ELYRNEA;x
5141;36;83;61;NASTE;x
5142;48;73;61;WALLAS;x
5143;90;26;52;TZACH;x
5144;46;95;65;SELLAS;x
5145;90;26;90;DRUOL;x
5146;26;73;44;SYLYIA;x
5147;217;61;90;LUOSLOR;x
5148;28;115;59;ILYLEATH;x
5149;30;92;52;SELAELEAS;x
5150;56;81;65;NYREATH;x
5151;26;75;40;LARNAE;x
5152;18;89;39;SALAES;x
5153;217;119;90;CHAOX BAMTUG;x
5154;133;161;147;IDRIASANA;x
5155;30;127;77;ASTATARRE;x
5156;80;159;118;NHENASHA;x
5157;57;136;105;ALANRALYN;x
5158;55;106;86;LANLARA;x
5159;18;82;55;SYLYSAE;x
5160;42;70;58;ELYSSAE;x
5161;135;119;90;LEI TSANG;x
5162;54;135;78;MILAENAS;x
5163;58;118;87;MILAENA;x
5164;14;206;90;RISHROR;x
5165;52;79;65;RAEYELL;x
5166;59;82;73;SELDIRA;x
5167;59;99;83;DAECANNA;x
5168;46;103;70;DELLIA;x
5169;34;67;48;EMINA;x
5170;97;152;139;TRILA;x
5171;14;26;90;TSEIT DAO;x
5172;64;122;108;FELEALAES;x
5173;51;130;143;ARYSA;x
5174;103;156;165;YENNA;x
5175;36;135;129;AETHALAIS;x
5176;73;141;137;IDRIASHA;x
5177;21;91;50;LILAVANNA;x
5178;24;71;44;LILANEA;x
5179;51;78;62;DELATERAN;x
5180;40;114;83;KAHARA;x
5181;25;145;95;KYNNA;x
5182;25;103;81;UNYSSAE;x
5183;50;94;81;LELYNNA;x
5184;34;73;45;FELALIA;x
5185;15;58;28;IDRIRYNN;x
5186;49;95;84;MORILANNA;x
5187;33;119;99;RELSHA;x
5188;255;26;105;ELLIN'ZI;x
5189;113;172;143;RELYA;x
5190;27;102;66;THERYNN;x
5191;27;148;90;AHARA;x
5192;37;103;85;KENYSSA;x
5193;22;152;117;ALEAITH;x
5194;25;111;62;JALYSIA;x
5195;25;85;50;THILYURA;x
5196;56;139;91;ILYREATH;x
5197;48;139;92;CARYRII;x
5198;75;26;105;LIL'KARIE;x
5199;35;94;76;ARYERYN;x
5200;84;122;110;FAELYLYNN;x
5201;42;137;68;LANLYLAH;x
5202;255;26;43;ALTHARESS;x
5203;255;26;176;ATHAR;x
5204;47;182;151;LYRIETH;x
5205;62;144;125;MALAS;x
5206;68;116;105;MEDREATH;x
5207;255;86;12;THI'IETHI;x
5208;255;86;124;QOCK;x
5209;49;182;143;EARENA;x
5210;28;57;39;ERINDEA;x
5211;189;115;58;ELLADIRA;x
5212;96;130;255;PONG TCHANG;x
5213;104;99;41;MORSHANG;x
5214;160;123;45;FAERAN;x
5215;180;160;101;NALORA;x
5216;185;152;53;HARAETH;x
5217;122;101;39;JILAEI;x
5218;129;86;48;E'NYSEA;x
5219;180;110;49;ESERCIA;x
5220;178;129;86;GALEA;x
5221;152;77;55;EMALLAES;x
5222;200;130;255;EL'THAZAE;x
5223;139;91;77;ALANLANNA;x
5224;140;85;42;LYLEAITH;x
5225;200;26;41;THORIYE;x
5226;205;114;44;DORILYLAH;x
5227;184;91;51;SHALSANA;x
5228;149;79;48;MYTEASA;x
5229;148;90;65;NYTHILEATH;x
5230;206;132;48;NAEDYA;x
5231;217;26;84;AK'E;x
5232;170;123;70;FANYA;x
5233;87;26;176;HAL'ZETAR;x
5234;174;60;36;KYNRIEN;x
5235;137;54;36;SILNIA;x
5236;144;78;64;THERIEN;x
5237;152;76;24;VESRINAR;x
5238;131;85;54;NYTARRE;x
5239;119;69;35;AINERI;x
5240;157;111;53;AELANAI;x
5241;188;125;45;LYLAESA;x
5242;61;122;67;HIRASUT;x
5243;168;94;61;WALEAE;x
5244;210;102;54;FELENE;x
5245;196;117;81;AMALIA;x
5246;188;132;107;LILANARIA;x
5247;61;36;67;MIL'KJKES;x
5248;200;36;124;HAYENN;x
5249;143;106;43;AERYA;x
5250;139;126;79;SAEDRIS;x
5251;212;107;203;SHEK SHANG;x
5252;149;97;38;CARYLENAI;x
5253;174;130;81;WEAITH;x
5254;202;133;56;SELALARIA;x
5255;212;0;203;VILIRI;x
5256;185;160;79;ECINA;x
5257;107;145;124;NIUZAO CATACOMBS;x
5258;209;36;124;SEONG-SU;x
5259;198;129;102;SOSANA;x
5260;205;124;92;TESVANA;x
5261;214;84;56;DISH;x
5262;200;135;42;VISCANNA;x
5263;209;153;71;SODRIA;x
5264;156;115;55;FNYA;x
5265;46;152;139;QIAIX;x
5266;129;54;34;LYSSA;x
5267;180;117;64;MELILLAETH;x
5268;0;84;56;ZAER-VUG;x
5269;133;84;165;LO'KIKKA;x
5270;160;94;55;JAELLA;x
5271;185;110;66;VIVILINA;x
5272;116;61;26;JAYYELL;x
5273;209;84;165;TAXXA'HA;x
5274;147;92;56;LEARCIA;x
5275;172;127;63;ELYRAETH;x
5276;198;139;53;KANAS;x
5277;70;84;56;MITHAVA;x
5278;46;152;61;BAMTUG;x
5279;174;152;139;LAE'MON;x
5280;143;85;66;LYTARIA;x
5281;185;101;76;ARILIYNN;x
5282;137;52;108;CHARAIN;x
5283;106;91;48;NYRIYENDA;x
5284;137;52;63;ZHIN'KESH;x
5285;124;88;48;KYNAS;x
5286;54;108;145;RATHAN;x
5287;186;129;64;ENIS'TA;x
5288;169;110;84;ERILAETH;x
5289;120;88;97;XIAR-HAEN;x
5290;149;86;58;ARYSSA;x
5291;148;107;61;SHEHARA;x
5292;201;142;75;AYNYSSEA;x
5293;165;109;47;SILDADIA;x
5294;160;122;49;YAEDA;x
5295;182;135;47;RELCANNA;x
5296;230;116;65;XECHIN;x
5297;132;109;41;ALALYIA;x
5298;174;108;50;SHADRIS;x
5299;244;41;26;QAR;x
5300;217;103;58;SARAI;x
5301;131;69;40;KASTE;x
5302;102;51;173;XORES;x
5303;151;75;38;SILDADRIETH;x
5304;209;130;52;MYLORA;x
5305;180;123;68;ELLADANAIR;x
5306;219;153;88;KYNLIN;x
5307;123;48;96;ZAXXI'RA;x
5308;58;43;78;NOVULO;x
5309;143;73;64;MILADYA;x
5310;167;83;45;MILERIAS;x
5311;41;24;65;SKAXERAN;x
5312;140;74;44;Y'LAETH;x
5313;202;107;66;MIL'LYNN;x
5314;46;33;100;PA'VAZ;x
5315;170;80;41;SAENE;x
5316;218;133;67;SERILANNA;x
5317;197;71;107;RI'JOS;x
5318;147;94;54;THESHA;x
5319;180;60;105;LAST HAVEN;x
5320;122;60;105;HUNTER'S HALL;x
5321;122;60;64;WINDWEAVER;x
5322;185;103;105;MARGRAL;x
5323;185;58;105;THORNSAND;x
5324;159;154;105;SELENNA;x
5325;159;125;105;AROMA;x
5326;209;125;105;THESANAR;x
5327;71;75;105;MOONTOUCHED;x
5328;71;125;105;BILDGIT;x
5329;180;108;84;DETHRUAL;x
5330;180;58;84;AUTUMNLIGHT;x
5331;84;108;84;FYLAESS;x
5332;116;108;84;TALRIL;x
5333;116;108;142;FYTHANNIUS;x
5334;47;67;84;RUTH'DANEL;x
5335;47;67;0;SERENDIA;x
5336;47;194;0;THORNGUARD;x
5337;47;108;55;NANDAL;x
5338;47;108;154;ELANAEL;x
5339;127;108;154;HYLAEN;x
5340;139;49;189;SHATTERSHARD;x
5341;139;49;145;BRANCHAER;x
5342;47;241;255;SATORMIR;x
5343;139;241;255;MOONBLADE;x
5344;47;145;146;ALTHALAXX;x
5345;47;90;146;SELEMIR;x
5346;47;139;146;FARANADOS;x
5347;47;139;55;CADREN;x
5348;177;225;146;RITOKO;x
5349;177;225;229;ZIM'KAGA;x
5350;47;81;146;JORNI;x
5351;47;162;146;EVERSHADE;x
5352;31;145;96;THORNSPEAR;x
5353;31;145;177;LADREAS;x
5354;62;107;105;AZISHIR;x
5355;171;107;105;GRANOKKIR;x
5356;124;139;105;ANCIENT'S GROVE;x
5357;235;84;55;LENUL;x
5358;124;84;55;SIRANNUL;x
5359;0;55;105;BLACKFUR;x
5360;0;55;206;DOLIN;x
5361;0;122;99;REMTRAVEL;x
5362;0;122;163;NAZJVEL;x
5363;0;122;171;DARKSCALE;x
5364;0;159;163;MASTER'S GLAIVE;x
5365;125;159;163;ELLELORN;x
5366;113;84;105;KATHAS;x
5367;113;84;255;STONEHELM;x
5368;94;0;66;TARINAR;x
5369;94;96;66;SALIRAER;x
5370;94;116;136;RORIR;x
5371;94;116;46;RAGEPAW;x
5372;41;58;154;JADEFIRE GLEN;x
5373;41;58;46;XAVIARE;x
5374;41;145;46;MYKLETH;x
5375;61;94;0;SILVERSKY;x
5376;61;133;0;KAENUL;x
5377;61;58;0;TELASIN;x
5378;116;200;0;MANASTREN;x
5379;217;200;0;TERODON;x
5380;116;29;0;MATHALAES;x
5381;154;94;69;SHYLALAESS;x
5382;154;159;69;SYLANNUS;x
5383;200;159;69;HALTHIR;x
5384;168;94;120;ELUN'ARAN;x
5385;168;94;64;CYNAS;x
5386;58;142;120;KELNETH;x
5387;136;142;120;NAROS;x
5388;171;93;120;SYNATH;x
5389;255;93;120;DRADRON;x
5390;0;141;139;TUTAS;x
5391;0;87;139;LILAESSAE;x
5392;0;255;139;STARCLOUD;x
5393;146;145;178;DRANOL;x
5394;146;145;96;NYRITH;x
5395;146;78;96;JAGAR FAGAR;x
5396;199;226;138;XAVARIC;x
5397;90;226;138;MOONLIGHT;x
5398;214;51;86;TYRAND'ARAN;x
5399;214;51;133;EVENEL;x
5400;107;141;86;BRANDILAD;x
5401;107;43;86;ENDARON;x
5402;199;136;138;SUMMERHAVEN;x
5403;199;84;138;FORESTCLOUD;x
5404;199;185;138;SENELOR;x
5405;150;177;77;MAVORIS;x
5406;150;72;77;HELLEAN;x
5407;220;133;77;BENLIDAN;x
5408;52;137;121;SKYBLADE;x
5409;52;72;121;LUNASWORD;x
5410;52;72;75;ORENRIEL;x
5411;209;191;77;BLACKWIND;x
5412;209;58;77;DUSKPAW;x
5413;133;58;77;STARWOOD;x
5414;84;61;178;EVENON;x
5415;156;61;178;ILALEAETE;x
5416;146;116;178;BHADON;x
5417;146;84;178;TALOMON;x
5418;146;180;178;HATHRAS;x
5419;75;122;176;DAEOLYN;x
5420;75;154;176;VALADAR;x
5421;113;154;176;EARTHBORNE;x
5422;113;154;139;NARIANNA;x
5423;150;156;176;TAJARR;x
5424;150;156;136;SAN'RA;x
5425;197;71;84;HAK'VAR;x
5426;151;101;142;CARIEL;x
5427;151;101;194;SILORN;x
5428;110;101;194;GERDRYN;x
5429;93;101;142;MALFURION;x
5430;133;71;84;QUZE'RUX;x
5431;93;148;75;ATHIEL;x
5432;125;148;75;SHAGYEL;x
5433;150;165;116;RESEAM;x
5434;150;165;154;ELENTHRAS;x
5435;125;165;154;ELLENAS;x
5436;150;99;116;VARIEL;x
5437;133;107;0;KRE'TI;x
5438;99;142;116;LELLEAN;x
5439;107;81;146;EMERALD ROOTS;x
5440;191;81;146;AMALASS;x
5441;210;70;146;FALEAS;x
5442;162;70;146;TALAR;x
5443;210;142;146;THELOREAN;x
5444;210;142;101;KARANNUL;x
5445;156;197;77;NYRION;x
5446;200;197;77;NANANASE;x
5447;200;197;217;ILETHI;x
5448;165;197;146;HELLIAN;x
5449;148;84;146;GOLDRINN;x
5450;125;124;146;GAR'GOL;x
5451;130;169;146;GERDARON;x
5452;165;129;146;ANASSA;x
5453;159;129;81;LEYARA;x
5454;255;129;136;ODAN;x
5455;183;103;49;CYRAEI;x
5456;212;152;118;LAGYL;x
5457;220;152;183;LEAFSHADE;x
5458;177;152;118;ARAENEL;x
5459;99;139;49;ERERIUS;x
5460;99;139;78;SHALLAES;x
5461;171;35;49;ASALARIA;x
5462;133;35;49;DULLIENNE;x
5463;133;64;49;SELLYIA;x
5464;145;214;49;SYRENNA;x
5465;223;214;49;RASSIAT;x
5466;191;163;49;HYHARA;x
5467;191;163;96;ASTALYIINN;x
5468;20;107;0;VIYYAX;x
5469;127;163;163;ARAELAR;x
5470;127;110;163;MOON'S SEAT;x
5471;168;110;163;LYNIAZE;x
5472;84;120;66;SHADARON;x
5473;84;84;66;LADIIR;x
5474;72;26;135;CYDRON;x
5475;148;26;135;ALNIA;x
5476;194;26;135;ALAIS;x
5477;90;178;120;UDE;x
5478;99;133;120;LELARYA;x
5479;165;133;120;YRAES;x
5480;177;148;182;IRDA;x
5481;177;113;182;GAFLARK;x
5482;177;113;214;YUKH;x
5483;168;148;182;SINNG;x
5484;168;148;93;DINLDO;x
5485;99;154;182;ALLOR;x
5486;183;154;182;KORL;x
5487;183;154;127;MOK VAKH;x
5488;152;170;182;YULD;x
5489;130;104;182;TIESLOKH;x
5490;194;104;182;SANNG;x
5491;154;148;182;DARKSNOW;x
5492;183;148;182;KERGORN;x
5493;130;148;182;ALDOR;x
5494;87;148;182;CEMON;x
5495;87;209;182;WIRAG;x
5496;96;139;182;FROSTBOW;x
5497;142;139;113;ERENDERIL;x
5498;154;105;182;LYLUMOON;x
5499;200;105;182;FALRITH;x
5500;238;105;182;DANLIAN;x
5501;148;186;182;BAN'THALLOW;x
5502;197;186;182;DANLIAEN;x
5503;197;186;130;ARAELALAS;x
5504;197;145;130;LYDRUS;x
5505;122;186;120;INERF;x
5506;122;186;148;GADRIS;x
5507;165;186;148;DOFRANAR;x
5508;209;156;156;SUGHMEHN;x
5509;209;156;183;KROMBOBE;x
5510;133;111;156;TAVALARION;x
5511;133;191;156;SELORNE;x
5512;133;191;116;CEDARAK;x
5513;255;111;156;MOON HORROR;x
5514;209;111;156;LIGHTEYE;x
5515;209;183;156;MADRAL;x
5516;70;86;94;GROLANAR;x
5517;70;139;94;FROZENPAW;x
5518;142;156;156;MANTHAS;x
5519;142;110;156;SILENTPINE;x
5520;151;156;156;LARAND;x
5521;206;156;156;CHARIONER;x
5522;206;156;200;ELALEAS;x
5523;142;186;223;WINTERSABER;x
5524;142;186;125;WINTERMANE;x
5525;177;186;125;CERLENAAL;x
5526;174;186;223;FROSTWIND;x
5527;136;186;223;BHADAN;x
5528;136;159;223;ELEDIAR;x
5529;148;156;223;CYRION;x
5530;180;156;223;SATHIEL;x
5531;180;156;177;ALENTAS;x
5532;93;174;223;GAROL;x
5533;151;174;223;ELAINE;x
5534;159;124;223;FROSTSTAR;x
5535;119;124;223;ALLASTE;x
5536;162;124;177;ANRIUS;x
5537;133;146;206;SPIRITSPEAKER;x
5538;90;146;255;MANACLAW;x
5539;162;238;163;LAUGHING YETI;x
5540;162;139;163;RELLOMON;x
5541;162;139;133;ORRENELORA;x
5542;183;79;206;RADOS;x
5543;183;79;165;UYDRAEN;x
5544;145;79;206;ICECAP;x
5545;90;79;171;CAYYA;x
5546;90;156;171;LATHIL;x
5547;107;122;206;SDIR;x
5548;151;122;206;ILNIRA;x
5549;226;122;206;TESLANNA;x
5550;214;229;199;STONESHAPER;x
5551;214;229;127;LEDIIRE;x
5552;229;126;135;RANSHALLAHE;x
5553;151;126;135;YETHIEL;x
5554;151;126;67;HALRON;x
5555;145;126;135;FROSTILICUS;x
5556;20;146;0;VETHETA;x
5557;145;238;12;TUVINE;x
5558;223;238;12;LEDOSARE;x
5559;139;227;111;JO'CHIXE;x
5560;139;227;151;ATAL'BWON;x
5561;96;227;163;PAAWA;x
5562;197;227;255;ATAL'SHADRA;x
5563;156;96;49;MOL'SI;x
5564;87;96;49;ZOKI;x
5565;229;141;69;NIL'DU;x
5566;229;87;69;GIALRE;x
5567;124;75;101;IHO'JO;x
5568;183;75;101;JIOJIO;x
5569;64;141;60;SUNCREST;x
5570;194;146;84;MORROWCHAMBER;x
5571;67;141;60;ILEALAR;x
5572;255;109;56;VORVARIK;x
5573;127;141;60;WELLSPRING;x
5574;122;141;146;MOON'S TEMPLE;x
5575;148;141;146;CENARION ENCLAVE;x
5576;0;109;56;RAN;x
5577;162;142;146;TRADESMEN'S TERRACE;x
5578;145;84;146;BAN'ETHIL;x
5579;145;119;146;LARIN;x
5580;145;119;171;STILLMOON;x
5581;145;141;146;GNARLPINE;x
5582;145;101;146;YETHEA;x
5583;232;101;146;KEASA;x
5584;142;90;116;ALADIA;x
5585;142;127;116;IRRIENDE;x
5586;133;90;116;AL'AMETH;x
5587;177;90;116;DENALARAN;x
5588;177;90;75;SANUL;x
5589;43;90;116;RUT'THERAN;x
5590;241;146;93;KZI;x
5591;32;146;93;RILIVO;x
5592;75;52;168;XAL'THA;x
5593;145;141;116;YEDRAS;x
5594;206;141;116;ENON;x
5595;171;141;60;SHADOWTREAD;x
5596;64;75;60;LAHALAN;x
5597;64;75;101;CETHAS;x
5598;148;99;142;URSOC'S VAULT;x
5599;214;99;142;AZURE HALL;x
5600;214;99;67;TRADERS' TIER;x
5601;255;99;94;ALAAR;x
5602;197;99;94;YAN'RA;x
5603;197;38;94;DADRISS;x
5604;255;38;94;MONARA;x
5605;148;101;139;CAYRINAR;x
5606;229;101;139;SYLINA;x
5607;203;58;139;FNYAESS;x
5608;93;58;139;LAVINE;x
5609;93;58;84;GREENBOUGH;x
5610;171;92;93;WINTERSPIRIT;x
5611;217;92;93;AZUREBREATH;x
5612;113;92;139;AZURE WATCH;x
5613;148;92;139;KYNIEL;x
5614;206;92;139;EREA;x
5615;72;45;94;MREOLIR;x
5616;72;45;145;FANRUS;x
5617;26;45;94;STILLPINE;x
5618;26;84;94;GURF;x
5619;67;84;94;KURZ;x
5620;119;133;139;HALAEA;x
5621;188;133;139;JIRAI;x
5622;188;133;64;LELAEDYAR;x
5623;171;87;139;NESTLEWOOD;x
5624;220;87;93;SILVERLINE;x
5625;220;87;139;SHADOW RIDGE;x
5626;255;133;139;TAERIX;x
5627;165;133;191;SACRED GROVE;x
5628;99;133;191;CEDRIS;x
5629;212;58;94;MOONWING;x
5630;78;45;41;KESSEL;x
5631;122;45;41;BERYL'S RIDGE;x
5632;75;52;56;LIR'THE;x
5633;46;84;41;NATAS;x
5634;145;133;169;BEIRNDLR;x
5635;145;90;169;WORNDLL;x
5636;171;133;169;LORETH'ARAN;x
5637;110;133;255;ALAMINON;x
5638;110;241;255;GARRUS;x
5639;107;72;169;BLOOD WATCH;x
5640;142;72;169;KYLIENNE;x
5641;142;125;169;WILDSTAR;x
5642;101;19;64;MIDDENVALE;x
5643;168;19;136;ARRANUL;x
5644;133;19;136;ALADANAT;x
5645;64;19;136;MYTERIAN;x
5646;148;84;111;BLOODWASH;x
5647;148;35;111;CARILREL;x
5648;78;19;64;BLACKSILT;x
5649;130;19;64;GOLARTG;x
5650;201;52;56;KUN'VAN;x
5651;171;62;169;CRYO CORE;x
5652;171;116;169;SIRONAS;x
5653;238;23;81;CASH'RI;x
5654;159;116;64;TEL'ATHION;x
5655;255;116;64;SASINAES;x
5656;209;19;64;MYTANELLE;x
5657;209;104;64;MORIRYSSA;x
5658;238;141;81;ET'A;x
5659;136;104;133;AMACIEA;x
5660;119;19;64;HARNEA;x
5661;67;19;64;AVADIA;x
5662;61;141;176;XAL'KEELIESH;x
5663;148;191;64;VERIDIANT POINT;x
5664;148;125;64;AVERA;x
5665;133;114;58;FERNWOOD RIDGE;x
5666;133;72;58;ALGERSON;x
5667;246;156;58;FOXHOLLOW;x
5668;212;141;176;OTH'RE;x
5669;197;125;58;JEFREM;x
5670;87;141;99;CEL'THER;x
5671;136;152;58;KRAKENBANE;x
5672;84;152;58;TINDALL;x
5673;185;141;99;ZHEN'ZIES;x
5674;185;141;176;ITH'VEET;x
5675;180;41;255;RIT'KES;x
5676;243;96;58;GREYSTONE;x
5677;145;96;118;CLAYDEN;x
5678;165;116;118;STONEFIST;x
5679;104;27;70;SMUGGLER'S RUN;x
5680;180;41;66;QOLTA;x
5681;180;103;66;CEL'THITER;x
5682;191;169;255;UNSOK'VESS;x
5683;162;156;159;GNOMIRA;x
5684;223;169;255;SRAVAS'VESS;x
5685;130;103;126;LOWER CORLAIN;x
5686;255;139;126;WHITEGROVE;x
5687;203;141;126;FALCONHURST;x
5688;191;169;148;AMBER'VESS;x
5689;86;90;126;GOL VAR;x
5690;154;103;126;ERNA;x
5691;113;169;255;ZORLOK'VESS;x
5692;223;169;123;HONOR'VESS;x
5693;133;129;118;BARROWKNOL;x
5694;145;216;201;ELDERSTONE;x
5695;0;185;255;DUALMUD-BRUG;x
5696;148;212;64;GOLDEN FLAGON;x
5697;238;212;64;KRAKEN'S REACH;x
5698;174;169;129;TIDESHOLD;x
5699;141;185;255;SUM-CHUL'KASH;x
5700;141;0;255;KUHVOT;x
5701;154;154;129;TIDES' PRECIPICE;x
5702;90;216;129;ROUGHLAND;x
5703;90;142;129;LORENE;x
5704;110;135;64;FAIRWEATHER;x
5705;141;0;39;KI'NIEL;x
5706;185;169;64;DEADWASH;x
5707;255;36;148;TANG PANG;x
5708;255;67;39;ZHEROL QUESH;x
5709;113;231;129;HACKNEY;x
5710;0;36;39;LEI ZHESH;x
5711;180;191;208;WARDEN'S VIGIL;x
5712;255;208;255;JAR-TOAG;x
5713;0;208;39;SHEN LU;x
5714;255;238;46;SED;x
5715;122;71;81;DUN DRAGARE;x
5716;0;238;165;BRAINDUAM;x
5717;86;96;66;BOKAKAK;x
5718;151;139;66;HIJI;x
5719;220;139;66;JIJEL;x
5720;171;104;126;JIN'VIDOR;x
5721;255;238;0;SHUWX;x
5722;255;238;165;ZEIL'BIL;x
5723;255;110;0;CHAEXI;x
5724;81;58;66;GIRISHA;x
5725;148;58;66;RACA;x
5726;67;109;0;ATAL'TEZZI;x
5727;142;78;148;VRISKA;x
5728;0;255;11;HAOLNEX;x
5729;148;139;148;DAER TIRAS;x
5730;220;139;148;FLORIDA;x
5731;220;139;104;WOLFCLAW;x
5732;0;137;11;LISH'LUN;x
5733;96;69;66;ALANA;x
5734;96;142;66;ITIRJIN;x
5735;0;84;129;CHAL-SISH;x
5736;84;141;66;MAN'DY;x
5737;55;0;0;CRAFTERS' TERRACE;x
5738;55;43;0;TAL'FARRAK;x
5739;122;43;0;TAL'AMAN;x
5740;122;43;38;ZULHOLD;x
5741;165;86;51;BLOOD GATE;x
5742;165;86;90;ZOCALO;x
5743;46;255;11;BRIATANIA;x
5744;197;232;125;KWATHARI;x
5745;84;118;71;ZINJORA;x
5746;206;118;71;ROOTWAY;x
5747;46;84;11;YAGAMI;x
5748;220;200;11;CHIUNG PANG;x
5749;101;96;71;HEADHUNTER;x
5750;183;96;71;ZIATKRAA;x
5751;238;0;71;ZIATAJIE;x
5752;220;84;11;DRUH'TEM;x
5753;142;96;71;SONIYA;x
5754;142;151;71;SCAVENGER;x
5755;151;90;118;DREADSCALE;x
5756;154;90;118;BACKWATER;x
5757;133;41;34;ZULMARA;x
5758;165;139;34;TSAIJO;x
5759;133;126;51;GILDED MENAGERIE;x
5760;133;96;51;SACRIFICAL PITS;x
5761;185;96;51;SHIMMERING PINNACLE;x
5762;154;49;51;GOLDEN ROAD;x
5763;226;49;51;KANJIN;x
5764;226;49;107;TATAYOYO;x
5765;148;92;51;GORILLA GORGE;x
5766;255;92;51;MUGAMBALA;x
5767;255;137;136;MINJIYAN;x
5768;154;193;114;XOLOTAL;x
5769;223;193;114;ZESA;x
5770;255;0;135;JAMTOL;x
5771;246;78;114;MIJU;x
5772;168;86;51;DOL'WATHA;x
5773;168;86;197;LOA'S GARDEN;x
5774;78;94;191;ZAL'AMAK;x
5775;159;94;92;XAL'VOR;x
5776;78;94;92;KORAMAR;x
5777;145;88;86;NAZ'AGAL;x
5778;122;118;115;KHI'JAZIR;x
5779;148;145;86;TITAMOR;x
5780;84;118;115;MANGROVE SHORE;x
5781;180;118;115;GLOOMWATER;x
5782;107;0;135;EMPEROR'S REACH;x
5783;0;92;39;PRIMALI;x
5784;0;92;87;ANTUL'MITA;x
5785;139;56;39;ZO'BAL;x
5786;174;56;39;ZALAMAR;x
5787;122;238;225;SUNSAN;x
5788;255;146;39;KIYA;x
5789;162;69;92;SLITHERING GULCH;x
5790;162;69;229;SKYCALLER;x
5791;199;93;161;USITUTITE;x
5792;93;144;94;BONE PIT;x
5793;61;217;92;ATAL'KIMBUL;x
5794;61;103;92;FORGOTTEN MARSH;x
5795;255;86;60;BONEPICKER;x
5796;255;212;94;BWOLJIN;x
5797;255;214;214;KYUNG-NAG;x
5798;154;116;92;ZASHARI;x
5799;154;116;183;ZIATAMAANA;x
5800;255;214;75;FROSTDREAM;x
5801;135;190;92;WHISTLEBLOOM;x
5802;208;235;92;ZULJARE;x
5803;208;156;43;MAIMAI;x
5804;78;96;94;SHIBRE;x
5805;180;75;73;SHAMRA;x
5806;90;75;185;PTIZI;x
5807;90;188;185;YOSHOBA;x
5808;154;168;0;YACIBO;x
5809;255;168;0;YASUKE;x
5810;255;75;0;DOKAH'ALOR;x
5811;255;139;0;ALUNJARAN;x
5812;171;139;0;MAKALIRAN;x
5813;171;139;93;ESHA;x
5814;81;75;73;KHUZEI;x
5815;241;75;73;PRISLARE;x
5816;88;75;185;JOZALA;x
5817;88;64;113;ZOLARMA;x
5818;88;203;185;BIE;x
5819;255;114;124;CANARAR;x
5820;183;32;19;JINIR;x
5821;180;73;113;VOL'DO;x
5822;255;49;148;RICHFOOT;x
5823;194;122;111;RONJATY;x
5824;101;107;105;ATHANAR;x
5825;101;255;105;ULTABRITA;x
5826;177;129;186;HAKALAM;x
5827;174;200;186;TZANE;x
5828;99;66;151;LYDARO;x
5829;177;66;94;GILTA'NOR;x
5830;180;129;94;JIN'ALARAK;x
5831;116;165;231;ACKERGIK;x
5832;163;99;231;PACLENK;x
5833;84;99;231;TILUCKI;x
5834;229;154;154;GIMKOZZ;x
5835;229;72;231;HOTLEN;x
5836;255;214;148;BRIGHTHILL;x
5837;72;103;116;KAMTOI;x
5838;151;103;165;SHOVAGAL;x
5839;35;103;116;JUKTIRN;x
5840;159;103;116;ALFAKAST;x
5841;246;103;116;MAGLAHE;x
5842;188;156;116;SALVERANAS;x
5843;32;156;188;ATOMI;x
5844;188;113;116;USTAHDE;x
5845;61;156;116;GWIRUM;x
5846;162;212;126;JUSTIH;x
5847;93;212;126;ZAIH'SAL;x
5848;162;212;206;JICH'SHUD;x
5849;122;113;41;STARS' POWER;x
5850;236;113;41;MAOT QOX;x
5851;0;180;96;ZUT;x
5852;0;96;96;ZUGRATSHAN;x
5853;236;116;96;XHIAOZHEN;x
5854;107;116;96;CATHANAI;x
5855;110;189;96;GUBAM;x
5856;238;255;96;ZHUR-ZHUR;x
5857;236;78;75;JINGHUA SHI;x
5858;104;78;75;VEICH;x
5859;236;255;75;JIAER LU;x
5860;236;255;168;JINGYE;x
5861;125;255;46;ZHACH-LON;x
5862;236;64;75;JINTIAN;x
5863;236;206;75;GONGJI;x
5864;139;206;75;TSE'XEN;x
5865;38;189;148;GOLDEN PAGODA;x
5866;159;189;148;ER KUAI;x
5867;133;201;126;SHI;x
5868;133;127;126;DUO BAO;x
5869;133;127;64;CHUN BAO;x
5870;113;184;92;DEHYUA;x
5871;113;99;92;MEILI ZUMUBAKE;x
5872;107;152;86;PRIMESTEM;x
5873;107;75;86;ALECHEEKS;x
5874;75;184;92;HUABAN;x
5875;75;67;92;HEISI BING;x
5876;236;90;144;SILENT SANCTUARY;x
5877;125;90;144;XIAJIANG;x
5878;52;152;126;SHE;x
5879;52;152;241;SHUINIU;x
5880;52;223;241;KONGQUE;x
5881;133;152;126;THINCHUS;x
5882;133;58;126;YOT;x
5883;0;152;126;ZHAO'JIN;x
5884;0;64;126;QUERUER;x
5885;236;0;49;BIANTAI;x
5886;156;0;49;DOONGTIANE;x
5887;43;111;49;FIVE SISTERS;x
5888;43;41;49;JIEMEI;x
5889;191;41;49;WUGE;x
5890;81;238;126;RIBEN REN;x
5891;81;238;246;FUSHI;x
5892;26;238;126;RILUO;x
5893;217;238;126;AZITAI REN;x
5894;217;238;255;MOXIGE;x
5895;12;152;49;AH YIMU;x
5896;12;152;162;BORA;x
5897;236;61;49;CHIN CHEN;x
5898;236;174;49;QIQANG;x
5899;49;174;162;EUN;x
5900;20;199;33;SHING SING;x
5901;20;35;0;ZONG SHAN;x
5902;20;199;159;MIAO SHAN;x
5903;246;101;3;SHAO QIUTAN;x
5904;246;0;0;SHI TAN;x
5905;246;255;3;WUWEI;x
5906;246;255;203;QIANXU;x
5907;255;168;84;HUALIM;x
5908;78;170;49;WUQI;x
5909;217;170;49;MASON'S FOLLY;x
5910;93;170;159;GOYA;x
5911;93;43;159;HEISHI;x
5912;93;255;159;APIAN;x
5913;246;0;159;TSALONGI;x
5914;165;139;159;XIYI;x
5915;0;99;159;HATESCALE;x
5916;217;99;159;MOUSHA;x
5917;217;99;255;SJIUH HE;x
5918;255;52;61;SHUZI;x
5919;255;126;90;BAI LAOHU;x
5920;255;185;61;ORDALIA;x
5921;255;126;61;DA LAOHU;x
5922;96;126;90;JIETI;x
5923;96;87;90;XIEYE;x
5924;96;87;200;HANSHUI JI;x
5925;23;75;90;QIANJIN;x
5926;162;75;90;JOON-HO;x
5927;162;194;90;SUNG-HOON;x
5928;67;75;90;TAE-YOUNG;x
5929;67;220;90;JONG-YUL;x
5930;0;126;122;JIN-SANG;x
5931;223;126;217;SONGYHUON;x
5932;49;159;122;YU-NI;x
5933;49;58;122;SU-JIN;x
5934;0;124;176;SONGMIN;x
5935;0;124;255;LIUZAHO;x
5936;255;255;176;SHIL-ZHUN;x
5937;29;255;176;TSAO-TSAO;x
5938;29;49;176;XUE YUEN;x
5939;81;180;93;BRAMBLESTAFF;x
5940;81;180;170;TOHYON;x
5941;55;124;170;HEE-HEE;x
5942;252;124;170;QIANG;x
5943;252;191;170;CALMPEACE;x
5944;14;212;255;SHISHJIBA;x
5945;14;212;170;SHARP;x
5946;14;212;52;NATSU;x
5947;0;159;170;EASTWIND'S REST;x
5948;220;159;170;SHIAO HOA;x
5949;220;159;43;KIRYN;x
5950;23;159;255;YAKWASH;x
5951;255;159;170;CHANG CHANG;x
5952;255;159;0;BREWPATH;x
5953;212;101;170;HUA XIA;x
5954;110;101;170;SAM-SEON;x
5955;64;159;170;PRANKSTERS;x
5956;255;0;170;YOLO;x
5957;255;0;104;MI-YOUNGIE;x
5958;64;0;170;SPRINGROCK;x
5959;64;188;170;SE-AH;x
5960;206;188;170;JAE-YUN;x
5961;55;159;122;ZHELAN;x
5962;55;67;122;YIJUN RITAN;x
5963;255;67;122;PO;x
5964;220;70;170;KWANG;x
5965;220;159;72;LITU;x
5966;255;137;170;DUHO;x
5967;255;137;72;BAEYIN;x
5968;67;137;170;SONGCHANG;x
5969;67;84;170;LIAOWUHAN;x
5970;200;84;170;HYEON;x
5971;188;146;72;JADEPATCH;x
5972;116;146;151;BRIGHTFALL;x
5973;223;146;131;SUMI;x
5974;81;146;131;GAYUNSUBI;x
5975;81;146;72;YOUNGSU;x
5976;0;94;170;ZHARLIAM;x
5977;0;94;78;BRUX;x
5978;226;94;78;LEXTOM;x
5979;226;94;255;DUNTSAG;x
5980;182;12;96;JI'NOX;x
5981;58;12;96;CHIHATH;x
5982;58;12;238;THUN;x
5983;35;94;131;WESTWIND'S REST;x
5984;119;94;131;SANGOSOO;x
5985;119;94;26;JIJUNI;x
5986;58;94;0;CELESTIAL OX;x
5987;255;94;0;CELESTIAL TIGER;x
5988;255;226;0;CELESTIAL BUFFLE;x
5989;29;226;0;CELESTIAL SERPENT;x
5990;58;154;120;COUSIN;x
5991;223;154;120;ZHIG;x
5992;90;124;210;PLUMEFLY;x
5993;136;124;210;CHIUN;x
5994;136;124;145;HANA;x
5995;220;105;131;YIGUO;x
5996;220;162;131;ZHENKANG;x
5997;101;162;131;WISEBOOT;x
5998;101;162;61;XUE DAN;x
5999;118;128;163;LUSHAT LAN;x
6000;118;14;163;XIUXI;x
6001;118;174;163;HUANGDI;x
6002;118;174;93;SHIBING;x
6003;249;109;210;LASTCART;x
6004;249;109;52;BEERPETAL;x
6005;197;150;131;DA-DA;x
6006;72;165;210;BIRDBREW;x
6007;72;165;142;LASTFOOT;x
6008;191;165;142;FROSTPOND;x
6009;0;75;120;ZENDE;x
6010;0;75;58;QUT;x
6011;194;75;58;CET;x
6012;0;238;161;SUNJA;x
6013;46;238;35;EAST GATE;x
6014;206;238;225;WHITECLIFF;x
6015;206;26;225;FROSTBREATH;x
6016;32;238;225;FENYING;x
6017;0;109;210;ZEL'LESH;x
6018;0;109;72;TATH;x
6019;0;209;161;MLING;x
6020;55;156;161;TAO TAO;x
6021;0;0;161;HONG MING;x
6022;0;156;161;GU;x
6023;206;156;161;JA;x
6024;255;88;84;THUNDERBEER;x
6025;183;102;0;JOO-JOO;x
6026;238;156;161;SNOWDRIFT'S DOJO;x
6027;238;0;26;PUREBREATH;x
6028;90;0;26;FROSTDREAMER;x
6029;255;103;81;SEALED CHAMBERS;x
6030;145;137;104;NORTHWIND;x
6031;84;137;104;HUMBLELEAF;x
6032;209;167;84;TIGER'S TERRACE;x
6033;209;167;212;OX'S SHRINE;x
6034;84;167;212;SERPENT'S GROUNDS;x
6035;177;88;152;HEEHEE;x
6036;0;88;101;SANHA;x
6037;201;159;98;TELARON;x
6038;44;100;35;HALNEK;x
6039;190;69;22;DRIRDOLOGG;x
6040;174;87;54;EHDRURRAGG;x
6041;40;126;43;KYUNG-MIN;x
6042;153;160;191;DJANTA;x
6043;66;42;27;KHANEI;x
6044;73;107;48;ATAL'HAKKAR;x
6045;155;73;119;WESTERSEA;x
6046;9;111;176;TARSAI;x
6047;142;129;131;SEKHE;x
6048;43;1;15;WASYS;x
6049;37;163;163;DJEDPESUT;x
6050;61;191;63;BESRETJER;x
6051;17;57;175;APREPET;x
6052;242;35;24;EKNEITENNU;x
6053;37;31;45;NEMRU;x
6054;206;187;193;DJETU;x
6055;244;151;93;SAKSELZUM;x
6056;181;128;180;FANE;x
6057;56;44;10;KERZU;x
6058;107;81;50;SEPSAIRIS;x
6059;79;80;86;TJENNEI;x
6060;107;22;101;BENU;x
6061;1;186;112;AQRI;x
6062;114;119;249;KHASSYMA;x
6063;202;226;188;AKCASIRIS;x
6064;81;94;63;ZASOU;x
6065;134;117;142;ALYNATH;x
6066;153;139;244;MOSSCREST;x
6067;115;97;160;BENARIAN;x
6068;77;37;99;ONSIN;x
6069;201;165;197;MYRIS;x
6070;43;184;129;VALDAN;x
6071;132;41;115;UTHAS;x
6072;76;7;76;BRANLOR;x
6073;233;58;252;FAHNEL;x
6074;183;150;167;SYLASTE;x
6075;66;47;59;MADRIL;x
6076;155;1;83;YLAELLORN;x
6077;194;80;196;SHERIAN;x
6078;216;169;252;RAGOS;x
6079;12;12;10;ISLE OF NIGHT;x
6080;118;219;128;PYRE ISLAND;x
6081;55;39;107;ZALAZANE'S FALL;x
6082;209;193;102;DARKSPEAR TRAINING GROUNDS;x
6083;62;68;91;ZEKHAN;x
6084;25;99;122;TEN'KIN;x
6085;116;129;158;MOJOJOJO;x
6086;191;234;56;CACHE OF MADNESS;x
6087;37;82;89;DELIVERANCE POINT;x
6088;84;107;112;PELIK;x
6089;1;143;166;ARA;x
6090;97;125;129;DALGRIX;x
6091;117;164;172;XALAC;x
6092;102;174;185;ORDARON;x
6093;27;109;122;VAR'VOR;x
6094;75;154;166;BARKIZZ;x
6095;67;136;146;MEVAC;x
6096;100;144;152;SCREAMING CLIFFS;x
6097;92;167;181;NAZZEN;x
6098;62;168;185;STRANDED;x
6099;5;97;117;THE NIGHTHOLD;x
6100;87;216;237;ASTRAVAR HARBOR;x
6101;48;138;158;ENLIGHTENMENT TERRACE;x
6102;2;103;124;DESTINY CONCOURSE;x
6103;50;186;206;ARTISAN'S GALLERY;x
6104;26;202;228;EVERMOON COMMONS;x
6105;11;172;196;EVERMOON BAZAAR;x
6106;87;153;162;GRAND PROMENADE;x
6107;42;133;146;MENAGERIE;x
6108;52;129;139;ORDER SANCTUM;x
6109;90;168;179;VINEYARDS;x
6110;52;91;158;MIDNIGHT COURT;x
6111;34;118;130;JEWELED ESTATE;x
6112;83;122;128;SURAMAR BAY;x
6113;62;99;104;ARCANIST'S ESTATE;x
6114;79;107;111;JANDVIK;x
6115;106;128;131;AZUREGALE COVE;x
6116;47;65;70;TYDES;x
6117;93;124;129;CRIMSON GROVE;x
6118;5;168;203;WARPWINE CLIFFS;x
6119;19;104;122;KING'S PASS;x
6120;72;159;171;KING'S CAVE;x
6121;1;95;115;DAWNCLEFT;x
6122;0;117;142;ARID CLIFFS;x
6123;28;125;146;FILNEEN;x
6124;0;112;153;THE ATHAENAEUM;x
6125;19;142;188;MOONFALL OVERLOOK;x
6126;4;129;176;MOONFALL APPROACH;x
6127;26;97;124;LUNAR CRUCIBLE;x
6128;42;156;180;TEL'ANOR;x
6129;37;136;157;OCULETH'S WORKSHOP;x
6130;22;142;169;KITHA;x
6131;40;153;176;MOONWHISPER;x
6132;29;118;137;IRONGROVE RETREAT;x
6133;98;186;203;WATER'S EDGE;x
6134;48;146;166;CLIFFCLUTCH ROOST;x
6135;8;102;137;LINAS CAVES;x
6136;90;138;148;CALLUS;x
6137;66;167;188;ANORA HOLLOW;x
6138;39;99;112;RUINS OF AMBERVALE;x
6139;40;122;140;KORALUNE MANOR;x
6140;52;106;117;RUINS OF FALANAAR;x
6141;68;126;134;RUGRUN;x
6142;51;101;138;DENDIN;x
6143;66;113;120;NEMME;x
6144;79;148;158;SILVERGROVE;x
6145;75;112;120;DARKCREST;x
6146;82;100;104;MIST'S EDGE;x
6147;52;106;113;MEREDIL;x
6148;68;115;122;LUNASPEAR;x
6149;41;111;162;SWIFT HEATH;x
6150;32;116;178;VOID'S WEAVE;x
6151;18;118;11;NARTHA'LAS RUINS;x
6152;24;102;18;WESTERN RUINS;x
6153;54;142;67;EASTERN RUINS;x
6154;5;176;31;FARONDALE;x
6155;4;128;23;SOCIETY ENCLAVE;x
6156;46;135;60;INGRESS;x
6157;18;144;37;KISHUN;x
6158;8;170;32;LLOTHIEN HIGHLANDS;x
6159;6;135;25;DROWNED GARDENS;x
6160;30;167;51;CRUMBLED PALACE;x
6161;113;205;127;THE GREENWAY;x
6162;68;187;86;NASTRA;x
6163;136;175;142;QETHRA;x
6164;60;157;75;FARAN;x
6165;49;185;70;MANTU;x
6166;18;175;42;LASHOLL;x
6167;21;135;38;RILDRI;x
6168;12;148;33;THILU;x
6169;43;77;48;FOREVER RISE;x
6170;28;98;38;OLD COAST PATH;x
6171;0;126;19;THASHUN;x
6172;43;115;54;LIPHEN CLIFFS;x
6173;91;234;9;SUNTAS;x
6174;65;162;9;GICIE;x
6175;96;191;42;RUSHAAN;x
6176;14;131;32;SANCTUM RUINS;x
6177;34;149;52;MIRTHSONG;x
6178;63;158;77;GOLDENFLOW;x
6179;2;120;20;THOUSAND LIGHT RUINS;x
6180;19;158;40;SHRINE TO AZSHARA;x
6181;6;178;32;THOUSAND LIGHT'S EDGE;x
6182;0;189;29;DOWNBLADE;x
6183;0;148;23;ENSOSH;x
6184;149;232;162;WARDEN'S REDOUBT;x
6185;115;202;129;WARDEN'S POINT;x
6186;82;173;96;WARDEN'S HEIGHT;x
6187;96;201;112;WARDEN'S EDGE;x
6188;80;201;99;WARDEN'S REEFS;x
6189;61;232;87;WARDEN'S FALL;x
6190;97;192;111;FARONAAR;x
6191;58;165;73;VASIVUN;x
6192;3;125;21;LIRENN;x
6193;14;81;24;MIFONATH;x
6194;80;128;87;FOTTIEL;x
6195;53;162;69;KULTIR;x
6196;113;160;120;DOSTRARI;x
6197;35;192;58;VITHEMMOS;x
6198;84;200;102;SONTHE;x
6199;73;155;85;DRINDA;x
6200;27;121;41;TILVAN;x
6201;9;176;35;GLERLITH;x
6202;18;183;43;SCOZE;x
6203;54;131;66;ILLYX;x
6204;25;94;36;MINTES;x
6205;7;149;30;ITHU;x
6206;35;169;56;NAFUL;x
6207;24;209;53;TIMOS;x
6208;128;194;138;KESTRIR;x
6209;24;192;50;ULTRIN;x
6210;95;170;106;RUINS OF ZARKHENAR;x
6211;142;187;149;RHUT'VAN PASSAGE;x
6212;100;175;112;LEY RUINS;x
6213;133;202;144;THE ORCHARD;x
6214;104;183;117;SULDROL;x
6215;80;170;94;TESTOTON;x
6216;39;89;47;REPOSE;x
6217;111;157;118;REPOSE OVERLOOK;x
6218;86;188;101;LORNETH;x
6219;178;39;192;STRONGCREST;x
6220;216;0;238;LUNARWING SHALLOWS;x
6221;160;66;170;WRETCHED HOLLOWS;x
6222;166;23;180;SMOLDERHIDE;x
6223;153;2;167;RUINS OF KALDELAR;x
6224;131;9;143;STEELCLAW VALE;x
6225;221;110;232;MOONCLAW;x
6226;237;138;247;GRIZZLEWEALD;x
6227;193;62;206;CLAW'S DESCENT;x
6228;116;6;128;BLACK ROOK HOLD;x
6229;162;53;174;RAVENCOURT;x
6230;207;131;215;HERO'S REST;x
6231;101;1;76;BRADENSBROOK LANDING;x
6232;170;6;128;HOWLING DALE;x
6233;140;16;109;DARKFOLLOW'S SPIRE;x
6234;195;118;202;CENARIUS GROVE;x
6235;155;17;169;MALORNE'S REFUGE;x
6236;187;76;198;WILDSWOOD;x
6237;163;106;169;ANDU'TALAH'S GRACE;x
6238;123;55;130;MOONREST;x
6239;190;11;207;GARDEN OF THE MOON;x
6240;88;5;97;ELUNE'S GRACE;x
6241;134;73;140;EMERALD BAY;x
6242;136;50;146;TANGLED CLEFT;x
6243;166;103;173;DARKHEART;x
6244;121;30;131;SHALADRASSIL;x
6245;209;72;224;DARKHEART BAY;x
6246;182;113;148;SHALA'NIR;x
6247;152;23;89;OAKHEART;x
6248;227;141;185;LIVING ROOT;x
6249;138;31;84;GROVE;x
6250;106;45;75;CIRCLE OF SPIRITS;x
6251;180;4;91;NATURE'S EDGE;x
6252;245;235;182;GATES OF VALOR;x
6253;202;176;35;BRONZELEAF THICKET;x
6254;205;188;98;DREYRGROT;x
6255;242;216;73;BJAGG;x
6256;219;207;143;SKOLD-ASHIL;x
6257;184;160;30;LETANNI;x
6258;130;110;0;LENNILD;x
6259;198;167;0;FARTHA;x
6260;149;136;67;INKBINDERS RISE;x
6261;131;117;44;STONEWATCH QUARRY;x
6262;233;223;164;BILGEFIN;x
6263;228;209;98;MORHEIM;x
6264;194;185;133;HAUSTVAULD CREVICE;x
6265;218;204;123;FALLEN KINGS FIELD;x
6266;183;177;145;OFETE;x
6267;205;203;194;VALDISDALL;x
6268;91;82;31;UTADHO;x
6269;201;196;165;GRISSKORN HARBOUR;x
6270;215;205;141;KING'S SHRINE;x
6271;112;95;5;TANGFULD;x
6272;170;158;88;HEND;x
6273;180;156;18;FENERD;x
6274;178;161;37;SLERDR REST;x
6275;194;179;67;SKERN;x
6276;146;128;0;ROOKERY;x
6277;206;197;127;SASHJTAR RUIN;x
6278;151;140;59;GJON SHORE;x
6279;155;150;118;HUTHID BEACH;x
6280;118;105;3;HJALF'S LANDING;x
6281;191;170;5;HAFR FJALL;x
6282;183;173;96;BLACKHAWK'S BULWARK;x
6283;102;90;2;WATCHER'S TERRACE;x
6284;155;137;5;AGGRAMAR'S VAULT;x
6285;203;186;57;NASHAL'S WATCH;x
6286;149;144;107;BLUFFS;x
6287;176;167;98;STONY HIGHLANDS;x
6288;122;117;79;BLACKBEAK OVERLOOK;x
6289;113;103;33;TALONREST;x
6290;139;131;76;SELORK'S GORGE;x
6291;184;170;69;CULLEN'S POST;x
6292;228;209;24;SKING;x
6293;171;156;3;SWORD'S EDGE;x
6294;166;157;107;GLOOMSHORE;x
6295;133;130;113;NASHAL'S COVE;x
6296;187;164;35;WINDWHISPER;x
6297;103;88;0;HELMOUTH SHALLOWS;x
6298;171;146;2;STORM FOOTHILLS;x
6299;71;61;2;WATCHMAN'S ROCK;x
6300;191;191;19;INDILFR;x
6301;164;154;100;SKING'S END;x
6302;223;192;27;BACKBASH;x
6303;116;99;6;FARWINDS;x
6304;131;54;65;THUNDER TOTEM;x
6305;165;42;60;PATH OF HULN;x
6306;184;28;52;CRYSTAL FISSURE;x
6307;189;42;63;WHITEWATER WASH;x
6308;124;66;86;CRAG;x
6309;155;72;83;PINEROCK BASIN;x
6310;67;37;41;SNOWBLIND CLIFFS;x
6311;98;66;71;SNOWBLIND MESA;x
6312;94;157;170;HIGHMOUNTAIN PEAK;x
6313;6;121;165;HIGHMOUNTAIN SUMMIT;x
6314;77;17;26;THE CLIMB;x
6315;200;91;146;TALLWIND;x
6316;255;169;213;STONEDRAFT;x
6317;201;11;38;HOOFBIND;x
6318;99;21;48;SKYHORN VILLAGE;x
6319;193;123;147;HOWLING HILLS;x
6320;156;119;132;PINEROCK BASIN;x
6321;140;59;87;FREESOAR;x
6322;182;9;96;FEATHER'S NEST;x
6323;206;32;91;WINDRIPPER PEAK;x
6324;46;10;22;TALLWIND;x
6325;99;48;65;EARTHPELT;x
6326;170;40;84;STORMDRIFT;x
6327;121;17;52;PREPFOOT;x
6328;232;12;124;BLOODHUNT;x
6329;255;94;176;PLAINSHOT;x
6330;214;57;137;BLOODHUNT PASS;x
6331;146;27;45;DAWNMOON;x
6332;167;64;79;GLOOMSTRIDE;x
6333;188;88;103;RAGEHOOF;x
6334;134;17;34;WISETUSK;x
6335;115;48;58;FIRECUT;x
6336;174;23;46;CLOUDSHOUT;x
6337;166;137;141;FIRESTRIDE;x
6338;215;84;104;BLACKSCAR;x
6339;236;146;159;LEASCHO;x
6340;165;13;35;FLATWATER;x
6341;241;150;165;WITCHWOOD NEST;x
6342;206;149;158;CLIFF'S EDGE;x
6343;233;202;207;EARTHWOOD;x
6344;197;94;109;HEARTHING;x
6345;214;39;64;TREEGRAIN;x
6346;117;79;79;CLACKBRINE COAST;x
6347;144;3;24;CLACKBRINE CLIFFS;x
6348;167;47;47;CLACKBRINE'S END;x
6349;180;10;51;BLOOD TOTEM VILLAGE;x
6350;240;63;77;MISTY COAST;x
6351;215;130;150;FOGSHOUT;x
6352;242;75;115;GLOWHIDE;x
6353;148;38;64;ROCKAWAY;x
6354;215;154;169;SOFTCHASE;x
6355;184;27;64;FOURCUT;x
6356;206;155;155;REEDWEAVE;x
6357;225;73;73;PYREROAR;x
6358;165;10;10;WATERSTALK;x
6359;247;38;55;BLIND MARSHLANDS;x
6360;255;70;85;BURIAL GROUND;x
6361;236;123;133;DEAD'S REST;x
6362;147;6;27;TRUESHOT LODGE;x
6363;102;3;18;EAGLETUSK;x
6364;146;34;51;AN'SHE PASS;x
6365;109;21;34;ORO'S OVERLOOK;x
6366;243;114;133;STONEGRAIN;x
6367;229;131;145;WISEMOON;x
6368;171;70;85;FARBREEZE;x
6369;211;34;60;STORMTUSK;x
6370;166;10;33;SKYMANE;x
6371;175;49;68;FOGBINDER;x
6372;165;34;53;CANYON RUN;x
6373;218;149;159;ARBUL;x
6374;166;46;63;OGDROL;x
6375;211;145;154;UGGROGG;x
6376;192;107;119;BAMPROL;x
6377;183;33;109;ERGOL;x
6378;139;7;74;MELGOL;x
6379;224;68;121;IBROGG;x
6380;68;134;21;TOMB OF SARGERAS;x
6381;30;67;3;ARAUK;x
6382;0;26;114;HYDRA COVE;x
6383;76;121;44;NASHAL;x
6384;119;206;57;LELTHAX;x
6385;73;139;26;XOZRROR;x
6386;54;128;1;BOROM;x
6387;53;98;20;MEMRIX;x
6388;104;153;69;RULZU;x
6389;48;97;14;VOXXI;x
6390;49;116;2;DURUM;x
6391;6;79;147;CEZZOS;x
6392;21;114;200;DEZRIM;x
6393;57;113;166;AXERBOL;x
6394;27;45;170;GOZOS;x
6395;71;88;207;XOZZIUN;x
6396;123;136;227;THEZREL;x
6397;55;138;156;XENDAN;x
6398;3;80;97;XOLLO;x
6399;14;65;238;ASESETH;x
6400;73;103;202;LATU;x
6401;59;79;147;WILLOWS;x
6402;113;136;214;COILED CAMPMENT;x
6403;113;126;171;DEEPBEARD'S COVE;x
6404;25;66;31;SANDSWEPT TIDES;x
6405;89;126;95;KRIL;x
6406;110;178;120;CRACKLE;x
6407;13;214;180;ANGLER'S DEEP;x
6408;41;135;119;DEPTH'S ABYSS;x
6409;121;202;188;UNDERLIGHT COVE;x
6410;0;0;0;;x
6411;15;15;4;;x
6412;1;1;1;;x
6413;14;15;21;;x
6414;254;253;251;;x
6415;40;48;167;;x
